type,id,properties.mag,properties.place,properties.time,properties.updated,properties.tz,properties.url,properties.detail,properties.felt,properties.cdi,properties.mmi,properties.alert,properties.status,properties.tsunami,properties.sig,properties.net,properties.code,properties.ids,properties.sources,properties.types,properties.nst,properties.dmin,properties.rms,properties.gap,properties.magType,properties.type,properties.title,geometry.type,geometry.coordinates
Feature,us7000lsze,7.0,"128 km WNW of Aykol, China",1705946944418,1709585913040,,https://earthquake.usgs.gov/earthquakes/eventpage/us7000lsze,https://earthquake.usgs.gov/fdsnws/event/1/query?eventid=us7000lsze&format=geojson,475.0,8.7,8.531,red,reviewed,0,2413,us,7000lsze,",us7000lsze,usauto7000lsze,pt24022000,at00s7od3a,",",us,usauto,pt,at,",",dyfi,finite-fault,general-text,ground-failure,impact-text,internal-moment-tensor,internal-origin,losspager,moment-tensor,origin,phase-data,shakemap,",121.0,0.425,0.65,29.0,mww,earthquake,"M 7.0 - 128 km WNW of Aykol, China",Point,"[78.6594, 41.2628, 13]"
Feature,us6000m0xl,7.5,"2024 Noto Peninsula, Japan Earthquake",1704093009478,1709554355010,,https://earthquake.usgs.gov/earthquakes/eventpage/us6000m0xl,https://earthquake.usgs.gov/fdsnws/event/1/query?eventid=us6000m0xl&format=geojson,401.0,8.9,8.793,red,reviewed,1,2357,us,6000m0xl,",pt24001001,at00s6kml3,us6000m0xl,",",pt,at,us,",",dyfi,earthquake-name,finite-fault,general-text,ground-failure,impact-link,impact-text,internal-origin,losspager,moment-tensor,origin,phase-data,shakemap,",282.0,0.956,0.55,36.0,mww,earthquake,"M 7.5 - 2024 Noto Peninsula, Japan Earthquake",Point,"[137.2711, 37.4877, 10]"
Feature,us7000lgwp,7.1,"118 km S of Isangel, Vanuatu",1701953790184,1707608860040,,https://earthquake.usgs.gov/earthquakes/eventpage/us7000lgwp,https://earthquake.usgs.gov/fdsnws/event/1/query?eventid=us7000lgwp&format=geojson,17.0,7.2,5.906,green,reviewed,1,788,us,7000lgwp,",at00s5ary7,us7000lgwp,pt23341051,usauto7000lgwp,",",at,us,pt,usauto,",",dyfi,finite-fault,general-text,ground-failure,impact-link,impact-text,internal-moment-tensor,internal-origin,losspager,moment-tensor,origin,phase-data,shakemap,",146.0,2.637,1.08,20.0,mww,earthquake,"M 7.1 - 118 km S of Isangel, Vanuatu",Point,"[169.3089, -20.6152, 48]"
Feature,us7000lff4,7.6,"19 km E of Gamut, Philippines",1701527824454,1709393485085,,https://earthquake.usgs.gov/earthquakes/eventpage/us7000lff4,https://earthquake.usgs.gov/fdsnws/event/1/query?eventid=us7000lff4&format=geojson,365.0,9.1,7.184,yellow,reviewed,1,1221,us,7000lff4,",pt23336002,at00s51n9y,us7000lff4,usauto7000lff4,",",pt,at,us,usauto,",",dyfi,finite-fault,general-text,ground-failure,impact-link,impact-text,internal-moment-tensor,internal-origin,losspager,moment-tensor,origin,phase-data,shakemap,",128.0,1.668,0.98,43.0,mww,earthquake,"M 7.6 - 19 km E of Gamut, Philippines",Point,"[126.4161, 8.5266, 40]"
Feature,us7000l9h4,7.1,Banda Sea,1699419229631,1705187431040,,https://earthquake.usgs.gov/earthquakes/eventpage/us7000l9h4,https://earthquake.usgs.gov/fdsnws/event/1/query?eventid=us7000l9h4&format=geojson,5.0,7.4,6.035,green,reviewed,0,779,us,7000l9h4,",us7000l9h4,",",us,",",dyfi,finite-fault,general-text,ground-failure,impact-text,losspager,moment-tensor,origin,phase-data,shakemap,",142.0,5.771,0.7,53.0,mww,earthquake,M 7.1 - Banda Sea,Point,"[129.5466, -6.416, 6]"
Feature,us7000krjx,7.1,"180 km NNE of Gili Air, Indonesia",1693252530875,1706276781200,,https://earthquake.usgs.gov/earthquakes/eventpage/us7000krjx,https://earthquake.usgs.gov/fdsnws/event/1/query?eventid=us7000krjx&format=geojson,629.0,4.8,3.772,green,reviewed,1,1077,us,7000krjx,",us7000krjx,at00s04a0k,at00s04a28,pt23240000,usauto7000krjx,",",us,at,at,pt,usauto,",",associate,dyfi,general-text,ground-failure,impact-link,internal-moment-tensor,internal-origin,losspager,moment-tensor,origin,phase-data,shakemap,",139.0,2.377,0.72,22.0,mww,earthquake,"M 7.1 - 180 km NNE of Gili Air, Indonesia",Point,"[116.5211, -6.7888, 500]"
Feature,us7000kg30,7.2,"106 km S of Sand Point, Alaska",1689490101158,1709449109190,,https://earthquake.usgs.gov/earthquakes/eventpage/us7000kg30,https://earthquake.usgs.gov/fdsnws/event/1/query?eventid=us7000kg30&format=geojson,126.0,9.1,7.058,green,reviewed,1,912,us,7000kg30,",at00rxvmwl,us7000kg30,pt23197000,usauto7000kg30,ak02391wqb5h,",",at,us,pt,usauto,ak,",",dyfi,finite-fault,general-text,ground-failure,impact-link,impact-text,internal-moment-tensor,internal-origin,losspager,moment-tensor,oaf,origin,phase-data,shakemap,",410.0,0.973,0.69,62.0,mww,earthquake,"M 7.2 - 106 km S of Sand Point, Alaska",Point,"[-160.762, 54.3926, 25]"
Feature,us7000k8qh,7.2,"274 km SW of Houma, Tonga",1686852388572,1692591540040,,https://earthquake.usgs.gov/earthquakes/eventpage/us7000k8qh,https://earthquake.usgs.gov/fdsnws/event/1/query?eventid=us7000k8qh&format=geojson,10.0,7.6,6.083,green,reviewed,1,805,us,7000k8qh,",at00rwb3mt,us7000k8qh,pt23166001,usauto7000k8qh,",",at,us,pt,usauto,",",dyfi,general-text,impact-link,internal-moment-tensor,internal-origin,losspager,moment-tensor,origin,phase-data,shakemap,",146.0,2.532,0.89,21.0,mww,earthquake,"M 7.2 - 274 km SW of Houma, Tonga",Point,"[-177.1067, -22.9936, 179]"
Feature,us6000kdce,7.1,southeast of the Loyalty Islands,1684547459158,1690161340040,,https://earthquake.usgs.gov/earthquakes/eventpage/us6000kdce,https://earthquake.usgs.gov/fdsnws/event/1/query?eventid=us6000kdce&format=geojson,6.0,3.1,0.0,green,reviewed,1,777,us,6000kdce,",pt23140000,us6000kdce,at00ruxp51,usauto6000kdce,",",pt,us,at,usauto,",",dyfi,general-text,ground-failure,impact-link,impact-text,internal-moment-tensor,internal-origin,losspager,moment-tensor,origin,phase-data,shakemap,",235.0,2.904,0.72,15.0,mww,earthquake,M 7.1 - southeast of the Loyalty Islands,Point,"[170.5603, -23.0421, 27.309]"
Feature,us6000kd0n,7.7,southeast of the Loyalty Islands,1684465023172,1690161367040,,https://earthquake.usgs.gov/earthquakes/eventpage/us6000kd0n,https://earthquake.usgs.gov/fdsnws/event/1/query?eventid=us6000kd0n&format=geojson,31.0,5.2,3.886,green,reviewed,1,928,us,6000kd0n,",at00ruvxj7,pt23139000,us6000kd0n,usauto6000kd0n,",",at,pt,us,usauto,",",dyfi,finite-fault,general-text,ground-failure,impact-link,impact-text,internal-moment-tensor,internal-origin,losspager,moment-tensor,origin,phase-data,shakemap,",278.0,3.096,0.89,15.0,mww,earthquake,M 7.7 - southeast of the Loyalty Islands,Point,"[170.7423, -23.2063, 18.053]"
Feature,us6000kawn,7.6,"82 km WNW of Hihifo, Tonga",1683734520334,1690053397040,,https://earthquake.usgs.gov/earthquakes/eventpage/us6000kawn,https://earthquake.usgs.gov/fdsnws/event/1/query?eventid=us6000kawn&format=geojson,26.0,8.1,5.968,green,reviewed,1,910,us,6000kawn,",pt23130000,at00rug9vc,us6000kawn,usauto6000kawn,",",pt,at,us,usauto,",",dyfi,general-text,ground-failure,impact-link,internal-moment-tensor,internal-origin,losspager,moment-tensor,origin,phase-data,shakemap,",380.0,3.744,0.7,15.0,mww,earthquake,"M 7.6 - 82 km WNW of Hihifo, Tonga",Point,"[-174.4925, -15.6278, 210]"
Feature,us7000jvl3,7.1,"171 km SSE of Teluk Dalam, Indonesia",1682366457265,1689039909040,,https://earthquake.usgs.gov/earthquakes/eventpage/us7000jvl3,https://earthquake.usgs.gov/fdsnws/event/1/query?eventid=us7000jvl3&format=geojson,80.0,9.1,7.969,yellow,reviewed,0,848,us,7000jvl3,",us7000jvl3,usauto7000jvl3,at00rtmy9n,pt23114051,",",us,usauto,at,pt,",",dyfi,finite-fault,general-text,ground-failure,impact-text,internal-moment-tensor,internal-origin,losspager,moment-tensor,origin,phase-data,shakemap,",131.0,2.297,0.7,34.0,mww,earthquake,"M 7.1 - 171 km SSE of Teluk Dalam, Indonesia",Point,"[98.5112, -0.8082, 34]"
Feature,us6000k6mg,7.1,"Kermadec Islands, New Zealand",1682296915894,1689039922040,,https://earthquake.usgs.gov/earthquakes/eventpage/us6000k6mg,https://earthquake.usgs.gov/fdsnws/event/1/query?eventid=us6000k6mg&format=geojson,3.0,7.6,7.056,green,reviewed,1,778,us,6000k6mg,",us6000k6mg,pt23114050,at00rtlglr,usauto6000k6mg,",",us,pt,at,usauto,",",associate,dyfi,earthquake-name,finite-fault,general-text,impact-link,impact-text,internal-moment-tensor,losspager,moment-tensor,origin,phase-data,shakemap,",134.0,0.697,0.53,23.0,mww,earthquake,"M 7.1 - Kermadec Islands, New Zealand",Point,"[-177.8386, -29.9574, 46.755]"
Feature,us6000k49j,7.0,"Java, Indonesia",1681466145220,1687846608251,,https://earthquake.usgs.gov/earthquakes/eventpage/us6000k49j,https://earthquake.usgs.gov/fdsnws/event/1/query?eventid=us6000k49j&format=geojson,133.0,5.5,2.78,green,reviewed,0,827,us,6000k49j,",us6000k49j,usauto6000k49j,at00rt3nky,pt23104000,",",us,usauto,at,pt,",",dyfi,ground-failure,impact-text,internal-moment-tensor,internal-origin,losspager,moment-tensor,origin,phase-data,shakemap,",203.0,1.885,0.71,31.0,mww,earthquake,"M 7.0 - Java, Indonesia",Point,"[112.0478, -6.0413, 597]"
Feature,us6000k1id,7.0,"40 km ESE of Ambunti, Papua New Guinea",1680458651261,1705606912360,,https://earthquake.usgs.gov/earthquakes/eventpage/us6000k1id,https://earthquake.usgs.gov/fdsnws/event/1/query?eventid=us6000k1id&format=geojson,59.0,7.1,7.041,green,reviewed,1,796,us,6000k1id,",us6000k1id,pt23092000,at00rsi26z,usauto6000k1id,",",us,pt,at,usauto,",",dyfi,earthquake-name,general-text,ground-failure,impact-link,impact-text,internal-moment-tensor,internal-origin,losspager,moment-tensor,origin,phase-data,shakemap,",154.0,3.044,0.83,20.0,mww,earthquake,"M 7.0 - 40 km ESE of Ambunti, Papua New Guinea",Point,"[143.1658, -4.3229, 70]"
Feature,us7000jkbd,7.0,Kermadec Islands region,1678928160149,1684624828040,,https://earthquake.usgs.gov/earthquakes/eventpage/us7000jkbd,https://earthquake.usgs.gov/fdsnws/event/1/query?eventid=us7000jkbd&format=geojson,6.0,8.0,4.328,green,reviewed,1,759,us,7000jkbd,",us7000jkbd,pt23075000,usauto7000jkbd,",",us,pt,usauto,",",dyfi,general-text,ground-failure,groundmotion-packet,impact-link,impact-text,internal-moment-tensor,internal-origin,losspager,moment-tensor,origin,phase-data,shakemap,",324.0,1.747,0.68,8.0,mww,earthquake,M 7.0 - Kermadec Islands region,Point,"[-176.2047, -30.1741, 10]"
Feature,us6000jlqa,7.5,"Elbistan earthquake, Kahramanmaras earthquake sequence",1675679088811,1709443462163,,https://earthquake.usgs.gov/earthquakes/eventpage/us6000jlqa,https://earthquake.usgs.gov/fdsnws/event/1/query?eventid=us6000jlqa&format=geojson,521.0,9.1,9.233,red,reviewed,0,2474,us,6000jlqa,",us6000jlqa,usauto6000jlqa,pt23037001,at00rpnm9e,",",us,usauto,pt,at,",",dyfi,earthquake-name,finite-fault,general-link,general-text,ground-failure,groundmotion-packet,impact-text,internal-moment-tensor,internal-origin,losspager,moment-tensor,origin,phase-data,shakemap,",111.0,0.73,0.7,29.0,mww,earthquake,"M 7.5 - Elbistan earthquake, Kahramanmaras earthquake sequence",Point,"[37.1962, 38.0106, 7.432]"
Feature,us6000jllz,7.8,"Pazarcik earthquake, Kahramanmaras earthquake sequence",1675646254342,1707741670797,,https://earthquake.usgs.gov/earthquakes/eventpage/us6000jllz,https://earthquake.usgs.gov/fdsnws/event/1/query?eventid=us6000jllz&format=geojson,2042.0,9.1,9.43,red,reviewed,0,2910,us,6000jllz,",us6000jllz,usauto6000jllz,at00rpmwxe,pt23037000,",",us,usauto,at,pt,",",dyfi,earthquake-name,finite-fault,general-link,general-text,ground-failure,groundmotion-packet,impact-text,internal-moment-tensor,internal-origin,losspager,moment-tensor,origin,phase-data,shakemap,",266.0,0.165,0.66,17.0,mww,earthquake,"M 7.8 - Pazarcik earthquake, Kahramanmaras earthquake sequence",Point,"[37.0143, 37.2256, 10]"
Feature,us7000j553,7.0,"156 km NW of Tobelo, Indonesia",1674021971454,1696892311015,,https://earthquake.usgs.gov/earthquakes/eventpage/us7000j553,https://earthquake.usgs.gov/fdsnws/event/1/query?eventid=us7000j553&format=geojson,9.0,3.4,5.341,green,reviewed,1,757,us,7000j553,",at00roo3mf,pt23018001,us7000j553,usauto7000j553,",",at,pt,us,usauto,",",dyfi,finite-fault,general-text,ground-failure,impact-link,impact-text,internal-moment-tensor,internal-origin,losspager,moment-tensor,origin,phase-data,shakemap,trump-moment-tensor,",141.0,1.976,0.95,21.0,mwc,earthquake,"M 7.0 - 156 km NW of Tobelo, Indonesia",Point,"[127.0221, 2.7306, 29.708]"
Feature,us7000j36j,7.6,"Pulau Pulau Tanimbar, Indonesia",1673286455037,1680712873472,,https://earthquake.usgs.gov/earthquakes/eventpage/us7000j36j,https://earthquake.usgs.gov/fdsnws/event/1/query?eventid=us7000j36j&format=geojson,131.0,5.2,7.212,green,reviewed,0,957,us,7000j36j,",us7000j36j,usauto7000j36j,at00ro8c3b,pt23009000,",",us,usauto,at,pt,",",dyfi,general-text,ground-failure,impact-text,internal-moment-tensor,internal-origin,losspager,moment-tensor,origin,phase-data,shakemap,",113.0,1.574,0.8,21.0,mww,earthquake,"M 7.6 - Pulau Pulau Tanimbar, Indonesia",Point,"[130.009, -7.0586, 104.95]"
Feature,us7000j2yw,7.0,"23 km WNW of Port-Olry, Vanuatu",1673181162372,1679292178040,,https://earthquake.usgs.gov/earthquakes/eventpage/us7000j2yw,https://earthquake.usgs.gov/fdsnws/event/1/query?eventid=us7000j2yw&format=geojson,17.0,8.2,7.259,green,reviewed,1,768,us,7000j2yw,",at00ro62ul,us7000j2yw,pt23008051,usauto7000j2yw,",",at,us,pt,usauto,",",dyfi,finite-fault,general-text,ground-failure,impact-link,impact-text,internal-moment-tensor,internal-origin,losspager,moment-tensor,origin,phase-data,shakemap,",116.0,6.096,0.57,36.0,mww,earthquake,"M 7.0 - 23 km WNW of Port-Olry, Vanuatu",Point,"[166.8791, -14.9467, 29]"
Feature,us7000irfb,7.0,"18 km SW of Malango, Solomon Islands",1669082586891,1675058441040,,https://earthquake.usgs.gov/earthquakes/eventpage/us7000irfb,https://earthquake.usgs.gov/fdsnws/event/1/query?eventid=us7000irfb&format=geojson,17.0,8.4,7.048,green,reviewed,1,768,us,7000irfb,",at00rlq8db,pt22326000,us7000irfb,usauto7000irfb,",",at,pt,us,usauto,",",dyfi,finite-fault,general-text,ground-failure,impact-link,impact-text,internal-moment-tensor,internal-origin,losspager,moment-tensor,origin,phase-data,shakemap,",117.0,0.509,0.58,17.0,mww,earthquake,"M 7.0 - 18 km SW of Malango, Solomon Islands",Point,"[159.6033, -9.8198, 14]"
Feature,us7000ip8h,7.0,Fiji region,1668236953514,1705598489657,,https://earthquake.usgs.gov/earthquakes/eventpage/us7000ip8h,https://earthquake.usgs.gov/fdsnws/event/1/query?eventid=us7000ip8h&format=geojson,5.0,3.1,3.129,green,reviewed,1,755,us,7000ip8h,",us7000ip8h,pt22316001,at00rl83ve,usauto7000ip8h,",",us,pt,at,usauto,",",dyfi,earthquake-name,ground-failure,impact-link,internal-moment-tensor,internal-origin,losspager,moment-tensor,origin,phase-data,shakemap,",147.0,3.125,0.73,18.0,mww,earthquake,M 7.0 - Fiji region,Point,"[-178.3453, -20.1112, 579]"
Feature,us7000ip0l,7.3,"205 km ESE of Neiafu, Tonga",1668163726710,1674329241040,,https://earthquake.usgs.gov/earthquakes/eventpage/us7000ip0l,https://earthquake.usgs.gov/fdsnws/event/1/query?eventid=us7000ip0l&format=geojson,28.0,4.6,4.619,green,reviewed,1,833,us,7000ip0l,",us7000ip0l,at00rl6jdl,pt22315000,at00rl6jdd,usauto7000ip0l,",",us,at,pt,at,usauto,",",associate,dyfi,finite-fault,general-text,ground-failure,impact-link,impact-text,internal-moment-tensor,internal-origin,losspager,moment-tensor,origin,phase-data,shakemap,",149.0,1.865,0.62,21.0,mww,earthquake,"M 7.3 - 205 km ESE of Neiafu, Tonga",Point,"[-172.1471, -19.2881, 37]"
Feature,us7000ingi,7.0,south of the Fiji Islands,1667987464068,1674329236040,,https://earthquake.usgs.gov/earthquakes/eventpage/us7000ingi,https://earthquake.usgs.gov/fdsnws/event/1/query?eventid=us7000ingi&format=geojson,3.0,3.6,2.637,green,reviewed,1,755,us,7000ingi,",us7000ingi,pt22313002,",",us,pt,",",dyfi,general-text,ground-failure,impact-link,internal-origin,losspager,moment-tensor,origin,phase-data,shakemap,",142.0,4.578,0.66,26.0,mwb,earthquake,M 7.0 - south of the Fiji Islands,Point,"[178.3427, -26.0901, 660]"
Feature,us7000i9bw,7.6,"35 km SSW of Aguililla, Mexico",1663610708217,1701449973592,,https://earthquake.usgs.gov/earthquakes/eventpage/us7000i9bw,https://earthquake.usgs.gov/fdsnws/event/1/query?eventid=us7000i9bw&format=geojson,1171.0,9.1,7.619,yellow,reviewed,1,1799,us,7000i9bw,",at00rigy8l,pt22262001,us7000i9bw,usauto7000i9bw,",",at,pt,us,usauto,",",dyfi,finite-fault,general-text,ground-failure,impact-link,impact-text,internal-moment-tensor,internal-origin,losspager,moment-tensor,origin,phase-data,shakemap,",271.0,1.153,0.76,69.0,mww,earthquake,"M 7.6 - 35 km SSW of Aguililla, Mexico",Point,"[-102.9561, 18.4552, 26.943]"
Feature,us7000i7ya,7.0,"209 km SSE of Isangel, Vanuatu",1663153446558,1668898991040,,https://earthquake.usgs.gov/earthquakes/eventpage/us7000i7ya,https://earthquake.usgs.gov/fdsnws/event/1/query?eventid=us7000i7ya&format=geojson,11.0,6.9,5.486,green,reviewed,1,761,us,7000i7ya,",at00ri75ev,pt22257002,us7000i7ya,usauto7000i7ya,",",at,pt,us,usauto,",",dyfi,finite-fault,general-text,ground-failure,impact-link,internal-moment-tensor,internal-origin,losspager,moment-tensor,origin,phase-data,shakemap,",192.0,2.977,0.65,45.0,mww,earthquake,"M 7.0 - 209 km SSE of Isangel, Vanuatu",Point,"[170.2666, -21.1909, 137]"
Feature,us6000iitd,7.6,"70 km E of Kainantu, Papua New Guinea",1662853620233,1668898936040,,https://earthquake.usgs.gov/earthquakes/eventpage/us6000iitd,https://earthquake.usgs.gov/fdsnws/event/1/query?eventid=us6000iitd&format=geojson,102.0,7.5,7.646,yellow,reviewed,1,965,us,6000iitd,",at00ri0q2b,pt22253002,us6000iitd,usauto6000iitd,",",at,pt,us,usauto,",",dyfi,general-text,ground-failure,impact-link,impact-text,internal-moment-tensor,internal-origin,losspager,moment-tensor,origin,phase-data,shakemap,",272.0,3.158,0.62,12.0,mww,earthquake,"M 7.6 - 70 km E of Kainantu, Papua New Guinea",Point,"[146.5038, -6.2944, 116]"
Feature,us6000i5rd,7.0,"11 km NE of Bantay, Philippines",1658882606871,1689856594994,,https://earthquake.usgs.gov/earthquakes/eventpage/us6000i5rd,https://earthquake.usgs.gov/fdsnws/event/1/query?eventid=us6000i5rd&format=geojson,684.0,8.9,8.064,yellow,reviewed,1,1363,us,6000i5rd,",pt22208000,us6000i5rd,at00rfnm0d,usauto6000i5rd,",",pt,us,at,usauto,",",dyfi,finite-fault,general-text,ground-failure,impact-link,impact-text,internal-moment-tensor,internal-origin,losspager,losspager-admin,moment-tensor,origin,phase-data,shakemap,",152.0,5.276,0.6,22.0,mww,earthquake,"M 7.0 - 11 km NE of Bantay, Philippines",Point,"[120.8181, 17.5207, 33.729]"
Feature,us7000hcmn,7.2,"10 km W of Azángaro, Peru",1653566541110,1659469853040,,https://earthquake.usgs.gov/earthquakes/eventpage/us7000hcmn,https://earthquake.usgs.gov/fdsnws/event/1/query?eventid=us7000hcmn&format=geojson,107.0,7.3,5.326,green,reviewed,1,876,us,7000hcmn,",pt22146000,at00rcho3w,us7000hcmn,usauto7000hcmn,",",pt,at,us,usauto,",",dyfi,general-text,ground-failure,impact-link,impact-text,internal-moment-tensor,internal-origin,losspager,moment-tensor,origin,phase-data,shakemap,",144.0,2.494,1.38,40.0,mww,earthquake,"M 7.2 - 10 km W of Azángaro, Peru",Point,"[-70.2924, -14.9076, 236]"
Feature,us7000gymk,7.0,southeast of the Loyalty Islands,1648705441146,1660352366724,,https://earthquake.usgs.gov/earthquakes/eventpage/us7000gymk,https://earthquake.usgs.gov/fdsnws/event/1/query?eventid=us7000gymk&format=geojson,16.0,5.6,3.695,green,reviewed,1,763,us,7000gymk,",at00r9lh9g,us7000gymk,pt22090001,usauto7000gymk,",",at,us,pt,usauto,",",dyfi,finite-fault,general-text,ground-failure,impact-link,impact-text,internal-moment-tensor,internal-origin,losspager,moment-tensor,origin,phase-data,shakemap,",,2.705,0.82,26.0,mww,earthquake,M 7.0 - southeast of the Loyalty Islands,Point,"[170.3744, -22.586, 10]"
Feature,us6000h519,7.3,"57 km ENE of Namie, Japan",1647441390997,1699748140482,,https://earthquake.usgs.gov/earthquakes/eventpage/us6000h519,https://earthquake.usgs.gov/fdsnws/event/1/query?eventid=us6000h519&format=geojson,468.0,8.6,7.905,red,reviewed,1,2402,us,6000h519,",pt22075004,us6000h519,at00r8udwu,usauto6000h519,",",pt,us,at,usauto,",",dyfi,finite-fault,general-text,ground-failure,impact-link,impact-text,internal-moment-tensor,losspager,moment-tensor,origin,phase-data,shakemap,",,2.936,0.88,29.0,mww,earthquake,"M 7.3 - 57 km ENE of Namie, Japan",Point,"[141.5793, 37.7132, 41]"
Feature,us7000g7lx,7.3,"125 km NNE of Lospalos, Timor Leste",1640802351962,1646521853040,,https://earthquake.usgs.gov/earthquakes/eventpage/us7000g7lx,https://earthquake.usgs.gov/fdsnws/event/1/query?eventid=us7000g7lx&format=geojson,127.0,8.0,6.966,green,reviewed,0,921,us,7000g7lx,",us7000g7lx,usauto7000g7lx,pt21363002,at00r4w374,",",us,usauto,pt,at,",",dyfi,finite-fault,general-text,ground-failure,impact-text,internal-moment-tensor,internal-origin,losspager,moment-tensor,origin,phase-data,shakemap,",,3.713,1.06,19.0,mww,earthquake,"M 7.3 - 125 km NNE of Lospalos, Timor Leste",Point,"[127.5773, -7.5482, 165.49]"
Feature,us6000gc2a,7.3,Flores Sea,1639452023809,1701234977773,,https://earthquake.usgs.gov/earthquakes/eventpage/us6000gc2a,https://earthquake.usgs.gov/fdsnws/event/1/query?eventid=us6000gc2a&format=geojson,38.0,9.1,5.361,green,reviewed,1,854,us,6000gc2a,",at00r435a2,pt21348000,us6000gc2a,usauto6000gc2a,",",at,pt,us,usauto,",",dyfi,finite-fault,general-text,ground-failure,impact-link,impact-text,internal-moment-tensor,internal-origin,losspager,moment-tensor,origin,phase-data,shakemap,",,1.025,0.61,32.0,mww,earthquake,M 7.3 - Flores Sea,Point,"[122.2274, -7.6033, 14.27]"
Feature,us7000fxq2,7.5,"43 km NNW of Barranca, Peru",1638096734579,1659919988589,,https://earthquake.usgs.gov/earthquakes/eventpage/us7000fxq2,https://earthquake.usgs.gov/fdsnws/event/1/query?eventid=us7000fxq2&format=geojson,275.0,8.3,7.627,yellow,reviewed,1,1094,us,7000fxq2,",pt21332000,at00r3a3j1,us7000fxq2,usauto7000fxq2,",",pt,at,us,usauto,",",dyfi,finite-fault,general-text,ground-failure,impact-link,impact-text,internal-moment-tensor,internal-origin,losspager,moment-tensor,origin,phase-data,shakemap,",,4.951,0.61,40.0,mww,earthquake,"M 7.5 - 43 km NNW of Barranca, Peru",Point,"[-76.8126, -4.4667, 126]"
Feature,us6000fr0b,7.3,Vanuatu region,1633156157897,1639170842040,,https://earthquake.usgs.gov/earthquakes/eventpage/us6000fr0b,https://earthquake.usgs.gov/fdsnws/event/1/query?eventid=us6000fr0b&format=geojson,15.0,4.1,3.533,green,reviewed,1,826,us,6000fr0b,",at00r0c7cu,us6000fr0b,pt21275000,usauto6000fr0b,",",at,us,pt,usauto,",",dyfi,impact-link,internal-moment-tensor,internal-origin,losspager,moment-tensor,origin,phase-data,shakemap,",,4.493,0.67,32.0,mww,earthquake,M 7.3 - Vanuatu region,Point,"[174.8958, -21.1265, 527]"
Feature,us7000f93v,7.0,"Acapulco, Mexico",1631065667437,1696738715759,,https://earthquake.usgs.gov/earthquakes/eventpage/us7000f93v,https://earthquake.usgs.gov/fdsnws/event/1/query?eventid=us7000f93v&format=geojson,659.0,7.8,7.735,red,reviewed,1,2514,us,7000f93v,",at00qz3ebs,pt21251050,us7000f93v,usauto7000f93v,",",at,pt,us,usauto,",",dyfi,earthquake-name,finite-fault,general-text,ground-failure,impact-link,impact-text,internal-moment-tensor,internal-origin,losspager,moment-tensor,origin,phase-data,shakemap,",,0.07,0.64,43.0,mww,earthquake,"M 7.0 - Acapulco, Mexico",Point,"[-99.753, 16.9465, 20]"
Feature,us6000f9sq,7.1,South Sandwich Islands region,1629667998983,1635864870040,,https://earthquake.usgs.gov/earthquakes/eventpage/us6000f9sq,https://earthquake.usgs.gov/fdsnws/event/1/query?eventid=us6000f9sq&format=geojson,2.0,1.0,3.787,green,reviewed,1,776,us,6000f9sq,",us6000f9sq,pt21234002,at00qy9fvn,usauto6000f9sq,",",us,pt,at,usauto,",",dyfi,finite-fault,general-text,impact-link,internal-moment-tensor,internal-origin,losspager,moment-tensor,origin,phase-data,shakemap,",,9.799,0.39,32.0,mww,earthquake,M 7.1 - South Sandwich Islands region,Point,"[-24.8743, -60.2845, 6]"
Feature,us6000f65h,7.2,"Nippes, Haiti",1628944148454,1701447468969,,https://earthquake.usgs.gov/earthquakes/eventpage/us6000f65h,https://earthquake.usgs.gov/fdsnws/event/1/query?eventid=us6000f65h&format=geojson,365.0,9.1,8.425,red,reviewed,1,2332,us,6000f65h,",at00qxtxcn,pt21226002,us6000f65h,usauto6000f65h,",",at,pt,us,usauto,",",dyfi,earthquake-name,finite-fault,general-text,ground-failure,impact-link,impact-text,internal-moment-tensor,internal-origin,losspager,moment-tensor,origin,phase-data,shakemap,",,1.178,0.75,23.0,mww,earthquake,"M 7.2 - Nippes, Haiti",Point,"[-73.4822, 18.4335, 10]"
Feature,us6000f53e,8.1,South Sandwich Islands region,1628793317231,1701450696467,,https://earthquake.usgs.gov/earthquakes/eventpage/us6000f53e,https://earthquake.usgs.gov/fdsnws/event/1/query?eventid=us6000f53e&format=geojson,,,6.543,green,reviewed,0,1009,us,6000f53e,",us6000f53e,",",us,",",general-header,general-text,losspager,moment-tensor,origin,phase-data,shakemap,trump-moment-tensor,",,7.463,0.76,78.0,mww,earthquake,M 8.1 - South Sandwich Islands region,Point,"[-25.2637, -58.3753, 22.79]"
Feature,us6000f4ly,7.5,South Sandwich Islands region,1628793172464,1635003979040,,https://earthquake.usgs.gov/earthquakes/eventpage/us6000f4ly,https://earthquake.usgs.gov/fdsnws/event/1/query?eventid=us6000f4ly&format=geojson,3.0,8.6,5.922,green,reviewed,1,868,us,6000f4ly,",us6000f4ly,at00qxqoup,pt21224001,usauto6000f4ly,",",us,at,pt,usauto,",",dyfi,general-header,general-text,ground-failure,impact-link,internal-moment-tensor,internal-origin,losspager,moment-tensor,origin,phase-data,shakemap,",,7.227,1.16,38.0,mww,earthquake,M 7.5 - South Sandwich Islands region,Point,"[-25.0316, -57.5674, 47.23]"
Feature,us6000f48v,7.1,"60 km ENE of Pondaguitan, Philippines",1628703973143,1703601662074,,https://earthquake.usgs.gov/earthquakes/eventpage/us6000f48v,https://earthquake.usgs.gov/fdsnws/event/1/query?eventid=us6000f48v&format=geojson,102.0,9.1,6.777,green,reviewed,1,868,us,6000f48v,",at00qxos14,us6000f48v,pt21223000,usauto6000f48v,",",at,us,pt,usauto,",",dyfi,finite-fault,general-text,ground-failure,impact-link,impact-text,internal-moment-tensor,internal-origin,losspager,moment-tensor,origin,phase-data,shakemap,",,1.273,1.27,25.0,mww,earthquake,"M 7.1 - 60 km ENE of Pondaguitan, Philippines",Point,"[126.7151, 6.4748, 55.14]"
Feature,ak0219neiszm,8.2,Alaska Peninsula,1627539349188,1702588233659,,https://earthquake.usgs.gov/earthquakes/eventpage/ak0219neiszm,https://earthquake.usgs.gov/fdsnws/event/1/query?eventid=ak0219neiszm&format=geojson,268.0,8.1,7.355,yellow,reviewed,1,1252,ak,0219neiszm,",ak0219neiszm,us6000f02w,at00qwzteb,pt21210001,usauto6000f02w,",",ak,us,at,pt,usauto,",",dyfi,finite-fault,general-text,ground-failure,impact-link,impact-text,internal-moment-tensor,internal-origin,losspager,moment-tensor,origin,phase-data,shakemap,trump-losspager,trump-shakemap,",,,0.95,,mww,earthquake,M 8.2 - Alaska Peninsula,Point,"[-157.8876, 55.3635, 35]"
Feature,us7000e54r,7.3,"Southern Qinghai, China",1621620253565,1703055298225,,https://earthquake.usgs.gov/earthquakes/eventpage/us7000e54r,https://earthquake.usgs.gov/fdsnws/event/1/query?eventid=us7000e54r&format=geojson,28.0,9.1,9.115,orange,reviewed,0,1025,us,7000e54r,",us7000e54r,usauto7000e54r,pt21141001,at00qtgy75,",",us,usauto,pt,at,",",dyfi,finite-fault,general-text,ground-failure,impact-text,internal-moment-tensor,internal-origin,losspager,moment-tensor,origin,phase-data,shakemap,",,4.655,0.77,9.0,mww,earthquake,"M 7.3 - Southern Qinghai, China",Point,"[98.2513, 34.5983, 10]"
Feature,us7000dl6y,7.0,"30 km E of Ishinomaki, Japan",1616231383966,1660306076816,,https://earthquake.usgs.gov/earthquakes/eventpage/us7000dl6y,https://earthquake.usgs.gov/fdsnws/event/1/query?eventid=us7000dl6y&format=geojson,409.0,7.3,7.008,yellow,reviewed,1,1052,us,7000dl6y,",at00qq9g49,us7000dl6y,usauto7000dl6y,pt21079003,",",at,us,usauto,pt,",",associate,dyfi,finite-fault,general-text,ground-failure,impact-link,impact-text,internal-moment-tensor,internal-origin,losspager,moment-tensor,origin,phase-data,shakemap,",,2.378,0.75,35.0,mww,earthquake,"M 7.0 - 30 km E of Ishinomaki, Japan",Point,"[141.6477, 38.4515, 43]"
Feature,us7000dflf,8.1,"Kermadec Islands, New Zealand",1614886113178,1639444540270,,https://earthquake.usgs.gov/earthquakes/eventpage/us7000dflf,https://earthquake.usgs.gov/fdsnws/event/1/query?eventid=us7000dflf&format=geojson,13.0,9.1,8.038,green,reviewed,1,1021,us,7000dflf,",at00qpgm3n,pt21063003,us7000dflf,usauto7000dflf,",",at,pt,us,usauto,",",associate,dyfi,finite-fault,general-text,impact-link,impact-text,internal-moment-tensor,internal-origin,losspager,moment-tensor,origin,phase-data,shakemap,",,0.739,0.69,21.0,mww,earthquake,"M 8.1 - Kermadec Islands, New Zealand",Point,"[-177.2794, -29.7228, 28.93]"
Feature,us7000dfk3,7.4,"Kermadec Islands, New Zealand",1614879683370,1640262537659,,https://earthquake.usgs.gov/earthquakes/eventpage/us7000dfk3,https://earthquake.usgs.gov/fdsnws/event/1/query?eventid=us7000dfk3&format=geojson,3.0,3.4,6.815,green,reviewed,1,843,us,7000dfk3,",us7000dfk3,pt21063002,at00qpgh52,usauto7000dfk3,",",us,pt,at,usauto,",",dyfi,finite-fault,general-text,impact-link,impact-text,internal-moment-tensor,internal-origin,losspager,moment-tensor,origin,phase-data,shakemap,",,0.437,1.09,30.0,mww,earthquake,"M 7.4 - Kermadec Islands, New Zealand",Point,"[-177.8398, -29.6768, 43]"
Feature,us7000dffl,7.3,"182 km NE of Gisborne, New Zealand",1614864454647,1639386831261,,https://earthquake.usgs.gov/earthquakes/eventpage/us7000dffl,https://earthquake.usgs.gov/fdsnws/event/1/query?eventid=us7000dffl&format=geojson,154.0,7.3,6.495,green,reviewed,1,932,us,7000dffl,",us7000dffl,at00qpg5dz,pt21063000,usauto7000dffl,",",us,at,pt,usauto,",",associate,dyfi,general-text,ground-failure,impact-link,impact-text,internal-moment-tensor,internal-origin,losspager,moment-tensor,origin,phase-data,shakemap,",,0.918,0.68,24.0,mww,earthquake,"M 7.3 - 182 km NE of Gisborne, New Zealand",Point,"[179.4576, -37.4787, 10]"
Feature,us6000dher,7.1,"73 km ENE of Namie, Japan",1613225269797,1701041103156,,https://earthquake.usgs.gov/earthquakes/eventpage/us6000dher,https://earthquake.usgs.gov/fdsnws/event/1/query?eventid=us6000dher&format=geojson,673.0,9.1,8.127,orange,reviewed,1,1612,us,6000dher,",at00qoh0l1,us6000dher,pt21044000,",",at,us,pt,",",associate,dyfi,finite-fault,general-text,ground-failure,impact-link,impact-text,internal-origin,losspager,moment-tensor,origin,phase-data,shakemap,",,3.085,0.94,11.0,mww,earthquake,"M 7.1 - 73 km ENE of Namie, Japan",Point,"[141.7751, 37.7265, 43.98]"
Feature,us6000dg77,7.7,southeast of the Loyalty Islands,1612963195530,1638163346891,,https://earthquake.usgs.gov/earthquakes/eventpage/us6000dg77,https://earthquake.usgs.gov/fdsnws/event/1/query?eventid=us6000dg77&format=geojson,7.0,9.0,4.349,green,reviewed,1,918,us,6000dg77,",us6000dg77,at00qobedd,pt21041004,",",us,at,pt,",",dyfi,finite-fault,general-text,ground-failure,impact-link,impact-text,internal-origin,losspager,moment-tensor,origin,phase-data,shakemap,",,7.989,0.42,15.0,mww,earthquake,M 7.7 - southeast of the Loyalty Islands,Point,"[171.6566, -23.0511, 10]"
Feature,us7000d20e,7.0,"211 km SE of Pondaguitan, Philippines",1611231784255,1703602013569,,https://earthquake.usgs.gov/earthquakes/eventpage/us7000d20e,https://earthquake.usgs.gov/fdsnws/event/1/query?eventid=us7000d20e&format=geojson,74.0,6.4,5.451,green,reviewed,1,801,us,7000d20e,",pt21021050,at00qnaaek,us7000d20e,usauto7000d20e,",",pt,at,us,usauto,",",dyfi,general-text,ground-failure,impact-link,impact-text,internal-moment-tensor,internal-origin,losspager,moment-tensor,origin,phase-data,shakemap,",,2.821,0.77,15.0,mww,earthquake,"M 7.0 - 211 km SE of Pondaguitan, Philippines",Point,"[127.5145, 4.9931, 80]"
Feature,us7000c7y0,7.0,"13 km NNE of Néon Karlovásion, Greece",1604058687348,1707756743365,,https://earthquake.usgs.gov/earthquakes/eventpage/us7000c7y0,https://earthquake.usgs.gov/fdsnws/event/1/query?eventid=us7000c7y0&format=geojson,696.0,7.6,7.213,orange,reviewed,0,1529,us,7000c7y0,",us7000c7y0,pt20304000,at00qj0jlr,",",us,pt,at,",",dyfi,finite-fault,general-text,ground-failure,impact-text,internal-origin,losspager,moment-tensor,origin,phase-data,shakemap,",,1.518,0.59,18.0,mww,earthquake,"M 7.0 - 13 km NNE of Néon Karlovásion, Greece",Point,"[26.7838, 37.8973, 21]"
Feature,us6000c9hg,7.6,"99 km SE of Sand Point, Alaska",1603140878950,1683335340911,,https://earthquake.usgs.gov/earthquakes/eventpage/us6000c9hg,https://earthquake.usgs.gov/fdsnws/event/1/query?eventid=us6000c9hg&format=geojson,321.0,8.6,7.343,yellow,reviewed,1,1165,us,6000c9hg,",at00qigvf4,us6000c9hg,pt20293005,ak020dgwp0mk,",",at,us,pt,ak,",",dyfi,finite-fault,general-text,ground-failure,impact-link,impact-text,internal-origin,losspager,moment-tensor,origin,phase-data,shakemap,trump-origin,",,0.23,0.91,36.0,mww,earthquake,"M 7.6 - 99 km SE of Sand Point, Alaska",Point,"[-159.6258, 54.602, 28.37]"
Feature,us7000asvb,7.8,"99 km SSE of Perryville, Alaska",1595398364810,1701449683905,,https://earthquake.usgs.gov/earthquakes/eventpage/us7000asvb,https://earthquake.usgs.gov/fdsnws/event/1/query?eventid=us7000asvb&format=geojson,194.0,9.1,6.501,green,reviewed,1,1113,us,7000asvb,",at00qdux98,us7000asvb,pt20204000,ak0209dha24u,",",at,us,pt,ak,",",dyfi,finite-fault,general-link,general-text,ground-failure,impact-link,impact-text,internal-origin,losspager,moment-tensor,origin,phase-data,shakemap,trump-origin,trump-shakemap,",,0.621,0.97,60.0,mww,earthquake,"M 7.8 - 99 km SSE of Perryville, Alaska",Point,"[-158.596, 55.0715, 28]"
Feature,us7000aq3e,7.0,"114 km NNW of Popondetta, Papua New Guinea",1594954222178,1646890062636,,https://earthquake.usgs.gov/earthquakes/eventpage/us7000aq3e,https://earthquake.usgs.gov/fdsnws/event/1/query?eventid=us7000aq3e&format=geojson,103.0,6.4,7.003,green,reviewed,1,820,us,7000aq3e,",at00qdlek0,pt20199000,us7000aq3e,",",at,pt,us,",",dyfi,finite-fault,general-text,ground-failure,impact-link,impact-text,internal-origin,losspager,moment-tensor,origin,phase-data,shakemap,",,1.671,1.1,18.0,mww,earthquake,"M 7.0 - 114 km NNW of Popondetta, Papua New Guinea",Point,"[147.7704, -7.836, 73]"
Feature,us6000ah9t,7.4,"9 km SE of Santa María Xadani, Mexico",1592926144350,1700585408300,,https://earthquake.usgs.gov/earthquakes/eventpage/us6000ah9t,https://earthquake.usgs.gov/fdsnws/event/1/query?eventid=us6000ah9t&format=geojson,643.0,7.7,7.658,orange,reviewed,1,1495,us,6000ah9t,",at00qcdxol,pt20175001,us6000ah9t,",",at,pt,us,",",dyfi,finite-fault,general-link,general-text,ground-failure,impact-link,impact-text,internal-origin,losspager,moment-tensor,origin,phase-data,shakemap,",,0.151,1.14,30.0,mww,earthquake,"M 7.4 - 9 km SE of Santa María Xadani, Mexico",Point,"[-96.0077, 15.8861, 20]"
Feature,us6000ae4n,7.4,south of the Kermadec Islands,1592484593844,1598745645040,,https://earthquake.usgs.gov/earthquakes/eventpage/us6000ae4n,https://earthquake.usgs.gov/fdsnws/event/1/query?eventid=us6000ae4n&format=geojson,47.0,6.6,6.954,green,reviewed,1,873,us,6000ae4n,",pt20170001,us6000ae4n,at00qc4gz1,",",pt,us,at,",",dyfi,general-text,impact-link,internal-origin,losspager,moment-tensor,origin,phase-data,shakemap,",,4.035,0.86,23.0,mww,earthquake,M 7.4 - south of the Kermadec Islands,Point,"[-177.8571, -33.2927, 10]"
Feature,us70008fi4,7.5,"221 km SSE of Severo-Kuril’sk, Russia",1585104561160,1659994312041,,https://earthquake.usgs.gov/earthquakes/eventpage/us70008fi4,https://earthquake.usgs.gov/fdsnws/event/1/query?eventid=us70008fi4&format=geojson,25.0,5.5,5.293,green,reviewed,1,879,us,70008fi4,",at00q7qai7,pt20085000,us70008fi4,",",at,pt,us,",",dyfi,finite-fault,general-text,ground-failure,impact-link,impact-text,internal-origin,losspager,moment-tensor,origin,phase-data,shakemap,",,4.109,0.66,12.0,mww,earthquake,"M 7.5 - 221 km SSE of Severo-Kuril’sk, Russia",Point,"[157.6955, 48.9638, 57.8]"
Feature,us70007pa9,7.0,"95 km ENE of Kuril’sk, Russia",1581590024406,1646888775410,,https://earthquake.usgs.gov/earthquakes/eventpage/us70007pa9,https://earthquake.usgs.gov/fdsnws/event/1/query?eventid=us70007pa9&format=geojson,33.0,4.8,6.255,yellow,reviewed,1,770,us,70007pa9,",us70007pa9,at00q5myo9,pt20044002,at00q5mcj0,",",us,at,pt,at,",",associate,dyfi,finite-fault,ground-failure,impact-link,internal-origin,losspager,moment-tensor,origin,phase-data,shakemap,",,4.501,0.83,25.0,mww,earthquake,"M 7.0 - 95 km ENE of Kuril’sk, Russia",Point,"[148.959, 45.6161, 143]"
Feature,us60007idc,7.7,"123 km NNW of Lucea, Jamaica",1580238624918,1701450222937,,https://earthquake.usgs.gov/earthquakes/eventpage/us60007idc,https://earthquake.usgs.gov/fdsnws/event/1/query?eventid=us60007idc&format=geojson,1052.0,9.0,6.042,yellow,reviewed,1,1812,us,60007idc,",pt20028001,us60007idc,at00q4ttp1,",",pt,us,at,",",dyfi,finite-fault,general-text,ground-failure,impact-link,impact-text,losspager,losspager-admin,moment-tensor,origin,phase-data,poster,shakemap,",,1.657,0.75,26.0,mww,earthquake,"M 7.7 - 123 km NNW of Lucea, Jamaica",Point,"[-78.756, 19.4193, 14.86]"
Feature,us60006bjl,7.1,"141 km NW of Ternate, Indonesia",1573748260578,1601703531266,,https://earthquake.usgs.gov/earthquakes/eventpage/us60006bjl,https://earthquake.usgs.gov/fdsnws/event/1/query?eventid=us60006bjl&format=geojson,41.0,5.8,6.459,green,reviewed,1,799,us,60006bjl,",pt19318001,at00q0yvxj,us60006bjl,",",pt,at,us,",",dyfi,finite-fault,general-text,ground-failure,impact-link,impact-text,losspager,moment-tensor,origin,phase-data,shakemap,",,1.271,1.15,11.0,mww,earthquake,"M 7.1 - 141 km NW of Ternate, Indonesia",Point,"[126.4156, 1.6213, 33]"
Feature,us70004jyv,7.2,"155 km SSE of Sofifi, Indonesia",1563095451523,1596115886346,,https://earthquake.usgs.gov/earthquakes/eventpage/us70004jyv,https://earthquake.usgs.gov/fdsnws/event/1/query?eventid=us70004jyv&format=geojson,17.0,6.7,6.81,green,reviewed,0,809,us,70004jyv,",us70004jyv,",",us,",",dyfi,finite-fault,general-text,ground-failure,impact-text,losspager,moment-tensor,origin,phase-data,poster,shakemap,",,1.504,0.88,38.0,mww,earthquake,"M 7.2 - 155 km SSE of Sofifi, Indonesia",Point,"[128.034, -0.5858, 18.98]"
Feature,ci38457511,7.1,Ridgecrest Earthquake Sequence,1562383193040,1709583898754,-480.0,https://earthquake.usgs.gov/earthquakes/eventpage/ci38457511,https://earthquake.usgs.gov/fdsnws/event/1/query?eventid=ci38457511&format=geojson,24403.0,8.7,8.73,yellow,reviewed,0,1646,ci,38457511,",ci38457511,us70004bn0,at00pu7alg,pt19187000,",",ci,us,at,pt,",",dyfi,earthquake-name,finite-fault,focal-mechanism,general-link,general-text,geoserve,ground-failure,impact-text,losspager,moment-tensor,nearby-cities,oaf,origin,phase-data,poster,scitech-link,shakemap,",77.0,0.04616,0.22,43.0,mw,earthquake,M 7.1 - Ridgecrest Earthquake Sequence,Point,"[-117.5993333, 35.7695, 8]"
Feature,us600044zz,7.3,Banda Sea,1561344819830,1594402211502,,https://earthquake.usgs.gov/earthquakes/eventpage/us600044zz,https://earthquake.usgs.gov/fdsnws/event/1/query?eventid=us600044zz&format=geojson,323.0,4.1,5.64,green,reviewed,1,952,us,600044zz,",at00ptl1dg,pt19175001,us600044zz,",",at,pt,us,",",dyfi,general-text,ground-failure,impact-link,losspager,moment-tensor,origin,phase-data,poster,shakemap,",,2.629,1.08,16.0,mww,earthquake,M 7.3 - Banda Sea,Point,"[129.1692, -6.4078, 212]"
Feature,us6000417i,7.3,"Kermadec Islands, New Zealand",1560639304130,1567779911040,,https://earthquake.usgs.gov/earthquakes/eventpage/us6000417i,https://earthquake.usgs.gov/fdsnws/event/1/query?eventid=us6000417i&format=geojson,12.0,8.3,6.465,green,reviewed,1,830,us,6000417i,",at00pt5wzj,us6000417i,pt19166001,",",at,us,pt,",",dyfi,finite-fault,general-text,impact-link,impact-text,losspager,moment-tensor,origin,phase-data,poster,shakemap,",,1.402,0.81,11.0,mww,earthquake,"M 7.3 - Kermadec Islands, New Zealand",Point,"[-178.0995, -30.6441, 46]"
Feature,us60003sc0,8.0,"78 km NE of Navarro, Peru",1558856475073,1701449385378,,https://earthquake.usgs.gov/earthquakes/eventpage/us60003sc0,https://earthquake.usgs.gov/fdsnws/event/1/query?eventid=us60003sc0&format=geojson,1083.0,8.9,7.945,orange,reviewed,1,1890,us,60003sc0,",at00ps3pco,pt19146001,us60003sc0,",",at,pt,us,",",dyfi,finite-fault,general-text,ground-failure,impact-link,impact-text,losspager,moment-tensor,origin,phase-data,poster,shakemap,",,3.18,0.84,17.0,mww,earthquake,"M 8.0 - 78 km NE of Navarro, Peru",Point,"[-75.2697, -5.8119, 122.57]"
Feature,us70003kyy,7.6,"48 km NE of Kokopo, Papua New Guinea",1557838705939,1594162417609,,https://earthquake.usgs.gov/earthquakes/eventpage/us70003kyy,https://earthquake.usgs.gov/fdsnws/event/1/query?eventid=us70003kyy&format=geojson,58.0,6.9,7.252,green,reviewed,1,929,us,70003kyy,",pt19134000,us70003kyy,",",pt,us,",",dyfi,finite-fault,general-link,general-text,ground-failure,impact-link,impact-text,losspager,moment-tensor,origin,phase-data,poster,shakemap,",,0.453,1.0,16.0,mww,earthquake,"M 7.6 - 48 km NE of Kokopo, Papua New Guinea",Point,"[152.5967, -4.051, 10]"
Feature,us70003hqb,7.1,"32 km NW of Bulolo, Papua New Guinea",1557177577983,1594402818038,,https://earthquake.usgs.gov/earthquakes/eventpage/us70003hqb,https://earthquake.usgs.gov/fdsnws/event/1/query?eventid=us70003hqb&format=geojson,77.0,6.5,6.159,yellow,reviewed,1,826,us,70003hqb,",at00pr3pwp,us70003hqb,pt19126050,",",at,us,pt,",",dyfi,finite-fault,general-text,ground-failure,impact-link,impact-text,losspager,moment-tensor,origin,phase-data,poster,shakemap,",,2.514,1.02,16.0,mww,earthquake,"M 7.1 - 32 km NW of Bulolo, Papua New Guinea",Point,"[146.4494, -6.9746, 146]"
Feature,us1000j96d,7.0,"22 km NNE of Azángaro, Peru",1551430242591,1649851917121,,https://earthquake.usgs.gov/earthquakes/eventpage/us1000j96d,https://earthquake.usgs.gov/fdsnws/event/1/query?eventid=us1000j96d&format=geojson,160.0,7.2,4.423,green,reviewed,1,869,us,1000j96d,",at00pnoj8k,pt19060000,us1000j96d,",",at,pt,us,",",dyfi,finite-fault,general-text,ground-failure,impact-link,impact-text,losspager,moment-tensor,origin,phase-data,poster,shakemap,",,2.501,1.13,42.0,mww,earthquake,"M 7.0 - 22 km NNE of Azángaro, Peru",Point,"[-70.1546, -14.7131, 267]"
Feature,us2000jlfv,7.5,"115 km ESE of Palora, Ecuador",1550830643770,1594162356277,,https://earthquake.usgs.gov/earthquakes/eventpage/us2000jlfv,https://earthquake.usgs.gov/fdsnws/event/1/query?eventid=us2000jlfv&format=geojson,418.0,6.7,7.281,yellow,reviewed,1,1145,us,2000jlfv,",at00pnbol0,pt19053000,us2000jlfv,",",at,pt,us,",",dyfi,finite-fault,general-text,ground-failure,impact-link,impact-text,losspager,moment-tensor,origin,phase-data,poster,shakemap,",,2.045,1.12,15.0,mww,earthquake,"M 7.5 - 115 km ESE of Palora, Ecuador",Point,"[-77.0505, -2.1862, 145]"
Feature,us2000iyta,7.0,"96 km ESE of Pondaguitan, Philippines",1546054749740,1681041169662,,https://earthquake.usgs.gov/earthquakes/eventpage/us2000iyta,https://earthquake.usgs.gov/fdsnws/event/1/query?eventid=us2000iyta&format=geojson,90.0,6.6,5.22,green,reviewed,1,813,us,2000iyta,",at00pkhbhc,pt18363000,us2000iyta,iscgem614463414,",",at,pt,us,iscgem,",",dyfi,finite-fault,ground-failure,impact-link,losspager,moment-tensor,origin,phase-data,shakemap,",,1.769,1.45,21.0,mww,earthquake,"M 7.0 - 96 km ESE of Pondaguitan, Philippines",Point,"[126.9209, 5.8983, 60.21]"
Feature,us2000ivfw,7.3,"187 km SE of Ust’-Kamchatsk Staryy, Russia",1545325315150,1651606930731,,https://earthquake.usgs.gov/earthquakes/eventpage/us2000ivfw,https://earthquake.usgs.gov/fdsnws/event/1/query?eventid=us2000ivfw&format=geojson,6.0,3.2,6.92,green,reviewed,1,822,us,2000ivfw,",us2000ivfw,pt18354000,at00pk1on9,iscgem614459017,",",us,pt,at,iscgem,",",dyfi,finite-fault,general-text,ground-failure,impact-link,losspager,moment-tensor,origin,phase-data,poster,shakemap,",,4.126,0.79,23.0,mww,earthquake,"M 7.3 - 187 km SE of Ust’-Kamchatsk Staryy, Russia",Point,"[164.6993, 55.0999, 16.56]"
Feature,us2000isc8,7.1,South Sandwich Islands region,1544495189420,1651606867127,,https://earthquake.usgs.gov/earthquakes/eventpage/us2000isc8,https://earthquake.usgs.gov/fdsnws/event/1/query?eventid=us2000isc8&format=geojson,,,5.36,green,reviewed,1,776,us,2000isc8,",us2000isc8,pt18345000,at00pjjw49,iscgem614423758,",",us,pt,at,iscgem,",",general-text,impact-link,losspager,moment-tensor,origin,phase-data,poster,shakemap,",,7.043,0.92,20.0,mww,earthquake,M 7.1 - South Sandwich Islands region,Point,"[-26.3856, -58.5446, 133]"
Feature,us1000i2gt,7.5,"166 km ESE of Tadine, New Caledonia",1543983488420,1651607449454,,https://earthquake.usgs.gov/earthquakes/eventpage/us1000i2gt,https://earthquake.usgs.gov/fdsnws/event/1/query?eventid=us1000i2gt&format=geojson,17.0,3.4,5.972,green,reviewed,1,871,us,1000i2gt,",at00pj8xaa,pt18339001,us1000i2gt,iscgem615091842,",",at,pt,us,iscgem,",",dyfi,finite-fault,general-text,ground-failure,impact-link,impact-text,losspager,moment-tensor,origin,phase-data,poster,shakemap,",,2.405,0.74,18.0,mww,earthquake,"M 7.5 - 166 km ESE of Tadine, New Caledonia",Point,"[169.4266, -21.9496, 10]"
Feature,ak018fcnsk91,7.1,"1 km SE of Point MacKenzie, Alaska",1543598969330,1707534879864,,https://earthquake.usgs.gov/earthquakes/eventpage/ak018fcnsk91,https://earthquake.usgs.gov/fdsnws/event/1/query?eventid=ak018fcnsk91&format=geojson,2349.0,7.9,7.696,orange,reviewed,1,1790,ak,018fcnsk91,",ak20419010,at00pj0ol4,us1000hyfh,ak018fcnsk91,pt18334000,iscgem616643636,",",ak,at,us,ak,pt,iscgem,",",associate,dyfi,finite-fault,general-link,general-text,ground-failure,impact-link,impact-text,losspager,moment-tensor,origin,phase-data,poster,scitech-link,shakemap,",,,1.04,,mw,earthquake,"M 7.1 - 1 km SE of Point MacKenzie, Alaska",Point,"[-149.9552, 61.3464, 46.7]"
Feature,us1000haa3,7.0,"119 km E of Kimbe, Papua New Guinea",1539204500100,1651607421621,,https://earthquake.usgs.gov/earthquakes/eventpage/us1000haa3,https://earthquake.usgs.gov/fdsnws/event/1/query?eventid=us1000haa3&format=geojson,6.0,6.3,6.273,green,reviewed,1,758,us,1000haa3,",us1000haa3,at00pgehsk,pt18283003,iscgem615091200,",",us,at,pt,iscgem,",",dyfi,finite-fault,general-text,ground-failure,impact-link,losspager,moment-tensor,origin,phase-data,poster,shakemap,",,1.778,1.1,18.0,mww,earthquake,"M 7.0 - 119 km E of Kimbe, Papua New Guinea",Point,"[151.2046, -5.7012, 39]"
Feature,us1000h3p4,7.5,"72 km N of Palu, Indonesia",1538128965250,1702920163243,,https://earthquake.usgs.gov/earthquakes/eventpage/us1000h3p4,https://earthquake.usgs.gov/fdsnws/event/1/query?eventid=us1000h3p4&format=geojson,38.0,8.6,8.367,red,reviewed,0,2033,us,1000h3p4,",us1000h3p4,iscgem616642238,",",us,iscgem,",",dyfi,finite-fault,general-text,ground-failure,impact-text,losspager,moment-tensor,origin,phase-data,poster,shakemap,",,1.649,1.0,13.0,mww,earthquake,"M 7.5 - 72 km N of Palu, Indonesia",Point,"[119.8462, -0.2559, 20]"
Feature,us2000h9e2,7.9,"45 km S of Levuka, Fiji",1536248958710,1651606409496,,https://earthquake.usgs.gov/earthquakes/eventpage/us2000h9e2,https://earthquake.usgs.gov/fdsnws/event/1/query?eventid=us2000h9e2&format=geojson,27.0,7.0,3.569,green,reviewed,1,979,us,2000h9e2,",at00pen5a4,pt18249001,us2000h9e2,iscgem612848327,",",at,pt,us,iscgem,",",dyfi,general-text,impact-link,losspager,moment-tensor,origin,phase-data,poster,shakemap,",,1.431,1.07,12.0,mww,earthquake,"M 7.9 - 45 km S of Levuka, Fiji",Point,"[179.3502, -18.4743, 670.81]"
Feature,us1000gjaz,7.1,"238 km ESE of Tadine, New Caledonia",1535514716100,1659944054777,,https://earthquake.usgs.gov/earthquakes/eventpage/us1000gjaz,https://earthquake.usgs.gov/fdsnws/event/1/query?eventid=us1000gjaz&format=geojson,2.0,2.0,4.51,green,reviewed,1,776,us,1000gjaz,",at00pe7eqn,us1000gjaz,pt18241000,iscgem615001001,",",at,us,pt,iscgem,",",dyfi,general-text,ground-failure,impact-link,impact-text,losspager,moment-tensor,origin,phase-data,poster,shakemap,",,2.548,0.98,23.0,mww,earthquake,"M 7.1 - 238 km ESE of Tadine, New Caledonia",Point,"[170.1262, -22.0295, 21.43]"
Feature,us1000ggj4,7.1,"136 km W of Iñapari, Peru",1535101448250,1651606100969,,https://earthquake.usgs.gov/earthquakes/eventpage/us1000ggj4,https://earthquake.usgs.gov/fdsnws/event/1/query?eventid=us1000ggj4&format=geojson,,,2.93,green,reviewed,0,776,us,1000ggj4,",us1000ggj4,iscgem612637304,",",us,iscgem,",",general-text,ground-failure,losspager,moment-tensor,origin,phase-data,poster,shakemap,",,3.77,0.99,12.0,mww,earthquake,"M 7.1 - 136 km W of Iñapari, Peru",Point,"[-70.8284, -11.0355, 630]"
Feature,us1000gez7,7.3,"40 km ENE of Carúpano, Venezuela",1534887107600,1702919804873,,https://earthquake.usgs.gov/earthquakes/eventpage/us1000gez7,https://earthquake.usgs.gov/fdsnws/event/1/query?eventid=us1000gez7&format=geojson,1169.0,7.5,6.105,yellow,reviewed,1,1570,us,1000gez7,",at00pdtygt,pt18233000,us1000gez7,",",at,pt,us,",",dyfi,finite-fault,general-text,ground-failure,impact-link,impact-text,losspager,moment-tensor,origin,phase-data,poster,shakemap,",,1.822,1.1,15.0,mww,earthquake,"M 7.3 - 40 km ENE of Carúpano, Venezuela",Point,"[-62.9019, 10.7731, 146.82]"
Feature,us1000gcii,8.2,"267 km E of Levuka, Fiji",1534637980670,1688449552658,,https://earthquake.usgs.gov/earthquakes/eventpage/us1000gcii,https://earthquake.usgs.gov/fdsnws/event/1/query?eventid=us1000gcii&format=geojson,36.0,5.0,4.033,green,reviewed,1,1052,us,1000gcii,",at00pdom8q,pt18231000,us1000gcii,iscgem616641704,",",at,pt,us,iscgem,",",dyfi,finite-fault,general-text,impact-link,impact-text,losspager,moment-tensor,origin,phase-data,poster,shakemap,",,3.63,0.79,13.0,mww,earthquake,"M 8.2 - 267 km E of Levuka, Fiji",Point,"[-178.153, -18.1125, 600]"
Feature,us2000d7q6,7.5,"32 km SW of Tari, Papua New Guinea",1519580684140,1651607091042,,https://earthquake.usgs.gov/earthquakes/eventpage/us2000d7q6,https://earthquake.usgs.gov/fdsnws/event/1/query?eventid=us2000d7q6&format=geojson,86.0,9.0,8.288,yellow,reviewed,1,943,us,2000d7q6,",at00p4pvyj,pt18056001,us2000d7q6,iscgem615000068,",",at,pt,us,iscgem,",",dyfi,finite-fault,general-link,general-text,ground-failure,impact-link,impact-text,losspager,moment-tensor,origin,phase-data,poster,shakemap,",,5.48,1.31,17.0,mww,earthquake,"M 7.5 - 32 km SW of Tari, Papua New Guinea",Point,"[142.7536, -6.0699, 25.21]"
Feature,us2000d3km,7.2,"4 km S of Pinotepa de Don Luis, Mexico",1518824379280,1696737531243,,https://earthquake.usgs.gov/earthquakes/eventpage/us2000d3km,https://earthquake.usgs.gov/fdsnws/event/1/query?eventid=us2000d3km&format=geojson,794.0,7.4,7.169,yellow,reviewed,1,1385,us,2000d3km,",at00p49oe8,pt18047000,us2000d3km,iscgem611835996,",",at,pt,us,iscgem,",",dyfi,finite-fault,general-link,general-text,impact-link,impact-text,losspager,moment-tensor,origin,phase-data,poster,shakemap,",,0.142,1.23,82.0,mww,earthquake,"M 7.2 - 4 km S of Pinotepa de Don Luis, Mexico",Point,"[-97.9787, 16.3855, 22]"
Feature,us2000cmy3,7.9,"261 km SE of Chiniak, Alaska",1516699900890,1691767354958,,https://earthquake.usgs.gov/earthquakes/eventpage/us2000cmy3,https://earthquake.usgs.gov/fdsnws/event/1/query?eventid=us2000cmy3&format=geojson,2385.0,9.1,4.303,green,reviewed,1,1870,us,2000cmy3,",ak18173527,us2000cmy3,at00p3054t,pt18023001,ak018126wm5v,iscgem611653794,ak18173519,",",ak,us,at,pt,ak,iscgem,ak,",",associate,dyfi,finite-fault,general-link,general-text,ground-failure,impact-link,impact-text,losspager,moment-tensor,origin,phase-data,poster,shakemap,trump-origin,",,2.585,0.77,30.0,mww,earthquake,"M 7.9 - 261 km SE of Chiniak, Alaska",Point,"[-149.1658, 56.0039, 14.06]"
Feature,us2000cjfy,7.1,"37 km W of Atiquipa, Peru",1515921525540,1651603510126,,https://earthquake.usgs.gov/earthquakes/eventpage/us2000cjfy,https://earthquake.usgs.gov/fdsnws/event/1/query?eventid=us2000cjfy&format=geojson,352.0,8.5,6.946,green,reviewed,1,1075,us,2000cjfy,",at00p2jgj9,pt18014000,us2000cjfy,iscgem611648221,",",at,pt,us,iscgem,",",dyfi,finite-fault,general-text,impact-link,impact-text,losspager,moment-tensor,origin,phase-data,poster,shakemap,",,4.29,1.2,23.0,mww,earthquake,"M 7.1 - 37 km W of Atiquipa, Peru",Point,"[-74.7092, -15.7675, 39]"
Feature,us1000c2zy,7.5,"203 km NNE of Barra Patuca, Honduras",1515552693290,1651603488043,,https://earthquake.usgs.gov/earthquakes/eventpage/us1000c2zy,https://earthquake.usgs.gov/fdsnws/event/1/query?eventid=us1000c2zy&format=geojson,913.0,8.3,5.425,green,reviewed,1,1623,us,1000c2zy,",at00p2bjxw,pt18010000,us1000c2zy,iscgem611634051,",",at,pt,us,iscgem,",",dyfi,finite-fault,general-link,general-text,impact-link,impact-text,losspager,moment-tensor,origin,phase-data,poster,shakemap,",,4.581,0.82,12.0,mww,earthquake,"M 7.5 - 203 km NNE of Barra Patuca, Honduras",Point,"[-83.52, 17.4825, 19]"
Feature,us2000brlf,7.0,"85 km ENE of Tadine, New Caledonia",1511131409250,1651607068459,,https://earthquake.usgs.gov/earthquakes/eventpage/us2000brlf,https://earthquake.usgs.gov/fdsnws/event/1/query?eventid=us2000brlf&format=geojson,44.0,3.8,5.926,green,reviewed,1,771,us,2000brlf,",at00ozosgj,us2000brlf,pt17323002,iscgem614999545,",",at,us,pt,iscgem,",",dyfi,general-text,impact-link,losspager,moment-tensor,origin,phase-data,poster,shakemap,",,0.617,0.65,14.0,mww,earthquake,"M 7.0 - 85 km ENE of Tadine, New Caledonia",Point,"[168.6715, -21.3246, 10]"
Feature,us2000bmcg,7.3,"29 km S of ?alabja, Iraq",1510510697180,1697790974044,,https://earthquake.usgs.gov/earthquakes/eventpage/us2000bmcg,https://earthquake.usgs.gov/fdsnws/event/1/query?eventid=us2000bmcg&format=geojson,1521.0,7.9,8.663,red,reviewed,0,2790,us,2000bmcg,",us2000bmcg,iscgem617943542,",",us,iscgem,",",dyfi,finite-fault,general-text,ground-failure,impact-text,losspager,moment-tensor,origin,phase-data,poster,shakemap,",,0.284,1.29,33.0,mww,earthquake,"M 7.3 - 29 km S of ?alabja, Iraq",Point,"[45.9592, 34.9109, 19]"
Feature,us2000ar20,7.1,"1 km S of Matzaco, Mexico",1505844878090,1709257386129,,https://earthquake.usgs.gov/earthquakes/eventpage/us2000ar20,https://earthquake.usgs.gov/fdsnws/event/1/query?eventid=us2000ar20&format=geojson,2396.0,9.1,7.844,,reviewed,0,1686,us,2000ar20,",us2000ar20,iscgem611079453,",",us,iscgem,",",dyfi,finite-fault,general-link,general-text,ground-failure,impact-text,losspager,moment-tensor,origin,phase-data,poster,scitech-link,shakemap,",,0.984,1.14,23.0,mww,earthquake,"M 7.1 - 1 km S of Matzaco, Mexico",Point,"[-98.4887, 18.5499, 48]"
Feature,us2000ahv0,8.2,"near the coast of Chiapas, Mexico",1504846159180,1702918519912,,https://earthquake.usgs.gov/earthquakes/eventpage/us2000ahv0,https://earthquake.usgs.gov/fdsnws/event/1/query?eventid=us2000ahv0&format=geojson,2650.0,9.1,7.398,red,reviewed,1,2910,us,2000ahv0,",at00ovy2q7,pt17251000,us2000ahv0,iscgem611600536,",",at,pt,us,iscgem,",",dyfi,finite-fault,general-link,general-text,ground-failure,impact-link,impact-text,losspager,moment-tensor,origin,phase-data,poster,scitech-link,shakemap,",,0.944,1.22,22.0,mww,earthquake,"M 8.2 - near the coast of Chiapas, Mexico",Point,"[-93.8993, 15.0222, 47.39]"
Feature,us20009x42,7.7,"Komandorskiye Ostrova, Russia region",1500334453740,1659874084728,,https://earthquake.usgs.gov/earthquakes/eventpage/us20009x42,https://earthquake.usgs.gov/fdsnws/event/1/query?eventid=us20009x42&format=geojson,8.0,7.8,6.97,green,reviewed,1,918,us,20009x42,",pt17198005,us20009x42,at00ot9dh6,iscgem610785483,",",pt,us,at,iscgem,",",dyfi,finite-fault,general-text,impact-link,losspager,moment-tensor,origin,phase-data,poster,shakemap,",,3.564,0.68,13.0,mww,earthquake,"M 7.7 - Komandorskiye Ostrova, Russia region",Point,"[168.857, 54.4434, 10]"
Feature,us10007uph,7.9,"35 km WNW of Panguna, Papua New Guinea",1485059422960,1651604242533,,https://earthquake.usgs.gov/earthquakes/eventpage/us10007uph,https://earthquake.usgs.gov/fdsnws/event/1/query?eventid=us10007uph&format=geojson,30.0,9.1,7.253,yellow,reviewed,1,987,us,10007uph,",us10007uph,at00ok5z6p,pt17022050,iscgem611831635,",",us,at,pt,iscgem,",",dyfi,finite-fault,general-text,impact-link,impact-text,losspager,moment-tensor,origin,phase-data,poster,shakemap,",,3.625,1.22,9.0,mww,earthquake,"M 7.9 - 35 km WNW of Panguna, Papua New Guinea",Point,"[155.1718, -6.2464, 135]"
Feature,us10007s9c,7.3,"189 km SSE of Tabiauan, Philippines",1484028828140,1651606996287,,https://earthquake.usgs.gov/earthquakes/eventpage/us10007s9c,https://earthquake.usgs.gov/fdsnws/event/1/query?eventid=us10007s9c&format=geojson,50.0,5.9,3.33,green,reviewed,1,849,us,10007s9c,",us10007s9c,at00ojjvz0,iscgem614538632,",",us,at,iscgem,",",dyfi,general-text,impact-link,losspager,moment-tensor,origin,phase-data,poster,shakemap,",,3.813,1.05,18.0,mww,earthquake,"M 7.3 - 189 km SSE of Tabiauan, Philippines",Point,"[122.6171, 4.4782, 627.17]"
Feature,us10007mn3,7.6,"41 km SW of Quellón, Chile",1482675747010,1701438617737,,https://earthquake.usgs.gov/earthquakes/eventpage/us10007mn3,https://earthquake.usgs.gov/fdsnws/event/1/query?eventid=us10007mn3&format=geojson,282.0,9.1,7.598,yellow,reviewed,1,1145,us,10007mn3,",us10007mn3,at00oiqvxe,pt16360050,iscgem609939179,",",us,at,pt,iscgem,",",dyfi,finite-fault,general-text,impact-link,impact-text,losspager,moment-tensor,origin,phase-data,poster,shakemap,",,0.355,0.79,29.0,mww,earthquake,"M 7.6 - 41 km SW of Quellón, Chile",Point,"[-73.9413, -43.4064, 38]"
Feature,us200081v8,7.9,"140 km E of Kokopo, Papua New Guinea",1481971870500,1701449179052,,https://earthquake.usgs.gov/earthquakes/eventpage/us200081v8,https://earthquake.usgs.gov/fdsnws/event/1/query?eventid=us200081v8&format=geojson,14.0,8.7,7.476,yellow,reviewed,1,972,us,200081v8,",us200081v8,at00oibstb,pt16352050,iscgem611831311,",",us,at,pt,iscgem,",",dyfi,finite-fault,general-text,impact-link,impact-text,losspager,moment-tensor,origin,phase-data,poster,shakemap,",,1.389,0.97,13.0,mww,earthquake,"M 7.9 - 140 km E of Kokopo, Papua New Guinea",Point,"[153.5216, -4.5049, 94.54]"
Feature,us20007z80,7.8,"69 km WSW of Kirakira, Solomon Islands",1481218726280,1651604180197,,https://earthquake.usgs.gov/earthquakes/eventpage/us20007z80,https://earthquake.usgs.gov/fdsnws/event/1/query?eventid=us20007z80&format=geojson,28.0,9.1,7.622,green,reviewed,1,961,us,20007z80,",us20007z80,at00ohvnon,pt16343053,iscgem611831246,",",us,at,pt,iscgem,",",dyfi,finite-fault,general-text,impact-link,impact-text,losspager,moment-tensor,origin,phase-data,poster,shakemap,",,1.836,0.88,13.0,mww,earthquake,"M 7.8 - 69 km WSW of Kirakira, Solomon Islands",Point,"[161.3273, -10.6812, 40]"
Feature,us1000778i,7.8,"53 km NNE of Amberley, New Zealand",1479034976340,1702917864552,,https://earthquake.usgs.gov/earthquakes/eventpage/us1000778i,https://earthquake.usgs.gov/fdsnws/event/1/query?eventid=us1000778i&format=geojson,603.0,9.1,8.539,orange,reviewed,1,1549,us,1000778i,",at00ogkuoy,us1000778i,iscgem615035032,atlas20161113110256,",",at,us,iscgem,atlas,",",cap,dyfi,finite-fault,general-link,general-text,ground-failure,impact-link,impact-text,losspager,moment-tensor,origin,phase-data,poster,scitech-link,shakemap,trump-shakemap,",,0.481,0.56,21.0,mww,earthquake,"M 7.8 - 53 km NNE of Amberley, New Zealand",Point,"[173.054, -42.7373, 15.11]"
Feature,us10006jbi,7.0,"175 km NE of Gisborne, New Zealand",1472747877300,1702917358428,,https://earthquake.usgs.gov/earthquakes/eventpage/us10006jbi,https://earthquake.usgs.gov/fdsnws/event/1/query?eventid=us10006jbi&format=geojson,272.0,5.0,6.11,green,reviewed,1,890,us,10006jbi,",pt16245050,at00ocu3ja,us10006jbi,gcmt20160901163757,iscgem611830479,",",pt,at,us,gcmt,iscgem,",",cap,dyfi,finite-fault,general-text,impact-link,impact-text,losspager,moment-tensor,origin,phase-data,poster,shakemap,",,0.698,0.88,21.0,mww,earthquake,"M 7.0 - 175 km NE of Gisborne, New Zealand",Point,"[179.1461, -37.3586, 19]"
Feature,us20006uy6,7.1,north of Ascension Island,1472444997860,1651604072251,,https://earthquake.usgs.gov/earthquakes/eventpage/us20006uy6,https://earthquake.usgs.gov/fdsnws/event/1/query?eventid=us20006uy6&format=geojson,8.0,4.7,0.0,green,reviewed,1,779,us,20006uy6,",at00ocnltz,us20006uy6,gcmt20160829042957,iscgem611830455,",",at,us,gcmt,iscgem,",",cap,dyfi,finite-fault,general-text,impact-link,impact-text,losspager,moment-tensor,origin,phase-data,poster,shakemap,",,8.561,0.87,24.0,mww,earthquake,M 7.1 - north of Ascension Island,Point,"[-17.8255, -0.0456, 10]"
Feature,us10006exl,7.4,South Georgia Island region,1471591942710,1651603230462,,https://earthquake.usgs.gov/earthquakes/eventpage/us10006exl,https://earthquake.usgs.gov/fdsnws/event/1/query?eventid=us10006exl&format=geojson,1.0,2.7,0.0,green,reviewed,0,843,us,10006exl,",us10006exl,gcmt20160819073222,iscgem611462204,",",us,gcmt,iscgem,",",cap,dyfi,finite-fault,general-text,impact-text,losspager,moment-tensor,origin,phase-data,poster,shakemap,",,2.852,0.79,18.0,mww,earthquake,M 7.4 - South Georgia Island region,Point,"[-31.8766, -55.2852, 10]"
Feature,us10006d5h,7.2,southeast of the Loyalty Islands,1470965196280,1651604043532,,https://earthquake.usgs.gov/earthquakes/eventpage/us10006d5h,https://earthquake.usgs.gov/fdsnws/event/1/query?eventid=us10006d5h&format=geojson,2.0,6.2,5.1,green,reviewed,1,799,us,10006d5h,",pt16225050,at00obrw0f,us10006d5h,gcmt20160812012635,iscgem611830337,",",pt,at,us,gcmt,iscgem,",",cap,dyfi,finite-fault,general-text,impact-link,impact-text,losspager,moment-tensor,origin,phase-data,poster,shakemap,",,4.823,0.9,14.0,mww,earthquake,M 7.2 - southeast of the Loyalty Islands,Point,"[173.1167, -22.4765, 16.37]"
Feature,us100068jg,7.7,"Pagan region, Northern Mariana Islands",1469827104740,1651604020050,,https://earthquake.usgs.gov/earthquakes/eventpage/us100068jg,https://earthquake.usgs.gov/fdsnws/event/1/query?eventid=us100068jg&format=geojson,129.0,4.6,6.33,green,reviewed,1,971,us,100068jg,",at00ob3huo,us100068jg,gcmt20160729211825,iscgem611830246,",",at,us,gcmt,iscgem,",",cap,dyfi,finite-fault,general-text,impact-link,impact-text,losspager,moment-tensor,origin,phase-data,poster,shakemap,",,3.294,1.38,14.0,mww,earthquake,"M 7.7 - Pagan region, Northern Mariana Islands",Point,"[145.5073, 18.5429, 196]"
Feature,us20005ysu,7.2,South Sandwich Islands region,1464428819780,1651600168587,,https://earthquake.usgs.gov/earthquakes/eventpage/us20005ysu,https://earthquake.usgs.gov/fdsnws/event/1/query?eventid=us20005ysu&format=geojson,0.0,1.0,6.01,green,reviewed,1,798,us,20005ysu,",at00o7vsif,us20005ysu,gcmt20160528094659,iscgem608951780,",",at,us,gcmt,iscgem,",",cap,dyfi,finite-fault,general-text,impact-link,losspager,moment-tensor,origin,phase-data,poster,shakemap,",,5.803,0.89,24.0,mww,earthquake,M 7.2 - South Sandwich Islands region,Point,"[-26.9353, -56.2409, 78]"
Feature,us10005c88,7.0,"3 km NW of Norsup, Vanuatu",1461872004070,1651603922036,,https://earthquake.usgs.gov/earthquakes/eventpage/us10005c88,https://earthquake.usgs.gov/fdsnws/event/1/query?eventid=us10005c88&format=geojson,2.0,6.8,6.561,green,reviewed,1,755,us,10005c88,",pt16119051,at00o6cznp,us10005c88,gcmt20160428193324,iscgem611829670,atlas20160428193324,",",pt,at,us,gcmt,iscgem,atlas,",",cap,dyfi,finite-fault,general-text,impact-link,impact-text,losspager,moment-tensor,origin,phase-data,poster,shakemap,trump-moment-tensor,",,0.616,1.33,14.0,mww,earthquake,"M 7.0 - 3 km NW of Norsup, Vanuatu",Point,"[167.3786, -16.0429, 24]"
Feature,us20005j32,7.8,"27 km SSE of Muisne, Ecuador",1460851116980,1702916931218,,https://earthquake.usgs.gov/earthquakes/eventpage/us20005j32,https://earthquake.usgs.gov/fdsnws/event/1/query?eventid=us20005j32&format=geojson,191.0,8.6,8.51,orange,reviewed,1,1164,us,20005j32,",at00o5r3xd,us20005j32,pt16107050,gcmt20160416235837,iscgem608556966,atlas20160416235836,",",at,us,pt,gcmt,iscgem,atlas,",",cap,dyfi,finite-fault,general-text,ground-failure,impact-link,impact-text,losspager,moment-tensor,origin,phase-data,poster,shakemap,",,1.44,0.94,15.0,mww,earthquake,"M 7.8 - 27 km SSE of Muisne, Ecuador",Point,"[-79.9218, 0.3819, 20.59]"
Feature,us20005iis,7.0,"6 km ESE of Kumamoto, Japan",1460737506220,1702916745505,,https://earthquake.usgs.gov/earthquakes/eventpage/us20005iis,https://earthquake.usgs.gov/fdsnws/event/1/query?eventid=us20005iis&format=geojson,111.0,9.1,8.717,red,reviewed,1,2101,us,20005iis,",at00o5oo9v,pt16106053,us20005iis,gcmt20160415162506,iscgem610289055,atlas20160415162506,",",at,pt,us,gcmt,iscgem,atlas,",",cap,dyfi,finite-fault,general-text,ground-failure,impact-link,impact-text,losspager,moment-tensor,origin,phase-data,poster,scitech-link,shakemap,",,0.349,0.85,32.0,mww,earthquake,"M 7.0 - 6 km ESE of Kumamoto, Japan",Point,"[130.7543, 32.7906, 10]"
Feature,us10004u1y,7.8,"southwest of Sumatra, Indonesia",1456922988110,1659866876151,,https://earthquake.usgs.gov/earthquakes/eventpage/us10004u1y,https://earthquake.usgs.gov/fdsnws/event/1/query?eventid=us10004u1y&format=geojson,31.0,3.8,3.07,green,reviewed,0,948,us,10004u1y,",us10004u1y,gcmt20160302124948,iscgem611461544,",",us,gcmt,iscgem,",",dyfi,finite-fault,general-text,impact-text,losspager,moment-tensor,origin,phase-data,poster,shakemap,",,7.009,1.14,20.0,mww,earthquake,"M 7.8 - southwest of Sumatra, Indonesia",Point,"[94.3299, -4.9521, 24]"
Feature,us20004vvx,7.2,"80 km S of Mil’kovo, Russia",1454124312220,1659863257983,,https://earthquake.usgs.gov/earthquakes/eventpage/us20004vvx,https://earthquake.usgs.gov/fdsnws/event/1/query?eventid=us20004vvx&format=geojson,3.0,3.4,6.719,green,reviewed,1,799,us,20004vvx,",pt16030050,at00o1qxho,us20004vvx,gcmt20160130032510,iscgem612141669,atlas20160130032512,",",pt,at,us,gcmt,iscgem,atlas,",",cap,dyfi,finite-fault,general-text,impact-link,impact-text,losspager,moment-tensor,origin,phase-data,shakemap,",,0.958,1.19,17.0,mww,earthquake,"M 7.2 - 80 km S of Mil’kovo, Russia",Point,"[158.5463, 53.9776, 177]"
Feature,ak01613v15nv,7.1,"47 km ESE of Pedro Bay, Alaska",1453631429557,1690576476932,,https://earthquake.usgs.gov/earthquakes/eventpage/ak01613v15nv,https://earthquake.usgs.gov/fdsnws/event/1/query?eventid=ak01613v15nv&format=geojson,1816.0,7.2,7.461,green,reviewed,1,1496,ak,01613v15nv,",ak12496371,at00o1gd6r,us10004gqp,gcmt20160124103030,iscgem612141445,ak01613v15nv,atlas20160124103030,",",ak,at,us,gcmt,iscgem,ak,atlas,",",associate,cap,dyfi,finite-fault,general-text,impact-link,impact-text,losspager,moment-tensor,origin,phase-data,shakemap,trump-shakemap,",,,1.05,,mw,earthquake,"M 7.1 - 47 km ESE of Pedro Bay, Alaska",Point,"[-153.3392, 59.6204, 125.6]"
Feature,us100044k6,7.2,"104 km W of Murghob, Tajikistan",1449474605950,1659392023941,,https://earthquake.usgs.gov/earthquakes/eventpage/us100044k6,https://earthquake.usgs.gov/fdsnws/event/1/query?eventid=us100044k6&format=geojson,73.0,4.1,7.424,green,reviewed,0,827,us,100044k6,",us100044k6,gcmt20151207075006,iscgem608081959,atlas20151207075005,",",us,gcmt,iscgem,atlas,",",cap,dyfi,finite-fault,general-text,impact-text,losspager,moment-tensor,origin,phase-data,poster,shakemap,",,1.116,0.94,18.0,mww,earthquake,"M 7.2 - 104 km W of Murghob, Tajikistan",Point,"[72.7797, 38.2107, 22]"
Feature,us100043z2,7.1,southeast Indian Ridge,1449267900110,1651599403060,,https://earthquake.usgs.gov/earthquakes/eventpage/us100043z2,https://earthquake.usgs.gov/fdsnws/event/1/query?eventid=us100043z2&format=geojson,0.0,1.0,0.0,green,reviewed,0,776,us,100043z2,",gcmt20151204222455,us100043z2,iscgem608079035,",",gcmt,us,iscgem,",",associate,cap,dyfi,finite-fault,general-text,losspager,moment-tensor,origin,phase-data,poster,shakemap,",,10.034,1.42,8.0,mww,earthquake,M 7.1 - southeast Indian Ridge,Point,"[85.0913, -47.6165, 35]"
Feature,us100040x6,7.6,"185 km WNW of Iñapari, Peru",1448405454370,1651599379318,,https://earthquake.usgs.gov/earthquakes/eventpage/us100040x6,https://earthquake.usgs.gov/fdsnws/event/1/query?eventid=us100040x6&format=geojson,15.0,4.9,3.538,green,reviewed,0,896,us,100040x6,",us100040x6,gcmt20151124225053,iscgem608053212,atlas20151124225054,",",us,gcmt,iscgem,atlas,",",cap,dyfi,general-text,impact-text,losspager,moment-tensor,origin,phase-data,shakemap,",,2.852,1.0,10.0,mww,earthquake,"M 7.6 - 185 km WNW of Iñapari, Peru",Point,"[-71.0184, -10.0598, 620.56]"
Feature,us100040ww,7.6,"155 km WNW of Iñapari, Peru",1448405138880,1651605702904,,https://earthquake.usgs.gov/earthquakes/eventpage/us100040ww,https://earthquake.usgs.gov/fdsnws/event/1/query?eventid=us100040ww&format=geojson,124.0,5.5,4.509,green,reviewed,1,957,us,100040ww,",pt15328051,at00nycck1,us100040ww,gcmt20151124224538,iscgem612296714,atlas20151124224538,",",pt,at,us,gcmt,iscgem,atlas,",",cap,dyfi,general-text,impact-link,impact-text,losspager,moment-tensor,origin,phase-data,poster,shakemap,",,3.287,1.36,10.0,mww,earthquake,"M 7.6 - 155 km WNW of Iñapari, Peru",Point,"[-70.9437, -10.5372, 606.21]"
Feature,us10003re5,7.5,"Hindu Kush region, Afghanistan",1445850582560,1668357227335,,https://earthquake.usgs.gov/earthquakes/eventpage/us10003re5,https://earthquake.usgs.gov/fdsnws/event/1/query?eventid=us10003re5&format=geojson,567.0,7.9,6.939,orange,reviewed,0,1448,us,10003re5,",us10003re5,gcmt20151026090942,atlas20151026090942,",",us,gcmt,atlas,",",cap,dyfi,finite-fault,general-text,impact-text,losspager,moment-tensor,origin,phase-data,poster,shakemap,",,0.622,1.43,18.0,mww,earthquake,"M 7.5 - Hindu Kush region, Afghanistan",Point,"[70.3676, 36.5244, 231]"
Feature,us10003q0q,7.1,"31 km NE of Port-Olry, Vanuatu",1445377922560,1659358596835,,https://earthquake.usgs.gov/earthquakes/eventpage/us10003q0q,https://earthquake.usgs.gov/fdsnws/event/1/query?eventid=us10003q0q&format=geojson,8.0,6.1,6.407,green,reviewed,1,780,us,10003q0q,",pt15293052,at00nwjgqr,us10003q0q,gcmt20151020215202,iscgem612089430,atlas20151020215202,",",pt,at,us,gcmt,iscgem,atlas,",",cap,dyfi,general-text,impact-link,impact-text,losspager,moment-tensor,origin,phase-data,poster,shakemap,",,0.592,1.02,11.0,mww,earthquake,"M 7.1 - 31 km NE of Port-Olry, Vanuatu",Point,"[167.3028, -14.8595, 135]"
Feature,us20003k7w,7.0,"25 km WNW of Illapel, Chile",1442445521850,1659985963750,,https://earthquake.usgs.gov/earthquakes/eventpage/us20003k7w,https://earthquake.usgs.gov/fdsnws/event/1/query?eventid=us20003k7w&format=geojson,57.0,8.0,6.998,green,reviewed,0,799,us,20003k7w,",us20003k7w,gcmt20150916231841,iscgem610637518,atlas20150916231841,",",us,gcmt,iscgem,atlas,",",cap,dyfi,general-text,impact-text,losspager,moment-tensor,origin,phase-data,shakemap,",,0.903,0.93,13.0,mww,earthquake,"M 7.0 - 25 km WNW of Illapel, Chile",Point,"[-71.4262, -31.5622, 28.41]"
Feature,us20003k7a,8.3,"48 km W of Illapel, Chile",1442444072860,1706276390653,,https://earthquake.usgs.gov/earthquakes/eventpage/us20003k7a,https://earthquake.usgs.gov/fdsnws/event/1/query?eventid=us20003k7a&format=geojson,1210.0,9.0,8.189,orange,reviewed,1,1960,us,20003k7a,",us20003k7a,at00nuskyv,pt15259054,gcmt20150916225433,iscgem611531714,atlas20150916225432,",",us,at,pt,gcmt,iscgem,atlas,",",associate,cap,dyfi,finite-fault,general-link,general-text,ground-failure,impact-link,impact-text,losspager,moment-tensor,origin,phase-data,poster,scitech-link,shakemap,",,0.684,1.02,19.0,mww,earthquake,"M 8.3 - 48 km W of Illapel, Chile",Point,"[-71.6744, -31.5729, 22.44]"
Feature,us200030kn,7.0,"234 km W of Abepura, Indonesia",1438033281710,1659301768114,,https://earthquake.usgs.gov/earthquakes/eventpage/us200030kn,https://earthquake.usgs.gov/fdsnws/event/1/query?eventid=us200030kn&format=geojson,10.0,8.5,7.219,green,reviewed,1,762,us,200030kn,",pt15208054,at00ns61l3,us200030kn,gcmt20150727214121,iscgem611836295,atlas20150727214121,",",pt,at,us,gcmt,iscgem,atlas,",",cap,dyfi,finite-fault,general-text,impact-link,impact-text,losspager,moment-tensor,origin,phase-data,poster,shakemap,",,6.278,1.2,12.0,mww,earthquake,"M 7.0 - 234 km W of Abepura, Indonesia",Point,"[138.5277, -2.6286, 48]"
Feature,us20002yaw,7.0,"80 km WNW of Lata, Solomon Islands",1437186453820,1659294645445,,https://earthquake.usgs.gov/earthquakes/eventpage/us20002yaw,https://earthquake.usgs.gov/fdsnws/event/1/query?eventid=us20002yaw&format=geojson,6.0,8.3,6.0,green,reviewed,1,759,us,20002yaw,",pt15199050,at00nrnw5q,us20002yaw,gcmt20150718022733,iscgem611836237,atlas20150718022733,",",pt,at,us,gcmt,iscgem,atlas,",",cap,dyfi,general-text,impact-link,impact-text,losspager,moment-tensor,origin,phase-data,shakemap,",,5.205,1.09,22.0,mww,earthquake,"M 7.0 - 80 km WNW of Lata, Solomon Islands",Point,"[165.1409, -10.4012, 11]"
Feature,us20002qn7,7.0,southern Mid-Atlantic Ridge,1434545492790,1651603787071,,https://earthquake.usgs.gov/earthquakes/eventpage/us20002qn7,https://earthquake.usgs.gov/fdsnws/event/1/query?eventid=us20002qn7&format=geojson,,,0.0,green,reviewed,1,754,us,20002qn7,",at00nq3adz,us20002qn7,gcmt20150617125133,pt15168050,iscgem611800925,",",at,us,gcmt,pt,iscgem,",",cap,general-text,impact-link,losspager,moment-tensor,origin,phase-data,poster,shakemap,",,21.859,1.16,34.0,mww,earthquake,M 7.0 - southern Mid-Atlantic Ridge,Point,"[-17.1605, -35.3639, 10]"
Feature,us20002ki3,7.8,"Bonin Islands, Japan region",1432984982110,1651598651194,,https://earthquake.usgs.gov/earthquakes/eventpage/us20002ki3,https://earthquake.usgs.gov/fdsnws/event/1/query?eventid=us20002ki3&format=geojson,359.0,6.0,3.361,green,reviewed,1,1151,us,20002ki3,",at00np5uaf,pt15150050,us20002ki3,iscgem607273371,atlas20150530112302,",",at,pt,us,iscgem,atlas,",",cap,dyfi,general-text,impact-link,impact-text,losspager,moment-tensor,origin,phase-data,shakemap,",,1.675,1.12,12.0,mww,earthquake,"M 7.8 - Bonin Islands, Japan region",Point,"[140.4931, 27.8386, 664]"
Feature,us20002ejl,7.3,Nepal,1431414319730,1651602285792,,https://earthquake.usgs.gov/earthquakes/eventpage/us20002ejl,https://earthquake.usgs.gov/fdsnws/event/1/query?eventid=us20002ejl&format=geojson,731.0,7.7,7.495,orange,reviewed,0,1563,us,20002ejl,",us20002ejl,gcmt20150512070519,iscgem610588278,atlas20150512070519,",",us,gcmt,iscgem,atlas,",",cap,dyfi,finite-fault,general-link,general-text,impact-text,losspager,moment-tensor,origin,phase-data,poster,scitech-link,shakemap,",,0.677,0.92,11.0,mww,earthquake,M 7.3 - Nepal,Point,"[86.0655, 27.8087, 15]"
Feature,us20002das,7.1,"143 km SW of Panguna, Papua New Guinea",1430982619590,1659243590659,,https://earthquake.usgs.gov/earthquakes/eventpage/us20002das,https://earthquake.usgs.gov/fdsnws/event/1/query?eventid=us20002das&format=geojson,1.0,1.0,5.5,green,reviewed,1,776,us,20002das,",pt15127050,at00nnyx9e,us20002das,gcmt20150507071022,iscgem607281870,atlas20150507071019,",",pt,at,us,gcmt,iscgem,atlas,",",cap,dyfi,finite-fault,general-text,impact-link,losspager,moment-tensor,origin,phase-data,poster,shakemap,",,3.835,0.7,11.0,mww,earthquake,"M 7.1 - 143 km SW of Panguna, Papua New Guinea",Point,"[154.5567, -7.2175, 10]"
Feature,us20002bnf,7.5,"131 km SSW of Kokopo, Papua New Guinea",1430790246380,1659241382600,,https://earthquake.usgs.gov/earthquakes/eventpage/us20002bnf,https://earthquake.usgs.gov/fdsnws/event/1/query?eventid=us20002bnf&format=geojson,5.0,7.1,7.501,green,reviewed,1,869,us,20002bnf,",pt15125050,at00nnusth,us20002bnf,iscgem607744335,atlas20150505014406,",",pt,at,us,iscgem,atlas,",",cap,dyfi,finite-fault,general-text,impact-link,impact-text,losspager,moment-tensor,origin,phase-data,poster,shakemap,",,1.295,1.02,22.0,mww,earthquake,"M 7.5 - 131 km SSW of Kokopo, Papua New Guinea",Point,"[151.8751, -5.4624, 55]"
Feature,us20002926,7.8,"67 km NNE of Bharatpur, Nepal",1429942285950,1709287671313,,https://earthquake.usgs.gov/earthquakes/eventpage/us20002926,https://earthquake.usgs.gov/fdsnws/event/1/query?eventid=us20002926&format=geojson,1126.0,8.2,8.718,red,reviewed,0,2820,us,20002926,",us20002926,gcmt20150425061126,iscgem607208674,atlas20150425061125,",",us,gcmt,iscgem,atlas,",",cap,dyfi,finite-fault,general-text,ground-failure,impact-link,impact-text,losspager,moment-tensor,origin,phase-data,poster,scitech-link,shakemap,trump-shakemap,",,1.857,0.96,12.0,mww,earthquake,"M 7.8 - 67 km NNE of Bharatpur, Nepal",Point,"[84.7314, 28.2305, 8.22]"
Feature,us10001rvu,7.5,"53 km SE of Kokopo, Papua New Guinea",1427672911010,1658985167373,,https://earthquake.usgs.gov/earthquakes/eventpage/us10001rvu,https://earthquake.usgs.gov/fdsnws/event/1/query?eventid=us10001rvu&format=geojson,11.0,6.4,7.109,green,reviewed,1,872,us,10001rvu,",pt15088051,at00nlzzgx,us10001rvu,iscgem610587229,atlas20150329234831,",",pt,at,us,iscgem,atlas,",",cap,dyfi,finite-fault,general-text,impact-link,impact-text,losspager,moment-tensor,origin,phase-data,poster,shakemap,",,0.666,1.32,19.0,mww,earthquake,"M 7.5 - 53 km SE of Kokopo, Papua New Guinea",Point,"[152.5623, -4.7294, 41]"
Feature,usc000ttkd,7.0,"150 km NNE of Maumere, Indonesia",1425044705370,1658964257079,,https://earthquake.usgs.gov/earthquakes/eventpage/usc000ttkd,https://earthquake.usgs.gov/fdsnws/event/1/query?eventid=usc000ttkd&format=geojson,17.0,3.7,5.52,green,reviewed,0,760,us,c000ttkd,",pt15058000,usc000ttkd,gcmt20150227134505,iscgem610586486,",",pt,us,gcmt,iscgem,",",cap,dyfi,general-text,impact-text,losspager,moment-tensor,origin,phase-data,poster,shakemap,touch,trump,",,1.362,1.12,12.0,mww,earthquake,"M 7.0 - 150 km NNE of Maumere, Indonesia",Point,"[122.5348, -7.2968, 552.06]"
Feature,usb000tp5q,7.1,northern Mid-Atlantic Ridge,1423853952230,1658955226755,,https://earthquake.usgs.gov/earthquakes/eventpage/usb000tp5q,https://earthquake.usgs.gov/fdsnws/event/1/query?eventid=usb000tp5q&format=geojson,2.0,3.1,0.0,green,reviewed,1,776,us,b000tp5q,",at00njq4qr,usb000tp5q,gcmt20150213185912,iscgem606733224,",",at,us,gcmt,iscgem,",",cap,dyfi,finite-fault,general-text,impact-link,losspager,moment-tensor,origin,phase-data,poster,shakemap,",,11.262,0.79,17.0,mww,earthquake,M 7.1 - northern Mid-Atlantic Ridge,Point,"[-31.9016, 52.6487, 16.68]"
Feature,usc000sxh8,7.1,"155 km NW of Ternate, Indonesia",1416018701720,1659845507109,,https://earthquake.usgs.gov/earthquakes/eventpage/usc000sxh8,https://earthquake.usgs.gov/fdsnws/event/1/query?eventid=usc000sxh8&format=geojson,8.0,4.1,6.175,green,reviewed,1,779,us,c000sxh8,",pt14319000,at00nf270v,usc000sxh8,atat00nf270v,gcmt20141115023140,iscgem608459961,atlas20141115023141,",",pt,at,us,at,gcmt,iscgem,atlas,",",cap,dyfi,general-text,impact-link,impact-text,losspager,moment-tensor,origin,phase-data,poster,shakemap,",,1.397,0.71,18.0,mww,earthquake,"M 7.1 - 155 km NW of Ternate, Indonesia",Point,"[126.5217, 1.8929, 45]"
Feature,usc000stdc,7.1,Fiji region,1414868242380,1658903300737,,https://earthquake.usgs.gov/earthquakes/eventpage/usc000stdc,https://earthquake.usgs.gov/fdsnws/event/1/query?eventid=usc000stdc&format=geojson,2.0,2.7,6.41,green,reviewed,1,776,us,c000stdc,",at00nedjbm,usc000stdc,gcmt20141101185722,iscgem610573464,",",at,us,gcmt,iscgem,",",cap,dyfi,general-text,impact-link,impact-text,losspager,moment-tensor,origin,phase-data,poster,shakemap,",,4.415,0.84,13.0,mww,earthquake,M 7.1 - Fiji region,Point,"[-177.7587, -19.6903, 434]"
Feature,usb000slwn,7.3,"74 km S of Intipucá, El Salvador",1413258694460,1658897456525,,https://earthquake.usgs.gov/earthquakes/eventpage/usb000slwn,https://earthquake.usgs.gov/fdsnws/event/1/query?eventid=usb000slwn&format=geojson,216.0,7.5,6.312,yellow,reviewed,1,982,us,b000slwn,",usb000slwn,pt14287000,at00ndf1fr,iscgem610573069,atlas20141014035134,",",us,pt,at,iscgem,atlas,",",associate,cap,dyfi,finite-fault,general-text,impact-link,impact-text,losspager,moment-tensor,origin,phase-data,poster,shakemap,",,1.078,0.7,18.0,mww,earthquake,"M 7.3 - 74 km S of Intipucá, El Salvador",Point,"[-88.1225, 12.5262, 40]"
Feature,usb000sk6k,7.0,southern East Pacific Rise,1412820871440,1651601914155,,https://earthquake.usgs.gov/earthquakes/eventpage/usb000sk6k,https://earthquake.usgs.gov/fdsnws/event/1/query?eventid=usb000sk6k&format=geojson,,,0.0,green,reviewed,1,754,us,b000sk6k,",at00nd5nka,pt14282000,usb000sk6k,iscgem610572978,",",at,pt,us,iscgem,",",cap,finite-fault,general-text,impact-link,impact-text,losspager,moment-tensor,origin,phase-data,poster,shakemap,",,5.127,0.43,22.0,mww,earthquake,M 7.0 - southern East Pacific Rise,Point,"[-110.8112, -32.1082, 16.54]"
Feature,usc000rki5,7.9,"Rat Islands, Aleutian Islands, Alaska",1403556789700,1689963882545,,https://earthquake.usgs.gov/earthquakes/eventpage/usc000rki5,https://earthquake.usgs.gov/fdsnws/event/1/query?eventid=usc000rki5&format=geojson,5.0,5.8,8.1,green,reviewed,1,963,us,c000rki5,",ak014803qfpr,ak11300221,at00n7n3cm,pt14174004,usc000rki5,iscgem604760173,",",ak,ak,at,pt,us,iscgem,",",associate,cap,dyfi,finite-fault,general-text,impact-link,losspager,moment-tensor,origin,phase-data,poster,shakemap,",,0.133,0.71,22.0,mww,earthquake,"M 7.9 - Rat Islands, Aleutian Islands, Alaska",Point,"[178.7352, 51.8486, 109]"
Feature,usb000pr89,7.5,"70 km SW of Panguna, Papua New Guinea",1397914080810,1651596497192,,https://earthquake.usgs.gov/earthquakes/eventpage/usb000pr89,https://earthquake.usgs.gov/fdsnws/event/1/query?eventid=usb000pr89&format=geojson,,,6.386,green,reviewed,1,865,us,b000pr89,",pt14109002,at00n4a5er,usb000pr89,iscgem604464491,",",pt,at,us,iscgem,",",cap,finite-fault,general-text,impact-link,losspager,moment-tensor,origin,phase-data,poster,shakemap,",,3.82,1.25,16.0,mww,earthquake,"M 7.5 - 70 km SW of Panguna, Papua New Guinea",Point,"[155.0241, -6.7547, 43.37]"
Feature,usb000pq41,7.2,"9 km ENE of Coyuquilla Norte, Mexico",1397831244920,1659827823874,,https://earthquake.usgs.gov/earthquakes/eventpage/usb000pq41,https://earthquake.usgs.gov/fdsnws/event/1/query?eventid=usb000pq41&format=geojson,285.0,7.7,6.955,yellow,reviewed,1,1017,us,b000pq41,",pt14108001,usb000pq41,at00n48dhn,iscgem604462903,atlas20140418142724,",",pt,us,at,iscgem,atlas,",",cap,dyfi,finite-fault,general-text,impact-link,losspager,moment-tensor,origin,phase-data,poster,shakemap,trump,",,2.25,1.2,46.0,mww,earthquake,"M 7.2 - 9 km ENE of Coyuquilla Norte, Mexico",Point,"[-100.9723, 17.397, 24]"
Feature,usc000piqj,7.4,"112 km S of Kirakira, Solomon Islands",1397392579230,1651596468290,,https://earthquake.usgs.gov/earthquakes/eventpage/usc000piqj,https://earthquake.usgs.gov/fdsnws/event/1/query?eventid=usc000piqj&format=geojson,,,5.696,green,reviewed,1,842,us,c000piqj,",usc000piqj,at00n3yz0j,pt14103001,iscgem604453083,",",us,at,pt,iscgem,",",finite-fault,general-text,impact-link,losspager,moment-tensor,origin,phase-data,shakemap,",,2.885,1.0,17.0,mww,earthquake,"M 7.4 - 112 km S of Kirakira, Solomon Islands",Point,"[162.0511, -11.4633, 39]"
Feature,usc000phx5,7.6,"93 km SSE of Kirakira, Solomon Islands",1397333679300,1651596464748,,https://earthquake.usgs.gov/earthquakes/eventpage/usc000phx5,https://earthquake.usgs.gov/fdsnws/event/1/query?eventid=usc000phx5&format=geojson,,,6.561,green,reviewed,1,889,us,c000phx5,",usc000phx5,at00n3xpk9,pt14102002,iscgem604452785,",",us,at,pt,iscgem,",",finite-fault,general-text,impact-link,losspager,moment-tensor,origin,phase-data,poster,shakemap,",,2.828,0.71,13.0,mww,earthquake,"M 7.6 - 93 km SSE of Kirakira, Solomon Islands",Point,"[162.1481, -11.2701, 22.56]"
Feature,usc000pft9,7.1,"56 km WSW of Panguna, Papua New Guinea",1397200043130,1651596456721,,https://earthquake.usgs.gov/earthquakes/eventpage/usc000pft9,https://earthquake.usgs.gov/fdsnws/event/1/query?eventid=usc000pft9&format=geojson,,,6.74,green,reviewed,1,776,us,c000pft9,",pt14101001,at00n3unei,usc000pft9,iscgem604452070,atlas20140411070723,",",pt,at,us,iscgem,atlas,",",cap,finite-fault,general-text,impact-link,losspager,moment-tensor,origin,phase-data,poster,shakemap,",,3.729,0.88,21.0,mww,earthquake,"M 7.1 - 56 km WSW of Panguna, Papua New Guinea",Point,"[155.0485, -6.5858, 60.53]"
Feature,usc000p27i,7.7,"53 km SW of Iquique, Chile",1396492993110,1707873515816,,https://earthquake.usgs.gov/earthquakes/eventpage/usc000p27i,https://earthquake.usgs.gov/fdsnws/event/1/query?eventid=usc000p27i&format=geojson,175.0,8.4,8.642,yellow,reviewed,1,1059,us,c000p27i,",pt14093001,at00n3fow6,usc000p27i,iscgem604399091,atlas20140403024313,",",pt,at,us,iscgem,atlas,",",cap,dyfi,finite-fault,general-text,impact-link,losspager,moment-tensor,origin,phase-data,shakemap,trump-shakemap,",,1.029,0.82,44.0,mww,earthquake,"M 7.7 - 53 km SW of Iquique, Chile",Point,"[-70.4931, -20.5709, 22.4]"
Feature,usc000nzvd,8.2,"93 km NW of Iquique, Chile",1396396007260,1707872022336,,https://earthquake.usgs.gov/earthquakes/eventpage/usc000nzvd,https://earthquake.usgs.gov/fdsnws/event/1/query?eventid=usc000nzvd&format=geojson,353.0,8.5,8.204,yellow,reviewed,1,1335,us,c000nzvd,",pt14091000,at00n3dm1y,usc000nzvd,iscgem610102185,atlas20140401234647,",",pt,at,us,iscgem,atlas,",",cap,dyfi,finite-fault,general-text,ground-failure,impact-link,losspager,moment-tensor,origin,phase-data,poster,shakemap,trump,",,0.609,0.66,23.0,mww,earthquake,"M 8.2 - 93 km NW of Iquique, Chile",Point,"[-70.7691, -19.6097, 25]"
Feature,usb000l5zn,7.0,Falkland Islands region,1385360853300,1651598169123,,https://earthquake.usgs.gov/earthquakes/eventpage/usb000l5zn,https://earthquake.usgs.gov/fdsnws/event/1/query?eventid=usb000l5zn&format=geojson,,,0.0,green,reviewed,0,754,us,b000l5zn,",usb000l5zn,iscgem606907619,",",us,iscgem,",",cap,general-text,losspager,moment-tensor,origin,phase-data,poster,shakemap,",,2.935,1.08,31.0,mww,earthquake,M 7.0 - Falkland Islands region,Point,"[-55.0033, -53.9451, 11.78]"
Feature,usb000l0gq,7.7,Scotia Sea,1384679095530,1651595604436,,https://earthquake.usgs.gov/earthquakes/eventpage/usb000l0gq,https://earthquake.usgs.gov/fdsnws/event/1/query?eventid=usb000l0gq&format=geojson,0.0,1.0,8.002,green,reviewed,1,912,us,b000l0gq,",usb000l0gq,pt13321000,at00mweh87,iscgem603794680,atlas20131117090455,",",us,pt,at,iscgem,atlas,",",associate,cap,dyfi,finite-fault,general-text,impact-link,losspager,moment-tensor,origin,phase-data,poster,shakemap,",,8.05,1.33,23.0,mww,earthquake,M 7.7 - Scotia Sea,Point,"[-46.4011, -60.2738, 10]"
Feature,usc000kn4n,7.1,"off the east coast of Honshu, Japan",1382721019710,1659810842167,,https://earthquake.usgs.gov/earthquakes/eventpage/usc000kn4n,https://earthquake.usgs.gov/fdsnws/event/1/query?eventid=usc000kn4n&format=geojson,160.0,6.0,3.509,green,reviewed,1,872,us,c000kn4n,",pt13298000,at00mv8id4,usc000kn4n,iscgem609078601,",",pt,at,us,iscgem,",",cap,dyfi,finite-fault,general-text,impact-link,losspager,moment-tensor,origin,phase-data,poster,shakemap,",,3.968,1.01,10.0,mww,earthquake,"M 7.1 - off the east coast of Honshu, Japan",Point,"[144.6611, 37.1557, 35]"
Feature,usb000kdb4,7.1,"4 km SE of Sagbayan, Philippines",1381795952050,1701476181231,,https://earthquake.usgs.gov/earthquakes/eventpage/usb000kdb4,https://earthquake.usgs.gov/fdsnws/event/1/query?eventid=usb000kdb4&format=geojson,105.0,9.1,8.16,orange,reviewed,1,1096,us,b000kdb4,",usb000kdb4,pt13288000,at00muool4,iscgem609078498,atlas20131015001232,",",us,pt,at,iscgem,atlas,",",associate,cap,dyfi,finite-fault,general-text,impact-link,losspager,moment-tensor,origin,phase-data,poster,shakemap,",,3.144,1.3,12.0,mww,earthquake,"M 7.1 - 4 km SE of Sagbayan, Philippines",Point,"[124.1167, 9.8796, 19.04]"
Feature,usb000jzma,7.1,"16 km WSW of Atiquipa, Peru",1380127363170,1659808704998,,https://earthquake.usgs.gov/earthquakes/eventpage/usb000jzma,https://earthquake.usgs.gov/fdsnws/event/1/query?eventid=usb000jzma&format=geojson,89.0,7.6,6.841,green,reviewed,1,843,us,b000jzma,",pt13268000,at00mtox39,usb000jzma,iscgem608607960,atlas20130925164243,",",pt,at,us,iscgem,atlas,",",cap,dyfi,general-text,impact-link,losspager,moment-tensor,origin,phase-data,poster,scitech-link,shakemap,",,4.446,0.9,17.0,mww,earthquake,"M 7.1 - 16 km WSW of Atiquipa, Peru",Point,"[-74.5112, -15.8385, 40]"
Feature,usb000jyiv,7.7,"113 km NW of Bela, Pakistan",1380022187970,1659808553937,,https://earthquake.usgs.gov/earthquakes/eventpage/usb000jyiv,https://earthquake.usgs.gov/fdsnws/event/1/query?eventid=usb000jyiv&format=geojson,34.0,4.5,8.188,red,reviewed,0,2015,us,b000jyiv,",usb000jyiv,iscgem608458290,atlas20130924112947,",",us,iscgem,atlas,",",cap,dyfi,finite-fault,general-text,losspager,moment-tensor,origin,phase-data,poster,scitech-link,shakemap,",,7.241,0.93,17.0,mww,earthquake,"M 7.7 - 113 km NW of Bela, Pakistan",Point,"[65.5009, 26.951, 15]"
Feature,usb000jdt7,7.0,"101 km SW of Atka, Alaska",1377879902300,1689775591638,,https://earthquake.usgs.gov/earthquakes/eventpage/usb000jdt7,https://earthquake.usgs.gov/fdsnws/event/1/query?eventid=usb000jdt7&format=geojson,9.0,4.6,6.42,green,reviewed,0,758,us,b000jdt7,",usb000jdt7,ak10792992,at00mscqyj,pt13242001,ak013b4hqa6y,iscgem603366810,",",us,ak,at,pt,ak,iscgem,",",associate,cap,dyfi,general-text,losspager,moment-tensor,origin,phase-data,poster,scitech-link,shakemap,",,0.624,0.89,53.0,mww,earthquake,"M 7.0 - 101 km SW of Atka, Alaska",Point,"[-175.2297, 51.537, 29]"
Feature,usb000ief9,7.3,South Sandwich Islands region,1373897019880,1651595096468,,https://earthquake.usgs.gov/earthquakes/eventpage/usb000ief9,https://earthquake.usgs.gov/fdsnws/event/1/query?eventid=usb000ief9&format=geojson,,,6.06,green,reviewed,1,820,us,b000ief9,",pt13196002,at00mpzdq7,usb000ief9,iscgem603285344,",",pt,at,us,iscgem,",",cap,finite-fault,focal-mechanism,general-text,impact-link,impact-text,losspager,moment-tensor,origin,phase-data,poster,scitech-link,shakemap,",398.0,,0.88,43.0,mww,earthquake,M 7.3 - South Sandwich Islands region,Point,"[-25.07, -60.857, 11]"
Feature,usb000i89z,7.3,"190 km ENE of Kokopo, Papua New Guinea",1373222130740,1651594972308,,https://earthquake.usgs.gov/earthquakes/eventpage/usb000i89z,https://earthquake.usgs.gov/fdsnws/event/1/query?eventid=usb000i89z&format=geojson,,,3.835,green,reviewed,1,820,us,b000i89z,",pt13188000,at00mpkf7i,usb000i89z,iscgem603179557,",",pt,at,us,iscgem,",",cap,general-text,impact-link,impact-text,losspager,moment-tensor,origin,phase-data,poster,scitech-link,shakemap,",117.0,,0.88,24.0,mww,earthquake,"M 7.3 - 190 km ENE of Kokopo, Papua New Guinea",Point,"[153.927, -3.917, 385.5]"
Feature,usb000h4jh,8.3,Sea of Okhotsk,1369374288980,1661671550955,,https://earthquake.usgs.gov/earthquakes/eventpage/usb000h4jh,https://earthquake.usgs.gov/fdsnws/event/1/query?eventid=usb000h4jh&format=geojson,103.0,5.4,4.89,green,reviewed,1,1115,us,b000h4jh,",pt13144001,at00mnafyn,usb000h4jh,iscgem603007131,",",pt,at,us,iscgem,",",cap,dyfi,finite-fault,general-text,impact-link,impact-text,losspager,moment-tensor,origin,phase-data,poster,scitech-link,shakemap,",385.0,,1.02,10.0,mww,earthquake,M 8.3 - Sea of Okhotsk,Point,"[153.221, 54.892, 598.1]"
Feature,usb000h3k3,7.4,"292 km SW of Vaini, Tonga",1369329544750,1651594872895,,https://earthquake.usgs.gov/earthquakes/eventpage/usb000h3k3,https://earthquake.usgs.gov/fdsnws/event/1/query?eventid=usb000h3k3&format=geojson,,,6.362,green,reviewed,1,842,us,b000h3k3,",at00mn9hfs,usb000h3k3,pt13143000,iscgem603044134,",",at,us,pt,iscgem,",",cap,finite-fault,general-text,impact-link,impact-text,losspager,moment-tensor,origin,phase-data,poster,scitech-link,shakemap,",626.0,,0.85,16.0,mww,earthquake,"M 7.4 - 292 km SW of Vaini, Tonga",Point,"[-177.232, -23.009, 173.7]"
Feature,usb000gbf8,7.2,"252 km ENE of Kuril’sk, Russia",1366340752650,1658707235463,,https://earthquake.usgs.gov/earthquakes/eventpage/usb000gbf8,https://earthquake.usgs.gov/fdsnws/event/1/query?eventid=usb000gbf8&format=geojson,14.0,4.5,7.027,green,reviewed,1,804,us,b000gbf8,",pt13109000,at00mlhf9p,usb000gbf8,iscgem602836134,atlas20130419030552,",",pt,at,us,iscgem,atlas,",",cap,dyfi,focal-mechanism,general-text,impact-link,impact-text,losspager,moment-tensor,origin,phase-data,poster,scitech-link,shakemap,",770.0,,0.86,10.1,mww,earthquake,"M 7.2 - 252 km ENE of Kuril’sk, Russia",Point,"[150.788, 46.221, 110]"
Feature,usb000g7x7,7.7,"79 km ESE of Kh?sh, Iran",1366109060180,1658706043236,,https://earthquake.usgs.gov/earthquakes/eventpage/usb000g7x7,https://earthquake.usgs.gov/fdsnws/event/1/query?eventid=usb000g7x7&format=geojson,644.0,7.9,8.285,yellow,reviewed,0,1421,us,b000g7x7,",usb000g7x7,iscgem606824152,atlas20130416104420,",",us,iscgem,atlas,",",dyfi,finite-fault,focal-mechanism,general-text,impact-text,losspager,moment-tensor,origin,phase-data,poster,scitech-link,shakemap,",506.0,,1.09,26.6,mww,earthquake,"M 7.7 - 79 km ESE of Kh?sh, Iran",Point,"[61.996, 28.033, 80]"
Feature,usb000g13s,7.0,"260 km WSW of Abepura, Indonesia",1365223355860,1658702523110,,https://earthquake.usgs.gov/earthquakes/eventpage/usb000g13s,https://earthquake.usgs.gov/fdsnws/event/1/query?eventid=usb000g13s&format=geojson,3.0,2.9,6.6,green,reviewed,1,755,us,b000g13s,",pt13096001,at00mkth32,usb000g13s,iscgem602761452,atlas20130406044235,",",pt,at,us,iscgem,atlas,",",cap,dyfi,focal-mechanism,general-text,impact-link,impact-text,losspager,moment-tensor,origin,phase-data,poster,scitech-link,shakemap,",640.0,,0.81,11.4,mww,earthquake,"M 7.0 - 260 km WSW of Abepura, Indonesia",Point,"[138.476, -3.517, 66]"
Feature,usc000f40j,7.1,"32 km SE of Lata, Solomon Islands",1360337198470,1658684485339,,https://earthquake.usgs.gov/earthquakes/eventpage/usc000f40j,https://earthquake.usgs.gov/fdsnws/event/1/query?eventid=usc000f40j&format=geojson,5.0,8.7,6.492,green,reviewed,1,780,us,c000f40j,",usc000f40j,choy20130208152638,at00mhwqwe,pt13039002,iscgem602563705,atlas20130208152638,",",us,choy,at,pt,iscgem,atlas,",",dyfi,finite-fault,focal-mechanism,general-text,impact-link,impact-text,losspager,moment-tensor,origin,phase-data,scitech-link,shakemap,",334.0,,0.92,16.5,mww,earthquake,"M 7.1 - 32 km SE of Lata, Solomon Islands",Point,"[166.018, -10.928, 21]"
Feature,usc000f1ts,7.0,"33 km NW of Lata, Solomon Islands",1360115654610,1651598255201,,https://earthquake.usgs.gov/earthquakes/eventpage/usc000f1ts,https://earthquake.usgs.gov/fdsnws/event/1/query?eventid=usc000f1ts&format=geojson,,,6.051,green,reviewed,0,754,us,c000f1ts,",usc000f1ts,iscgem606935895,atlas20130206015415,",",us,iscgem,atlas,",",general-text,impact-text,losspager,moment-tensor,origin,phase-data,scitech-link,shakemap,",445.0,,1.22,17.5,mww,earthquake,"M 7.0 - 33 km NW of Lata, Solomon Islands",Point,"[165.588, -10.499, 8.8]"
Feature,usc000f1se,7.1,"112 km WSW of Lata, Solomon Islands",1360113799760,1651593912368,,https://earthquake.usgs.gov/earthquakes/eventpage/usc000f1se,https://earthquake.usgs.gov/fdsnws/event/1/query?eventid=usc000f1se&format=geojson,,,5.157,green,reviewed,0,776,us,c000f1se,",usc000f1se,iscgem602419455,atlas20130206012319,",",us,iscgem,atlas,",",general-text,impact-text,losspager,moment-tensor,origin,phase-data,scitech-link,shakemap,",550.0,,1.19,18.4,mww,earthquake,"M 7.1 - 112 km WSW of Lata, Solomon Islands",Point,"[164.882, -11.183, 10]"
Feature,usc000f1s0,8.0,"75 km W of Lata, Solomon Islands",1360113145830,1658683735652,,https://earthquake.usgs.gov/earthquakes/eventpage/usc000f1s0,https://earthquake.usgs.gov/fdsnws/event/1/query?eventid=usc000f1s0&format=geojson,11.0,7.9,7.198,green,reviewed,1,993,us,c000f1s0,",pt13037001,at00mhry0j,usc000f1s0,choy20130206011225,iscgem602419452,atlas20130206011227,",",pt,at,us,choy,iscgem,atlas,",",cap,dyfi,finite-fault,focal-mechanism,general-text,impact-link,impact-text,losspager,moment-tensor,origin,phase-data,poster,scitech-link,shakemap,",460.0,,1.29,20.9,mww,earthquake,"M 8.0 - 75 km W of Lata, Solomon Islands",Point,"[165.114, -10.799, 24]"
Feature,ak0138esnzr,7.5,"110 km SW of Edna Bay, Alaska",1357376294957,1651593770203,,https://earthquake.usgs.gov/earthquakes/eventpage/ak0138esnzr,https://earthquake.usgs.gov/fdsnws/event/1/query?eventid=ak0138esnzr&format=geojson,1034.0,5.6,5.719,,reviewed,0,1425,ak,0138esnzr,",usc000ejqv,usp000jxum,choy20130105085819,iscgem602213332,ak0138esnzr,atlas20130105085819,",",us,us,choy,iscgem,ak,atlas,",",associate,dyfi,finite-fault,focal-mechanism,general-text,impact-text,moment-tensor,origin,phase-data,poster,shakemap,",,,1.51,,mw,earthquake,"M 7.5 - 110 km SW of Edna Bay, Alaska",Point,"[-134.8591, 55.228, 8.7]"
Feature,usp000jwt8,7.1,Banda Sea,1355158388770,1651597128046,,https://earthquake.usgs.gov/earthquakes/eventpage/usp000jwt8,https://earthquake.usgs.gov/fdsnws/event/1/query?eventid=usp000jwt8&format=geojson,134.0,5.0,5.186,,reviewed,0,843,us,p000jwt8,",usc000e7j6,choy20121210165308,usp000jwt8,iscgem605137262,",",us,choy,us,iscgem,",",associate,dyfi,focal-mechanism,general-text,impact-text,moment-tensor,origin,phase-data,poster,shakemap,",517.0,,0.95,8.7,mww,earthquake,M 7.1 - Banda Sea,Point,"[129.825, -6.533, 155]"
Feature,usp000jwjn,7.3,"234 km SE of ?funato, Japan",1354868303130,1651593642625,,https://earthquake.usgs.gov/earthquakes/eventpage/usp000jwjn,https://earthquake.usgs.gov/fdsnws/event/1/query?eventid=usp000jwjn&format=geojson,323.0,6.0,5.066,,reviewed,0,1014,us,p000jwjn,",usc000e5n4,choy20121207081823,usp000jwjn,iscgem602005586,atlas20121207081823,",",us,choy,us,iscgem,atlas,",",associate,dyfi,focal-mechanism,general-text,impact-text,moment-tensor,origin,phase-data,poster,shakemap,",918.0,,0.91,14.8,mww,earthquake,"M 7.3 - 234 km SE of ?funato, Japan",Point,"[143.949, 37.89, 31]"
Feature,usp000jv5f,7.4,"33 km S of Champerico, Guatemala",1352306146930,1651593376848,,https://earthquake.usgs.gov/earthquakes/eventpage/usp000jv5f,https://earthquake.usgs.gov/fdsnws/event/1/query?eventid=usp000jv5f&format=geojson,756.0,8.1,7.13,yellow,reviewed,0,1455,us,p000jv5f,",usb000dlwm,choy20121107163546,usp000jv5f,iscgem601879562,atlas20121107163546,",",us,choy,us,iscgem,atlas,",",associate,dyfi,focal-mechanism,general-text,ground-failure,impact-text,losspager,moment-tensor,origin,phase-data,poster,shakemap,",751.0,,1.27,25.5,mww,earthquake,"M 7.4 - 33 km S of Champerico, Guatemala",Point,"[-91.895, 13.988, 24]"
Feature,usp000juhz,7.8,"206 km SW of Prince Rupert, Canada",1351393448820,1683841767670,,https://earthquake.usgs.gov/earthquakes/eventpage/usp000juhz,https://earthquake.usgs.gov/fdsnws/event/1/query?eventid=usp000juhz&format=geojson,1643.0,5.0,6.897,,reviewed,0,1436,us,p000juhz,",usp000juhz,usb000df7n,choy20121028030408,iscgem603860908,atlas20121028030408,",",us,us,choy,iscgem,atlas,",",associate,dyfi,finite-fault,focal-mechanism,general-text,ground-failure,impact-text,moment-tensor,origin,phase-data,poster,shakemap,",807.0,,0.99,42.7,mww,earthquake,"M 7.8 - 206 km SW of Prince Rupert, Canada",Point,"[-132.101, 52.788, 14]"
Feature,usp000jta1,7.3,"11 km WNW of San Agustín, Colombia",1349022695970,1651593070914,,https://earthquake.usgs.gov/earthquakes/eventpage/usp000jta1,https://earthquake.usgs.gov/fdsnws/event/1/query?eventid=usp000jta1&format=geojson,599.0,6.7,5.795,,reviewed,0,1221,us,p000jta1,",us2012gdap,choy20120930163136,usp000jta1,iscgem601768557,atlas20120930163135,",",us,choy,us,iscgem,atlas,",",associate,dyfi,focal-mechanism,general-text,impact-text,moment-tensor,origin,phase-data,shakemap,",934.0,,0.87,15.5,mww,earthquake,"M 7.3 - 11 km WNW of San Agustín, Colombia",Point,"[-76.362, 1.929, 170]"
Feature,usp000jrsw,7.6,"11 km ENE of Hojancha, Costa Rica",1346856127800,1651592968845,,https://earthquake.usgs.gov/earthquakes/eventpage/usp000jrsw,https://earthquake.usgs.gov/fdsnws/event/1/query?eventid=usp000jrsw&format=geojson,813.0,8.2,7.172,,reviewed,0,1555,us,p000jrsw,",usp000jrsw,usc000cfsd,choy20120905144207,atlas20120905144207,iscgem601675877,",",us,us,choy,atlas,iscgem,",",associate,dyfi,finite-fault,focal-mechanism,general-text,ground-failure,impact-text,moment-tensor,origin,phase-data,poster,shakemap,trump-shakemap,",703.0,,1.2,34.3,mww,earthquake,"M 7.6 - 11 km ENE of Hojancha, Costa Rica",Point,"[-85.315, 10.085, 35]"
Feature,usp000jr83,7.6,"89 km E of Sulangan, Philippines",1346417253380,1651592926699,,https://earthquake.usgs.gov/earthquakes/eventpage/usp000jr83,https://earthquake.usgs.gov/fdsnws/event/1/query?eventid=usp000jr83&format=geojson,287.0,7.9,5.246,,reviewed,0,1115,us,p000jr83,",usp000jr83,usc000cc5m,choy20120831124733,iscgem601667544,atlas20120831124733,",",us,us,choy,iscgem,atlas,",",associate,dyfi,finite-fault,focal-mechanism,general-text,impact-text,moment-tensor,origin,phase-data,poster,shakemap,",682.0,,1.02,10.2,mww,earthquake,"M 7.6 - 89 km E of Sulangan, Philippines",Point,"[126.638, 10.811, 28]"
Feature,usp000jqvm,7.3,"126 km S of Puerto El Triunfo, El Salvador",1346042239430,1651592895643,,https://earthquake.usgs.gov/earthquakes/eventpage/usp000jqvm,https://earthquake.usgs.gov/fdsnws/event/1/query?eventid=usp000jqvm&format=geojson,334.0,5.2,4.941,,reviewed,0,994,us,p000jqvm,",usp000jqvm,usc000c7yw,choy20120827043719,iscgem601626911,atlas20120827043719,",",us,us,choy,iscgem,atlas,",",associate,dyfi,finite-fault,focal-mechanism,general-text,impact-text,moment-tensor,origin,phase-data,poster,shakemap,",417.0,,1.3,37.0,mww,earthquake,"M 7.3 - 126 km S of Puerto El Triunfo, El Salvador",Point,"[-88.59, 12.139, 28]"
Feature,usp000jq9h,7.7,"156 km ENE of Poronaysk, Russia",1344913178460,1651592775720,,https://earthquake.usgs.gov/earthquakes/eventpage/usp000jq9h,https://earthquake.usgs.gov/fdsnws/event/1/query?eventid=usp000jq9h&format=geojson,43.0,6.7,4.278,,reviewed,0,941,us,p000jq9h,",usp000jq9h,usc000bz29,choy20120814025938,iscgem601562030,atlas20120814025942,",",us,us,choy,iscgem,atlas,",",associate,dyfi,focal-mechanism,general-text,impact-text,moment-tensor,origin,phase-data,shakemap,",862.0,,0.83,13.8,mww,earthquake,"M 7.7 - 156 km ENE of Poronaysk, Russia",Point,"[145.064, 49.8, 583.2]"
Feature,usp000jhr6,7.0,"69 km ENE of San Luis, Mexico",1334214948500,1651592180092,,https://earthquake.usgs.gov/earthquakes/eventpage/usp000jhr6,https://earthquake.usgs.gov/fdsnws/event/1/query?eventid=usp000jhr6&format=geojson,362.0,6.8,6.908,,reviewed,0,1000,us,p000jhr6,",usc00091a1,choy20120412071548,usp000jhr6,iscgem600872957,atlas20120412071548,",",us,choy,us,iscgem,atlas,",",associate,dyfi,focal-mechanism,general-text,impact-text,moment-tensor,origin,phase-data,shakemap,",474.0,,1.18,95.9,mww,earthquake,"M 7.0 - 69 km ENE of San Luis, Mexico",Point,"[-113.104, 28.696, 13]"
Feature,usp000jhjb,8.2,off the west coast of northern Sumatra,1334140990850,1651592150003,,https://earthquake.usgs.gov/earthquakes/eventpage/usp000jhjb,https://earthquake.usgs.gov/fdsnws/event/1/query?eventid=usp000jhjb&format=geojson,196.0,9.1,5.615,green,reviewed,0,1213,us,p000jhjb,",usc00090da,usp000jhjb,iscgem600860502,",",us,us,iscgem,",",associate,dyfi,general-text,impact-text,losspager,moment-tensor,origin,phase-data,shakemap,",341.0,,0.9,14.9,mwc,earthquake,M 8.2 - off the west coast of northern Sumatra,Point,"[92.463, 0.802, 25.1]"
Feature,official20120411083836720_20,8.6,off the west coast of northern Sumatra,1334133516720,1651592145817,,https://earthquake.usgs.gov/earthquakes/eventpage/official20120411083836720_20,https://earthquake.usgs.gov/fdsnws/event/1/query?eventid=official20120411083836720_20&format=geojson,3436.0,9.1,6.755,yellow,reviewed,0,2048,official,20120411083836720_20,",usp000jhh2,usc000905e,official20120411083836720_20,duputel201204110838a,iscgem600860404,atlas20120411083836,",",us,us,official,duputel,iscgem,atlas,",",associate,dyfi,finite-fault,focal-mechanism,general-header,general-text,impact-text,losspager,moment-tensor,origin,phase-data,poster,shakemap,trump-origin,trump-phase-data,trump-shakemap,",499.0,,1.33,16.6,mw,earthquake,M 8.6 - off the west coast of northern Sumatra,Point,"[93.063, 2.327, 20]"
Feature,usp000jgsw,7.1,"23 km NE of Constitución, Chile",1332715026000,1695322920665,,https://earthquake.usgs.gov/earthquakes/eventpage/usp000jgsw,https://earthquake.usgs.gov/fdsnws/event/1/query?eventid=usp000jgsw&format=geojson,1123.0,7.3,7.013,,reviewed,0,1506,us,p000jgsw,",usp000jgsw,usc0008pwq,choy20120325223706,duputel201203252237a,iscgem600841739,atlas20120325223706,",",us,us,choy,duputel,iscgem,atlas,",",associate,dyfi,focal-mechanism,general-text,impact-text,moment-tensor,origin,phase-data,poster,shakemap,",553.0,,,15.2,mww,earthquake,"M 7.1 - 23 km NE of Constitución, Chile",Point,"[-72.217, -35.2, 40.7]"
Feature,usp000jghj,7.4,"6 km E of Santiago Llano Grande, Mexico",1332266567440,1651592049063,,https://earthquake.usgs.gov/earthquakes/eventpage/usp000jghj,https://earthquake.usgs.gov/fdsnws/event/1/query?eventid=usp000jghj&format=geojson,2552.0,9.1,7.577,,reviewed,0,1752,us,p000jghj,",usp000jghj,usc0008m6h,choy20120320180247,duputel201203201802a,iscgem600800706,atlas20120320180247,",",us,us,choy,duputel,iscgem,atlas,",",associate,dyfi,finite-fault,focal-mechanism,general-text,impact-text,moment-tensor,origin,phase-data,shakemap,",672.0,,0.98,37.9,mww,earthquake,"M 7.4 - 6 km E of Santiago Llano Grande, Mexico",Point,"[-98.231, 16.493, 20]"
Feature,usp000jeag,7.1,"125 km W of Port-Vila, Vanuatu",1328189680650,1651591995191,,https://earthquake.usgs.gov/earthquakes/eventpage/usp000jeag,https://earthquake.usgs.gov/fdsnws/event/1/query?eventid=usp000jeag&format=geojson,34.0,5.0,4.634,,reviewed,0,793,us,p000jeag,",usb0007uiv,choy20120202133440,usp000jeag,duputel201202021334a,iscgem600766230,atlas20120202133440,",",us,choy,us,duputel,iscgem,atlas,",",associate,dyfi,focal-mechanism,general-text,impact-text,moment-tensor,origin,phase-data,poster,shakemap,",573.0,,1.07,12.0,mww,earthquake,"M 7.1 - 125 km W of Port-Vila, Vanuatu",Point,"[167.133, -17.827, 23]"
Feature,usp000jdar,7.2,off the west coast of northern Sumatra,1326220619080,1651591579436,,https://earthquake.usgs.gov/earthquakes/eventpage/usp000jdar,https://earthquake.usgs.gov/fdsnws/event/1/query?eventid=usp000jdar&format=geojson,99.0,4.1,3.693,,reviewed,0,838,us,p000jdar,",usc0007ir5,usp000jdar,choy20120110183659,duputel201201101837a,iscgem600178769,atlas20120110183659,",",us,us,choy,duputel,iscgem,atlas,",",associate,dyfi,finite-fault,focal-mechanism,general-text,impact-text,moment-tensor,origin,phase-data,poster,shakemap,",443.0,,1.09,17.0,mww,earthquake,M 7.2 - off the west coast of northern Sumatra,Point,"[93.21, 2.433, 19]"
Feature,usp000jc5z,7.1,"25 km SSE of Wau, Papua New Guinea",1323839098630,1649449465265,,https://earthquake.usgs.gov/earthquakes/eventpage/usp000jc5z,https://earthquake.usgs.gov/fdsnws/event/1/query?eventid=usp000jc5z&format=geojson,105.0,5.6,6.062,,reviewed,0,834,us,p000jc5z,",usc00076e5,choy20111214050459,usp000jc5z,duputel201112140504a,iscgem600043857,atlas20111214050459,",",us,choy,us,duputel,iscgem,atlas,",",associate,dyfi,focal-mechanism,general-text,impact-text,moment-tensor,origin,phase-data,poster,shakemap,trump-shakemap,",485.0,,0.78,10.6,mww,earthquake,"M 7.1 - 25 km SSE of Wau, Papua New Guinea",Point,"[146.809, -7.551, 135]"
Feature,usp000j9rr,7.1,"27 km NNE of Van, Turkey",1319366483250,1700595434503,,https://earthquake.usgs.gov/earthquakes/eventpage/usp000j9rr,https://earthquake.usgs.gov/fdsnws/event/1/query?eventid=usp000j9rr&format=geojson,351.0,8.6,8.909,,reviewed,0,1077,us,p000j9rr,",usb0006bqc,usp000j9rr,choy20111023104122,duputel201110231041a,atlas20111023104121,iscgem17394270,",",us,us,choy,duputel,atlas,iscgem,",",associate,dyfi,finite-fault,focal-mechanism,general-text,ground-failure,impact-text,moment-tensor,origin,phase-data,poster,shakemap,trump-shakemap,",693.0,,0.93,19.7,mww,earthquake,"M 7.1 - 27 km NNE of Van, Turkey",Point,"[43.508, 38.721, 18]"
Feature,usp000j9nm,7.4,Kermadec Islands region,1319219836100,1649455715801,,https://earthquake.usgs.gov/earthquakes/eventpage/usp000j9nm,https://earthquake.usgs.gov/fdsnws/event/1/query?eventid=usp000j9nm&format=geojson,7.0,3.0,,,reviewed,0,845,us,p000j9nm,",usb0006b6p,usp000j9nm,choy20111021175716,duputel201110211757a,iscgem17391497,",",us,us,choy,duputel,iscgem,",",associate,dyfi,finite-fault,focal-mechanism,general-text,impact-text,moment-tensor,origin,phase-data,poster,",707.0,,0.87,14.8,mww,earthquake,M 7.4 - Kermadec Islands region,Point,"[-176.238, -28.993, 33]"
Feature,usp000j83e,7.3,Fiji region,1316115064080,1649455497338,,https://earthquake.usgs.gov/earthquakes/eventpage/usp000j83e,https://earthquake.usgs.gov/fdsnws/event/1/query?eventid=usp000j83e&format=geojson,9.0,2.0,,,reviewed,0,822,us,p000j83e,",usc0005vcv,usp000j83e,duputel201109151931a,iscgem17227549,",",us,us,duputel,iscgem,",",associate,dyfi,general-text,impact-text,moment-tensor,origin,phase-data,poster,",646.0,,1.06,22.2,mww,earthquake,M 7.3 - Fiji region,Point,"[-179.528, -21.611, 644.6]"
Feature,usp000j7jb,7.0,"133 km SSE of Isangel, Vanuatu",1315090540920,1649456455088,,https://earthquake.usgs.gov/earthquakes/eventpage/usp000j7jb,https://earthquake.usgs.gov/fdsnws/event/1/query?eventid=usp000j7jb&format=geojson,10.0,6.7,5.296,,reviewed,0,761,us,p000j7jb,",usc0005ntq,usp000j7jb,duputel201109032255a,atlas20110903225540,iscgem603334728,",",us,us,duputel,atlas,iscgem,",",associate,dyfi,general-text,impact-text,moment-tensor,origin,phase-data,poster,shakemap,",406.0,,0.99,15.3,mww,earthquake,"M 7.0 - 133 km SSE of Isangel, Vanuatu",Point,"[169.716, -20.671, 185.1]"
Feature,usp000j6z8,7.0,"64 km ESE of Contamana, Peru",1314207971650,1649456450746,,https://earthquake.usgs.gov/earthquakes/eventpage/usp000j6z8,https://earthquake.usgs.gov/fdsnws/event/1/query?eventid=usp000j6z8&format=geojson,270.0,5.9,5.983,,reviewed,0,913,us,p000j6z8,",usc0005j3l,usp000j6z8,duputel201108241746a,iscgem603237785,atlas20110824174611,",",us,us,duputel,iscgem,atlas,",",associate,dyfi,general-text,impact-text,moment-tensor,origin,phase-data,poster,shakemap,trump-shakemap,",471.0,,0.87,26.9,mww,earthquake,"M 7.0 - 64 km ESE of Contamana, Peru",Point,"[-74.525, -7.641, 147]"
Feature,usp000j6rj,7.1,"64 km S of Port-Vila, Vanuatu",1313864363550,1649456447603,,https://earthquake.usgs.gov/earthquakes/eventpage/usp000j6rj,https://earthquake.usgs.gov/fdsnws/event/1/query?eventid=usp000j6rj&format=geojson,22.0,5.3,5.819,,reviewed,0,787,us,p000j6rj,",usp000j6rj,usc0005hbt,choy20110820181923,atlas20110820181923,iscgem603237745,",",us,us,choy,atlas,iscgem,",",associate,dyfi,focal-mechanism,general-text,impact-text,moment-tensor,origin,phase-data,poster,shakemap,trump-shakemap,",564.0,,1.07,12.3,mww,earthquake,"M 7.1 - 64 km S of Port-Vila, Vanuatu",Point,"[168.218, -18.311, 28]"
Feature,usp000j6r4,7.2,"71 km SSW of Port-Vila, Vanuatu",1313859302810,1649455184948,,https://earthquake.usgs.gov/earthquakes/eventpage/usp000j6r4,https://earthquake.usgs.gov/fdsnws/event/1/query?eventid=usp000j6r4&format=geojson,20.0,7.5,5.699,,reviewed,0,813,us,p000j6r4,",usp000j6r4,usc0005h9f,choy20110820165502,duputel201108201655a,iscgem16990846,atlas20110820165502,",",us,us,choy,duputel,iscgem,atlas,",",associate,dyfi,finite-fault,focal-mechanism,general-text,impact-text,moment-tensor,origin,phase-data,shakemap,trump-shakemap,",280.0,,1.26,18.4,mww,earthquake,"M 7.2 - 71 km SSW of Port-Vila, Vanuatu",Point,"[168.143, -18.365, 32]"
Feature,usp000j4gp,7.0,"177 km ESE of Ishinomaki, Japan",1310259430800,1662468353236,,https://earthquake.usgs.gov/earthquakes/eventpage/usp000j4gp,https://earthquake.usgs.gov/fdsnws/event/1/query?eventid=usp000j4gp&format=geojson,215.0,5.3,,,reviewed,0,868,us,p000j4gp,",usc0004sg6,usp000j4gp,choy20110710005710,duputel201107100057a,iscgem16722944,",",us,us,choy,duputel,iscgem,",",associate,dyfi,focal-mechanism,general-text,impact-text,moment-tensor,origin,phase-data,poster,",531.0,,1.04,12.4,mww,earthquake,"M 7.0 - 177 km ESE of Ishinomaki, Japan",Point,"[143.264, 38.034, 23]"
Feature,usp000j48h,7.6,Kermadec Islands region,1309978998260,1658259133101,,https://earthquake.usgs.gov/earthquakes/eventpage/usp000j48h,https://earthquake.usgs.gov/fdsnws/event/1/query?eventid=usp000j48h&format=geojson,17.0,2.5,6.863,,reviewed,0,893,us,p000j48h,",usc0004pbm,usp000j48h,choy20110706190318,duputel201107061903a,iscgem16719025,",",us,us,choy,duputel,iscgem,",",associate,dyfi,finite-fault,focal-mechanism,general-text,impact-text,moment-tensor,origin,phase-data,poster,shakemap,",567.0,,1.17,33.5,mww,earthquake,M 7.6 - Kermadec Islands region,Point,"[-176.34, -29.539, 17]"
Feature,usp000j3mq,7.3,"Fox Islands, Aleutian Islands, Alaska",1308884979470,1658255680771,,https://earthquake.usgs.gov/earthquakes/eventpage/usp000j3mq,https://earthquake.usgs.gov/fdsnws/event/1/query?eventid=usp000j3mq&format=geojson,29.0,5.8,,,reviewed,0,837,us,p000j3mq,",usp000j3mq,usc0004f5m,choy20110624030939,duputel201106240309a,ak01181gw1jb,iscgem602897721,",",us,us,choy,duputel,ak,iscgem,",",associate,dyfi,focal-mechanism,general-text,impact-text,moment-tensor,origin,phase-data,poster,",791.0,,1.05,15.3,mww,earthquake,"M 7.3 - Fox Islands, Aleutian Islands, Alaska",Point,"[-171.836, 52.05, 52]"
Feature,usp000hzf6,7.1,"29 km ESE of Ishinomaki, Japan",1302186763290,1701040574902,,https://earthquake.usgs.gov/earthquakes/eventpage/usp000hzf6,https://earthquake.usgs.gov/fdsnws/event/1/query?eventid=usp000hzf6&format=geojson,435.0,7.8,7.702,,reviewed,0,1115,us,p000hzf6,",usc0002ksa,atlas20110407143200,atlas20110407143243,usp000hzf6,choy20110407143243,duputel201104071432a,iscgem16413596,",",us,atlas,atlas,us,choy,duputel,iscgem,",",associate,dyfi,finite-fault,focal-mechanism,general-text,impact-text,moment-tensor,origin,phase-data,poster,shakemap,trump-shakemap,",446.0,,0.94,17.7,mww,earthquake,"M 7.1 - 29 km ESE of Ishinomaki, Japan",Point,"[141.588, 38.276, 42]"
Feature,usp000hvpg,7.7,"272 km ESE of Kamaishi, Japan",1299824750300,1658217891126,,https://earthquake.usgs.gov/earthquakes/eventpage/usp000hvpg,https://earthquake.usgs.gov/fdsnws/event/1/query?eventid=usp000hvpg&format=geojson,28.0,6.8,4.081,,reviewed,0,931,us,p000hvpg,",usc0001xig,usp000hvpg,iscgem16304073,",",us,us,iscgem,",",associate,dyfi,general-text,impact-text,moment-tensor,origin,phase-data,poster,shakemap,",507.0,,0.85,10.8,mwc,earthquake,"M 7.7 - 272 km ESE of Kamaishi, Japan",Point,"[144.59, 38.058, 18.6]"
Feature,usp000hvpa,7.9,"47 km E of ?arai, Japan",1299824140280,1686766058583,,https://earthquake.usgs.gov/earthquakes/eventpage/usp000hvpa,https://earthquake.usgs.gov/fdsnws/event/1/query?eventid=usp000hvpa&format=geojson,256.0,7.6,6.705,,reviewed,0,1155,us,p000hvpa,",usc0001xhz,usp000hvpa,atlas20110311061540,iscgem602707261,",",us,us,atlas,iscgem,",",associate,dyfi,general-text,impact-text,moment-tensor,origin,phase-data,poster,shakemap,trump-shakemap,",163.0,,1.44,48.4,mwc,earthquake,"M 7.9 - 47 km E of ?arai, Japan",Point,"[141.111, 36.281, 42.6]"
Feature,official20110311054624120_30,9.1,"2011 Great Tohoku Earthquake, Japan",1299822384120,1688623500045,,https://earthquake.usgs.gov/earthquakes/eventpage/official20110311054624120_30,https://earthquake.usgs.gov/fdsnws/event/1/query?eventid=official20110311054624120_30&format=geojson,1482.0,9.1,8.18,,reviewed,0,2184,official,20110311054624120_30,",usc0001xgp,official20110311054624120_30,usp000hvnu,choy20110311054623,duputel201103110546a,atlas20110311054624,iscgem16461282,",",us,official,us,choy,duputel,atlas,iscgem,",",dyfi,finite-fault,focal-mechanism,general-header,general-link,general-text,ground-failure,impact-text,moment-tensor,origin,phase-data,poster,scitech-link,scitech-text,shakemap,trump-impact-text,trump-origin,trump-phase-data,trump-shakemap,",541.0,,1.16,9.5,mww,earthquake,"M 9.1 - 2011 Great Tohoku Earthquake, Japan",Point,"[142.373, 38.297, 29]"
Feature,usp000hvhj,7.3,"120 km SE of ?funato, Japan",1299638720330,1658216429766,,https://earthquake.usgs.gov/earthquakes/eventpage/usp000hvhj,https://earthquake.usgs.gov/fdsnws/event/1/query?eventid=usp000hvhj&format=geojson,281.0,5.4,5.048,,reviewed,0,972,us,p000hvhj,",usb0001r57,usp000hvhj,choy20110309024518,duputel201103090245a,atlas20110309024520,iscgem16293272,",",us,us,choy,duputel,atlas,iscgem,",",associate,dyfi,finite-fault,focal-mechanism,general-text,impact-text,moment-tensor,origin,phase-data,poster,shakemap,trump-shakemap,",550.0,,0.98,17.4,mww,earthquake,"M 7.3 - 120 km SE of ?funato, Japan",Point,"[142.842, 38.435, 32]"
Feature,usp000htb4,7.2,"46 km WSW of Dalbandin, Pakistan",1295382203480,1658197957592,,https://earthquake.usgs.gov/earthquakes/eventpage/usp000htb4,https://earthquake.usgs.gov/fdsnws/event/1/query?eventid=usp000htb4&format=geojson,987.0,6.6,7.284,,reviewed,0,1449,us,p000htb4,",us2011ggbx,usp000htb4,choy20110118202323,duputel201101182023a,iscgem15938045,atlas20110118202323,",",us,us,choy,duputel,iscgem,atlas,",",associate,dyfi,focal-mechanism,general-text,impact-text,moment-tensor,origin,phase-data,poster,shakemap,trump-shakemap,",372.0,,1.3,25.3,mww,earthquake,"M 7.2 - 46 km WSW of Dalbandin, Pakistan",Point,"[63.951, 28.777, 68]"
Feature,usp000ht15,7.0,"118 km NNE of Tadine, New Caledonia",1294935401540,1658196972012,,https://earthquake.usgs.gov/earthquakes/eventpage/usp000ht15,https://earthquake.usgs.gov/fdsnws/event/1/query?eventid=usp000ht15&format=geojson,5.0,2.3,5.25,,reviewed,0,755,us,p000ht15,",usc00012cx,usp000ht15,choy20110113161641,duputel201101131616a,atlas20110113161641,iscgem15925960,",",us,us,choy,duputel,atlas,iscgem,",",associate,dyfi,focal-mechanism,general-text,impact-text,moment-tensor,origin,phase-data,poster,shakemap,trump-shakemap,",578.0,,0.99,13.3,mww,earthquake,"M 7.0 - 118 km NNE of Tadine, New Caledonia",Point,"[168.471, -20.628, 9]"
Feature,usp000hsfq,7.2,"42 km NNW of Carahue, Chile",1293999617780,1660016889579,,https://earthquake.usgs.gov/earthquakes/eventpage/usp000hsfq,https://earthquake.usgs.gov/fdsnws/event/1/query?eventid=usp000hsfq&format=geojson,333.0,7.7,7.161,,reviewed,0,1054,us,p000hsfq,",usc0000y49,usp000hsfq,choy20110102202017,duputel201101022020a,iscgem601988664,atlas20110102202017,",",us,us,choy,duputel,iscgem,atlas,",",associate,dyfi,focal-mechanism,general-text,impact-text,moment-tensor,origin,phase-data,poster,shakemap,trump-shakemap,",397.0,,1.1,30.1,mww,earthquake,"M 7.2 - 42 km NNW of Carahue, Chile",Point,"[-73.326, -38.355, 24]"
Feature,usp000hsdc,7.0,"26 km NNE of El Hoyo, Argentina",1293875818120,1666578320934,,https://earthquake.usgs.gov/earthquakes/eventpage/usp000hsdc,https://earthquake.usgs.gov/fdsnws/event/1/query?eventid=usp000hsdc&format=geojson,36.0,2.0,,,reviewed,0,761,us,p000hsdc,",usc0000xky,usp000hsdc,choy20110101095658,duputel201101010956a,atlas20110101095658,iscgem601988567,",",us,us,choy,duputel,atlas,iscgem,",",associate,dyfi,focal-mechanism,general-text,impact-text,moment-tensor,origin,phase-data,poster,",607.0,,0.85,18.4,mww,earthquake,"M 7.0 - 26 km NNE of El Hoyo, Argentina",Point,"[-63.136, -26.803, 576.8]"
Feature,usp000hrw0,7.3,"141 km W of Isangel, Vanuatu",1293282997000,1651530674248,,https://earthquake.usgs.gov/earthquakes/eventpage/usp000hrw0,https://earthquake.usgs.gov/fdsnws/event/1/query?eventid=usp000hrw0&format=geojson,,,4.527,,reviewed,0,820,us,p000hrw0,",usp000hrw0,choy20101225131637,gcmtc201012251316a,duputel201012251316a,gcmt20101225131637,atlas20101225131637,iscgem15925442,",",us,choy,gcmt,duputel,gcmt,atlas,iscgem,",",finite-fault,focal-mechanism,general-text,impact-text,moment-tensor,origin,phase-data,poster,shakemap,trump-shakemap,",409.0,,1.17,12.0,mwc,earthquake,"M 7.3 - 141 km W of Isangel, Vanuatu",Point,"[167.947, -19.702, 16]"
Feature,usp000hr97,7.4,"Bonin Islands, Japan region",1292951980660,1658194775861,,https://earthquake.usgs.gov/earthquakes/eventpage/usp000hr97,https://earthquake.usgs.gov/fdsnws/event/1/query?eventid=usp000hr97&format=geojson,21.0,3.8,,,reviewed,0,850,us,p000hr97,",usc0000rxc,usp000hr97,choy20101221171940,gcmtc201012211719a,duputel201012211719a,gcmt20101221171940,iscgem600191591,",",us,us,choy,gcmt,duputel,gcmt,iscgem,",",associate,dyfi,finite-fault,focal-mechanism,general-text,impact-text,moment-tensor,origin,phase-data,poster,",603.0,,0.99,13.0,mwc,earthquake,"M 7.4 - Bonin Islands, Japan region",Point,"[143.698, 26.901, 14]"
Feature,usp000hnj4,7.8,"215 km SW of Sungai Penuh, Indonesia",1288017742460,1658185032869,,https://earthquake.usgs.gov/earthquakes/eventpage/usp000hnj4,https://earthquake.usgs.gov/fdsnws/event/1/query?eventid=usp000hnj4&format=geojson,25.0,4.2,6.81,,reviewed,0,946,us,p000hnj4,",usa00043nx,usp000hnj4,choy20101025144222,gcmtc201010251442a,duputel201010251442a,gcmt20101025144222,iscgem15264887,atlas20101025144222,",",us,us,choy,gcmt,duputel,gcmt,iscgem,atlas,",",associate,dyfi,finite-fault,focal-mechanism,general-text,impact-text,moment-tensor,origin,phase-data,poster,shakemap,trump-shakemap,",379.0,,1.17,23.0,mwc,earthquake,"M 7.8 - 215 km SW of Sungai Penuh, Indonesia",Point,"[100.082, -3.487, 20.1]"
Feature,usp000hmbq,7.0,"Near the south coast of Papua, Indonesia",1285780285940,1658178202228,,https://earthquake.usgs.gov/earthquakes/eventpage/usp000hmbq,https://earthquake.usgs.gov/fdsnws/event/1/query?eventid=usp000hmbq&format=geojson,23.0,7.9,4.832,,reviewed,0,772,us,p000hmbq,",us2010bubv,usp000hmbq,choy20100929171125,gcmtc201009291711a,duputel201009291711a,gcmt20100929171125,iscgem15217448,atlas20100929171125,",",us,us,choy,gcmt,duputel,gcmt,iscgem,atlas,",",associate,dyfi,focal-mechanism,general-text,impact-text,moment-tensor,origin,phase-data,poster,shakemap,trump-shakemap,",271.0,,1.31,15.1,mwc,earthquake,"M 7.0 - Near the south coast of Papua, Indonesia",Point,"[133.76, -4.963, 26]"
Feature,usp000hk46,7.0,"19 km NE of Methven, New Zealand",1283531747770,1660025096708,,https://earthquake.usgs.gov/earthquakes/eventpage/usp000hk46,https://earthquake.usgs.gov/fdsnws/event/1/query?eventid=usp000hk46&format=geojson,630.0,7.8,8.402,,reviewed,0,1245,us,p000hk46,",us2010atbj,usp000hk46,choy20100903163547,gcmtc201009031635a,duputel201009031635a,gcmt20100903163547,atlas20100903163546,iscgem15155483,",",us,us,choy,gcmt,duputel,gcmt,atlas,iscgem,",",associate,dyfi,focal-mechanism,general-text,ground-failure,impact-text,moment-tensor,origin,phase-data,poster,shakemap,trump-shakemap,",365.0,,1.3,15.8,mwc,earthquake,"M 7.0 - 19 km NE of Methven, New Zealand",Point,"[171.83, -43.522, 12]"
Feature,usp000hj05,7.1,Ecuador,1281614055580,1663262011673,,https://earthquake.usgs.gov/earthquakes/eventpage/usp000hj05,https://earthquake.usgs.gov/fdsnws/event/1/query?eventid=usp000hj05&format=geojson,282.0,6.0,5.268,,reviewed,0,945,us,p000hj05,",usp000hj05,us2010zwa5,choy20100812115415,gcmtc201008121154a,gcmt20100812115415,duputel201008121154a,atlas20100812115415,iscgem15082104,",",us,us,choy,gcmt,gcmt,duputel,atlas,iscgem,",",associate,dyfi,focal-mechanism,general-text,impact-text,moment-tensor,origin,phase-data,poster,shakemap,trump-shakemap,",672.0,,0.87,12.4,mwc,earthquake,M 7.1 - Ecuador,Point,"[-77.306, -1.266, 206.7]"
Feature,usp000hhuc,7.3,"33 km NW of Port-Vila, Vanuatu",1281417824980,1658168388812,,https://earthquake.usgs.gov/earthquakes/eventpage/usp000hhuc,https://earthquake.usgs.gov/fdsnws/event/1/query?eventid=usp000hhuc&format=geojson,45.0,6.7,6.751,,reviewed,0,850,us,p000hhuc,",usp000hhuc,us2010zuaq,choy20100810052345,gcmtc201008100523a,duputel201008100523a,gcmt20100810052345,iscgem15080182,atlas20100810052344,",",us,us,choy,gcmt,duputel,gcmt,iscgem,atlas,",",associate,dyfi,finite-fault,focal-mechanism,general-text,impact-text,moment-tensor,origin,phase-data,poster,scitech-text,shakemap,trump-shakemap,",405.0,,1.25,20.2,mwc,earthquake,"M 7.3 - 33 km NW of Port-Vila, Vanuatu",Point,"[168.069, -17.541, 25]"
Feature,usp000hhhx,7.0,"72 km ESE of Kimbe, Papua New Guinea",1280959303620,1658166438054,,https://earthquake.usgs.gov/earthquakes/eventpage/usp000hhhx,https://earthquake.usgs.gov/fdsnws/event/1/query?eventid=usp000hhhx&format=geojson,8.0,3.5,6.346,,reviewed,0,757,us,p000hhhx,",us2010zncq,usp000hhhx,choy20100804220143,gcmtc201008042201a,gcmt20100804220143,duputel201008042201a,atlas20100804220143,iscgem600184047,",",us,us,choy,gcmt,gcmt,duputel,atlas,iscgem,",",associate,dyfi,finite-fault,focal-mechanism,general-text,impact-text,moment-tensor,origin,phase-data,shakemap,trump-shakemap,",396.0,,1.19,12.7,mww,earthquake,"M 7.0 - 72 km ESE of Kimbe, Papua New Guinea",Point,"[150.765, -5.746, 44]"
Feature,usp000hgmq,7.5,"72 km S of Panubigan, Philippines",1279926910190,1658163733829,,https://earthquake.usgs.gov/earthquakes/eventpage/usp000hgmq,https://earthquake.usgs.gov/fdsnws/event/1/query?eventid=usp000hgmq&format=geojson,30.0,4.2,,,reviewed,0,878,us,p000hgmq,",us2010zbcd,usp000hgmq,gcmtc201007232315a,duputel201007232315a,gcmt20100723231510,atlas20100723231510,iscgem15640291,",",us,us,gcmt,duputel,gcmt,atlas,iscgem,",",associate,dyfi,focal-mechanism,general-text,impact-text,moment-tensor,origin,phase-data,",441.0,,0.82,17.5,mwc,earthquake,"M 7.5 - 72 km S of Panubigan, Philippines",Point,"[123.259, 6.776, 640.6]"
Feature,usp000hgmh,7.6,"61 km W of Bantogon, Philippines",1279925471840,1658163638641,,https://earthquake.usgs.gov/earthquakes/eventpage/usp000hgmh,https://earthquake.usgs.gov/fdsnws/event/1/query?eventid=usp000hgmh&format=geojson,28.0,4.8,3.498,,reviewed,0,902,us,p000hgmh,",usp000hgmh,us2010zbca,choy20100723225112,gcmtc201007232251a,gcmt20100723225112,duputel201007232251a,atlas20100723225112,iscgem17178792,",",us,us,choy,gcmt,gcmt,duputel,atlas,iscgem,",",associate,dyfi,focal-mechanism,general-text,impact-text,moment-tensor,origin,phase-data,poster,shakemap,",340.0,,0.91,15.1,mwc,earthquake,"M 7.6 - 61 km W of Bantogon, Philippines",Point,"[123.48, 6.497, 578]"
Feature,usp000hgmd,7.3,"68 km W of Gadung, Philippines",1279922891250,1658163543556,,https://earthquake.usgs.gov/earthquakes/eventpage/usp000hgmd,https://earthquake.usgs.gov/fdsnws/event/1/query?eventid=usp000hgmd&format=geojson,20.0,4.3,,,reviewed,0,828,us,p000hgmd,",us2010zbbz,usp000hgmd,choy20100723220811,gcmtc201007232208a,duputel201007232208a,gcmt20100723220811,atlas20100723220811,iscgem15008002,",",us,us,choy,gcmt,duputel,gcmt,atlas,iscgem,",",associate,dyfi,focal-mechanism,general-text,impact-text,moment-tensor,origin,phase-data,poster,",491.0,,0.91,16.5,mwc,earthquake,"M 7.3 - 68 km W of Gadung, Philippines",Point,"[123.409, 6.718, 607.1]"
Feature,usp000hfku,7.3,"New Britain region, Papua New Guinea",1279460099360,1658162476024,,https://earthquake.usgs.gov/earthquakes/eventpage/usp000hfku,https://earthquake.usgs.gov/fdsnws/event/1/query?eventid=usp000hfku&format=geojson,15.0,7.5,6.62,,reviewed,0,831,us,p000hfku,",us2010ywbr,usp000hfku,gcmtc201007181335a,gcmt20100718133459,atlas20100718133459,iscgem14996648,",",us,us,gcmt,gcmt,atlas,iscgem,",",associate,dyfi,finite-fault,focal-mechanism,general-text,impact-text,moment-tensor,origin,phase-data,poster,shakemap,trump-shakemap,",397.0,,1.16,18.2,mwc,earthquake,"M 7.3 - New Britain region, Papua New Guinea",Point,"[150.59, -5.931, 35]"
Feature,usp000he3f,7.0,"121 km SSE of Biak, Indonesia",1276658187550,1657986254648,,https://earthquake.usgs.gov/earthquakes/eventpage/usp000he3f,https://earthquake.usgs.gov/fdsnws/event/1/query?eventid=usp000he3f&format=geojson,4.0,2.7,6.683,,reviewed,0,755,us,p000he3f,",us2010xpai,usp000he3f,choy20100616031627,gcmtc201006160316a,gcmt20100616031627,duputel201006160316a,atlas20100616031627,iscgem600181845,",",us,us,choy,gcmt,gcmt,duputel,atlas,iscgem,",",associate,dyfi,focal-mechanism,general-text,impact-text,moment-tensor,origin,phase-data,poster,shakemap,trump-shakemap,",307.0,,1.27,18.1,mwc,earthquake,"M 7.0 - 121 km SSE of Biak, Indonesia",Point,"[136.543, -2.174, 18]"
Feature,usp000hdwb,7.5,"Nicobar Islands, India region",1276370810460,1657985095383,,https://earthquake.usgs.gov/earthquakes/eventpage/usp000hdwb,https://earthquake.usgs.gov/fdsnws/event/1/query?eventid=usp000hdwb&format=geojson,480.0,5.8,4.984,,reviewed,0,1144,us,p000hdwb,",us2010xkbv,usp000hdwb,choy20100612192650,gcmtc201006121926a,duputel201006121926a,gcmt20100612192650,iscgem600181652,atlas20100612192650,",",us,us,choy,gcmt,duputel,gcmt,iscgem,atlas,",",associate,dyfi,finite-fault,focal-mechanism,general-text,impact-text,moment-tensor,origin,phase-data,poster,shakemap,trump-shakemap,",514.0,,1.1,18.6,mwc,earthquake,"M 7.5 - Nicobar Islands, India region",Point,"[91.936, 7.881, 35]"
Feature,usp000hd84,7.2,"100 km WNW of Sola, Vanuatu",1274980486570,1657981418241,,https://earthquake.usgs.gov/earthquakes/eventpage/usp000hd84,https://earthquake.usgs.gov/fdsnws/event/1/query?eventid=usp000hd84&format=geojson,13.0,5.3,5.991,,reviewed,0,804,us,p000hd84,",usp000hd84,us2010wubj,choy20100527171446,gcmtc201005271714a,gcmt20100527171446,duputel201005271714a,atlas20100527171446,iscgem600180630,",",us,us,choy,gcmt,gcmt,duputel,atlas,iscgem,",",associate,dyfi,focal-mechanism,general-text,impact-text,moment-tensor,origin,phase-data,poster,shakemap,trump-shakemap,",327.0,,1.08,11.7,mwc,earthquake,"M 7.2 - 100 km WNW of Sola, Vanuatu",Point,"[166.643, -13.698, 31]"
Feature,usp000hchk,7.2,"45 km SSW of Meulaboh, Indonesia",1273384781620,1657977018697,,https://earthquake.usgs.gov/earthquakes/eventpage/usp000hchk,https://earthquake.usgs.gov/fdsnws/event/1/query?eventid=usp000hchk&format=geojson,227.0,5.3,6.252,,reviewed,0,918,us,p000hchk,",usp000hchk,us2010wbaq,choy20100509055941,gcmtc201005090559a,gcmt20100509055941,duputel201005090559a,atlas20100509055941,iscgem14686988,",",us,us,choy,gcmt,gcmt,duputel,atlas,iscgem,",",associate,dyfi,finite-fault,focal-mechanism,general-text,impact-text,moment-tensor,origin,phase-data,poster,shakemap,trump-shakemap,",611.0,,0.92,20.6,mwc,earthquake,"M 7.2 - 45 km SSW of Meulaboh, Indonesia",Point,"[96.018, 3.748, 38]"
Feature,usp000hat0,7.8,"75 km E of Sinabang, Indonesia",1270592101580,1651531184108,,https://earthquake.usgs.gov/earthquakes/eventpage/usp000hat0,https://earthquake.usgs.gov/fdsnws/event/1/query?eventid=usp000hat0&format=geojson,,,7.038,,reviewed,0,936,us,p000hat0,",usp000hat0,choy20100406221501,gcmtm201004062215a,duputel201004062215a,gcmt20100406221501,atlas20100406221501,iscgem600296664,",",us,choy,gcmt,duputel,gcmt,atlas,iscgem,",",finite-fault,focal-mechanism,general-text,impact-text,moment-tensor,origin,phase-data,poster,shakemap,trump-shakemap,",352.0,,1.19,19.2,mwc,earthquake,"M 7.8 - 75 km E of Sinabang, Indonesia",Point,"[97.048, 2.383, 31]"
Feature,ci14607652,7.2,"The 2010 Sierra El Mayor, B.C., Mexico Earthquake",1270420842360,1708845175588,,https://earthquake.usgs.gov/earthquakes/eventpage/ci14607652,https://earthquake.usgs.gov/fdsnws/event/1/query?eventid=ci14607652&format=geojson,68048.0,9.1,8.578,red,reviewed,0,2910,ci,14607652,",ci14607652,atlas20100404224043,duputel201004042240a,choy20100404224043,gcmtc201004042240a,usp000habu,gcmt20100404224043,iscgem600257057,",",ci,atlas,duputel,choy,gcmt,us,gcmt,iscgem,",",associate,disassociate,dyfi,earthquake-name,focal-mechanism,general-text,ground-failure,impact-text,losspager,moment-tensor,nearby-cities,origin,phase-data,poster,shakemap,trump-shakemap,",10.0,0.5137,0.11,239.0,mw,earthquake,"M 7.2 - The 2010 Sierra El Mayor, B.C., Mexico Earthquake",Point,"[-115.2953333, 32.2861667, 9.987]"
Feature,usp000h94v,7.0,"52 km NW of Santa Cruz, Chile",1268319327510,1660016966132,,https://earthquake.usgs.gov/earthquakes/eventpage/usp000h94v,https://earthquake.usgs.gov/fdsnws/event/1/query?eventid=usp000h94v&format=geojson,182.0,6.6,6.616,,reviewed,0,874,us,p000h94v,",usp000h94v,us2010tsa8,gcmtc201003111455a,gcmt20100311145527,iscgem14400686,atlas20100311145527,",",us,us,gcmt,gcmt,iscgem,atlas,",",associate,dyfi,focal-mechanism,general-text,impact-text,moment-tensor,origin,phase-data,shakemap,trump-shakemap,",403.0,,1.02,17.1,mwc,earthquake,"M 7.0 - 52 km NW of Santa Cruz, Chile",Point,"[-71.799, -34.326, 18]"
Feature,usp000h7sq,7.4,"124 km W of Lebu, Chile",1267257683010,1651527737623,,https://earthquake.usgs.gov/earthquakes/eventpage/usp000h7sq,https://earthquake.usgs.gov/fdsnws/event/1/query?eventid=usp000h7sq&format=geojson,,,4.867,,reviewed,0,842,us,p000h7sq,",gcmts201002270801a,usp000h7sq,gcmt20100227080123,iscgem14357776,",",gcmt,us,gcmt,iscgem,",",focal-mechanism,general-text,impact-text,moment-tensor,origin,phase-data,shakemap,",409.0,,1.06,17.6,mwc,earthquake,"M 7.4 - 124 km W of Lebu, Chile",Point,"[-75.048, -37.773, 35]"
Feature,official20100227063411530_30,8.8,"36 km WNW of Quirihue, Chile",1267252451530,1661785605907,,https://earthquake.usgs.gov/earthquakes/eventpage/official20100227063411530_30,https://earthquake.usgs.gov/fdsnws/event/1/query?eventid=official20100227063411530_30&format=geojson,2864.0,8.0,8.249,,reviewed,0,1991,official,20100227063411530_30,",usp000h7rf,us2010tfan,official20100227063411530_30,choy20100227063411,gcmtc201002270634a,duputel201002270634a,gcmt20100227063415,atlas20100227063414,iscgem14340585,",",us,us,official,choy,gcmt,duputel,gcmt,atlas,iscgem,",",associate,dyfi,finite-fault,focal-mechanism,general-header,general-text,ground-failure,impact-text,moment-tensor,origin,phase-data,poster,scitech-link,scitech-text,shakemap,trump-impact-text,trump-origin,trump-phase-data,trump-shakemap,",454.0,,1.09,17.8,mww,earthquake,"M 8.8 - 36 km WNW of Quirihue, Chile",Point,"[-72.898, -36.122, 22.9]"
Feature,usp000h7qu,7.0,"70 km SE of Katsuren-haebaru, Japan",1267216286970,1657942009601,,https://earthquake.usgs.gov/earthquakes/eventpage/usp000h7qu,https://earthquake.usgs.gov/fdsnws/event/1/query?eventid=usp000h7qu&format=geojson,774.0,5.5,6.0,,reviewed,0,1180,us,p000h7qu,",usp000h7qu,us2010teb2,choy20100226203127,gcmtc201002262031a,duputel201002262031a,gcmt20100226203127,iscgem600144227,atlas20100226203126,",",us,us,choy,gcmt,duputel,gcmt,iscgem,atlas,",",associate,dyfi,focal-mechanism,general-text,impact-text,moment-tensor,origin,phase-data,poster,shakemap,",487.0,,1.05,15.7,mwc,earthquake,"M 7.0 - 70 km SE of Katsuren-haebaru, Japan",Point,"[128.425, 25.93, 25]"
Feature,usp000h60h,7.0,"10 km SE of Léogâne, Haiti",1263333190060,1702920267697,,https://earthquake.usgs.gov/earthquakes/eventpage/usp000h60h,https://earthquake.usgs.gov/fdsnws/event/1/query?eventid=usp000h60h&format=geojson,956.0,9.1,9.022,,reviewed,0,1624,us,p000h60h,",us2010rja6,usp000h60h,choy20100112215310,gcmtc201001122153a,duputel201001122153a,gcmt20100112215310,atlas20100112215310,iscgem14226221,",",us,us,choy,gcmt,duputel,gcmt,atlas,iscgem,",",associate,dyfi,focal-mechanism,general-link,general-text,ground-failure,impact-text,moment-tensor,origin,phase-data,poster,scitech-link,shakemap,trump-shakemap,",500.0,,0.97,22.7,mwc,earthquake,"M 7.0 - 10 km SE of Léogâne, Haiti",Point,"[-72.571, 18.443, 13]"
Feature,usp000h5np,7.1,"94 km SE of Gizo, Solomon Islands",1262558185640,1657928485560,,https://earthquake.usgs.gov/earthquakes/eventpage/usp000h5np,https://earthquake.usgs.gov/fdsnws/event/1/query?eventid=usp000h5np&format=geojson,8.0,5.4,6.859,,reviewed,0,780,us,p000h5np,",usp000h5np,us2010rabw,choy20100103223628,gcmtc201001032236a,gcmt20100103223628,iscgem14287942,atlas20100103223625,",",us,us,choy,gcmt,gcmt,iscgem,atlas,",",associate,dyfi,focal-mechanism,general-text,impact-text,moment-tensor,origin,phase-data,poster,shakemap,trump-shakemap,",377.0,,1.09,15.0,mwc,earthquake,"M 7.1 - 94 km SE of Gizo, Solomon Islands",Point,"[157.354, -8.783, 10]"
Feature,usp000h3wn,7.3,"77 km ENE of Ba, Fiji",1257763495110,1651526758001,,https://earthquake.usgs.gov/earthquakes/eventpage/usp000h3wn,https://earthquake.usgs.gov/fdsnws/event/1/query?eventid=usp000h3wn&format=geojson,,,3.771,,reviewed,0,820,us,p000h3wn,",choy20091109104454,gcmtc200911091044a,usp000h3wn,gcmt20091109104454,duputel200911091044a,atlas20091109104454,iscgem13921941,",",choy,gcmt,us,gcmt,duputel,atlas,iscgem,",",focal-mechanism,general-text,impact-text,moment-tensor,origin,phase-data,poster,shakemap,",430.0,,0.87,15.0,mwc,earthquake,"M 7.3 - 77 km ENE of Ba, Fiji",Point,"[178.331, -17.239, 595]"
Feature,usp000h2gr,7.4,"143 km NW of Sola, Vanuatu",1254957228160,1651530904822,,https://earthquake.usgs.gov/earthquakes/eventpage/usp000h2gr,https://earthquake.usgs.gov/fdsnws/event/1/query?eventid=usp000h2gr&format=geojson,,,6.664,,reviewed,0,842,us,p000h2gr,",gcmtc200910072313a,usp000h2gr,gcmt20091007231348,atlas20091007231348,iscgem17141789,",",gcmt,us,gcmt,atlas,iscgem,",",focal-mechanism,general-text,impact-text,moment-tensor,origin,phase-data,poster,shakemap,trump-shakemap,",314.0,,0.96,20.2,mwc,earthquake,"M 7.4 - 143 km NW of Sola, Vanuatu",Point,"[166.497, -13.093, 31.1]"
Feature,usp000h2gd,7.8,"196 km NW of Sola, Vanuatu",1254953931240,1651526979820,,https://earthquake.usgs.gov/earthquakes/eventpage/usp000h2gd,https://earthquake.usgs.gov/fdsnws/event/1/query?eventid=usp000h2gd&format=geojson,,,6.334,,reviewed,0,936,us,p000h2gd,",gcmtc200910072218a,usp000h2gd,gcmt20091007221851,iscgem14092590,atlas20091007221851,",",gcmt,us,gcmt,iscgem,atlas,",",focal-mechanism,general-text,impact-text,moment-tensor,origin,phase-data,poster,shakemap,trump-shakemap,",195.0,,0.97,20.3,mwc,earthquake,"M 7.8 - 196 km NW of Sola, Vanuatu",Point,"[166.382, -12.517, 35]"
Feature,usp000h2g9,7.7,"148 km NW of Sola, Vanuatu",1254952994470,1657910747803,,https://earthquake.usgs.gov/earthquakes/eventpage/usp000h2g9,https://earthquake.usgs.gov/fdsnws/event/1/query?eventid=usp000h2g9&format=geojson,9.0,4.3,6.621,,reviewed,0,916,us,p000h2g9,",us2009mlcf,usp000h2g9,choy20091007220314,gcmtc200910072203a,duputel200910072203a,gcmt20091007220314,iscgem13908747,atlas20091007220314,",",us,us,choy,gcmt,duputel,gcmt,iscgem,atlas,",",associate,dyfi,finite-fault,focal-mechanism,general-text,impact-text,moment-tensor,origin,phase-data,poster,scitech-text,shakemap,trump-shakemap,",283.0,,1.31,23.2,mww,earthquake,"M 7.7 - 148 km NW of Sola, Vanuatu",Point,"[166.51, -13.006, 45]"
Feature,usp000h237,7.6,"30 km WSW of Pariaman, Indonesia",1254305769250,1701444204547,,https://earthquake.usgs.gov/earthquakes/eventpage/usp000h237,https://earthquake.usgs.gov/fdsnws/event/1/query?eventid=usp000h237&format=geojson,1027.0,7.6,8.221,,reviewed,0,1649,us,p000h237,",us2009mebz,usp000h237,choy20090930101609,gcmtc200909301016a,duputel200909301016a,gcmt20090930101609,atlas20090930101609,iscgem13801688,",",us,us,choy,gcmt,duputel,gcmt,atlas,iscgem,",",associate,dyfi,finite-fault,focal-mechanism,general-text,ground-failure,impact-text,moment-tensor,origin,phase-data,poster,shakemap,trump-shakemap,",498.0,,0.92,14.0,mwc,earthquake,"M 7.6 - 30 km WSW of Pariaman, Indonesia",Point,"[99.867, -0.72, 81]"
Feature,usp000h1ys,8.1,"168 km SSW of Matavai, Samoa",1254246490990,1702418475270,,https://earthquake.usgs.gov/earthquakes/eventpage/usp000h1ys,https://earthquake.usgs.gov/fdsnws/event/1/query?eventid=usp000h1ys&format=geojson,66.0,7.2,5.681,,reviewed,0,1057,us,p000h1ys,",us2009mdbi,usp000h1ys,choy20090929174811,gcmtc200909291748a,duputel200909291748a,gcmt20090929174811,atlas20090929174810,iscgem15162203,",",us,us,choy,gcmt,duputel,gcmt,atlas,iscgem,",",associate,dyfi,finite-fault,focal-mechanism,general-text,impact-text,moment-tensor,origin,phase-data,poster,shakemap,trump-shakemap,",520.0,,1.01,20.8,mwc,earthquake,"M 8.1 - 168 km SSW of Matavai, Samoa",Point,"[-172.095, -15.489, 18]"
Feature,usp000h152,7.0,"66 km SSW of Banjar, Indonesia",1251878101050,1703523753525,,https://earthquake.usgs.gov/earthquakes/eventpage/usp000h152,https://earthquake.usgs.gov/fdsnws/event/1/query?eventid=usp000h152&format=geojson,603.0,7.0,6.607,,reviewed,0,1176,us,p000h152,",us2009lbat,usp000h152,choy20090902075501,gcmtc200909020755a,duputel200909020755a,gcmt20090902075501,iscgem15161670,atlas20090902075501,",",us,us,choy,gcmt,duputel,gcmt,iscgem,atlas,",",associate,dyfi,focal-mechanism,general-text,impact-text,moment-tensor,origin,phase-data,poster,shakemap,trump-shakemap,",312.0,,0.89,16.3,mwc,earthquake,"M 7.0 - 66 km SSW of Banjar, Indonesia",Point,"[107.297, -7.782, 46]"
Feature,usp000h05x,7.5,"266 km N of Bamboo Flat, India",1249934138730,1657899231153,,https://earthquake.usgs.gov/earthquakes/eventpage/usp000h05x,https://earthquake.usgs.gov/fdsnws/event/1/query?eventid=usp000h05x&format=geojson,539.0,7.1,6.258,,reviewed,0,1248,us,p000h05x,",usp000h05x,us2009kdb2,choy20090810195535,gcmtc200908101955a,gcmt20090810195535,duputel200908101955a,atlas20090810195539,iscgem15190110,",",us,us,choy,gcmt,gcmt,duputel,atlas,iscgem,",",associate,dyfi,finite-fault,focal-mechanism,general-text,impact-text,moment-tensor,origin,phase-data,poster,shakemap,trump-shakemap,",303.0,,1.03,18.2,mwc,earthquake,"M 7.5 - 266 km N of Bamboo Flat, India",Point,"[92.902, 14.099, 24]"
Feature,usp000h04j,7.1,"161 km S of ?yama, Japan",1249815355110,1657899017690,,https://earthquake.usgs.gov/earthquakes/eventpage/usp000h04j,https://earthquake.usgs.gov/fdsnws/event/1/query?eventid=usp000h04j&format=geojson,433.0,5.3,4.299,,reviewed,0,1005,us,p000h04j,",us2009kcaz,usp000h04j,choy20090809105555,gcmtc200908091055a,duputel200908091055a,gcmt20090809105555,iscgem15190095,",",us,us,choy,gcmt,duputel,gcmt,iscgem,",",associate,dyfi,focal-mechanism,general-text,impact-text,moment-tensor,origin,phase-data,poster,shakemap,",447.0,,0.91,14.2,mwc,earthquake,"M 7.1 - 161 km S of ?yama, Japan",Point,"[137.944, 33.167, 292]"
Feature,usp000gz8j,7.8,"97 km WSW of Te Anau, New Zealand",1247649749030,1657893585046,,https://earthquake.usgs.gov/earthquakes/eventpage/usp000gz8j,https://earthquake.usgs.gov/fdsnws/event/1/query?eventid=usp000gz8j&format=geojson,363.0,6.3,7.644,,reviewed,0,1165,us,p000gz8j,",usp000gz8j,us2009jcap,choy20090715092229,gcmtc200907150922a,duputel200907150922a,gcmt20090715092229,atlas20090715092229,iscgem15157724,",",us,us,choy,gcmt,duputel,gcmt,atlas,iscgem,",",associate,dyfi,finite-fault,focal-mechanism,general-text,impact-text,moment-tensor,origin,phase-data,poster,shakemap,trump-shakemap,",434.0,,,16.8,mwc,earthquake,"M 7.8 - 97 km WSW of Te Anau, New Zealand",Point,"[166.562, -45.762, 12]"
Feature,usp000gxkj,7.3,"46 km NW of Guanaja, Honduras",1243499086560,1697041448447,,https://earthquake.usgs.gov/earthquakes/eventpage/usp000gxkj,https://earthquake.usgs.gov/fdsnws/event/1/query?eventid=usp000gxkj&format=geojson,1451.0,7.4,7.848,,reviewed,0,1560,us,p000gxkj,",us2009heak,usp000gxkj,choy20090528082445,gcmtc200905280824a,duputel200905280824a,gcmt20090528082445,atlas20090528082445,iscgem12867661,",",us,us,choy,gcmt,duputel,gcmt,atlas,iscgem,",",associate,dyfi,focal-mechanism,general-text,ground-failure,impact-text,moment-tensor,origin,phase-data,poster,shakemap,trump-shakemap,",464.0,,1.12,27.2,mwc,earthquake,"M 7.3 - 46 km NW of Guanaja, Honduras",Point,"[-86.217, 16.731, 19]"
Feature,usp000gv5p,7.6,"191 km S of ‘Ohonua, Tonga",1237486660470,1657865612074,,https://earthquake.usgs.gov/earthquakes/eventpage/usp000gv5p,https://earthquake.usgs.gov/fdsnws/event/1/query?eventid=usp000gv5p&format=geojson,42.0,6.6,4.556,,reviewed,0,916,us,p000gv5p,",us2009ejbr,usp000gv5p,choy20090319181740,gcmtc200903191817a,gcmt20090319181740,duputel200903191817a,iscgem15153302,",",us,us,choy,gcmt,gcmt,duputel,iscgem,",",associate,dyfi,finite-fault,focal-mechanism,general-text,impact-text,moment-tensor,origin,phase-data,poster,scitech-text,shakemap,",504.0,,1.0,14.0,mwc,earthquake,"M 7.6 - 191 km S of ‘Ohonua, Tonga",Point,"[-174.66, -23.043, 31]"
Feature,usp000gu5x,7.0,Kermadec Islands region,1234994025160,1651526993482,,https://earthquake.usgs.gov/earthquakes/eventpage/usp000gu5x,https://earthquake.usgs.gov/fdsnws/event/1/query?eventid=usp000gu5x&format=geojson,,,,,reviewed,0,754,us,p000gu5x,",choy20090218215345,gcmtc200902182153a,usp000gu5x,gcmt20090218215345,duputel200902182153a,iscgem14189641,",",choy,gcmt,us,gcmt,duputel,iscgem,",",focal-mechanism,general-text,impact-text,moment-tensor,origin,phase-data,poster,",353.0,,0.95,18.5,mwc,earthquake,M 7.0 - Kermadec Islands region,Point,"[-176.33, -27.424, 25]"
Feature,usp000gtnc,7.2,"196 km SSE of Sarangani, Philippines",1234373690490,1657852081779,,https://earthquake.usgs.gov/earthquakes/eventpage/usp000gtnc,https://earthquake.usgs.gov/fdsnws/event/1/query?eventid=usp000gtnc&format=geojson,15.0,3.1,6.635,,reviewed,0,802,us,p000gtnc,",usp000gtnc,us2009cybb,choy20090211173450,gcmtc200902111734a,duputel200902111734a,gcmt20090211173450,atlas20090211173450,iscgem13434474,",",us,us,choy,gcmt,duputel,gcmt,atlas,iscgem,",",associate,dyfi,focal-mechanism,general-text,impact-text,moment-tensor,origin,phase-data,poster,shakemap,trump-shakemap,",432.0,,1.14,18.6,mwc,earthquake,"M 7.2 - 196 km SSE of Sarangani, Philippines",Point,"[126.387, 3.886, 20]"
Feature,usp000gsmz,7.4,east of the Kuril Islands,1232041779070,1657855197452,,https://earthquake.usgs.gov/earthquakes/eventpage/usp000gsmz,https://earthquake.usgs.gov/fdsnws/event/1/query?eventid=usp000gsmz&format=geojson,15.0,3.8,,,reviewed,0,848,us,p000gsmz,",us2009bwa8,usp000gsmz,choy20090115174939,gcmtc200901151749a,duputel200901151749a,gcmt20090115174939,iscgem13962368,",",us,us,choy,gcmt,duputel,gcmt,iscgem,",",associate,dyfi,focal-mechanism,general-text,impact-text,moment-tensor,origin,phase-data,poster,",522.0,,0.91,15.6,mwc,earthquake,M 7.4 - east of the Kuril Islands,Point,"[155.154, 46.857, 36]"
Feature,usp000gs3t,7.4,"86 km WNW of Manokwari, Indonesia",1231022020290,1657856133365,,https://earthquake.usgs.gov/earthquakes/eventpage/usp000gs3t,https://earthquake.usgs.gov/fdsnws/event/1/query?eventid=usp000gs3t&format=geojson,5.0,7.1,6.899,,reviewed,0,846,us,p000gs3t,",usp000gs3t,us2009bjca,choy20090103223340,gcmtc200901032233a,gcmt20090103223340,iscgem13989020,atlas20090103223340,",",us,us,choy,gcmt,gcmt,iscgem,atlas,",",associate,dyfi,focal-mechanism,general-text,impact-text,moment-tensor,origin,phase-data,shakemap,trump-shakemap,",314.0,,1.03,21.1,mwc,earthquake,"M 7.4 - 86 km WNW of Manokwari, Indonesia",Point,"[133.305, -0.691, 23]"
Feature,usp000gs2d,7.7,"140 km WNW of Manokwari, Indonesia",1231011830650,1657856335850,,https://earthquake.usgs.gov/earthquakes/eventpage/usp000gs2d,https://earthquake.usgs.gov/fdsnws/event/1/query?eventid=usp000gs2d&format=geojson,12.0,4.5,6.998,,reviewed,0,918,us,p000gs2d,",us2009bjbn,usp000gs2d,choy20090103194350,gcmtc200901031943a,duputel200901031943a,gcmt20090103194350,atlas20090103194350,iscgem13989025,",",us,us,choy,gcmt,duputel,gcmt,atlas,iscgem,",",associate,dyfi,finite-fault,focal-mechanism,general-text,impact-text,moment-tensor,origin,phase-data,shakemap,trump-shakemap,",288.0,,1.27,29.8,mwc,earthquake,"M 7.7 - 140 km WNW of Manokwari, Indonesia",Point,"[132.885, -0.414, 17]"
Feature,usp000gpbs,7.3,"284 km WSW of Mil’kovo, Russia",1227517378760,1657835716282,,https://earthquake.usgs.gov/earthquakes/eventpage/usp000gpbs,https://earthquake.usgs.gov/fdsnws/event/1/query?eventid=usp000gpbs&format=geojson,8.0,7.0,,,reviewed,0,825,us,p000gpbs,",us2008zuat,usp000gpbs,choy20081124090258,gcmtc200811240902a,duputel200811240902a,gcmt20081124090258,iscgem13401002,",",us,us,choy,gcmt,duputel,gcmt,iscgem,",",associate,dyfi,focal-mechanism,general-text,impact-text,moment-tensor,origin,phase-data,",531.0,,0.77,22.7,mwc,earthquake,"M 7.3 - 284 km WSW of Mil’kovo, Russia",Point,"[154.322, 54.203, 492.3]"
Feature,usp000gnur,7.4,"135 km NW of Gorontalo, Indonesia",1226854952700,1657834914443,,https://earthquake.usgs.gov/earthquakes/eventpage/usp000gnur,https://earthquake.usgs.gov/fdsnws/event/1/query?eventid=usp000gnur&format=geojson,6.0,9.1,7.08,,reviewed,0,848,us,p000gnur,",us2008zlbn,usp000gnur,choy20081116170232,gcmtc200811161702a,duputel200811161702a,gcmt20081116170232,atlas20081116170232,iscgem11453303,",",us,us,choy,gcmt,duputel,gcmt,atlas,iscgem,",",associate,dyfi,focal-mechanism,general-text,impact-text,moment-tensor,origin,phase-data,poster,scitech-text,shakemap,trump-shakemap,",365.0,,1.1,33.7,mww,earthquake,"M 7.4 - 135 km NW of Gorontalo, Indonesia",Point,"[122.091, 1.271, 30]"
Feature,usp000ghyg,7.0,"Kermadec Islands, New Zealand",1222701571590,1651525423740,,https://earthquake.usgs.gov/earthquakes/eventpage/usp000ghyg,https://earthquake.usgs.gov/fdsnws/event/1/query?eventid=usp000ghyg&format=geojson,,,,,reviewed,0,754,us,p000ghyg,",choy20080929151931,gcmtc200809291519a,usp000ghyg,gcmt20080929151931,duputel200809291519a,iscgem13395461,",",choy,gcmt,us,gcmt,duputel,iscgem,",",focal-mechanism,general-text,impact-text,moment-tensor,origin,phase-data,poster,scitech-text,",524.0,,1.21,17.4,mwc,earthquake,"M 7.0 - Kermadec Islands, New Zealand",Point,"[-177.683, -29.756, 36]"
Feature,usp000gcjg,7.0,"107 km E of Namie, Japan",1216435168700,1657686449142,,https://earthquake.usgs.gov/earthquakes/eventpage/usp000gcjg,https://earthquake.usgs.gov/fdsnws/event/1/query?eventid=usp000gcjg&format=geojson,163.0,5.3,4.855,,reviewed,0,840,us,p000gcjg,",usp000gcjg,us2008urah,choy20080719023928,gcmtc200807190239a,duputel200807190239a,gcmt20080719023928,iscgem13389545,atlas20080719023928,",",us,us,choy,gcmt,duputel,gcmt,iscgem,atlas,",",associate,dyfi,focal-mechanism,general-text,impact-text,moment-tensor,origin,phase-data,scitech-text,shakemap,trump-shakemap,",577.0,,0.84,18.2,mwc,earthquake,"M 7.0 - 107 km E of Namie, Japan",Point,"[142.214, 37.552, 22]"
Feature,usp000gbc0,7.7,Sea of Okhotsk,1215223924480,1657687144928,,https://earthquake.usgs.gov/earthquakes/eventpage/usp000gbc0,https://earthquake.usgs.gov/fdsnws/event/1/query?eventid=usp000gbc0&format=geojson,10.0,5.4,,,reviewed,0,918,us,p000gbc0,",usp000gbc0,us2008ucaf,duputel200807050212a,choy20080705021204,gcmtc200807050212a,iscgem12951048,",",us,us,duputel,choy,gcmt,iscgem,",",associate,disassociate,dyfi,focal-mechanism,general-text,impact-text,moment-tensor,origin,phase-data,poster,",777.0,,0.83,13.5,mwc,earthquake,M 7.7 - Sea of Okhotsk,Point,"[152.886, 53.882, 632.8]"
Feature,usp000gazv,7.0,South Sandwich Islands region,1214806663020,1651525230936,,https://earthquake.usgs.gov/earthquakes/eventpage/usp000gazv,https://earthquake.usgs.gov/fdsnws/event/1/query?eventid=usp000gazv&format=geojson,,,,,reviewed,0,754,us,p000gazv,",choy20080630061744,gcmtc200806300617a,usp000gazv,gcmt20080630061744,duputel200806300617a,iscgem13378936,",",choy,gcmt,us,gcmt,duputel,iscgem,",",focal-mechanism,general-text,impact-text,moment-tensor,origin,phase-data,",309.0,,1.36,25.4,mwc,earthquake,M 7.0 - South Sandwich Islands region,Point,"[-22.099, -58.227, 8]"
Feature,usp000g650,7.9,"58 km W of Tianpeng, China",1210573681570,1704082162073,,https://earthquake.usgs.gov/earthquakes/eventpage/usp000g650,https://earthquake.usgs.gov/fdsnws/event/1/query?eventid=usp000g650&format=geojson,1239.0,9.1,9.08,,reviewed,0,1870,us,p000g650,",us2008ryan,usp000g650,choy20080512062801,gcmtc200805120628a,gcmt20080512062801,duputel200805120628a,atlas20080512062801,iscgem13228121,",",us,us,choy,gcmt,gcmt,duputel,atlas,iscgem,",",associate,dyfi,finite-fault,focal-mechanism,general-link,general-text,ground-failure,impact-text,moment-tensor,origin,phase-data,poster,shakemap,trump-shakemap,",774.0,,1.2,11.3,mwc,earthquake,"M 7.9 - 58 km W of Tianpeng, China",Point,"[103.322, 31.002, 19]"
Feature,usp000g3q9,7.1,Macquarie Island region,1207960212600,1651524232217,,https://earthquake.usgs.gov/earthquakes/eventpage/usp000g3q9,https://earthquake.usgs.gov/fdsnws/event/1/query?eventid=usp000g3q9&format=geojson,,,,,reviewed,0,776,us,p000g3q9,",choy20080412003012,gcmtc200804120030a,usp000g3q9,gcmt20080412003012,duputel200804120030a,iscgem13224811,",",choy,gcmt,us,gcmt,duputel,iscgem,",",focal-mechanism,general-text,impact-text,moment-tensor,origin,phase-data,poster,",541.0,,0.99,34.9,mwc,earthquake,M 7.1 - Macquarie Island region,Point,"[158.453, -55.664, 16]"
Feature,usp000g3eq,7.3,"71 km SW of Isangel, Vanuatu",1207745172720,1651523437983,,https://earthquake.usgs.gov/earthquakes/eventpage/usp000g3eq,https://earthquake.usgs.gov/fdsnws/event/1/query?eventid=usp000g3eq&format=geojson,,,5.674,,reviewed,0,820,us,p000g3eq,",choy20080409124612,gcmtc200804091246a,usp000g3eq,gcmt20080409124612,duputel200804091246a,atlas20080409124612,iscgem12942456,",",choy,gcmt,us,gcmt,duputel,atlas,iscgem,",",focal-mechanism,general-text,impact-text,moment-tensor,origin,phase-data,poster,shakemap,trump-shakemap,",486.0,,1.29,13.4,mwc,earthquake,"M 7.3 - 71 km SW of Isangel, Vanuatu",Point,"[168.892, -20.071, 33]"
Feature,usp000g1w2,7.2,"226 km SE of Hotan, China",1206052377930,1651526077954,,https://earthquake.usgs.gov/earthquakes/eventpage/usp000g1w2,https://earthquake.usgs.gov/fdsnws/event/1/query?eventid=usp000g1w2&format=geojson,,,7.475,,reviewed,0,798,us,p000g1w2,",choy20080320223257,gcmtc200803202233a,usp000g1w2,gcmt20080320223257,duputel200803202233a,atlas20080320223257,iscgem13493073,",",choy,gcmt,us,gcmt,duputel,atlas,iscgem,",",focal-mechanism,general-text,impact-text,moment-tensor,origin,phase-data,poster,shakemap,trump-shakemap,",532.0,,1.03,25.9,mwc,earthquake,"M 7.2 - 226 km SE of Hotan, China",Point,"[81.467, 35.49, 10]"
Feature,usp000fzx4,7.2,"164 km WSW of Sungai Penuh, Indonesia",1203928593030,1657747760073,,https://earthquake.usgs.gov/earthquakes/eventpage/usp000fzx4,https://earthquake.usgs.gov/fdsnws/event/1/query?eventid=usp000fzx4&format=geojson,83.0,4.1,6.813,,reviewed,0,832,us,p000fzx4,",usp000fzx4,us2008nwbg,choy20080225083633,gcmtc200802250836a,gcmt20080225083633,duputel200802250836a,atlas20080225083633,iscgem12942353,",",us,us,choy,gcmt,gcmt,duputel,atlas,iscgem,",",associate,dyfi,focal-mechanism,general-text,impact-text,moment-tensor,origin,phase-data,shakemap,trump-shakemap,",505.0,,1.22,18.4,mwc,earthquake,"M 7.2 - 164 km WSW of Sungai Penuh, Indonesia",Point,"[99.972, -2.486, 25]"
Feature,usp000fzau,7.4,"56 km NW of Sinabang, Indonesia",1203494910520,1702210128130,,https://earthquake.usgs.gov/earthquakes/eventpage/usp000fzau,https://earthquake.usgs.gov/fdsnws/event/1/query?eventid=usp000fzau&format=geojson,161.0,4.5,6.93,,reviewed,0,915,us,p000fzau,",usp000fzau,us2008nran,choy20080220080830,gcmtc200802200808a,gcmt20080220080830,duputel200802200808a,atlas20080220080830,iscgem13214445,",",us,us,choy,gcmt,gcmt,duputel,atlas,iscgem,",",associate,dyfi,finite-fault,focal-mechanism,general-text,impact-text,moment-tensor,origin,phase-data,shakemap,trump-shakemap,",607.0,,0.97,16.4,mwc,earthquake,"M 7.4 - 56 km NW of Sinabang, Indonesia",Point,"[95.964, 2.768, 26]"
Feature,usp000fuse,7.2,"207 km WSW of Adak, Alaska",1198056627930,1657654373524,,https://earthquake.usgs.gov/earthquakes/eventpage/usp000fuse,https://earthquake.usgs.gov/fdsnws/event/1/query?eventid=usp000fuse&format=geojson,5.0,2.2,,,reviewed,0,799,us,p000fuse,",usp000fuse,us2007lcaq,choy20071219093027,gcmtc200712190930a,duputel200712190930a,ak007g7y8wbv,iscgem13292574,",",us,us,choy,gcmt,duputel,ak,iscgem,",",associate,disassociate,dyfi,focal-mechanism,general-text,impact-text,moment-tensor,origin,phase-data,poster,",702.0,,0.96,15.9,mwc,earthquake,"M 7.2 - 207 km WSW of Adak, Alaska",Point,"[-179.509, 51.36, 34]"
Feature,usp000fu3q,7.8,south of the Fiji Islands,1197185300820,1657757426485,,https://earthquake.usgs.gov/earthquakes/eventpage/usp000fu3q,https://earthquake.usgs.gov/fdsnws/event/1/query?eventid=usp000fu3q&format=geojson,28.0,6.5,,,reviewed,0,954,us,p000fu3q,",usp000fu3q,us2007ksak,choy20071209072820,gcmtc200712090728a,gcmt20071209072820,duputel200712090728a,iscgem13285723,",",us,us,choy,gcmt,gcmt,duputel,iscgem,",",associate,dyfi,finite-fault,focal-mechanism,general-text,impact-text,moment-tensor,origin,phase-data,poster,",512.0,,1.12,11.8,mwc,earthquake,M 7.8 - south of the Fiji Islands,Point,"[-177.514, -25.996, 152.5]"
Feature,usp000ftj1,7.4,"18 km WNW of Basse-Pointe, Martinique",1196362820420,1657679868411,,https://earthquake.usgs.gov/earthquakes/eventpage/usp000ftj1,https://earthquake.usgs.gov/fdsnws/event/1/query?eventid=usp000ftj1&format=geojson,2318.0,7.0,6.6,,reviewed,0,1542,us,p000ftj1,",us2007kha5,usp000ftj1,choy20071129190019,gcmtc200711291900a,gcmt20071129190019,duputel200711291900a,iscgem13276920,atlas20071129190020,",",us,us,choy,gcmt,gcmt,duputel,iscgem,atlas,",",associate,dyfi,focal-mechanism,general-text,impact-text,moment-tensor,origin,phase-data,poster,shakemap,",663.0,,0.74,13.4,mwb,earthquake,"M 7.4 - 18 km WNW of Basse-Pointe, Martinique",Point,"[-61.274, 14.944, 156]"
Feature,usp000fshy,7.7,"36 km ESE of Tocopilla, Chile",1195054850530,1702209654469,,https://earthquake.usgs.gov/earthquakes/eventpage/usp000fshy,https://earthquake.usgs.gov/fdsnws/event/1/query?eventid=usp000fshy&format=geojson,102.0,8.3,7.284,,reviewed,0,997,us,p000fshy,",usp000fshy,us2007jsat,choy20071114154050,gcmtc200711141540a,duputel200711141540a,gcmt20071114154050,atlas20071114154053,iscgem13266131,",",us,us,choy,gcmt,duputel,gcmt,atlas,iscgem,",",associate,dyfi,finite-fault,focal-mechanism,general-text,impact-text,moment-tensor,origin,phase-data,poster,shakemap,trump-shakemap,",610.0,,1.11,22.4,mwc,earthquake,"M 7.7 - 36 km ESE of Tocopilla, Chile",Point,"[-69.89, -22.247, 40]"
Feature,usp000frnh,7.2,"Pagan region, Northern Mariana Islands",1193801415960,1657679984251,,https://earthquake.usgs.gov/earthquakes/eventpage/usp000frnh,https://earthquake.usgs.gov/fdsnws/event/1/query?eventid=usp000frnh&format=geojson,29.0,3.9,,,reviewed,0,809,us,p000frnh,",usp000frnh,us2007jdal,choy20071031033017,gcmtc200710310330a,gcmt20071031033017,duputel200710310330a,iscgem13253340,",",us,us,choy,gcmt,gcmt,duputel,iscgem,",",associate,dyfi,focal-mechanism,general-text,impact-text,moment-tensor,origin,phase-data,poster,",461.0,,1.09,19.4,mwb,earthquake,"M 7.2 - Pagan region, Northern Mariana Islands",Point,"[145.388, 18.9, 207]"
Feature,usp000fpgq,7.4,"Auckland Islands, New Zealand region",1191129814070,1657765720224,,https://earthquake.usgs.gov/earthquakes/eventpage/usp000fpgq,https://earthquake.usgs.gov/fdsnws/event/1/query?eventid=usp000fpgq&format=geojson,33.0,3.3,,,reviewed,0,853,us,p000fpgq,",usp000fpgq,us2007hxan,choy20070930052334,gcmtc200709300523a,gcmt20070930052334,duputel200709300523a,iscgem13204347,",",us,us,choy,gcmt,gcmt,duputel,iscgem,",",associate,dyfi,focal-mechanism,general-text,impact-text,moment-tensor,origin,phase-data,",499.0,,1.19,16.6,mwc,earthquake,"M 7.4 - Auckland Islands, New Zealand region",Point,"[164.115, -49.271, 10]"
Feature,usp000fpca,7.5,"Volcano Islands, Japan region",1190986737880,1657765819087,,https://earthquake.usgs.gov/earthquakes/eventpage/usp000fpca,https://earthquake.usgs.gov/fdsnws/event/1/query?eventid=usp000fpca&format=geojson,27.0,4.8,,,reviewed,0,878,us,p000fpca,",usp000fpca,us2007hvbq,choy20070928133859,gcmtc200709281338a,duputel200709281338a,iscgem13204251,",",us,us,choy,gcmt,duputel,iscgem,",",associate,disassociate,dyfi,finite-fault,focal-mechanism,general-text,impact-text,moment-tensor,origin,phase-data,poster,",558.0,,0.97,11.8,mwc,earthquake,"M 7.5 - Volcano Islands, Japan region",Point,"[142.668, 22.013, 260]"
Feature,usp000fn3d,7.0,"153 km SSW of Padang, Indonesia",1189654528720,1657767699974,,https://earthquake.usgs.gov/earthquakes/eventpage/usp000fn3d,https://earthquake.usgs.gov/fdsnws/event/1/query?eventid=usp000fn3d&format=geojson,37.0,3.8,6.749,,reviewed,0,768,us,p000fn3d,",us2007hfax,usp000fn3d,choy20070913033528,gcmtc200709130335a,gcmt20070913033528,iscgem13203381,atlas20070913033529,",",us,us,choy,gcmt,gcmt,iscgem,atlas,",",associate,dyfi,focal-mechanism,general-text,impact-text,moment-tensor,origin,phase-data,shakemap,trump-shakemap,",537.0,,1.04,23.1,mwc,earthquake,"M 7.0 - 153 km SSW of Padang, Indonesia",Point,"[99.627, -2.13, 22]"
Feature,usp000fn2b,7.9,"87 km SW of Sungai Penuh, Indonesia",1189640943720,1657768012110,,https://earthquake.usgs.gov/earthquakes/eventpage/usp000fn2b,https://earthquake.usgs.gov/fdsnws/event/1/query?eventid=usp000fn2b&format=geojson,230.0,7.5,7.05,,reviewed,0,1133,us,p000fn2b,",usp000fn2b,us2007hec6,choy20070912234903,gcmtc200709122348a,duputel200709122348a,gcmt20070912234903,iscgem13203366,atlas20070912234903,",",us,us,choy,gcmt,duputel,gcmt,iscgem,atlas,",",associate,dyfi,finite-fault,focal-mechanism,general-text,impact-text,moment-tensor,origin,phase-data,poster,shakemap,trump-shakemap,",446.0,,1.01,29.1,mwc,earthquake,"M 7.9 - 87 km SW of Sungai Penuh, Indonesia",Point,"[100.841, -2.625, 35]"
Feature,official20070912111026830_34,8.4,"122 km SW of Bengkulu, Indonesia",1189595426830,1657768227019,,https://earthquake.usgs.gov/earthquakes/eventpage/official20070912111026830_34,https://earthquake.usgs.gov/fdsnws/event/1/query?eventid=official20070912111026830_34&format=geojson,,,6.446,,reviewed,0,1086,official,20070912111026830_34,",us2007hear,usp000fmz4,choy20070912111026,gcmtc200709121110a,official20070912111026830_34,duputel200709121110a,gcmt20070912111026,iscgem13203322,atlas20070912111026,",",us,us,choy,gcmt,official,duputel,gcmt,iscgem,atlas,",",associate,finite-fault,focal-mechanism,general-header,general-text,impact-text,moment-tensor,origin,phase-data,shakemap,trump-impact-text,trump-origin,trump-phase-data,trump-shakemap,",411.0,,1.03,32.3,mww,earthquake,"M 8.4 - 122 km SW of Bengkulu, Indonesia",Point,"[101.367, -4.438, 34]"
Feature,usp000fm6b,7.2,"97 km S of Lata, Solomon Islands",1188695118150,1651523589345,,https://earthquake.usgs.gov/earthquakes/eventpage/usp000fm6b,https://earthquake.usgs.gov/fdsnws/event/1/query?eventid=usp000fm6b&format=geojson,,,5.27,,reviewed,0,798,us,p000fm6b,",choy20070902010518,gcmtc200709020105a,usp000fm6b,gcmt20070902010518,duputel200709020105a,atlas20070902010518,iscgem12955897,",",choy,gcmt,us,gcmt,duputel,atlas,iscgem,",",focal-mechanism,general-text,impact-text,moment-tensor,origin,phase-data,poster,shakemap,trump-shakemap,",312.0,,1.31,21.3,mwc,earthquake,"M 7.2 - 97 km S of Lata, Solomon Islands",Point,"[165.762, -11.61, 35]"
Feature,usp000fjta,8.0,"41 km SW of San Vicente de Cañete, Peru",1187221257890,1702209185034,,https://earthquake.usgs.gov/earthquakes/eventpage/usp000fjta,https://earthquake.usgs.gov/fdsnws/event/1/query?eventid=usp000fjta&format=geojson,461.0,8.7,7.911,,reviewed,0,1386,us,p000fjta,",usp000fjta,us2007gbcv,choy20070815234057,gcmtc200708152340a,duputel200708152340a,atlas20070815234058,iscgem12804735,",",us,us,choy,gcmt,duputel,atlas,iscgem,",",associate,dyfi,finite-fault,focal-mechanism,general-text,ground-failure,impact-text,moment-tensor,origin,phase-data,poster,shakemap,trump-shakemap,",625.0,,0.86,25.7,mwc,earthquake,"M 8.0 - 41 km SW of San Vicente de Cañete, Peru",Point,"[-76.603, -13.386, 39]"
Feature,usp000fj6k,7.5,"35 km NNE of Rengasdengklok, Indonesia",1186592704920,1652123558751,,https://earthquake.usgs.gov/earthquakes/eventpage/usp000fj6k,https://earthquake.usgs.gov/fdsnws/event/1/query?eventid=usp000fj6k&format=geojson,,,5.342,,reviewed,0,865,us,p000fj6k,",choy20070808170005,usp000fj6k,iscgemsup13665141,",",choy,us,iscgemsup,",",associate,finite-fault,focal-mechanism,general-text,impact-text,moment-tensor,origin,phase-data,poster,shakemap,",228.0,,1.13,30.7,mwc,earthquake,"M 7.5 - 35 km NNE of Rengasdengklok, Indonesia",Point,"[107.419, -5.859, 280]"
Feature,usp000fhm9,7.2,"56 km E of Luganville, Vanuatu",1185988131400,1657775754830,,https://earthquake.usgs.gov/earthquakes/eventpage/usp000fhm9,https://earthquake.usgs.gov/fdsnws/event/1/query?eventid=usp000fhm9&format=geojson,7.0,7.3,6.743,,reviewed,0,803,us,p000fhm9,",usp000fhm9,us2007fmba,choy20070801170851,gcmtc200708011708a,gcmt20070801170851,duputel200708011708a,iscgem13199686,atlas20070801170851,",",us,us,choy,gcmt,gcmt,duputel,iscgem,atlas,",",associate,dyfi,focal-mechanism,general-text,impact-text,moment-tensor,origin,phase-data,poster,shakemap,trump-shakemap,",494.0,,1.14,20.4,mwb,earthquake,"M 7.2 - 56 km E of Luganville, Vanuatu",Point,"[167.68, -15.595, 120]"
Feature,usp000f83m,8.1,"45 km SSE of Gizo, Solomon Islands",1175459998710,1657782092418,,https://earthquake.usgs.gov/earthquakes/eventpage/usp000f83m,https://earthquake.usgs.gov/fdsnws/event/1/query?eventid=usp000f83m&format=geojson,18.0,8.6,8.228,,reviewed,0,1025,us,p000f83m,",us2007aqbk,usp000f83m,choy20070401203956,gcmtc200704012039a,duputel200704012039a,gcmt20070401203956,atlas20070401203956,iscgem11912481,",",us,us,choy,gcmt,duputel,gcmt,atlas,iscgem,",",associate,dyfi,finite-fault,focal-mechanism,general-text,ground-failure,impact-text,moment-tensor,origin,phase-data,poster,shakemap,trump-shakemap,",439.0,,1.32,14.7,mwc,earthquake,"M 8.1 - 45 km SSE of Gizo, Solomon Islands",Point,"[157.043, -8.466, 24]"
Feature,usp000f7b4,7.1,"119 km S of Isangel, Vanuatu",1174783201610,1657782807595,,https://earthquake.usgs.gov/earthquakes/eventpage/usp000f7b4,https://earthquake.usgs.gov/fdsnws/event/1/query?eventid=usp000f7b4&format=geojson,11.0,3.0,5.658,,reviewed,0,779,us,p000f7b4,",usp000f7b4,us2007aiaf,choy20070325004001,gcmtc200703250040a,duputel200703250040a,gcmt20070325004001,iscgem11703271,atlas20070325004001,",",us,us,choy,gcmt,duputel,gcmt,iscgem,atlas,",",associate,dyfi,focal-mechanism,general-text,impact-text,moment-tensor,origin,phase-data,shakemap,trump-shakemap,",426.0,,1.0,25.3,mwb,earthquake,"M 7.1 - 119 km S of Isangel, Vanuatu",Point,"[169.357, -20.617, 34]"
Feature,usp000f34b,7.5,"126 km WNW of Ternate, Indonesia",1169378865060,1657786139870,,https://earthquake.usgs.gov/earthquakes/eventpage/usp000f34b,https://earthquake.usgs.gov/fdsnws/event/1/query?eventid=usp000f34b&format=geojson,13.0,6.4,5.125,,reviewed,0,874,us,p000f34b,",us2007xvam,usp000f34b,choy20070121112745,gcmtc200701211127a,duputel200701211127a,gcmt20070121112745,iscgem10391634,atlas20070121112744,",",us,us,choy,gcmt,duputel,gcmt,iscgem,atlas,",",associate,dyfi,finite-fault,focal-mechanism,general-text,impact-text,moment-tensor,origin,phase-data,poster,shakemap,trump-shakemap,",570.0,,1.22,21.6,mwc,earthquake,"M 7.5 - 126 km WNW of Ternate, Indonesia",Point,"[126.282, 1.065, 22]"
Feature,usp000f2ab,8.1,east of the Kuril Islands,1168662201160,1657786553956,,https://earthquake.usgs.gov/earthquakes/eventpage/usp000f2ab,https://earthquake.usgs.gov/fdsnws/event/1/query?eventid=usp000f2ab&format=geojson,59.0,4.1,5.033,,reviewed,0,1034,us,p000f2ab,",us2007xmae,usp000f2ab,choy20070113042321,gcmtc200701130423a,duputel200701130423a,gcmt20070113042321,iscgem10385751,",",us,us,choy,gcmt,duputel,gcmt,iscgem,",",associate,dyfi,finite-fault,focal-mechanism,general-text,impact-text,moment-tensor,origin,phase-data,poster,shakemap,",606.0,,1.12,14.0,mwc,earthquake,M 8.1 - east of the Kuril Islands,Point,"[154.524, 46.243, 10]"
Feature,usp000f114,7.1,"30 km SW of Hengchun, Taiwan",1167135981140,1660025424622,,https://earthquake.usgs.gov/earthquakes/eventpage/usp000f114,https://earthquake.usgs.gov/fdsnws/event/1/query?eventid=usp000f114&format=geojson,317.0,7.8,6.503,,reviewed,0,1023,us,p000f114,",us2006wtai,usp000f114,choy20061226122621,gcmtc200612261226a,gcmt20061226122621,duputel200612261226a,iscgem11123554,atlas20061226122622,",",us,us,choy,gcmt,gcmt,duputel,iscgem,atlas,",",associate,dyfi,focal-mechanism,general-text,impact-text,moment-tensor,origin,phase-data,poster,shakemap,trump-shakemap,",744.0,,1.0,29.1,mwb,earthquake,"M 7.1 - 30 km SW of Hengchun, Taiwan",Point,"[120.547, 21.799, 10]"
Feature,usp000exfn,8.3,Kuril Islands,1163589253570,1664008418884,,https://earthquake.usgs.gov/earthquakes/eventpage/usp000exfn,https://earthquake.usgs.gov/fdsnws/event/1/query?eventid=usp000exfn&format=geojson,12.0,3.8,6.9,,reviewed,0,1064,us,p000exfn,",usp000exfn,us2006vcam,choy20061115111413,gcmtm200611151114a,duputel200611151114a,gcmt20061115111417,iscgem9235276,atlas20061115111413,",",us,us,choy,gcmt,duputel,gcmt,iscgem,atlas,",",associate,dyfi,finite-fault,focal-mechanism,general-text,impact-text,moment-tensor,origin,phase-data,poster,shakemap,",576.0,,1.07,20.9,mwc,earthquake,M 8.3 - Kuril Islands,Point,"[153.266, 46.592, 10]"
Feature,usp000erc2,7.0,Scotia Sea,1156045308040,1651505717371,,https://earthquake.usgs.gov/earthquakes/eventpage/usp000erc2,https://earthquake.usgs.gov/fdsnws/event/1/query?eventid=usp000erc2&format=geojson,,,,,reviewed,0,754,us,p000erc2,",choy20060820034147,gcmtc200608200341a,usp000erc2,gcmt20060820034147,duputel200608200341a,iscgem10699978,",",choy,gcmt,us,gcmt,duputel,iscgem,",",focal-mechanism,general-text,impact-text,moment-tensor,origin,phase-data,poster,",322.0,,1.01,27.1,mwb,earthquake,M 7.0 - Scotia Sea,Point,"[-34.371, -61.029, 13]"
Feature,usp000ensm,7.7,"226 km SSW of Singaparna, Indonesia",1153124366680,1657795606015,,https://earthquake.usgs.gov/earthquakes/eventpage/usp000ensm,https://earthquake.usgs.gov/fdsnws/event/1/query?eventid=usp000ensm&format=geojson,48.0,7.3,4.958,,reviewed,0,947,us,p000ensm,",usp000ensm,us2006qgaf,duputel200607170819a,iscgem10699442,choy20060717081928,gcmtm200607170819a,gcmt20060717081928,atlas20060717081928,",",us,us,duputel,iscgem,choy,gcmt,gcmt,atlas,",",associate,disassociate,dyfi,finite-fault,focal-mechanism,general-text,impact-text,moment-tensor,origin,phase-data,poster,shakemap,trump-shakemap,",357.0,,1.16,36.8,mwc,earthquake,"M 7.7 - 226 km SSW of Singaparna, Indonesia",Point,"[107.419, -9.284, 20]"
Feature,usp000eh87,7.4,Kermadec Islands region,1147775963340,1657797775220,,https://earthquake.usgs.gov/earthquakes/eventpage/usp000eh87,https://earthquake.usgs.gov/fdsnws/event/1/query?eventid=usp000eh87&format=geojson,44.0,5.9,,,reviewed,0,868,us,p000eh87,",us2006muah,usp000eh87,choy20060516103923,gcmtc200605161039a,duputel200605161039a,gcmt20060516103923,iscgem10698463,",",us,us,choy,gcmt,duputel,gcmt,iscgem,",",associate,dyfi,focal-mechanism,general-text,impact-text,moment-tensor,origin,phase-data,poster,",613.0,,1.32,19.7,mwb,earthquake,M 7.4 - Kermadec Islands region,Point,"[-179.307, -31.81, 152]"
Feature,usp000eg5g,8.0,"47 km SSE of Pangai, Tonga",1146670000290,1657798382464,,https://earthquake.usgs.gov/earthquakes/eventpage/usp000eg5g,https://earthquake.usgs.gov/fdsnws/event/1/query?eventid=usp000eg5g&format=geojson,40.0,7.1,6.523,,reviewed,0,1013,us,p000eg5g,",iscgem10698255,us2006mgas,usp000eg5g,duputel200605031527a,choy20060503152640,gcmtc200605031527a,gcmt20060503152640,atlas20060503152640,",",iscgem,us,us,duputel,choy,gcmt,gcmt,atlas,",",associate,disassociate,dyfi,finite-fault,focal-mechanism,general-text,impact-text,moment-tensor,origin,phase-data,poster,shakemap,",626.0,,1.18,20.7,mwc,earthquake,"M 8.0 - 47 km SSE of Pangai, Tonga",Point,"[-174.123, -20.187, 55]"
Feature,usp000ef1h,7.6,"80 km NE of Tilichiki, Russia",1145575502150,1651505382339,,https://earthquake.usgs.gov/earthquakes/eventpage/usp000ef1h,https://earthquake.usgs.gov/fdsnws/event/1/query?eventid=usp000ef1h&format=geojson,,,7.782,,reviewed,0,889,us,p000ef1h,",usp000ef1h,choy20060420232502,gcmtc200604202325a,duputel200604202325a,gcmt20060420232502,iscgem10697894,atlas20060420232502,",",us,choy,gcmt,duputel,gcmt,iscgem,atlas,",",finite-fault,focal-mechanism,general-text,impact-text,moment-tensor,origin,phase-data,poster,shakemap,trump-shakemap,",579.0,,0.87,18.5,mwc,earthquake,"M 7.6 - 80 km NE of Tilichiki, Russia",Point,"[167.089, 60.949, 22]"
Feature,usp000eamh,7.0,"160 km SE of Chipinge, Zimbabwe",1140646747800,1657801596170,,https://earthquake.usgs.gov/earthquakes/eventpage/usp000eamh,https://earthquake.usgs.gov/fdsnws/event/1/query?eventid=usp000eamh&format=geojson,268.0,5.1,8.758,,reviewed,0,891,us,p000eamh,",us2006jlca,usp000eamh,choy20060222221907,gcmtc200602222219a,duputel200602222219a,gcmt20060222221907,atlas20060222221907,iscgem8096170,",",us,us,choy,gcmt,duputel,gcmt,atlas,iscgem,",",associate,dyfi,focal-mechanism,general-text,ground-failure,impact-text,moment-tensor,origin,phase-data,poster,shakemap,trump-shakemap,",412.0,,1.37,23.2,mwb,earthquake,"M 7.0 - 160 km SE of Chipinge, Zimbabwe",Point,"[33.583, -21.324, 11]"
Feature,usp000e8ys,7.6,"196 km S of Ambon, Indonesia",1138381133670,1657802203741,,https://earthquake.usgs.gov/earthquakes/eventpage/usp000e8ys,https://earthquake.usgs.gov/fdsnws/event/1/query?eventid=usp000e8ys&format=geojson,74.0,4.3,,,reviewed,0,920,us,p000e8ys,",us2006ika7,usp000e8ys,choy20060127165853,gcmtm200601271658a,gcmt20060127165853,duputel200601271658a,iscgem8079410,",",us,us,choy,gcmt,gcmt,duputel,iscgem,",",associate,dyfi,focal-mechanism,general-text,impact-text,moment-tensor,origin,phase-data,poster,",560.0,,0.88,22.3,mwc,earthquake,"M 7.6 - 196 km S of Ambon, Indonesia",Point,"[128.131, -5.473, 397]"
Feature,usp000e7f0,7.2,Fiji region,1136240020490,1651515071513,,https://earthquake.usgs.gov/earthquakes/eventpage/usp000e7f0,https://earthquake.usgs.gov/fdsnws/event/1/query?eventid=usp000e7f0&format=geojson,,,,,reviewed,0,798,us,p000e7f0,",choy20060102221340,gcmtm200601022213a,usp000e7f0,gcmt20060102221340,duputel200601022213a,atlas20060102221341,iscgem8029697,",",choy,gcmt,us,gcmt,duputel,atlas,iscgem,",",focal-mechanism,general-text,impact-text,moment-tensor,origin,phase-data,",646.0,,1.11,18.7,mwc,earthquake,M 7.2 - Fiji region,Point,"[-178.178, -19.926, 582.9]"
Feature,usp000e7dd,7.4,east of the South Sandwich Islands,1136182249760,1651515057218,,https://earthquake.usgs.gov/earthquakes/eventpage/usp000e7dd,https://earthquake.usgs.gov/fdsnws/event/1/query?eventid=usp000e7dd&format=geojson,,,,,reviewed,0,842,us,p000e7dd,",choy20060102061049,gcmtm200601020610a,usp000e7dd,gcmt20060102061049,duputel200601020610a,iscgem7997740,",",choy,gcmt,us,gcmt,duputel,iscgem,",",focal-mechanism,general-text,impact-text,moment-tensor,origin,phase-data,",271.0,,1.28,18.8,mwc,earthquake,M 7.4 - east of the South Sandwich Islands,Point,"[-21.606, -60.957, 13]"
Feature,usp000e462,7.0,"293 km ESE of Kamaishi, Japan",1132004331420,1657805888725,,https://earthquake.usgs.gov/earthquakes/eventpage/usp000e462,https://earthquake.usgs.gov/fdsnws/event/1/query?eventid=usp000e462&format=geojson,190.0,4.3,,,reviewed,0,836,us,p000e462,",usp000e462,us2005fkbr,choy20051114213851,gcmtc200511142138a,gcmt20051114213851,duputel200511142138a,iscgem7720514,",",us,us,choy,gcmt,gcmt,duputel,iscgem,",",associate,dyfi,focal-mechanism,general-text,impact-text,moment-tensor,origin,phase-data,",699.0,,0.86,21.4,mwc,earthquake,"M 7.0 - 293 km ESE of Kamaishi, Japan",Point,"[144.896, 38.107, 11]"
Feature,usp000e12e,7.6,"21 km NNE of Muzaffar?b?d, Pakistan",1128743440800,1675109196750,,https://earthquake.usgs.gov/earthquakes/eventpage/usp000e12e,https://earthquake.usgs.gov/fdsnws/event/1/query?eventid=usp000e12e&format=geojson,416.0,9.1,8.776,,reviewed,0,1267,us,p000e12e,",us2005dyae,usp000e12e,choy20051008035040,gcmtc200510080350a,duputel200510080350a,gcmt20051008035040,atlas20051008035040,iscgem7703077,",",us,us,choy,gcmt,duputel,gcmt,atlas,iscgem,",",associate,dyfi,finite-fault,focal-mechanism,general-text,ground-failure,impact-text,moment-tensor,origin,phase-data,poster,shakemap,trump-shakemap,",724.0,,0.9,21.1,mwc,earthquake,"M 7.6 - 21 km NNE of Muzaffar?b?d, Pakistan",Point,"[73.588, 34.539, 26]"
Feature,usp000e09h,7.5,"39 km NW of Yurimaguas, Peru",1127699737670,1657809630080,,https://earthquake.usgs.gov/earthquakes/eventpage/usp000e09h,https://earthquake.usgs.gov/fdsnws/event/1/query?eventid=usp000e09h&format=geojson,193.0,7.9,7.23,,reviewed,0,1018,us,p000e09h,",us2005dlad,usp000e09h,choy20050926015537,gcmtc200509260155a,duputel200509260155a,gcmt20050926015537,iscgem7951634,atlas20050926015538,",",us,us,choy,gcmt,duputel,gcmt,iscgem,atlas,",",associate,dyfi,finite-fault,focal-mechanism,general-text,impact-text,moment-tensor,origin,phase-data,poster,shakemap,trump-shakemap,",696.0,,0.88,26.2,mwb,earthquake,"M 7.5 - 39 km NW of Yurimaguas, Peru",Point,"[-76.398, -5.678, 115]"
Feature,usp000dz2j,7.6,"135 km E of Kokopo, Papua New Guinea",1126250803730,1657810455306,,https://earthquake.usgs.gov/earthquakes/eventpage/usp000dz2j,https://earthquake.usgs.gov/fdsnws/event/1/query?eventid=usp000dz2j&format=geojson,4.0,5.4,7.323,,reviewed,0,891,us,p000dz2j,",usp000dz2j,us2005cuah,duputel200509090726a,iscgem7519857,choy20050909072643,gcmtc200509090726a,atlas20050909072644,",",us,us,duputel,iscgem,choy,gcmt,atlas,",",associate,disassociate,dyfi,finite-fault,focal-mechanism,general-text,impact-text,moment-tensor,origin,phase-data,poster,shakemap,trump-shakemap,",502.0,,1.04,20.0,mwc,earthquake,"M 7.6 - 135 km E of Kokopo, Papua New Guinea",Point,"[153.474, -4.539, 90]"
Feature,usp000dxe2,7.2,"66 km ESE of Ishinomaki, Japan",1124160388400,1659548452745,,https://earthquake.usgs.gov/earthquakes/eventpage/usp000dxe2,https://earthquake.usgs.gov/fdsnws/event/1/query?eventid=usp000dxe2&format=geojson,425.0,7.2,6.536,,reviewed,0,1104,us,p000dxe2,",usp000dxe2,atlas20050816024600,atlas20050816024628,us2005bvae,choy20050816024628,gcmtc200508160246a,duputel200508160246a,iscgem7396432,",",us,atlas,atlas,us,choy,gcmt,duputel,iscgem,",",associate,dyfi,finite-fault,focal-mechanism,general-text,impact-text,moment-tensor,origin,phase-data,poster,shakemap,trump-shakemap,",698.0,,0.95,19.6,mwc,earthquake,"M 7.2 - 66 km ESE of Ishinomaki, Japan",Point,"[142.039, 38.276, 36]"
Feature,usp000dvtc,7.2,"Nicobar Islands, India region",1122219726210,1657812148618,,https://earthquake.usgs.gov/earthquakes/eventpage/usp000dvtc,https://earthquake.usgs.gov/fdsnws/event/1/query?eventid=usp000dvtc&format=geojson,25.0,4.3,5.104,,reviewed,0,808,us,p000dvtc,",us2005axay,usp000dvtc,choy20050724154206,gcmtc200507241542a,duputel200507241542a,gcmt20050724154206,atlas20050724154206,iscgem7364938,",",us,us,choy,gcmt,duputel,gcmt,atlas,iscgem,",",associate,dyfi,focal-mechanism,general-text,impact-text,moment-tensor,origin,phase-data,poster,shakemap,trump-shakemap,",636.0,,0.93,26.4,mwc,earthquake,"M 7.2 - Nicobar Islands, India region",Point,"[92.19, 7.92, 16]"
Feature,usp000dt25,7.2,"153 km W of Big Lagoon, California",1118803854190,1659997351380,,https://earthquake.usgs.gov/earthquakes/eventpage/usp000dt25,https://earthquake.usgs.gov/fdsnws/event/1/query?eventid=usp000dt25&format=geojson,2901.0,5.2,3.882,,reviewed,0,1318,us,p000dt25,",usp000dt25,iscgem7143782,choy20050615025053,gcmtc200506150250a,nc21462362,duputel200506150250a,gcmt20050615025053,atlas20050615025053,",",us,iscgem,choy,gcmt,nc,duputel,gcmt,atlas,",",associate,dyfi,finite-fault,focal-mechanism,general-text,impact-text,moment-tensor,nearby-cities,origin,phase-data,poster,shakemap,trump-origin,trump-shakemap,",420.0,,1.2,31.4,mwc,earthquake,"M 7.2 - 153 km W of Big Lagoon, California",Point,"[-125.953, 41.292, 16]"
Feature,usp000dsw1,7.8,"102 km ENE of Iquique, Chile",1118702673900,1707874207638,,https://earthquake.usgs.gov/earthquakes/eventpage/usp000dsw1,https://earthquake.usgs.gov/fdsnws/event/1/query?eventid=usp000dsw1&format=geojson,114.0,9.1,7.018,,reviewed,0,1040,us,p000dsw1,",us2005zgbu,usp000dsw1,choy20050613224433,gcmtc200506132244a,duputel200506132244a,gcmt20050613224433,iscgem7143508,atlas20050613224432,",",us,us,choy,gcmt,duputel,gcmt,iscgem,atlas,",",associate,dyfi,finite-fault,focal-mechanism,general-text,ground-failure,impact-text,moment-tensor,origin,phase-data,poster,shakemap,trump-shakemap,",714.0,,1.01,16.1,mwb,earthquake,"M 7.8 - 102 km ENE of Iquique, Chile",Point,"[-69.197, -19.987, 115.6]"
Feature,official20050328160936530_30,8.6,"78 km WSW of Singkil, Indonesia",1112026176530,1657818493141,,https://earthquake.usgs.gov/earthquakes/eventpage/official20050328160936530_30,https://earthquake.usgs.gov/fdsnws/event/1/query?eventid=official20050328160936530_30&format=geojson,,,8.475,,reviewed,0,1138,official,20050328160936530_30,",us2005weax,usp000dk85,choy20050328160936,gcmtc200503281609a,official20050328160936530_30,gcmt20050328160936,duputel200503281609a,atlas20050328160936,iscgem7486110,",",us,us,choy,gcmt,official,gcmt,duputel,atlas,iscgem,",",associate,finite-fault,focal-mechanism,general-text,impact-text,moment-tensor,origin,phase-data,poster,shakemap,trump-impact-text,trump-origin,trump-phase-data,trump-shakemap,",510.0,,0.91,22.1,mww,earthquake,"M 8.6 - 78 km WSW of Singkil, Indonesia",Point,"[97.108, 2.085, 30]"
Feature,usp000dhc1,7.1,Banda Sea,1109760132230,1651514758965,,https://earthquake.usgs.gov/earthquakes/eventpage/usp000dhc1,https://earthquake.usgs.gov/fdsnws/event/1/query?eventid=usp000dhc1&format=geojson,,,5.375,,reviewed,0,776,us,p000dhc1,",usp000dhc1,choy20050302104212,gcmtc200503021042a,gcmt20050302104212,duputel200503021042a,iscgem7736896,",",us,choy,gcmt,gcmt,duputel,iscgem,",",associate,focal-mechanism,general-text,impact-text,moment-tensor,origin,phase-data,poster,shakemap,",569.0,,1.16,18.1,mwb,earthquake,M 7.1 - Banda Sea,Point,"[129.933, -6.527, 201.7]"
Feature,usp000dfj2,7.1,"138 km SW of Palimbang, Philippines",1107606198940,1657822557254,,https://earthquake.usgs.gov/earthquakes/eventpage/usp000dfj2,https://earthquake.usgs.gov/fdsnws/event/1/query?eventid=usp000dfj2&format=geojson,9.0,7.2,3.316,,reviewed,0,782,us,p000dfj2,",us2005uda2,usp000dfj2,choy20050205122318,gcmtc200502051223a,duputel200502051223a,gcmt20050205122318,iscgem7470115,atlas20050205122319,",",us,us,choy,gcmt,duputel,gcmt,iscgem,atlas,",",associate,dyfi,focal-mechanism,general-text,impact-text,moment-tensor,origin,phase-data,shakemap,trump-shakemap,",640.0,,1.14,26.4,mwc,earthquake,"M 7.1 - 138 km SW of Palimbang, Philippines",Point,"[123.337, 5.293, 525]"
Feature,usp000dbg6,7.2,"284 km WNW of Sabang, Indonesia",1104034889810,1657825361855,,https://earthquake.usgs.gov/earthquakes/eventpage/usp000dbg6,https://earthquake.usgs.gov/fdsnws/event/1/query?eventid=usp000dbg6&format=geojson,10.0,4.5,5.543,,reviewed,0,802,us,p000dbg6,",usp000dbg6,us2004smax,gcmtc122604b,gcmt20041226042129,atlas20041226042127,iscgem7453532,",",us,us,gcmt,gcmt,atlas,iscgem,",",associate,dyfi,focal-mechanism,general-text,impact-text,moment-tensor,origin,phase-data,shakemap,trump-shakemap,",385.0,,1.0,27.9,mwc,earthquake,"M 7.2 - 284 km WNW of Sabang, Indonesia",Point,"[92.958, 6.91, 39.2]"
Feature,official20041226005853450_30,9.1,2004 Sumatra - Andaman Islands Earthquake,1104022733450,1672785162708,,https://earthquake.usgs.gov/earthquakes/eventpage/official20041226005853450_30,https://earthquake.usgs.gov/fdsnws/event/1/query?eventid=official20041226005853450_30&format=geojson,,,7.909,,reviewed,0,1274,official,20041226005853450_30,",us2004slav,official20041226005853450_30,duputel122604a,choy20041226005853,gcmtm122604a,usp000dbed,gcmt20041226005850,atlas20041226005853,iscgem7453151,",",us,official,duputel,choy,gcmt,us,gcmt,atlas,iscgem,",",associate,finite-fault,focal-mechanism,general-header,general-text,impact-text,moment-tensor,origin,phase-data,poster,shakemap,trump-origin,trump-shakemap,",601.0,,1.17,22.0,mw,earthquake,M 9.1 - 2004 Sumatra - Andaman Islands Earthquake,Point,"[95.982, 3.295, 30]"
Feature,usp000db93,8.1,north of Macquarie Island,1103813944410,1651513104182,,https://earthquake.usgs.gov/earthquakes/eventpage/usp000db93,https://earthquake.usgs.gov/fdsnws/event/1/query?eventid=usp000db93&format=geojson,,,4.701,,reviewed,0,1009,us,p000db93,",usp000db93,choy20041223145904,gcmtm122304a,gcmt20041223145904,duputel122304a,iscgem7451126,",",us,choy,gcmt,gcmt,duputel,iscgem,",",associate,finite-fault,focal-mechanism,general-text,impact-text,moment-tensor,origin,phase-data,shakemap,",331.0,,1.12,59.3,mwc,earthquake,M 8.1 - north of Macquarie Island,Point,"[161.345, -49.312, 10]"
Feature,usp000d9h1,7.0,"51 km SW of Nemuro, Japan",1101666734130,1657826830702,,https://earthquake.usgs.gov/earthquakes/eventpage/usp000d9h1,https://earthquake.usgs.gov/fdsnws/event/1/query?eventid=usp000d9h1&format=geojson,42.0,4.1,7.209,,reviewed,0,771,us,p000d9h1,",usp000d9h1,atlas20041128183214,us2004rjap,choy20041128183214,gcmtc112804i,duputel112804i,iscgem7443145,",",us,atlas,us,choy,gcmt,duputel,iscgem,",",associate,dyfi,focal-mechanism,general-text,impact-text,moment-tensor,origin,phase-data,poster,shakemap,trump-shakemap,",929.0,,0.79,23.9,mwb,earthquake,"M 7.0 - 51 km SW of Nemuro, Japan",Point,"[145.119, 43.006, 39]"
Feature,usp000d975,7.1,"29 km SSW of Nabire, Indonesia",1101435903310,1651512880942,,https://earthquake.usgs.gov/earthquakes/eventpage/usp000d975,https://earthquake.usgs.gov/fdsnws/event/1/query?eventid=usp000d975&format=geojson,,,6.821,,reviewed,0,776,us,p000d975,",choy20041126022503,gcmtc112604a,usp000d975,gcmt20041126022503,duputel112604a,atlas20041126022505,iscgem7441772,",",choy,gcmt,us,gcmt,duputel,atlas,iscgem,",",focal-mechanism,general-text,impact-text,moment-tensor,origin,phase-data,poster,shakemap,trump-shakemap,",439.0,,1.18,28.8,mwc,earthquake,"M 7.1 - 29 km SSW of Nabire, Indonesia",Point,"[135.404, -3.609, 10]"
Feature,usp000d8ze,7.1,"255 km W of Riverton, New Zealand",1101155183900,1657827189955,,https://earthquake.usgs.gov/earthquakes/eventpage/usp000d8ze,https://earthquake.usgs.gov/fdsnws/event/1/query?eventid=usp000d8ze&format=geojson,12.0,5.1,4.709,,reviewed,0,782,us,p000d8ze,",usp000d8ze,us2004rdbs,choy20041122202623,gcmtc112204c,gcmt20041122202623,duputel112204c,iscgem7440391,",",us,us,choy,gcmt,gcmt,duputel,iscgem,",",associate,dyfi,focal-mechanism,general-text,impact-text,moment-tensor,origin,phase-data,poster,shakemap,",585.0,,1.13,14.7,mwc,earthquake,"M 7.1 - 255 km W of Riverton, New Zealand",Point,"[164.721, -46.676, 10]"
Feature,usp000d8gx,7.2,"32 km SSW of Pizarro, Colombia",1100509616560,1657827790614,,https://earthquake.usgs.gov/earthquakes/eventpage/usp000d8gx,https://earthquake.usgs.gov/fdsnws/event/1/query?eventid=usp000d8gx&format=geojson,28.0,8.0,7.601,,reviewed,0,820,us,p000d8gx,",us2004qwat,usp000d8gx,choy20041115090656,duputel111504c,gcmt20041115090656,iscgem7436588,atlas20041115090656,",",us,us,choy,duputel,gcmt,iscgem,atlas,",",associate,dyfi,focal-mechanism,general-text,impact-text,moment-tensor,origin,phase-data,poster,shakemap,trump-shakemap,",708.0,,0.9,50.2,mwb,earthquake,"M 7.2 - 32 km SSW of Pizarro, Colombia",Point,"[-77.508, 4.695, 15]"
Feature,usp000d85g,7.5,"63 km NW of Maubara, Timor Leste",1100208401150,1657827932524,,https://earthquake.usgs.gov/earthquakes/eventpage/usp000d85g,https://earthquake.usgs.gov/fdsnws/event/1/query?eventid=usp000d85g&format=geojson,9.0,4.8,6.84,,reviewed,0,870,us,p000d85g,",usp000d85g,us2004qsci,choy20041111212641,gcmtc111104m,duputel111104m,atlas20041111212641,iscgem7434650,",",us,us,choy,gcmt,duputel,atlas,iscgem,",",associate,dyfi,finite-fault,focal-mechanism,general-text,impact-text,moment-tensor,origin,phase-data,poster,shakemap,trump-shakemap,",301.0,,1.07,33.8,mwc,earthquake,"M 7.5 - 63 km NW of Maubara, Timor Leste",Point,"[124.868, -8.152, 10]"
Feature,usp000d63h,7.0,"43 km SSW of Masachapa, Nicaragua",1097357213690,1651512621015,,https://earthquake.usgs.gov/earthquakes/eventpage/usp000d63h,https://earthquake.usgs.gov/fdsnws/event/1/query?eventid=usp000d63h&format=geojson,,,6.044,,reviewed,0,754,us,p000d63h,",choy20041009212653,gcmtc100904e,usp000d63h,duputel100904e,gcmt20041009212653,atlas20041009212653,iscgem7417181,",",choy,gcmt,us,duputel,gcmt,atlas,iscgem,",",focal-mechanism,general-text,impact-text,moment-tensor,origin,phase-data,poster,shakemap,trump-shakemap,",441.0,,1.1,32.2,mwc,earthquake,"M 7.0 - 43 km SSW of Masachapa, Nicaragua",Point,"[-86.665, 11.422, 35]"
Feature,usp000d3mb,7.4,"118 km ESE of Shing?, Japan",1094396238610,1651512317719,,https://earthquake.usgs.gov/earthquakes/eventpage/usp000d3mb,https://earthquake.usgs.gov/fdsnws/event/1/query?eventid=usp000d3mb&format=geojson,,,5.081,,reviewed,0,842,us,p000d3mb,",atlas20040905145700,atlas20040905145718,choy20040905145718,gcmtc090504d,usp000d3mb,duputel090504d,iscgem7398386,",",atlas,atlas,choy,gcmt,us,duputel,iscgem,",",associate,focal-mechanism,general-text,impact-text,moment-tensor,origin,phase-data,shakemap,trump-shakemap,",594.0,,0.91,27.5,mwb,earthquake,"M 7.4 - 118 km ESE of Shing?, Japan",Point,"[137.071, 33.184, 10]"
Feature,usp000d3ka,7.2,"94 km SE of Shing?, Japan",1094378827820,1651512316236,,https://earthquake.usgs.gov/earthquakes/eventpage/usp000d3ka,https://earthquake.usgs.gov/fdsnws/event/1/query?eventid=usp000d3ka&format=geojson,,,4.784,,reviewed,0,798,us,p000d3ka,",choy20040905100707,gcmtc090504a,usp000d3ka,gcmt20040905100707,duputel090504a,atlas20040905100707,iscgem7398298,",",choy,gcmt,us,gcmt,duputel,atlas,iscgem,",",focal-mechanism,general-text,impact-text,moment-tensor,origin,phase-data,shakemap,trump-shakemap,",643.0,,0.89,28.4,mwc,earthquake,"M 7.2 - 94 km SE of Shing?, Japan",Point,"[136.618, 33.07, 14]"
Feature,usp000d0v4,7.3,"100 km SSE of Jambi City, Indonesia",1090766119060,1651511875229,,https://earthquake.usgs.gov/earthquakes/eventpage/usp000d0v4,https://earthquake.usgs.gov/fdsnws/event/1/query?eventid=usp000d0v4&format=geojson,,,,,reviewed,0,820,us,p000d0v4,",choy20040725143519,gcmtc072504b,usp000d0v4,gcmt20040725143519,duputel072504b,atlas20040725143518,iscgem7375830,",",choy,gcmt,us,gcmt,duputel,atlas,iscgem,",",focal-mechanism,general-text,impact-text,moment-tensor,origin,phase-data,poster,",641.0,,0.85,33.7,mwb,earthquake,"M 7.3 - 100 km SSE of Jambi City, Indonesia",Point,"[103.981, -2.427, 582.1]"
Feature,usp000d06s,7.1,"208 km ENE of Levuka, Fiji",1089865634730,1651511847061,,https://earthquake.usgs.gov/earthquakes/eventpage/usp000d06s,https://earthquake.usgs.gov/fdsnws/event/1/query?eventid=usp000d06s&format=geojson,,,,,reviewed,0,776,us,p000d06s,",choy20040715042714,gcmtc071504c,usp000d06s,duputel071504c,gcmt20040715042714,iscgem7371822,",",choy,gcmt,us,duputel,gcmt,iscgem,",",disassociate,focal-mechanism,general-text,impact-text,moment-tensor,origin,phase-data,",208.0,,0.93,52.2,mwc,earthquake,"M 7.1 - 208 km ENE of Levuka, Fiji",Point,"[-178.76, -17.656, 565.5]"
Feature,usp000ckks,7.3,"Near the south coast of Papua, Indonesia",1076121755210,1651510928813,,https://earthquake.usgs.gov/earthquakes/eventpage/usp000ckks,https://earthquake.usgs.gov/fdsnws/event/1/query?eventid=usp000ckks&format=geojson,,,6.784,,reviewed,0,820,us,p000ckks,",choy20040207024235,gcmtc020704a,usp000ckks,gcmt20040207024235,duputel020704a,atlas20040207024236,iscgem7248533,",",choy,gcmt,us,gcmt,duputel,atlas,iscgem,",",focal-mechanism,general-text,impact-text,moment-tensor,origin,phase-data,poster,shakemap,trump-shakemap,",390.0,,1.01,23.0,mwb,earthquake,"M 7.3 - Near the south coast of Papua, Indonesia",Point,"[135.023, -4.003, 10]"
Feature,usp000ckg7,7.0,"28 km S of Nabire, Indonesia",1076015102840,1651510921425,,https://earthquake.usgs.gov/earthquakes/eventpage/usp000ckg7,https://earthquake.usgs.gov/fdsnws/event/1/query?eventid=usp000ckg7&format=geojson,,,6.757,,reviewed,0,754,us,p000ckg7,",choy20040205210502,gcmtc020504b,usp000ckg7,gcmt20040205210502,duputel020504b,atlas20040205210504,iscgem7248018,",",choy,gcmt,us,gcmt,duputel,atlas,iscgem,",",focal-mechanism,general-text,impact-text,moment-tensor,origin,phase-data,poster,shakemap,trump-shakemap,",367.0,,0.98,33.0,mwc,earthquake,"M 7.0 - 28 km S of Nabire, Indonesia",Point,"[135.538, -3.615, 16.6]"
Feature,usp000cgz9,7.1,"202 km ESE of Tadine, New Caledonia",1073147001020,1651510711257,,https://earthquake.usgs.gov/earthquakes/eventpage/usp000cgz9,https://earthquake.usgs.gov/fdsnws/event/1/query?eventid=usp000cgz9&format=geojson,,,,,reviewed,0,776,us,p000cgz9,",choy20040103162321,gcmtc010304j,usp000cgz9,gcmt20040103162321,duputel010304j,iscgem7225647,",",choy,gcmt,us,gcmt,duputel,iscgem,",",focal-mechanism,general-text,impact-text,moment-tensor,origin,phase-data,poster,",597.0,,1.06,39.8,mwc,earthquake,"M 7.1 - 202 km ESE of Tadine, New Caledonia",Point,"[169.683, -22.253, 22]"
Feature,usp000cg90,7.3,"201 km ESE of Tadine, New Caledonia",1072540859450,1651510658175,,https://earthquake.usgs.gov/earthquakes/eventpage/usp000cg90,https://earthquake.usgs.gov/fdsnws/event/1/query?eventid=usp000cg90&format=geojson,,,4.238,,reviewed,0,820,us,p000cg90,",choy20031227160059,gcmtc122703g,usp000cg90,gcmt20031227160059,duputel122703g,iscgem7218955,",",choy,gcmt,us,gcmt,duputel,iscgem,",",focal-mechanism,general-text,impact-text,moment-tensor,origin,phase-data,poster,shakemap,",235.0,,1.3,46.6,mwc,earthquake,"M 7.3 - 201 km ESE of Tadine, New Caledonia",Point,"[169.766, -22.015, 10]"
Feature,usp000cd1n,7.8,"Rat Islands, Aleutian Islands, Alaska",1069051386800,1651510446367,,https://earthquake.usgs.gov/earthquakes/eventpage/usp000cd1n,https://earthquake.usgs.gov/fdsnws/event/1/query?eventid=usp000cd1n&format=geojson,,,,,reviewed,0,936,us,p000cd1n,",usp000cd1n,choy20031117064306,gcmtc111703b,gcmt20031117064306,duputel111703b,ak003eqzc8rt,iscgem7185576,",",us,choy,gcmt,gcmt,duputel,ak,iscgem,",",finite-fault,focal-mechanism,general-text,impact-text,moment-tensor,origin,phase-data,poster,",604.0,,1.11,24.0,mwc,earthquake,"M 7.8 - Rat Islands, Aleutian Islands, Alaska",Point,"[178.65, 51.146, 33]"
Feature,usp000cbpa,7.0,"133 km ESE of Ishinomaki, Japan",1067562388280,1651510359728,,https://earthquake.usgs.gov/earthquakes/eventpage/usp000cbpa,https://earthquake.usgs.gov/fdsnws/event/1/query?eventid=usp000cbpa&format=geojson,,,4.587,,reviewed,0,754,us,p000cbpa,",choy20031031010628,gcmtc103103a,usp000cbpa,gcmt20031031010628,duputel103103a,atlas20031031010631,iscgem7169836,",",choy,gcmt,us,gcmt,duputel,atlas,iscgem,",",focal-mechanism,general-text,impact-text,moment-tensor,origin,phase-data,poster,shakemap,",568.0,,0.8,61.2,mwb,earthquake,"M 7.0 - 133 km ESE of Ishinomaki, Japan",Point,"[142.619, 37.812, 10]"
Feature,usp000c8sz,7.3,"29 km S of Aktash, Russia",1064662405080,1651509863937,,https://earthquake.usgs.gov/earthquakes/eventpage/usp000c8sz,https://earthquake.usgs.gov/fdsnws/event/1/query?eventid=usp000c8sz&format=geojson,,,7.389,,reviewed,0,820,us,p000c8sz,",choy20030927113325,gcmtc092703f,usp000c8sz,gcmt20030927113325,duputel092703f,atlas20030927113326,iscgem7136530,",",choy,gcmt,us,gcmt,duputel,atlas,iscgem,",",focal-mechanism,general-text,impact-text,moment-tensor,origin,phase-data,poster,shakemap,trump-shakemap,",667.0,,1.03,24.5,mwb,earthquake,"M 7.3 - 29 km S of Aktash, Russia",Point,"[87.813, 50.038, 16]"
Feature,usp000c8mb,7.4,"119 km ESE of Shizunai-furukawach?, Japan",1064524080030,1651509853332,,https://earthquake.usgs.gov/earthquakes/eventpage/usp000c8mb,https://earthquake.usgs.gov/fdsnws/event/1/query?eventid=usp000c8mb&format=geojson,,,6.783,,reviewed,0,842,us,p000c8mb,",gcmtc092503k,usp000c8mb,gcmt20030925210800,atlas20030925210802,iscgem7134581,",",gcmt,us,gcmt,atlas,iscgem,",",focal-mechanism,general-text,impact-text,moment-tensor,origin,phase-data,shakemap,trump-shakemap,",514.0,,1.02,78.8,mwc,earthquake,"M 7.4 - 119 km ESE of Shizunai-furukawach?, Japan",Point,"[143.593, 41.774, 33]"
Feature,official20030925195006360_27,8.16,"134 km SSW of Kushiro, Japan",1064519406360,1651509851135,,https://earthquake.usgs.gov/earthquakes/eventpage/official20030925195006360_27,https://earthquake.usgs.gov/fdsnws/event/1/query?eventid=official20030925195006360_27&format=geojson,,,8.674,,reviewed,0,1024,official,20030925195006360_27,",usp000c8kv,choy20030925195006,gcmtm092503c,official20030925195006360_27,gcmt20030925195006,duputel092503c,iscgem7134409,atlas20030925195006,",",us,choy,gcmt,official,gcmt,duputel,iscgem,atlas,",",finite-fault,focal-mechanism,general-header,general-text,ground-failure,impact-text,moment-tensor,origin,phase-data,poster,scitech-link,shakemap,trump-origin,",,,,,mww,earthquake,"M 8.2 - 134 km SSW of Kushiro, Japan",Point,"[143.91, 41.815, 27]"
Feature,usp000c5h6,7.2,"56 km NW of Te Anau, New Zealand",1061467969790,1651509684245,,https://earthquake.usgs.gov/earthquakes/eventpage/usp000c5h6,https://earthquake.usgs.gov/fdsnws/event/1/query?eventid=usp000c5h6&format=geojson,,,7.404,,reviewed,0,798,us,p000c5h6,",usp000c5h6,choy20030821121249,gcmtc082103d,duputel082103d,gcmt20030821121249,atlas20030821121251,iscgem7066570,",",us,choy,gcmt,duputel,gcmt,atlas,iscgem,",",finite-fault,focal-mechanism,general-text,ground-failure,impact-text,moment-tensor,origin,phase-data,poster,shakemap,trump-shakemap,",428.0,,1.1,17.5,mwc,earthquake,"M 7.2 - 56 km NW of Te Anau, New Zealand",Point,"[167.144, -45.104, 28]"
Feature,usp000c41f,7.6,Scotia Sea,1059971840130,1651509611734,,https://earthquake.usgs.gov/earthquakes/eventpage/usp000c41f,https://earthquake.usgs.gov/fdsnws/event/1/query?eventid=usp000c41f&format=geojson,,,5.684,,reviewed,0,889,us,p000c41f,",usp000c41f,choy20030804043720,gcmtc080403c,duputel080403c,gcmt20030804043720,iscgem7054520,",",us,choy,gcmt,duputel,gcmt,iscgem,",",finite-fault,focal-mechanism,general-text,impact-text,moment-tensor,origin,phase-data,shakemap,",315.0,,1.09,25.2,mwc,earthquake,M 7.6 - Scotia Sea,Point,"[-43.411, -60.532, 10]"
Feature,usp000c2ka,7.6,Carlsberg Ridge,1058300870530,1651509551559,,https://earthquake.usgs.gov/earthquakes/eventpage/usp000c2ka,https://earthquake.usgs.gov/fdsnws/event/1/query?eventid=usp000c2ka&format=geojson,,,,,reviewed,0,889,us,p000c2ka,",duputel071503f,usp000c2ka,choy20030715202750,gcmtc071503f,gcmt20030715202750,iscgem6999304,",",duputel,us,choy,gcmt,gcmt,iscgem,",",associate,finite-fault,focal-mechanism,general-text,impact-text,moment-tensor,origin,phase-data,poster,",522.0,,0.98,34.9,mwc,earthquake,M 7.6 - Carlsberg Ridge,Point,"[68.382, -2.598, 10]"
Feature,usp000c0ag,7.1,"105 km E of Cruzeiro do Sul, Brazil",1056089978910,1651509477871,,https://earthquake.usgs.gov/earthquakes/eventpage/usp000c0ag,https://earthquake.usgs.gov/fdsnws/event/1/query?eventid=usp000c0ag&format=geojson,,,,,reviewed,0,776,us,p000c0ag,",choy20030620061938,gcmtc062003d,usp000c0ag,gcmt20030620061938,duputel062003d,atlas20030620061939,iscgem6941806,",",choy,gcmt,us,gcmt,duputel,atlas,iscgem,",",focal-mechanism,general-text,impact-text,moment-tensor,origin,phase-data,poster,",672.0,,0.89,22.5,mwc,earthquake,"M 7.1 - 105 km E of Cruzeiro do Sul, Brazil",Point,"[-71.722, -7.606, 558.1]"
Feature,usp000by7n,7.0,"116 km NE of Tobelo, Indonesia",1053977007940,1651509274085,,https://earthquake.usgs.gov/earthquakes/eventpage/usp000by7n,https://earthquake.usgs.gov/fdsnws/event/1/query?eventid=usp000by7n&format=geojson,,,6.299,,reviewed,0,754,us,p000by7n,",choy20030526192327,gcmtc052603d,usp000by7n,gcmt20030526192327,duputel052603d,atlas20030526192329,iscgem6850655,",",choy,gcmt,us,gcmt,duputel,atlas,iscgem,",",focal-mechanism,general-text,impact-text,moment-tensor,origin,phase-data,shakemap,trump-shakemap,",473.0,,1.09,30.3,mwc,earthquake,"M 7.0 - 116 km NE of Tobelo, Indonesia",Point,"[128.855, 2.354, 31]"
Feature,usp000by66,7.0,"27 km SSW of ?funato, Japan",1053941073400,1651509256915,,https://earthquake.usgs.gov/earthquakes/eventpage/usp000by66,https://earthquake.usgs.gov/fdsnws/event/1/query?eventid=usp000by66&format=geojson,,,7.206,,reviewed,0,754,us,p000by66,",atlas20030526092400,atlas20030526092434,choy20030526092433,gcmtc052603a,usp000by66,duputel052603a,gcmt20030526092433,iscgem6849185,",",atlas,atlas,choy,gcmt,us,duputel,gcmt,iscgem,",",associate,focal-mechanism,general-text,impact-text,moment-tensor,origin,phase-data,shakemap,trump-shakemap,",690.0,,1.01,19.1,mwb,earthquake,"M 7.0 - 27 km SSW of ?funato, Japan",Point,"[141.568, 38.849, 68]"
Feature,usp000bsvs,7.1,"Rat Islands, Aleutian Islands, Alaska",1047918977310,1651508885944,,https://earthquake.usgs.gov/earthquakes/eventpage/usp000bsvs,https://earthquake.usgs.gov/fdsnws/event/1/query?eventid=usp000bsvs&format=geojson,,,,,reviewed,0,776,us,p000bsvs,",ak0033hyl1qx,choy20030317163617,gcmtc031703e,usp000bsvs,duputel031703e,iscgem6616391,",",ak,choy,gcmt,us,duputel,iscgem,",",associate,focal-mechanism,general-text,impact-text,moment-tensor,origin,phase-data,",607.0,,1.26,30.3,mwb,earthquake,"M 7.1 - Rat Islands, Aleutian Islands, Alaska",Point,"[177.978, 51.272, 33]"
Feature,usp000bnyr,7.6,"16 km SSW of Cuyutlán, Mexico",1043201194610,1651508632048,,https://earthquake.usgs.gov/earthquakes/eventpage/usp000bnyr,https://earthquake.usgs.gov/fdsnws/event/1/query?eventid=usp000bnyr&format=geojson,,,6.981,,reviewed,0,889,us,p000bnyr,",usp000bnyr,choy20030122020634,gcmtc012203a,duputel012203a,gcmt20030122020634,atlas20030122020636,iscgem6541364,",",us,choy,gcmt,duputel,gcmt,atlas,iscgem,",",finite-fault,focal-mechanism,general-text,ground-failure,impact-text,moment-tensor,origin,phase-data,poster,shakemap,trump-shakemap,",551.0,,1.4,,mwb,earthquake,"M 7.6 - 16 km SSW of Cuyutlán, Mexico",Point,"[-104.104, 18.77, 24]"
Feature,usp000bnvq,7.3,"126 km W of Kirakira, Solomon Islands",1043052186070,1651508617039,,https://earthquake.usgs.gov/earthquakes/eventpage/usp000bnvq,https://earthquake.usgs.gov/fdsnws/event/1/query?eventid=usp000bnvq&format=geojson,,,5.98,,reviewed,0,820,us,p000bnvq,",choy20030120084306,gcmtc012003b,usp000bnvq,gcmt20030120084306,duputel012003b,atlas20030120084305,iscgem6540306,",",choy,gcmt,us,gcmt,duputel,atlas,iscgem,",",focal-mechanism,general-text,impact-text,moment-tensor,origin,phase-data,shakemap,trump-shakemap,",457.0,,0.84,,mwc,earthquake,"M 7.3 - 126 km W of Kirakira, Solomon Islands",Point,"[160.77, -10.491, 33]"
Feature,usp000bhv1,7.3,"262 km E of Dolinsk, Russia",1037508833540,1651508308906,,https://earthquake.usgs.gov/earthquakes/eventpage/usp000bhv1,https://earthquake.usgs.gov/fdsnws/event/1/query?eventid=usp000bhv1&format=geojson,,,,,reviewed,0,820,us,p000bhv1,",choy20021117045353,gcmtc111702c,usp000bhv1,gcmt20021117045353,duputel111702c,iscgem6144404,",",choy,gcmt,us,gcmt,duputel,iscgem,",",focal-mechanism,general-text,impact-text,moment-tensor,origin,phase-data,poster,",326.0,,1.02,,mwc,earthquake,"M 7.3 - 262 km E of Dolinsk, Russia",Point,"[146.209, 47.824, 459.1]"
Feature,ak002e435qpj,7.9,"75 km E of Cantwell, Alaska",1036361561518,1705716325256,,https://earthquake.usgs.gov/earthquakes/eventpage/ak002e435qpj,https://earthquake.usgs.gov/fdsnws/event/1/query?eventid=ak002e435qpj&format=geojson,3067.0,7.9,8.583,,reviewed,0,1750,ak,002e435qpj,",ak002e435qpj,ak22614036,usp000bg0m,choy20021103221241,gcmtm110302j,duputel110302j,gcmt20021103221241,iscgem6123395,atlas20021103221243,",",ak,ak,us,choy,gcmt,duputel,gcmt,iscgem,atlas,",",associate,dyfi,finite-fault,focal-mechanism,general-link,general-text,ground-failure,impact-text,moment-tensor,origin,phase-data,poster,shakemap,trump-shakemap,",,,1.58,,mw,earthquake,"M 7.9 - 75 km E of Cantwell, Alaska",Point,"[-147.4529, 63.5141, 4.2]"
Feature,usp000bfuz,7.4,"50 km NW of Sinabang, Indonesia",1036200370700,1651508091750,,https://earthquake.usgs.gov/earthquakes/eventpage/usp000bfuz,https://earthquake.usgs.gov/fdsnws/event/1/query?eventid=usp000bfuz&format=geojson,,,6.865,,reviewed,0,842,us,p000bfuz,",usp000bfuz,choy20021102012610,gcmtc110202b,duputel110202b,gcmt20021102012610,atlas20021102012612,iscgem6121703,",",us,choy,gcmt,duputel,gcmt,atlas,iscgem,",",finite-fault,focal-mechanism,general-text,impact-text,moment-tensor,origin,phase-data,poster,shakemap,trump-shakemap,",418.0,,1.22,,mwb,earthquake,"M 7.4 - 50 km NW of Sinabang, Indonesia",Point,"[96.085, 2.824, 30]"
Feature,usp000be54,7.6,"102 km SSE of Manokwari, Indonesia",1034247020570,1651507889357,,https://earthquake.usgs.gov/earthquakes/eventpage/usp000be54,https://earthquake.usgs.gov/fdsnws/event/1/query?eventid=usp000be54&format=geojson,,,6.858,,reviewed,0,889,us,p000be54,",usp000be54,choy20021010105020,gcmtc101002e,duputel101002e,gcmt20021010105020,atlas20021010105023,iscgem3477279,",",us,choy,gcmt,duputel,gcmt,atlas,iscgem,",",finite-fault,focal-mechanism,general-text,impact-text,moment-tensor,origin,phase-data,poster,shakemap,trump-shakemap,",375.0,,1.15,,mwc,earthquake,"M 7.6 - 102 km SSE of Manokwari, Indonesia",Point,"[134.297, -1.757, 10]"
Feature,usp000bbpf,7.6,"68 km ESE of Aitape, Papua New Guinea",1031510663710,1651507664247,,https://earthquake.usgs.gov/earthquakes/eventpage/usp000bbpf,https://earthquake.usgs.gov/fdsnws/event/1/query?eventid=usp000bbpf&format=geojson,,,6.865,,reviewed,0,889,us,p000bbpf,",usp000bbpf,choy20020908184423,gcmtc090802h,duputel090802h,gcmt20020908184423,atlas20020908184425,iscgem3362959,",",us,choy,gcmt,duputel,gcmt,atlas,iscgem,",",finite-fault,focal-mechanism,general-text,impact-text,moment-tensor,origin,phase-data,poster,shakemap,trump-shakemap,",428.0,,1.16,,mwc,earthquake,"M 7.6 - 68 km ESE of Aitape, Papua New Guinea",Point,"[142.945, -3.302, 13]"
Feature,usp000ba6m,7.7,south of the Fiji Islands,1029755304310,1651507869941,,https://earthquake.usgs.gov/earthquakes/eventpage/usp000ba6m,https://earthquake.usgs.gov/fdsnws/event/1/query?eventid=usp000ba6m&format=geojson,,,,,reviewed,0,912,us,p000ba6m,",choy20020819110824,gcmtc081902c,usp000ba6m,gcmt20020819110824,iscgem3466220,",",choy,gcmt,us,gcmt,iscgem,",",disassociate,focal-mechanism,general-text,impact-text,moment-tensor,origin,phase-data,",302.0,,1.08,,mwc,earthquake,M 7.7 - south of the Fiji Islands,Point,"[178.495, -23.884, 675.4]"
Feature,usp000ba6g,7.7,Fiji region,1029754861190,1651508054819,,https://earthquake.usgs.gov/earthquakes/eventpage/usp000ba6g,https://earthquake.usgs.gov/fdsnws/event/1/query?eventid=usp000ba6g&format=geojson,,,,,reviewed,0,912,us,p000ba6g,",iscgem4009018,usp000ba6g,choy20020819110101,gcmtc081902a,gcmt20020819110101,duputel081902a,",",iscgem,us,choy,gcmt,gcmt,duputel,",",disassociate,focal-mechanism,general-text,moment-tensor,origin,phase-data,",670.0,,0.93,,mwc,earthquake,M 7.7 - Fiji region,Point,"[-179.513, -21.696, 580]"
Feature,usp000b73z,7.3,"50 km SW of Dongning, China",1025284770270,1651507857920,,https://earthquake.usgs.gov/earthquakes/eventpage/usp000b73z,https://earthquake.usgs.gov/fdsnws/event/1/query?eventid=usp000b73z&format=geojson,,,,,reviewed,0,820,us,p000b73z,",choy20020628171930,gcmtc062802b,usp000b73z,gcmt20020628171930,duputel062802b,atlas20020628171931,iscgem3465321,",",choy,gcmt,us,gcmt,duputel,atlas,iscgem,",",focal-mechanism,general-text,impact-text,moment-tensor,origin,phase-data,poster,",712.0,,0.86,,mwc,earthquake,"M 7.3 - 50 km SW of Dongning, China",Point,"[130.666, 43.752, 566]"
Feature,usp000b37m,7.1,"20 km SSW of Merizo Village, Guam",1019837167000,1651507757290,,https://earthquake.usgs.gov/earthquakes/eventpage/usp000b37m,https://earthquake.usgs.gov/fdsnws/event/1/query?eventid=usp000b37m&format=geojson,,,7.075,,reviewed,0,776,us,p000b37m,",choy20020426160607,gcmtc042602g,usp000b37m,gcmt20020426160607,duputel042602g,atlas20020426160605,iscgem3418180,",",choy,gcmt,us,gcmt,duputel,atlas,iscgem,",",focal-mechanism,general-text,impact-text,moment-tensor,origin,phase-data,poster,shakemap,",257.0,,1.04,,mwc,earthquake,"M 7.1 - 20 km SSW of Merizo Village, Guam",Point,"[144.619, 13.088, 85.7]"
Feature,usp000b1e2,7.1,"67 km ENE of Hualien City, Taiwan",1017557570490,1651506460432,,https://earthquake.usgs.gov/earthquakes/eventpage/usp000b1e2,https://earthquake.usgs.gov/fdsnws/event/1/query?eventid=usp000b1e2&format=geojson,,,5.888,,reviewed,0,776,us,p000b1e2,",choy20020331065250,gcmtc033102a,usp000b1e2,duputel033102a,gcmt20020331065250,atlas20020331065252,iscgem2944860,",",choy,gcmt,us,duputel,gcmt,atlas,iscgem,",",focal-mechanism,general-text,impact-text,moment-tensor,origin,phase-data,poster,shakemap,trump-shakemap,",550.0,,0.96,,mwc,earthquake,"M 7.1 - 67 km ENE of Hualien City, Taiwan",Point,"[122.179, 24.279, 32.8]"
Feature,usp000azqw,7.5,"Mindanao, Philippines",1015362969130,1651506349701,,https://earthquake.usgs.gov/earthquakes/eventpage/usp000azqw,https://earthquake.usgs.gov/fdsnws/event/1/query?eventid=usp000azqw&format=geojson,,,6.867,,reviewed,0,865,us,p000azqw,",usp000azqw,choy20020305211609,gcmtc030502h,gcmt20020305211609,duputel030502h,atlas20020305211610,iscgem2904823,",",us,choy,gcmt,gcmt,duputel,atlas,iscgem,",",finite-fault,focal-mechanism,general-text,impact-text,moment-tensor,origin,phase-data,poster,shakemap,trump-shakemap,",321.0,,0.95,,mwc,earthquake,"M 7.5 - Mindanao, Philippines",Point,"[124.249, 6.033, 31]"
Feature,usp000azhc,7.4,"51 km SW of Jurm, Afghanistan",1015157299740,1652123715759,,https://earthquake.usgs.gov/earthquakes/eventpage/usp000azhc,https://earthquake.usgs.gov/fdsnws/event/1/query?eventid=usp000azhc&format=geojson,,,5.28,,reviewed,0,842,us,p000azhc,",choy20020303120819,usp000azhc,iscgem5267309,iscgemsup5267309,",",choy,us,is,iscgemsup,",",focal-mechanism,general-text,ground-failure,impact-text,moment-tensor,origin,phase-data,poster,shakemap,",138.0,,1.06,,mwc,earthquake,"M 7.4 - 51 km SW of Jurm, Afghanistan",Point,"[70.482, 36.502, 225.6]"
Feature,usp000avpw,7.2,"50 km WNW of Port-Vila, Vanuatu",1009992168760,1651506010561,,https://earthquake.usgs.gov/earthquakes/eventpage/usp000avpw,https://earthquake.usgs.gov/fdsnws/event/1/query?eventid=usp000avpw&format=geojson,,,6.433,,reviewed,0,798,us,p000avpw,",choy20020102172248,gcmtc010202f,usp000avpw,gcmt20020102172248,duputel010202f,atlas20020102172250,iscgem2431530,",",choy,gcmt,us,gcmt,duputel,atlas,iscgem,",",focal-mechanism,general-text,impact-text,moment-tensor,origin,phase-data,poster,shakemap,trump-shakemap,",427.0,,0.9,,mwc,earthquake,"M 7.2 - 50 km WNW of Port-Vila, Vanuatu",Point,"[167.856, -17.6, 21]"
Feature,usp000aufx,7.1,south of Australia,1008165755040,1651261477205,,https://earthquake.usgs.gov/earthquakes/eventpage/usp000aufx,https://earthquake.usgs.gov/fdsnws/event/1/query?eventid=usp000aufx&format=geojson,,,,,reviewed,0,776,us,p000aufx,",choy20011212140235,gcmtc121201c,usp000aufx,gcmt20011212140235,duputel121201c,iscgem2428925,",",choy,gcmt,us,gcmt,duputel,iscgem,",",focal-mechanism,general-text,impact-text,moment-tensor,origin,phase-data,",255.0,,0.97,,mwc,earthquake,M 7.1 - south of Australia,Point,"[124.688, -42.813, 10]"
Feature,usp000asvm,7.8,"Southern Qinghai, China",1005729970010,1651261199331,,https://earthquake.usgs.gov/earthquakes/eventpage/usp000asvm,https://earthquake.usgs.gov/fdsnws/event/1/query?eventid=usp000asvm&format=geojson,,,9.251,,reviewed,0,936,us,p000asvm,",duputel111401b,usp000asvm,choy20011114092610,gcmtm111401b,gcmt20011114092610,atlas20011114092612,iscgem2331800,",",duputel,us,choy,gcmt,gcmt,atlas,iscgem,",",associate,finite-fault,focal-mechanism,general-text,impact-text,moment-tensor,origin,phase-data,shakemap,trump-shakemap,",368.0,,1.07,,mwc,earthquake,"M 7.8 - Southern Qinghai, China",Point,"[90.541, 35.946, 10]"
Feature,usp000arz5,7.0,"40 km S of Kimbe, Papua New Guinea",1004519420000,1651261176610,,https://earthquake.usgs.gov/earthquakes/eventpage/usp000arz5,https://earthquake.usgs.gov/fdsnws/event/1/query?eventid=usp000arz5&format=geojson,,,6.561,,reviewed,0,754,us,p000arz5,",choy20011031091020,gcmtc103101c,usp000arz5,gcmt20011031091020,duputel103101c,atlas20011031091021,iscgem2299018,",",choy,gcmt,us,gcmt,duputel,atlas,iscgem,",",focal-mechanism,general-text,impact-text,moment-tensor,origin,phase-data,shakemap,trump-shakemap,",254.0,,0.92,,mwc,earthquake,"M 7.0 - 40 km S of Kimbe, Papua New Guinea",Point,"[150.196, -5.912, 33]"
Feature,usp000ar78,7.5,"155 km E of Kendari, Indonesia",1003462124460,1651261049631,,https://earthquake.usgs.gov/earthquakes/eventpage/usp000ar78,https://earthquake.usgs.gov/fdsnws/event/1/query?eventid=usp000ar78&format=geojson,,,6.161,,reviewed,0,865,us,p000ar78,",choy20011019032844,gcmtc101901a,usp000ar78,duputel101901a,gcmt20011019032844,atlas20011019032845,iscgem2158595,",",choy,gcmt,us,duputel,gcmt,atlas,iscgem,",",focal-mechanism,general-text,impact-text,moment-tensor,origin,phase-data,shakemap,trump-shakemap,",234.0,,1.14,,mwc,earthquake,"M 7.5 - 155 km E of Kendari, Indonesia",Point,"[123.907, -4.102, 33]"
Feature,usp000aqsu,7.0,"69 km SSE of Inarajan Village, Guam",1002898936840,1651261038955,,https://earthquake.usgs.gov/earthquakes/eventpage/usp000aqsu,https://earthquake.usgs.gov/fdsnws/event/1/query?eventid=usp000aqsu&format=geojson,,,5.659,,reviewed,0,754,us,p000aqsu,",choy20011012150216,gcmtc101201e,usp000aqsu,gcmt20011012150216,duputel101201e,atlas20011012150218,iscgem2152976,",",choy,gcmt,us,gcmt,duputel,atlas,iscgem,",",focal-mechanism,general-text,impact-text,moment-tensor,origin,phase-data,shakemap,",482.0,,1.15,,mwc,earthquake,"M 7.0 - 69 km SSE of Inarajan Village, Guam",Point,"[144.98, 12.686, 37]"
Feature,usp000amsn,7.1,"295 km NE of Gisborne, New Zealand",998376726250,1651260716614,,https://earthquake.usgs.gov/earthquakes/eventpage/usp000amsn,https://earthquake.usgs.gov/fdsnws/event/1/query?eventid=usp000amsn&format=geojson,,,,,reviewed,0,776,us,p000amsn,",choy20010821065206,gcmtc082101b,usp000amsn,gcmt20010821065206,duputel082101b,iscgem2051928,",",choy,gcmt,us,gcmt,duputel,iscgem,",",focal-mechanism,general-text,impact-text,moment-tensor,origin,phase-data,",478.0,,1.18,,mwc,earthquake,"M 7.1 - 295 km NE of Gisborne, New Zealand",Point,"[-179.575, -36.813, 33]"
Feature,usp000aj40,7.6,"51 km SW of Punta de Bombón, Peru",994498723520,1651260329098,,https://earthquake.usgs.gov/earthquakes/eventpage/usp000aj40,https://earthquake.usgs.gov/fdsnws/event/1/query?eventid=usp000aj40&format=geojson,,,6.904,,reviewed,0,889,us,p000aj40,",usp000aj40,choy20010707093843,gcmtc070701f,gcmt20010707093843,duputel070701f,atlas20010707093842,iscgem1907299,",",us,choy,gcmt,gcmt,duputel,atlas,iscgem,",",finite-fault,focal-mechanism,general-text,impact-text,moment-tensor,origin,phase-data,shakemap,trump-shakemap,",398.0,,1.15,,mwc,earthquake,"M 7.6 - 51 km SW of Punta de Bombón, Peru",Point,"[-72.077, -17.543, 33]"
Feature,official20010623203314130_33,8.4,"6 km SSW of Atico, Peru",993328394130,1651260209022,,https://earthquake.usgs.gov/earthquakes/eventpage/official20010623203314130_33,https://earthquake.usgs.gov/fdsnws/event/1/query?eventid=official20010623203314130_33&format=geojson,,,8.112,,reviewed,0,1086,official,20010623203314130_33,",usp000ah4q,choy20010623203314,gcmtm062301e,official20010623203314130_33,duputel062301e,gcmt20010623203314,atlas20010623203314,iscgem1893467,",",us,choy,gcmt,official,duputel,gcmt,atlas,iscgem,",",finite-fault,focal-mechanism,general-header,general-text,ground-failure,impact-text,moment-tensor,origin,phase-data,shakemap,trump-impact-text,trump-origin,trump-phase-data,trump-shakemap,",518.0,,1.05,,mww,earthquake,"M 8.4 - 6 km SSW of Atico, Peru",Point,"[-73.641, -16.265, 33]"
Feature,usp000afyg,7.2,"Kermadec Islands, New Zealand",991536117160,1651260053602,,https://earthquake.usgs.gov/earthquakes/eventpage/usp000afyg,https://earthquake.usgs.gov/fdsnws/event/1/query?eventid=usp000afyg&format=geojson,,,,,reviewed,0,798,us,p000afyg,",choy20010603024157,gcmtc060301a,usp000afyg,gcmt20010603024157,duputel060301a,iscgem1858534,",",choy,gcmt,us,gcmt,duputel,iscgem,",",focal-mechanism,general-text,impact-text,moment-tensor,origin,phase-data,",421.0,,1.01,,mwc,earthquake,"M 7.2 - Kermadec Islands, New Zealand",Point,"[-178.633, -29.666, 178.1]"
Feature,usp000aa8b,7.1,"137 km WNW of Ternate, Indonesia",982999428730,1651261577922,,https://earthquake.usgs.gov/earthquakes/eventpage/usp000aa8b,https://earthquake.usgs.gov/fdsnws/event/1/query?eventid=usp000aa8b&format=geojson,,,6.763,,reviewed,0,776,us,p000aa8b,",choy20010224072348,gcmtc022401a,usp000aa8b,gcmt20010224072348,duputel022401a,atlas20010224072349,iscgem2682392,",",choy,gcmt,us,gcmt,duputel,atlas,iscgem,",",focal-mechanism,general-text,impact-text,moment-tensor,origin,phase-data,shakemap,trump-shakemap,",426.0,,1.05,,mwc,earthquake,"M 7.1 - 137 km WNW of Ternate, Indonesia",Point,"[126.249, 1.271, 35]"
Feature,usp000a9kc,7.4,"102 km SSE of Bengkulu, Indonesia",982092510260,1651261594297,,https://earthquake.usgs.gov/earthquakes/eventpage/usp000a9kc,https://earthquake.usgs.gov/fdsnws/event/1/query?eventid=usp000a9kc&format=geojson,,,6.452,,reviewed,0,842,us,p000a9kc,",choy20010213192830,gcmtc021301d,usp000a9kc,gcmt20010213192830,duputel021301d,atlas20010213192831,iscgem2770811,",",choy,gcmt,us,gcmt,duputel,atlas,iscgem,",",focal-mechanism,general-text,impact-text,moment-tensor,origin,phase-data,shakemap,trump-shakemap,",221.0,,1.31,,mwc,earthquake,"M 7.4 - 102 km SSE of Bengkulu, Indonesia",Point,"[102.562, -4.68, 36]"
Feature,usp000a8ds,7.7,"17 km NW of Bhach?u, India",980479000500,1651259174319,,https://earthquake.usgs.gov/earthquakes/eventpage/usp000a8ds,https://earthquake.usgs.gov/fdsnws/event/1/query?eventid=usp000a8ds&format=geojson,,,9.422,,reviewed,0,912,us,p000a8ds,",usp000a8ds,choy20010126031640,gcmtm012601a,gcmt20010126031640,duputel012601a,atlas20010126031640,iscgem1763683,",",us,choy,gcmt,gcmt,duputel,atlas,iscgem,",",finite-fault,focal-mechanism,general-text,ground-failure,impact-text,moment-tensor,origin,phase-data,shakemap,trump-shakemap,",472.0,,1.25,,mwc,earthquake,"M 7.7 - 17 km NW of Bhach?u, India",Point,"[70.232, 23.419, 16]"
Feature,usp000a7m5,7.7,"28 km SSW of Puerto El Triunfo, El Salvador",979407212380,1651259073753,,https://earthquake.usgs.gov/earthquakes/eventpage/usp000a7m5,https://earthquake.usgs.gov/fdsnws/event/1/query?eventid=usp000a7m5&format=geojson,,,7.596,,reviewed,0,912,us,p000a7m5,",usp000a7m5,choy20010113173332,gcmtc011301c,gcmt20010113173332,duputel011301c,atlas20010113173331,iscgem1763440,",",us,choy,gcmt,gcmt,duputel,atlas,iscgem,",",finite-fault,focal-mechanism,general-text,ground-failure,impact-text,moment-tensor,origin,phase-data,shakemap,trump-shakemap,",427.0,,1.13,,mwc,earthquake,"M 7.7 - 28 km SSW of Puerto El Triunfo, El Salvador",Point,"[-88.66, 13.049, 60]"
Feature,usp000a7cv,7.1,"16 km NE of Port-Olry, Vanuatu",979058968000,1651259045786,,https://earthquake.usgs.gov/earthquakes/eventpage/usp000a7cv,https://earthquake.usgs.gov/fdsnws/event/1/query?eventid=usp000a7cv&format=geojson,,,6.982,,reviewed,0,776,us,p000a7cv,",choy20010109164928,gcmtc010901g,usp000a7cv,gcmt20010109164928,duputel010901g,atlas20010109164929,iscgem1763372,",",choy,gcmt,us,gcmt,duputel,atlas,iscgem,",",focal-mechanism,general-text,impact-text,moment-tensor,origin,phase-data,shakemap,trump-shakemap,",372.0,,1.15,,mwb,earthquake,"M 7.1 - 16 km NE of Port-Olry, Vanuatu",Point,"[167.17, -14.928, 103]"
Feature,usp000a70h,7.5,"21 km SE of Lukatan, Philippines",978332224170,1651259002544,,https://earthquake.usgs.gov/earthquakes/eventpage/usp000a70h,https://earthquake.usgs.gov/fdsnws/event/1/query?eventid=usp000a70h&format=geojson,,,6.617,,reviewed,0,865,us,p000a70h,",choy20010101065704,gcmtc010101b,usp000a70h,gcmt20010101065704,duputel010101b,atlas20010101065705,iscgem1763197,",",choy,gcmt,us,gcmt,duputel,atlas,iscgem,",",focal-mechanism,general-text,impact-text,moment-tensor,origin,phase-data,shakemap,trump-shakemap,",324.0,,1.06,,mwc,earthquake,"M 7.5 - 21 km SE of Lukatan, Philippines",Point,"[126.579, 6.898, 33]"
Feature,usp000a5m7,7.0,"37 km E of Balkanabat, Turkmenistan",976122666400,1651258852062,,https://earthquake.usgs.gov/earthquakes/eventpage/usp000a5m7,https://earthquake.usgs.gov/fdsnws/event/1/query?eventid=usp000a5m7&format=geojson,,,7.203,,reviewed,0,754,us,p000a5m7,",choy20001206171106,gcmtc120600c,usp000a5m7,duputel120600c,atlas20001206171107,iscgem1742774,atlas20001206171106,",",choy,gcmt,us,duputel,atlas,iscgem,atlas,",",focal-mechanism,general-text,impact-text,moment-tensor,origin,phase-data,shakemap,trump-shakemap,",495.0,,0.9,,mwc,earthquake,"M 7.0 - 37 km E of Balkanabat, Turkmenistan",Point,"[54.799, 39.566, 30]"
Feature,usp000a45f,7.8,"138 km SSW of Kokopo, Papua New Guinea",974494916490,1651258730243,,https://earthquake.usgs.gov/earthquakes/eventpage/usp000a45f,https://earthquake.usgs.gov/fdsnws/event/1/query?eventid=usp000a45f&format=geojson,,,6.895,,reviewed,0,936,us,p000a45f,",usp000a45f,choy20001117210156,gcmtc111700q,duputel111700q,gcmt20001117210156,atlas20001117210157,iscgem1741952,",",us,choy,gcmt,duputel,gcmt,atlas,iscgem,",",finite-fault,focal-mechanism,general-text,impact-text,moment-tensor,origin,phase-data,shakemap,trump-shakemap,",346.0,,1.07,,mwc,earthquake,"M 7.8 - 138 km SSW of Kokopo, Papua New Guinea",Point,"[151.781, -5.496, 33]"
Feature,usp000a3sp,7.8,"135 km SE of Kokopo, Papua New Guinea",974360536930,1651259792829,,https://earthquake.usgs.gov/earthquakes/eventpage/usp000a3sp,https://earthquake.usgs.gov/fdsnws/event/1/query?eventid=usp000a3sp&format=geojson,,,6.62,,reviewed,0,936,us,p000a3sp,",usp000a3sp,choy20001116074216,gcmtc111600c,gcmt20001116074216,atlas20001116074218,iscgem1838286,",",us,choy,gcmt,gcmt,atlas,iscgem,",",finite-fault,focal-mechanism,general-text,impact-text,moment-tensor,origin,phase-data,shakemap,trump-shakemap,",294.0,,1.31,,mwc,earthquake,"M 7.8 - 135 km SE of Kokopo, Papua New Guinea",Point,"[153.102, -5.233, 30]"
Feature,usp000a3qq,8.0,"24 km N of Rabaul, Papua New Guinea",974350496740,1651260373204,,https://earthquake.usgs.gov/earthquakes/eventpage/usp000a3qq,https://earthquake.usgs.gov/fdsnws/event/1/query?eventid=usp000a3qq&format=geojson,,,7.106,,reviewed,0,985,us,p000a3qq,",usp000a3qq,gcmtm111600b,gcmt20001116045456,duputel111600b,atlas20001116045457,iscgem1913438,",",us,gcmt,gcmt,duputel,atlas,iscgem,",",finite-fault,focal-mechanism,general-text,ground-failure,impact-text,moment-tensor,origin,phase-data,shakemap,trump-shakemap,",254.0,,1.2,,mwc,earthquake,"M 8.0 - 24 km N of Rabaul, Papua New Guinea",Point,"[152.169, -3.98, 33]"
Feature,usp000a2mw,7.0,"191 km ESE of Kokopo, Papua New Guinea",972808628770,1651258552687,,https://earthquake.usgs.gov/earthquakes/eventpage/usp000a2mw,https://earthquake.usgs.gov/fdsnws/event/1/query?eventid=usp000a2mw&format=geojson,,,6.637,,reviewed,0,754,us,p000a2mw,",choy20001029083708,gcmtc102900c,usp000a2mw,gcmt20001029083708,duputel102900c,iscgem1741138,",",choy,gcmt,us,gcmt,duputel,iscgem,",",focal-mechanism,general-text,moment-tensor,origin,phase-data,shakemap,",60.0,,0.96,,mwc,earthquake,"M 7.0 - 191 km ESE of Kokopo, Papua New Guinea",Point,"[153.945, -4.766, 50]"
Feature,usp000a18v,7.0,"29 km WNW of Luganville, Vanuatu",970678724310,1651258453150,,https://earthquake.usgs.gov/earthquakes/eventpage/usp000a18v,https://earthquake.usgs.gov/fdsnws/event/1/query?eventid=usp000a18v&format=geojson,,,6.722,,reviewed,0,754,us,p000a18v,",choy20001004165844,gcmtc100400g,usp000a18v,gcmt20001004165844,duputel100400g,atlas20001004165845,iscgem1740522,",",choy,gcmt,us,gcmt,duputel,atlas,iscgem,",",focal-mechanism,general-text,moment-tensor,origin,phase-data,shakemap,trump-shakemap,",357.0,,1.16,,mwc,earthquake,"M 7.0 - 29 km WNW of Luganville, Vanuatu",Point,"[166.91, -15.421, 23]"
Feature,usp0009xzy,7.4,"Bonin Islands, Japan region",965546832900,1651258064258,,https://earthquake.usgs.gov/earthquakes/eventpage/usp0009xzy,https://earthquake.usgs.gov/fdsnws/event/1/query?eventid=usp0009xzy&format=geojson,,,,,reviewed,0,842,us,p0009xzy,",choy20000806072712,gcmtc080600b,usp0009xzy,gcmt20000806072712,duputel080600b,iscgem1738788,",",choy,gcmt,us,gcmt,duputel,iscgem,",",focal-mechanism,general-text,impact-text,moment-tensor,origin,phase-data,",588.0,,0.9,,mwc,earthquake,"M 7.4 - Bonin Islands, Japan region",Point,"[139.556, 28.856, 394.8]"
Feature,usp0009ut0,7.9,South Indian Ocean,961339453310,1651257722193,,https://earthquake.usgs.gov/earthquakes/eventpage/usp0009ut0,https://earthquake.usgs.gov/fdsnws/event/1/query?eventid=usp0009ut0&format=geojson,,,4.809,,reviewed,0,960,us,p0009ut0,",usp0009ut0,choy20000618144413,gcmtc061800a,gcmt20000618144413,duputel061800a,iscgem1736624,",",us,choy,gcmt,gcmt,duputel,iscgem,",",finite-fault,focal-mechanism,general-text,impact-text,moment-tensor,origin,phase-data,shakemap,",405.0,,1.16,,mwc,earthquake,M 7.9 - South Indian Ocean,Point,"[97.453, -13.802, 10]"
Feature,usp0009txv,7.9,"103 km S of Bengkulu, Indonesia",960136106170,1651257573008,,https://earthquake.usgs.gov/earthquakes/eventpage/usp0009txv,https://earthquake.usgs.gov/fdsnws/event/1/query?eventid=usp0009txv&format=geojson,,,7.885,,reviewed,0,960,us,p0009txv,",usp0009txv,choy20000604162826,gcmtm060400d,gcmt20000604162826,duputel060400d,atlas20000604162827,iscgem1736014,",",us,choy,gcmt,gcmt,duputel,atlas,iscgem,",",finite-fault,focal-mechanism,general-text,impact-text,moment-tensor,origin,phase-data,shakemap,trump-shakemap,",379.0,,1.1,,mwc,earthquake,"M 7.9 - 103 km S of Bengkulu, Indonesia",Point,"[102.087, -4.721, 33]"
Feature,usp0009suu,7.2,"75 km N of San Antonio de los Cobres, Argentina",958156998120,1651259787106,,https://earthquake.usgs.gov/earthquakes/eventpage/usp0009suu,https://earthquake.usgs.gov/fdsnws/event/1/query?eventid=usp0009suu&format=geojson,,,5.178,,reviewed,0,798,us,p0009suu,",choy20000512184318,usp0009suu,gcmt20000512184318,duputel051200c,atlas20000512184319,iscgem1837083,",",choy,us,gcmt,duputel,atlas,iscgem,",",focal-mechanism,general-text,impact-text,moment-tensor,origin,phase-data,shakemap,",,,0.86,,mwc,earthquake,"M 7.2 - 75 km N of San Antonio de los Cobres, Argentina",Point,"[-66.452, -23.548, 225]"
Feature,usp0009sbh,7.6,"89 km E of Luwuk, Indonesia",957414076210,1651259781382,,https://earthquake.usgs.gov/earthquakes/eventpage/usp0009sbh,https://earthquake.usgs.gov/fdsnws/event/1/query?eventid=usp0009sbh&format=geojson,,,6.715,,reviewed,0,889,us,p0009sbh,",usp0009sbh,choy20000504042116,gcmtc050400a,duputel050400a,gcmt20000504042116,atlas20000504042117,iscgem1836975,",",us,choy,gcmt,duputel,gcmt,atlas,iscgem,",",finite-fault,focal-mechanism,general-text,impact-text,moment-tensor,origin,phase-data,shakemap,trump-shakemap,",,,1.14,,mwc,earthquake,"M 7.6 - 89 km E of Luwuk, Indonesia",Point,"[123.573, -1.105, 26]"
Feature,usp0009rrc,7.0,"22 km NW of Añatuya, Argentina",956482043320,1651261061054,,https://earthquake.usgs.gov/earthquakes/eventpage/usp0009rrc,https://earthquake.usgs.gov/fdsnws/event/1/query?eventid=usp0009rrc&format=geojson,,,,,reviewed,0,754,us,p0009rrc,",choy20000423092723,gcmtc042300b,usp0009rrc,gcmt20000423092723,duputel042300b,atlas20000423092724,iscgem2208257,",",choy,gcmt,us,gcmt,duputel,atlas,iscgem,",",focal-mechanism,general-text,impact-text,moment-tensor,origin,phase-data,",,,0.89,,mwb,earthquake,"M 7.0 - 22 km NW of Añatuya, Argentina",Point,"[-62.99, -28.307, 608.5]"
Feature,usp0009qb4,7.6,"Volcano Islands, Japan region",954241222510,1651257342761,,https://earthquake.usgs.gov/earthquakes/eventpage/usp0009qb4,https://earthquake.usgs.gov/fdsnws/event/1/query?eventid=usp0009qb4&format=geojson,,,,,reviewed,0,889,us,p0009qb4,",usp0009qb4,choy20000328110022,gcmtm032800c,duputel032800c,gcmt20000328110022,iscgem1733948,",",us,choy,gcmt,duputel,gcmt,iscgem,",",finite-fault,focal-mechanism,general-text,impact-text,moment-tensor,origin,phase-data,",,,1.22,,mwc,earthquake,"M 7.6 - Volcano Islands, Japan region",Point,"[143.73, 22.338, 126.5]"
Feature,usp0009nxg,7.1,Vanuatu region,951443038640,1705524406644,,https://earthquake.usgs.gov/earthquakes/eventpage/usp0009nxg,https://earthquake.usgs.gov/fdsnws/event/1/query?eventid=usp0009nxg&format=geojson,,,,,reviewed,0,776,us,p0009nxg,",usp0009nxg,choy20000225014358,gcmtc022500b,gcmt20000225014358,duputel022500b,iscgem1733126,",",us,choy,gcmt,gcmt,duputel,iscgem,",",earthquake-name,focal-mechanism,general-text,moment-tensor,origin,phase-data,",,,1.2,,mwc,earthquake,M 7.1 - Vanuatu region,Point,"[173.818, -19.528, 33]"
Feature,usp0009kx3,7.2,"117 km SSW of Hihifo, Tonga",947350040580,1651261308270,,https://earthquake.usgs.gov/earthquakes/eventpage/usp0009kx3,https://earthquake.usgs.gov/fdsnws/event/1/query?eventid=usp0009kx3&format=geojson,,,5.8,,reviewed,0,798,us,p0009kx3,",choy20000108164720,gcmtc010800g,usp0009kx3,gcmt20000108164720,duputel010800g,iscgem2348979,atlas20000108164718,",",choy,gcmt,us,gcmt,duputel,iscgem,atlas,",",focal-mechanism,general-text,impact-text,moment-tensor,origin,phase-data,shakemap,",,,1.25,,mwc,earthquake,"M 7.2 - 117 km SSW of Hihifo, Tonga",Point,"[-174.248, -16.925, 183.4]"
Feature,usp0009jr8,7.3,"14 km WNW of Bolitoc, Philippines",944935416450,1651256449752,,https://earthquake.usgs.gov/earthquakes/eventpage/usp0009jr8,https://earthquake.usgs.gov/fdsnws/event/1/query?eventid=usp0009jr8&format=geojson,,,6.609,,reviewed,0,820,us,p0009jr8,",choy19991211180336,gcmtc121199g,usp0009jr8,gcmt19991211180336,duputel121199g,atlas19991211180338,iscgem1658129,",",choy,gcmt,us,gcmt,duputel,atlas,iscgem,",",focal-mechanism,impact-text,moment-tensor,origin,phase-data,shakemap,trump-shakemap,",,,1.0,,mwc,earthquake,"M 7.3 - 14 km WNW of Bolitoc, Philippines",Point,"[119.74, 15.766, 33]"
Feature,ak999fmohlzt,7.0,"26 km SSE of Karluk, Alaska",944521953537,1651256389547,,https://earthquake.usgs.gov/earthquakes/eventpage/ak999fmohlzt,https://earthquake.usgs.gov/fdsnws/event/1/query?eventid=ak999fmohlzt&format=geojson,,,7.034,,reviewed,0,754,ak,999fmohlzt,",choy19991206231233,usp0009jj1,gcmt19991206231233,duputel120699b,iscgem1658003,ak999fmohlzt,",",choy,us,gcmt,duputel,iscgem,ak,",",focal-mechanism,impact-text,moment-tensor,origin,phase-data,shakemap,",,,1.08,,mw,earthquake,"M 7.0 - 26 km SSE of Karluk, Alaska",Point,"[-154.3469, 57.3424, 43.6]"
Feature,usp0009j4n,7.5,"92 km ESE of Lakatoro, Vanuatu",943622475570,1651255951498,,https://earthquake.usgs.gov/earthquakes/eventpage/usp0009j4n,https://earthquake.usgs.gov/fdsnws/event/1/query?eventid=usp0009j4n&format=geojson,,,6.948,,reviewed,0,865,us,p0009j4n,",usp0009j4n,choy19991126132115,gcmtc112699g,gcmt19991126132115,duputel112699g,atlas19991126132115,iscgem1651802,",",us,choy,gcmt,gcmt,duputel,atlas,iscgem,",",finite-fault,focal-mechanism,impact-text,moment-tensor,origin,phase-data,shakemap,trump-shakemap,",,,1.2,,mwc,earthquake,"M 7.5 - 92 km ESE of Lakatoro, Vanuatu",Point,"[168.214, -16.423, 33]"
Feature,usp0009huj,7.0,"88 km W of Kandrian, Papua New Guinea",943019806450,1651255907992,,https://earthquake.usgs.gov/earthquakes/eventpage/usp0009huj,https://earthquake.usgs.gov/fdsnws/event/1/query?eventid=usp0009huj&format=geojson,,,6.039,,reviewed,0,754,us,p0009huj,",choy19991119135646,gcmtc111999e,usp0009huj,gcmt19991119135646,duputel111999e,atlas19991119135649,iscgem1651091,",",choy,gcmt,us,gcmt,duputel,atlas,iscgem,",",focal-mechanism,moment-tensor,origin,phase-data,shakemap,trump-shakemap,",,,1.12,,mwc,earthquake,"M 7.0 - 88 km W of Kandrian, Papua New Guinea",Point,"[148.763, -6.351, 33]"
Feature,usp0009hnt,7.0,South Indian Ocean,942644563220,1651255884011,,https://earthquake.usgs.gov/earthquakes/eventpage/usp0009hnt,https://earthquake.usgs.gov/fdsnws/event/1/query?eventid=usp0009hnt&format=geojson,,,,,reviewed,0,754,us,p0009hnt,",choy19991115054243,gcmtc111599d,usp0009hnt,gcmt19991115054243,duputel111599d,iscgem1650592,",",choy,gcmt,us,gcmt,duputel,iscgem,",",focal-mechanism,impact-text,moment-tensor,origin,phase-data,",,,0.99,,mwc,earthquake,M 7.0 - South Indian Ocean,Point,"[88.976, -1.339, 10]"
Feature,usp0009hev,7.2,"8 km S of Düzce, Turkey",942425839550,1651255866858,,https://earthquake.usgs.gov/earthquakes/eventpage/usp0009hev,https://earthquake.usgs.gov/fdsnws/event/1/query?eventid=usp0009hev&format=geojson,,,9.009,,reviewed,0,798,us,p0009hev,",choy19991112165719,gcmtc111299d,usp0009hev,gcmt19991112165719,duputel111299d,atlas19991112165719,iscgem1650092,",",choy,gcmt,us,gcmt,duputel,atlas,iscgem,",",focal-mechanism,ground-failure,impact-text,moment-tensor,origin,phase-data,shakemap,trump-shakemap,",,,1.11,,mwc,earthquake,"M 7.2 - 8 km S of Düzce, Turkey",Point,"[31.161, 40.758, 10]"
Feature,ci9108652,7.1,"The 1999 Hector Mine, California Earthquake",940067204460,1708775168004,,https://earthquake.usgs.gov/earthquakes/eventpage/ci9108652,https://earthquake.usgs.gov/fdsnws/event/1/query?eventid=ci9108652&format=geojson,25122.0,8.0,8.322,,reviewed,0,1576,ci,9108652,",ci9108652,cihectormi,choy19991016094644,usp0009fwb,gcmt19991016094644,duputel101699c,iscgem1643776,atlas19991016094648,",",ci,ci,choy,us,gcmt,duputel,iscgem,atlas,",",associate,dyfi,earthquake-name,focal-mechanism,ground-failure,impact-text,moment-tensor,nearby-cities,origin,phase-data,shakemap,trump-shakemap,",73.0,,0.31,57.0,mw,earthquake,"M 7.1 - The 1999 Hector Mine, California Earthquake",Point,"[-116.265, 34.6033333, 13.73]"
Feature,usp0009f7v,7.5,"15 km W of San Baltazar Loxicha, Mexico",938709075690,1651256361160,,https://earthquake.usgs.gov/earthquakes/eventpage/usp0009f7v,https://earthquake.usgs.gov/fdsnws/event/1/query?eventid=usp0009f7v&format=geojson,,,7.964,,reviewed,0,865,us,p0009f7v,",usp0009f7v,choy19990930163115,gcmtc093099e,duputel093099e,gcmt19990930163115,atlas19990930163114,iscgem1656664,",",us,choy,gcmt,duputel,gcmt,atlas,iscgem,",",finite-fault,focal-mechanism,impact-text,moment-tensor,origin,phase-data,shakemap,trump-shakemap,",,,0.93,,mwc,earthquake,"M 7.5 - 15 km W of San Baltazar Loxicha, Mexico",Point,"[-96.931, 16.059, 60.6]"
Feature,usp0009eq0,7.7,"21 km S of Puli, Taiwan",937849638490,1651256856664,,https://earthquake.usgs.gov/earthquakes/eventpage/usp0009eq0,https://earthquake.usgs.gov/fdsnws/event/1/query?eventid=usp0009eq0&format=geojson,,,9.305,,reviewed,0,912,us,p0009eq0,",usp0009eq0,choy19990920174718,gcmtc092099d,gcmt19990920174718,duputel092099d,atlas19990920174718,iscgem1718616,",",us,choy,gcmt,gcmt,duputel,atlas,iscgem,",",associate,disassociate,finite-fault,focal-mechanism,ground-failure,impact-text,moment-tensor,origin,phase-data,shakemap,trump-shakemap,",,,1.11,,mwc,earthquake,"M 7.7 - 21 km S of Puli, Taiwan",Point,"[120.982, 23.772, 33]"
Feature,usp0009d4z,7.6,"4 km ESE of Derince, Turkey",934848099130,1651256180188,,https://earthquake.usgs.gov/earthquakes/eventpage/usp0009d4z,https://earthquake.usgs.gov/fdsnws/event/1/query?eventid=usp0009d4z&format=geojson,,,9.319,,reviewed,0,889,us,p0009d4z,",usp0009d4z,choy19990817000139,gcmtm081799a,gcmt19990817000139,duputel081799a,atlas19990817000139,iscgem1655218,",",us,choy,gcmt,gcmt,duputel,atlas,iscgem,",",finite-fault,focal-mechanism,ground-failure,impact-text,moment-tensor,origin,phase-data,shakemap,trump-shakemap,",,,1.27,,mwc,earthquake,"M 7.6 - 4 km ESE of Derince, Turkey",Point,"[29.864, 40.748, 17]"
Feature,usp00099y6,7.0,"1 km SE of Texcala, Mexico",929479325930,1651256000061,,https://earthquake.usgs.gov/earthquakes/eventpage/usp00099y6,https://earthquake.usgs.gov/fdsnws/event/1/query?eventid=usp00099y6&format=geojson,,,7.334,,reviewed,0,754,us,p00099y6,",choy19990615204205,gcmtc061599f,usp00099y6,gcmt19990615204205,duputel061599f,atlas19990615204206,iscgem1653844,",",choy,gcmt,us,gcmt,duputel,atlas,iscgem,",",focal-mechanism,ground-failure,impact-text,moment-tensor,origin,phase-data,shakemap,trump-shakemap,",,,1.06,,mwc,earthquake,"M 7.0 - 1 km SE of Texcala, Mexico",Point,"[-97.436, 18.386, 70]"
Feature,usp000982a,7.1,"51 km SSE of Kokopo, Papua New Guinea",926815880460,1651256672086,,https://earthquake.usgs.gov/earthquakes/eventpage/usp000982a,https://earthquake.usgs.gov/fdsnws/event/1/query?eventid=usp000982a&format=geojson,,,7.145,,reviewed,0,776,us,p000982a,",choy19990516005120,gcmtc051699a,usp000982a,gcmt19990516005120,duputel051699a,atlas19990516005118,iscgem1678960,",",choy,gcmt,us,gcmt,duputel,atlas,iscgem,",",focal-mechanism,impact-text,moment-tensor,origin,phase-data,shakemap,trump-shakemap,",,,0.95,,mwc,earthquake,"M 7.1 - 51 km SSE of Kokopo, Papua New Guinea",Point,"[152.486, -4.751, 73.7]"
Feature,usp00097rj,7.1,"92 km ENE of Kimbe, Papua New Guinea",926368382090,1651256653780,,https://earthquake.usgs.gov/earthquakes/eventpage/usp00097rj,https://earthquake.usgs.gov/fdsnws/event/1/query?eventid=usp00097rj&format=geojson,,,6.532,,reviewed,0,776,us,p00097rj,",choy19990510203302,gcmtc051099c,usp00097rj,gcmt19990510203302,duputel051099c,atlas19990510203301,iscgem1676646,",",choy,gcmt,us,gcmt,duputel,atlas,iscgem,",",focal-mechanism,impact-text,moment-tensor,origin,phase-data,shakemap,trump-shakemap,",,,0.93,,mwb,earthquake,"M 7.1 - 92 km ENE of Kimbe, Papua New Guinea",Point,"[150.88, -5.159, 138]"
Feature,usp00095z9,7.1,"57 km ENE of Wangqing, China",923577034080,1651255609677,,https://earthquake.usgs.gov/earthquakes/eventpage/usp00095z9,https://earthquake.usgs.gov/fdsnws/event/1/query?eventid=usp00095z9&format=geojson,,,,,reviewed,0,776,us,p00095z9,",choy19990408131034,gcmtc040899b,usp00095z9,gcmt19990408131034,duputel040899b,atlas19990408131035,iscgem1621518,",",choy,gcmt,us,gcmt,duputel,atlas,iscgem,",",focal-mechanism,impact-text,moment-tensor,origin,phase-data,",,,0.84,,mwc,earthquake,"M 7.1 - 57 km ENE of Wangqing, China",Point,"[130.35, 43.607, 565.7]"
Feature,usp00095u8,7.4,"63 km W of Kimbe, Papua New Guinea",923310484000,1651255593455,,https://earthquake.usgs.gov/earthquakes/eventpage/usp00095u8,https://earthquake.usgs.gov/fdsnws/event/1/query?eventid=usp00095u8&format=geojson,,,6.804,,reviewed,0,842,us,p00095u8,",choy19990405110804,gcmtc040599a,usp00095u8,gcmt19990405110804,duputel040599a,atlas19990405110803,iscgem1620373,",",choy,gcmt,us,gcmt,duputel,atlas,iscgem,",",focal-mechanism,impact-text,moment-tensor,origin,phase-data,shakemap,trump-shakemap,",,,1.05,,mwc,earthquake,"M 7.4 - 63 km W of Kimbe, Papua New Guinea",Point,"[149.568, -5.591, 150]"
Feature,usp00093u0,7.1,"69 km S of Tabiauan, Philippines",920537521900,1651255397102,,https://earthquake.usgs.gov/earthquakes/eventpage/usp00093u0,https://earthquake.usgs.gov/fdsnws/event/1/query?eventid=usp00093u0&format=geojson,,,5.515,,reviewed,0,776,us,p00093u0,",choy19990304085201,gcmtc030499h,usp00093u0,gcmt19990304085201,duputel030499h,atlas19990304085202,iscgem1538041,",",choy,gcmt,us,gcmt,duputel,atlas,iscgem,",",focal-mechanism,impact-text,moment-tensor,origin,phase-data,shakemap,trump-shakemap,",,,1.17,,mwc,earthquake,"M 7.1 - 69 km S of Tabiauan, Philippines",Point,"[121.937, 5.397, 33]"
Feature,usp00092cr,7.3,"146 km NW of Sola, Vanuatu",918337679470,1651255257257,,https://earthquake.usgs.gov/earthquakes/eventpage/usp00092cr,https://earthquake.usgs.gov/fdsnws/event/1/query?eventid=usp00092cr&format=geojson,,,6.901,,reviewed,0,820,us,p00092cr,",choy19990206214759,gcmtc020699c,usp00092cr,gcmt19990206214759,duputel020699c,atlas19990206214801,iscgem1449470,",",choy,gcmt,us,gcmt,duputel,atlas,iscgem,",",focal-mechanism,moment-tensor,origin,phase-data,shakemap,trump-shakemap,",,,1.17,,mwc,earthquake,"M 7.3 - 146 km NW of Sola, Vanuatu",Point,"[166.697, -12.853, 90.1]"
Feature,usp00091ag,7.0,"110 km ESE of Kokopo, Papua New Guinea",916716933840,1651255184054,,https://earthquake.usgs.gov/earthquakes/eventpage/usp00091ag,https://earthquake.usgs.gov/fdsnws/event/1/query?eventid=usp00091ag&format=geojson,,,6.685,,reviewed,0,754,us,p00091ag,",choy19990119033533,gcmtc011999a,usp00091ag,duputel011999a,gcmt19990119033533,atlas19990119033531,iscgem1440887,",",choy,gcmt,us,duputel,gcmt,atlas,iscgem,",",focal-mechanism,moment-tensor,origin,phase-data,shakemap,trump-shakemap,",,,1.34,,mwc,earthquake,"M 7.0 - 110 km ESE of Kokopo, Papua New Guinea",Point,"[153.235, -4.596, 114.1]"
Feature,usp0008yx2,7.7,"264 km ESE of Luwuk, Indonesia",912348631960,1651255030656,,https://earthquake.usgs.gov/earthquakes/eventpage/usp0008yx2,https://earthquake.usgs.gov/fdsnws/event/1/query?eventid=usp0008yx2&format=geojson,,,6.598,,reviewed,0,912,us,p0008yx2,",usp0008yx2,choy19981129141031,gcmtc112998b,duputel112998b,gcmt19981129141032,atlas19981129141031,iscgem1326454,",",us,choy,gcmt,duputel,gcmt,atlas,iscgem,",",finite-fault,focal-mechanism,impact-text,moment-tensor,origin,phase-data,shakemap,trump-shakemap,",,,1.23,,mwc,earthquake,"M 7.7 - 264 km ESE of Luwuk, Indonesia",Point,"[124.891, -2.071, 33]"
Feature,usp0008xw8,7.0,"278 km NE of Lospalos, Timor Leste",910589924220,1651254928041,,https://earthquake.usgs.gov/earthquakes/eventpage/usp0008xw8,https://earthquake.usgs.gov/fdsnws/event/1/query?eventid=usp0008xw8&format=geojson,,,6.526,,reviewed,0,754,us,p0008xw8,",choy19981109053844,gcmtc110998c,usp0008xw8,gcmt19981109053844,atlas19981109053845,iscgem1323112,",",choy,gcmt,us,gcmt,atlas,iscgem,",",focal-mechanism,impact-text,moment-tensor,origin,phase-data,shakemap,trump-shakemap,",,,1.09,,mwc,earthquake,"M 7.0 - 278 km NE of Lospalos, Timor Leste",Point,"[128.946, -6.92, 33]"
Feature,usp0008tje,7.1,"Bonin Islands, Japan region",903595255820,1651253902955,,https://earthquake.usgs.gov/earthquakes/eventpage/usp0008tje,https://earthquake.usgs.gov/fdsnws/event/1/query?eventid=usp0008tje&format=geojson,,,,,reviewed,0,776,us,p0008tje,",choy19980820064055,gcmtc082098b,usp0008tje,gcmt19980820064055,duputel082098b,iscgem1177777,",",choy,gcmt,us,gcmt,duputel,iscgem,",",focal-mechanism,impact-text,moment-tensor,origin,phase-data,",,,0.92,,mwb,earthquake,"M 7.1 - Bonin Islands, Japan region",Point,"[139.329, 28.932, 440.5]"
Feature,usp0008ssb,7.2,"3 km E of Bahía de Caráquez, Ecuador",902257160100,1651253812006,,https://earthquake.usgs.gov/earthquakes/eventpage/usp0008ssb,https://earthquake.usgs.gov/fdsnws/event/1/query?eventid=usp0008ssb&format=geojson,,,7.055,,reviewed,0,798,us,p0008ssb,",choy19980804185920,gcmtc080498h,usp0008ssb,gcmt19980804185920,duputel080498h,atlas19980804185920,iscgem1174716,",",choy,gcmt,us,gcmt,duputel,atlas,iscgem,",",focal-mechanism,impact-text,moment-tensor,origin,phase-data,shakemap,trump-shakemap,",,,0.94,,mwc,earthquake,"M 7.2 - 3 km E of Bahía de Caráquez, Ecuador",Point,"[-80.393, -0.593, 33]"
Feature,usp0008rpa,7.0,"50 km WNW of Aitape, Papua New Guinea",900665353280,1651253708120,,https://earthquake.usgs.gov/earthquakes/eventpage/usp0008rpa,https://earthquake.usgs.gov/fdsnws/event/1/query?eventid=usp0008rpa&format=geojson,,,6.711,,reviewed,0,754,us,p0008rpa,",choy19980717084913,gcmtm071798d,usp0008rpa,gcmt19980717084913,duputel071798d,atlas19980717084915,iscgem1167076,",",choy,gcmt,us,gcmt,duputel,atlas,iscgem,",",focal-mechanism,ground-failure,impact-text,moment-tensor,origin,phase-data,shakemap,trump-shakemap,",,,1.28,,mwc,earthquake,"M 7.0 - 50 km WNW of Aitape, Papua New Guinea",Point,"[141.926, -2.961, 10]"
Feature,usp0008rm2,7.0,"52 km SE of Lata, Solomon Islands",900590196420,1651253696379,,https://earthquake.usgs.gov/earthquakes/eventpage/usp0008rm2,https://earthquake.usgs.gov/fdsnws/event/1/query?eventid=usp0008rm2&format=geojson,,,6.6,,reviewed,0,754,us,p0008rm2,",choy19980716115636,gcmtc071698c,usp0008rm2,gcmt19980716115636,duputel071698c,atlas19980716115635,iscgem1166863,",",choy,gcmt,us,gcmt,duputel,atlas,iscgem,",",focal-mechanism,moment-tensor,origin,phase-data,shakemap,",,,0.88,,mwc,earthquake,"M 7.0 - 52 km SE of Lata, Solomon Islands",Point,"[166.16, -11.04, 110.2]"
Feature,usp0008mdk,7.5,"254 km SSE of Ishigaki, Japan",894238221910,1651253158593,,https://earthquake.usgs.gov/earthquakes/eventpage/usp0008mdk,https://earthquake.usgs.gov/fdsnws/event/1/query?eventid=usp0008mdk&format=geojson,,,4.835,,reviewed,0,865,us,p0008mdk,",usp0008mdk,choy19980503233021,gcmtm050398d,gcmt19980503233021,duputel050398d,iscgem1104426,",",us,choy,gcmt,gcmt,duputel,iscgem,",",finite-fault,focal-mechanism,impact-text,moment-tensor,origin,phase-data,shakemap,",,,0.99,,mwb,earthquake,"M 7.5 - 254 km SSE of Ishigaki, Japan",Point,"[125.308, 22.306, 33]"
Feature,usp0008jd7,7.0,"95 km W of Pariaman, Indonesia",891453383360,1651252982049,,https://earthquake.usgs.gov/earthquakes/eventpage/usp0008jd7,https://earthquake.usgs.gov/fdsnws/event/1/query?eventid=usp0008jd7&format=geojson,,,5.97,,reviewed,0,754,us,p0008jd7,",choy19980401175623,gcmtc040198a,usp0008jd7,gcmt19980401175623,duputel040198a,atlas19980401175621,iscgem1089446,",",choy,gcmt,us,gcmt,duputel,atlas,iscgem,",",focal-mechanism,impact-text,moment-tensor,origin,phase-data,shakemap,trump-shakemap,",,,0.92,,mwc,earthquake,"M 7.0 - 95 km W of Pariaman, Indonesia",Point,"[99.261, -0.544, 55.7]"
Feature,usp0008j7s,7.2,"178 km ENE of Levuka, Fiji",891200896210,1651252944932,,https://earthquake.usgs.gov/earthquakes/eventpage/usp0008j7s,https://earthquake.usgs.gov/fdsnws/event/1/query?eventid=usp0008j7s&format=geojson,,,,,reviewed,0,798,us,p0008j7s,",choy19980329194816,gcmtc032998d,usp0008j7s,gcmt19980329194816,duputel032998d,atlas19980329194816,iscgem1084565,",",choy,gcmt,us,gcmt,duputel,atlas,iscgem,",",focal-mechanism,moment-tensor,origin,phase-data,",,,1.02,,mwc,earthquake,"M 7.2 - 178 km ENE of Levuka, Fiji",Point,"[-179.092, -17.552, 537.2]"
Feature,usp0008hzd,8.1,Balleny Islands region,890795545070,1651252903239,,https://earthquake.usgs.gov/earthquakes/eventpage/usp0008hzd,https://earthquake.usgs.gov/fdsnws/event/1/query?eventid=usp0008hzd&format=geojson,,,,,reviewed,0,1009,us,p0008hzd,",usp0008hzd,choy19980325031225,gcmtm032598b,duputel032598b,gcmt19980325031225,iscgem1083606,",",us,choy,gcmt,duputel,gcmt,iscgem,",",finite-fault,focal-mechanism,impact-text,moment-tensor,origin,phase-data,",,,1.1,,mwc,earthquake,M 8.1 - Balleny Islands region,Point,"[149.527, -62.877, 10]"
Feature,usp0008f7c,7.1,"34 km SSE of Antofagasta, Chile",886162568690,1651252652164,,https://earthquake.usgs.gov/earthquakes/eventpage/usp0008f7c,https://earthquake.usgs.gov/fdsnws/event/1/query?eventid=usp0008f7c&format=geojson,,,6.921,,reviewed,0,776,us,p0008f7c,",choy19980130121608,gcmtc013098b,usp0008f7c,gcmt19980130121608,duputel013098b,atlas19980130121610,iscgem1066970,",",choy,gcmt,us,gcmt,duputel,atlas,iscgem,",",focal-mechanism,impact-text,moment-tensor,origin,phase-data,shakemap,trump-shakemap,",,,1.11,,mwc,earthquake,"M 7.1 - 34 km SSE of Antofagasta, Chile",Point,"[-70.207, -23.913, 42]"
Feature,usp0008dqq,7.5,southeast of the Loyalty Islands,883894318970,1651252505140,,https://earthquake.usgs.gov/earthquakes/eventpage/usp0008dqq,https://earthquake.usgs.gov/fdsnws/event/1/query?eventid=usp0008dqq&format=geojson,,,,,reviewed,0,865,us,p0008dqq,",usp0008dqq,choy19980104061158,gcmtc010498a,duputel010498a,gcmt19980104061159,iscgem1062298,",",us,choy,gcmt,duputel,gcmt,iscgem,",",finite-fault,focal-mechanism,impact-text,moment-tensor,origin,phase-data,",,,0.88,,mwc,earthquake,M 7.5 - southeast of the Loyalty Islands,Point,"[170.911, -22.301, 100.6]"
Feature,usp0008d0r,7.2,"117 km N of Finschhafen, Papua New Guinea",882756350080,1651252428257,,https://earthquake.usgs.gov/earthquakes/eventpage/usp0008d0r,https://earthquake.usgs.gov/fdsnws/event/1/query?eventid=usp0008d0r&format=geojson,,,6.059,,reviewed,0,798,us,p0008d0r,",choy19971222020550,gcmtc122297a,usp0008d0r,gcmt19971222020550,duputel122297a,atlas19971222020552,iscgem1059970,",",choy,gcmt,us,gcmt,duputel,atlas,iscgem,",",focal-mechanism,impact-text,moment-tensor,origin,phase-data,shakemap,trump-shakemap,",,,0.96,,mwc,earthquake,"M 7.2 - 117 km N of Finschhafen, Papua New Guinea",Point,"[147.867, -5.495, 179.3]"
Feature,usp0008btk,7.8,"156 km S of Ust’-Kamchatsk Staryy, Russia",881321214690,1651252227685,,https://earthquake.usgs.gov/earthquakes/eventpage/usp0008btk,https://earthquake.usgs.gov/fdsnws/event/1/query?eventid=usp0008btk&format=geojson,,,7.084,,reviewed,0,936,us,p0008btk,",usp0008btk,choy19971205112654,gcmtc120597c,duputel120597c,gcmt19971205112654,iscgem1056468,atlas19971205112656,",",us,choy,gcmt,duputel,gcmt,iscgem,atlas,",",finite-fault,focal-mechanism,impact-text,moment-tensor,origin,phase-data,shakemap,trump-shakemap,",,,1.02,,mwc,earthquake,"M 7.8 - 156 km S of Ust’-Kamchatsk Staryy, Russia",Point,"[162.035, 54.841, 33]"
Feature,usp0008baj,7.0,"97 km NW of Gorontalo, Indonesia",880460073630,1651252143195,,https://earthquake.usgs.gov/earthquakes/eventpage/usp0008baj,https://earthquake.usgs.gov/fdsnws/event/1/query?eventid=usp0008baj&format=geojson,,,6.422,,reviewed,0,754,us,p0008baj,",choy19971125121433,gcmtc112597c,usp0008baj,gcmt19971125121433,duputel112597c,atlas19971125121435,iscgem1054660,",",choy,gcmt,us,gcmt,duputel,atlas,iscgem,",",focal-mechanism,impact-text,moment-tensor,origin,phase-data,shakemap,trump-shakemap,",,,1.18,,mwc,earthquake,"M 7.0 - 97 km NW of Gorontalo, Indonesia",Point,"[122.536, 1.241, 24]"
Feature,usp0008aqx,7.0,"34 km ESE of Port-Olry, Vanuatu",879620364300,1651252102137,,https://earthquake.usgs.gov/earthquakes/eventpage/usp0008aqx,https://earthquake.usgs.gov/fdsnws/event/1/query?eventid=usp0008aqx&format=geojson,,,6.441,,reviewed,0,754,us,p0008aqx,",choy19971115185924,gcmtc111597d,usp0008aqx,gcmt19971115185924,duputel111597d,atlas19971115185925,iscgem1052672,",",choy,gcmt,us,gcmt,duputel,atlas,iscgem,",",focal-mechanism,moment-tensor,origin,phase-data,shakemap,trump-shakemap,",,,1.09,,mwc,earthquake,"M 7.0 - 34 km ESE of Port-Olry, Vanuatu",Point,"[167.375, -15.145, 123.1]"
Feature,usp0008a97,7.5,western Xizang,878983372610,1651252057162,,https://earthquake.usgs.gov/earthquakes/eventpage/usp0008a97,https://earthquake.usgs.gov/fdsnws/event/1/query?eventid=usp0008a97&format=geojson,,,7.099,,reviewed,0,865,us,p0008a97,",usp0008a97,choy19971108100252,gcmtm110897a,duputel110897a,gcmt19971108100252,iscgem1051405,",",us,choy,gcmt,duputel,gcmt,iscgem,",",finite-fault,focal-mechanism,moment-tensor,origin,phase-data,shakemap,",,,1.38,,mwc,earthquake,M 7.5 - western Xizang,Point,"[87.325, 35.069, 33]"
Feature,usp00089q2,7.2,"51 km N of Barranca, Peru",878019317330,1651251965858,,https://earthquake.usgs.gov/earthquakes/eventpage/usp00089q2,https://earthquake.usgs.gov/fdsnws/event/1/query?eventid=usp00089q2&format=geojson,,,6.782,,reviewed,0,798,us,p00089q2,",choy19971028061517,gcmtc102897a,usp00089q2,gcmt19971028061517,duputel102897a,atlas19971028061518,iscgem1049630,",",choy,gcmt,us,gcmt,duputel,atlas,iscgem,",",focal-mechanism,impact-text,moment-tensor,origin,phase-data,shakemap,trump-shakemap,",,,0.85,,mwc,earthquake,"M 7.2 - 51 km N of Barranca, Peru",Point,"[-76.681, -4.368, 112]"
Feature,usp000892b,7.1,"36 km SW of Monte Patria, Chile",876877413460,1651251904075,,https://earthquake.usgs.gov/earthquakes/eventpage/usp000892b,https://earthquake.usgs.gov/fdsnws/event/1/query?eventid=usp000892b&format=geojson,,,7.309,,reviewed,0,776,us,p000892b,",choy19971015010333,gcmtc101597a,usp000892b,gcmt19971015010333,duputel101597a,atlas19971015010335,iscgem1047434,",",choy,gcmt,us,gcmt,duputel,atlas,iscgem,",",focal-mechanism,impact-text,moment-tensor,origin,phase-data,shakemap,trump-shakemap,",,,1.05,,mwc,earthquake,"M 7.1 - 36 km SW of Monte Patria, Chile",Point,"[-71.22, -30.933, 58]"
Feature,usp000890q,7.8,"192 km WSW of Haveluloto, Tonga",876822798150,1651251896379,,https://earthquake.usgs.gov/earthquakes/eventpage/usp000890q,https://earthquake.usgs.gov/fdsnws/event/1/query?eventid=usp000890q&format=geojson,,,6.884,,reviewed,0,936,us,p000890q,",usp000890q,choy19971014095318,gcmtm101497a,gcmt19971014095318,duputel101497a,iscgem1047281,",",us,choy,gcmt,gcmt,duputel,iscgem,",",finite-fault,focal-mechanism,impact-text,moment-tensor,origin,phase-data,shakemap,",,,0.93,,mwb,earthquake,"M 7.8 - 192 km WSW of Haveluloto, Tonga",Point,"[-176.772, -22.101, 167.3]"
Feature,usp00087s6,7.0,Kermadec Islands region,874771892150,1651251658722,,https://earthquake.usgs.gov/earthquakes/eventpage/usp00087s6,https://earthquake.usgs.gov/fdsnws/event/1/query?eventid=usp00087s6&format=geojson,,,,,reviewed,0,754,us,p00087s6,",choy19970920161132,gcmtc092097e,usp00087s6,gcmt19970920161132,duputel092097e,iscgem1042535,",",choy,gcmt,us,gcmt,duputel,iscgem,",",focal-mechanism,moment-tensor,origin,phase-data,",,,0.99,,mwc,earthquake,M 7.0 - Kermadec Islands region,Point,"[-177.624, -28.683, 30]"
Feature,usp00084m2,7.0,"26 km WSW of Carúpano, Venezuela",868476253170,1651251451102,,https://earthquake.usgs.gov/earthquakes/eventpage/usp00084m2,https://earthquake.usgs.gov/fdsnws/event/1/query?eventid=usp00084m2&format=geojson,,,7.667,,reviewed,0,754,us,p00084m2,",choy19970709192413,gcmtc070997c,usp00084m2,gcmt19970709192413,duputel070997c,atlas19970709192413,iscgem1036154,",",choy,gcmt,us,gcmt,duputel,atlas,iscgem,",",focal-mechanism,ground-failure,impact-text,moment-tensor,origin,phase-data,shakemap,trump-shakemap,",,,1.25,,mwc,earthquake,"M 7.0 - 26 km WSW of Carúpano, Venezuela",Point,"[-63.486, 10.598, 19.9]"
Feature,usp00082uf,7.1,south of the Kermadec Islands,864602553190,1651251310390,,https://earthquake.usgs.gov/earthquakes/eventpage/usp00082uf,https://earthquake.usgs.gov/fdsnws/event/1/query?eventid=usp00082uf&format=geojson,,,,,reviewed,0,776,us,p00082uf,",choy19970525232233,usp00082uf,gcmt19970525232233,duputel052597d,iscgem1029000,",",choy,us,gcmt,duputel,iscgem,",",focal-mechanism,impact-text,moment-tensor,origin,phase-data,",,,1.16,,mwc,earthquake,M 7.1 - south of the Kermadec Islands,Point,"[179.791, -32.115, 332.7]"
Feature,usp000820p,7.3,"58 km E of Q?’en, Iran",863251049720,1651251198341,,https://earthquake.usgs.gov/earthquakes/eventpage/usp000820p,https://earthquake.usgs.gov/fdsnws/event/1/query?eventid=usp000820p&format=geojson,,,9.343,,reviewed,0,820,us,p000820p,",choy19970510075729,gcmtc051097c,usp000820p,gcmt19970510075729,duputel051097c,atlas19970510075729,iscgem1026215,",",choy,gcmt,us,gcmt,duputel,atlas,iscgem,",",focal-mechanism,ground-failure,impact-text,moment-tensor,origin,phase-data,shakemap,trump-shakemap,",,,1.12,,mwb,earthquake,"M 7.3 - 58 km E of Q?’en, Iran",Point,"[59.809, 33.825, 10]"
Feature,usp00080wt,7.7,"171 km NNW of Sola, Vanuatu",861624146430,1651251031202,,https://earthquake.usgs.gov/earthquakes/eventpage/usp00080wt,https://earthquake.usgs.gov/fdsnws/event/1/query?eventid=usp00080wt&format=geojson,,,6.474,,reviewed,0,912,us,p00080wt,",usp00080wt,choy19970421120226,gcmtm042197b,duputel042197b,gcmt19970421120226,atlas19970421120227,iscgem1022840,",",us,choy,gcmt,duputel,gcmt,atlas,iscgem,",",finite-fault,focal-mechanism,impact-text,moment-tensor,origin,phase-data,shakemap,trump-shakemap,",,,0.93,,mwc,earthquake,"M 7.7 - 171 km NNW of Sola, Vanuatu",Point,"[166.676, -12.584, 33]"
Feature,usp0007xx2,7.1,"29 km ESE of Harnai, Pakistan",857077682360,1651250629087,,https://earthquake.usgs.gov/earthquakes/eventpage/usp0007xx2,https://earthquake.usgs.gov/fdsnws/event/1/query?eventid=usp0007xx2&format=geojson,,,6.249,,reviewed,0,776,us,p0007xx2,",choy19970227210802,gcmtc022797e,usp0007xx2,gcmt19970227210802,duputel022797e,atlas19970227210803,iscgem1013076,",",choy,gcmt,us,gcmt,duputel,atlas,iscgem,",",focal-mechanism,impact-text,moment-tensor,origin,phase-data,shakemap,trump-shakemap,",,,1.17,,mwc,earthquake,"M 7.1 - 29 km ESE of Harnai, Pakistan",Point,"[68.208, 29.976, 33]"
Feature,usp0007w7v,7.1,"16 km NW of Villazón, Bolivia",853985722970,1651250524212,,https://earthquake.usgs.gov/earthquakes/eventpage/usp0007w7v,https://earthquake.usgs.gov/fdsnws/event/1/query?eventid=usp0007w7v&format=geojson,,,,,reviewed,0,776,us,p0007w7v,",choy19970123021522,gcmtc012397b,usp0007w7v,gcmt19970123021522,duputel012397b,atlas19970123021523,iscgem1007800,",",choy,gcmt,us,gcmt,duputel,atlas,iscgem,",",focal-mechanism,impact-text,moment-tensor,origin,phase-data,",,,0.94,,mwc,earthquake,"M 7.1 - 16 km NW of Villazón, Bolivia",Point,"[-65.719, -21.999, 276.2]"
Feature,usp0007vrx,7.2,"46 km WNW of El Habillal, Mexico",853014506020,1666386772521,,https://earthquake.usgs.gov/earthquakes/eventpage/usp0007vrx,https://earthquake.usgs.gov/fdsnws/event/1/query?eventid=usp0007vrx&format=geojson,,,7.082,,reviewed,0,798,us,p0007vrx,",choy19970111202826,gcmtc011197d,usp0007vrx,duputel011197d,gcmt19970111202826,atlas19970111202827,iscgem1005952,",",choy,gcmt,us,duputel,gcmt,atlas,iscgem,",",focal-mechanism,impact-text,moment-tensor,origin,phase-data,shakemap,trump-shakemap,",,,1.09,,mwb,earthquake,"M 7.2 - 46 km WNW of El Habillal, Mexico",Point,"[-102.756, 18.219, 33]"
Feature,usp0007swp,7.7,"60 km SW of Changuillo, Peru",847817984030,1651264757369,,https://earthquake.usgs.gov/earthquakes/eventpage/usp0007swp,https://earthquake.usgs.gov/fdsnws/event/1/query?eventid=usp0007swp&format=geojson,,,7.245,,reviewed,0,912,us,p0007swp,",usp0007swp,choy19961112165944,gcmtm111296d,duputel111296d,gcmt19961112165944,atlas19961112165944,iscgem996809,",",us,choy,gcmt,duputel,gcmt,atlas,iscgem,",",finite-fault,focal-mechanism,ground-failure,impact-text,moment-tensor,origin,phase-data,shakemap,trump-shakemap,",,,1.11,,mwc,earthquake,"M 7.7 - 60 km SW of Changuillo, Peru",Point,"[-75.675, -14.993, 33]"
Feature,usp0007n5m,7.4,Fiji region,839284702090,1651264056708,,https://earthquake.usgs.gov/earthquakes/eventpage/usp0007n5m,https://earthquake.usgs.gov/fdsnws/event/1/query?eventid=usp0007n5m&format=geojson,,,,,reviewed,0,842,us,p0007n5m,",choy19960805223822,gcmtc080596g,usp0007n5m,gcmt19960805223822,duputel080596g,iscgem979090,",",choy,gcmt,us,gcmt,duputel,iscgem,",",focal-mechanism,impact-text,moment-tensor,origin,phase-data,",,,0.9,,mwc,earthquake,M 7.4 - Fiji region,Point,"[-178.31, -20.69, 550.2]"
Feature,usp0007me1,7.0,"220 km NNE of Palu, Indonesia",838045175770,1651263974874,,https://earthquake.usgs.gov/earthquakes/eventpage/usp0007me1,https://earthquake.usgs.gov/fdsnws/event/1/query?eventid=usp0007me1&format=geojson,,,6.485,,reviewed,0,754,us,p0007me1,",choy19960722141935,gcmtc072296f,usp0007me1,gcmt19960722141935,duputel072296f,atlas19960722141936,iscgem976544,",",choy,gcmt,us,gcmt,duputel,atlas,iscgem,",",focal-mechanism,impact-text,moment-tensor,origin,phase-data,shakemap,trump-shakemap,",,,1.2,,mwc,earthquake,"M 7.0 - 220 km NNE of Palu, Indonesia",Point,"[120.45, 1, 33]"
Feature,usp0007jw8,7.9,"169 km NNE of Maumere, Indonesia",835010538540,1651263748107,,https://earthquake.usgs.gov/earthquakes/eventpage/usp0007jw8,https://earthquake.usgs.gov/fdsnws/event/1/query?eventid=usp0007jw8&format=geojson,,,3.841,,reviewed,0,960,us,p0007jw8,",choy19960617112218,gcmtm061796a,usp0007jw8,gcmt19960617112218,duputel061796a,iscgem970331,",",choy,gcmt,us,gcmt,duputel,iscgem,",",focal-mechanism,impact-text,moment-tensor,origin,phase-data,shakemap,",,,1.2,,mwc,earthquake,"M 7.9 - 169 km NNE of Maumere, Indonesia",Point,"[122.589, -7.137, 587.3]"
Feature,usp0007jkw,7.1,"8 km NNE of Palapag, Philippines",834517375730,1651263702443,,https://earthquake.usgs.gov/earthquakes/eventpage/usp0007jkw,https://earthquake.usgs.gov/fdsnws/event/1/query?eventid=usp0007jkw&format=geojson,,,6.477,,reviewed,0,776,us,p0007jkw,",choy19960611182255,gcmtc061196j,usp0007jkw,gcmt19960611182255,duputel061196j,atlas19960611182258,iscgem969275,",",choy,gcmt,us,gcmt,duputel,atlas,iscgem,",",focal-mechanism,impact-text,moment-tensor,origin,phase-data,shakemap,trump-shakemap,",,,0.9,,mwc,earthquake,"M 7.1 - 8 km NNE of Palapag, Philippines",Point,"[125.154, 12.614, 33]"
Feature,usp0007jfz,7.3,"46 km SSW of Adak, Alaska",834420296000,1651263679562,,https://earthquake.usgs.gov/earthquakes/eventpage/usp0007jfz,https://earthquake.usgs.gov/fdsnws/event/1/query?eventid=usp0007jfz&format=geojson,,,6.811,,reviewed,0,820,us,p0007jfz,",choy19960610152456,gcmtc061096s,usp0007jfz,gcmt19960610152456,duputel061096s,ak9967g64zlm,iscgem968793,atlas19960610152458,",",choy,gcmt,us,gcmt,duputel,ak,iscgem,atlas,",",focal-mechanism,impact-text,moment-tensor,origin,phase-data,shakemap,",,,1.0,,mwc,earthquake,"M 7.3 - 46 km SSW of Adak, Alaska",Point,"[-176.847, 51.478, 26.3]"
Feature,usp0007jcu,7.9,"77 km WSW of Adak, Alaska",834379415480,1651263673313,,https://earthquake.usgs.gov/earthquakes/eventpage/usp0007jcu,https://earthquake.usgs.gov/fdsnws/event/1/query?eventid=usp0007jcu&format=geojson,,,7.127,,reviewed,0,960,us,p0007jcu,",usp0007jcu,choy19960610040335,gcmtm061096b,gcmt19960610040335,duputel061096b,ak9967fzgob5,iscgem968623,atlas19960610040336,",",us,choy,gcmt,gcmt,duputel,ak,iscgem,atlas,",",finite-fault,focal-mechanism,impact-text,moment-tensor,origin,phase-data,shakemap,",,,0.9,,mwc,earthquake,"M 7.9 - 77 km WSW of Adak, Alaska",Point,"[-177.632, 51.564, 33]"
Feature,usp0007j1e,7.0,northern Mid-Atlantic Ridge,833683929550,1651263651556,,https://earthquake.usgs.gov/earthquakes/eventpage/usp0007j1e,https://earthquake.usgs.gov/fdsnws/event/1/query?eventid=usp0007j1e&format=geojson,,,,,reviewed,0,754,us,p0007j1e,",choy19960602025209,gcmtc060296d,usp0007j1e,gcmt19960602025209,duputel060296d,iscgem967116,",",choy,gcmt,us,gcmt,duputel,iscgem,",",focal-mechanism,moment-tensor,origin,phase-data,",,,1.1,,mwc,earthquake,M 7.0 - northern Mid-Atlantic Ridge,Point,"[-42.254, 10.797, 10]"
Feature,usp0007gqq,7.2,"58 km WSW of Panguna, Papua New Guinea",830788841090,1651263511983,,https://earthquake.usgs.gov/earthquakes/eventpage/usp0007gqq,https://earthquake.usgs.gov/fdsnws/event/1/query?eventid=usp0007gqq&format=geojson,,,6.26,,reviewed,0,798,us,p0007gqq,",choy19960429144041,gcmtc042996a,usp0007gqq,gcmt19960429144041,duputel042996a,atlas19960429144043,iscgem961438,",",choy,gcmt,us,gcmt,duputel,atlas,iscgem,",",focal-mechanism,impact-text,moment-tensor,origin,phase-data,shakemap,trump-shakemap,",,,1.0,,mwc,earthquake,"M 7.2 - 58 km WSW of Panguna, Papua New Guinea",Point,"[154.999, -6.518, 44]"
Feature,usp0007g84,7.2,south of the Fiji Islands,829614654670,1651254677341,,https://earthquake.usgs.gov/earthquakes/eventpage/usp0007g84,https://earthquake.usgs.gov/fdsnws/event/1/query?eventid=usp0007g84&format=geojson,,,,,reviewed,0,798,us,p0007g84,",choy19960416003054,gcmtc041696a,usp0007g84,gcmt19960416003054,duputel041696a,iscgem959156,",",choy,gcmt,us,gcmt,duputel,iscgem,",",focal-mechanism,moment-tensor,origin,phase-data,",,,1.0,,mwb,earthquake,M 7.2 - south of the Fiji Islands,Point,"[-177.036, -24.061, 110.9]"
Feature,usp0007dv6,7.1,"24 km SSW of Santa María Chico Ometepec, Mexico",825217695870,1651263117058,,https://earthquake.usgs.gov/earthquakes/eventpage/usp0007dv6,https://earthquake.usgs.gov/fdsnws/event/1/query?eventid=usp0007dv6&format=geojson,,,6.61,,reviewed,0,776,us,p0007dv6,",choy19960225030815,gcmtc022596a,usp0007dv6,duputel022596a,gcmt19960225030818,atlas19960225030817,iscgem949951,",",choy,gcmt,us,duputel,gcmt,atlas,iscgem,",",focal-mechanism,impact-text,moment-tensor,origin,phase-data,shakemap,trump-shakemap,",,,1.2,,mw,earthquake,"M 7.1 - 24 km SSW of Santa María Chico Ometepec, Mexico",Point,"[-98.07, 15.978, 21.1]"
Feature,usp0007dmb,7.5,"123 km WSW of Puerto Santa, Peru",824907061300,1651263080009,,https://earthquake.usgs.gov/earthquakes/eventpage/usp0007dmb,https://earthquake.usgs.gov/fdsnws/event/1/query?eventid=usp0007dmb&format=geojson,,,5.774,,reviewed,0,865,us,p0007dmb,",usp0007dmb,choy19960221125101,gcmtm022196b,duputel022196b,gcmt19960221125104,atlas19960221125104,iscgem949313,",",us,choy,gcmt,duputel,gcmt,atlas,iscgem,",",finite-fault,focal-mechanism,impact-text,moment-tensor,origin,phase-data,shakemap,trump-shakemap,",,,1.2,,mw,earthquake,"M 7.5 - 123 km WSW of Puerto Santa, Peru",Point,"[-79.587, -9.593, 10]"
Feature,official19960217055930550_33,8.09,"101 km ENE of Biak, Indonesia",824536770550,1651262953696,,https://earthquake.usgs.gov/earthquakes/eventpage/official19960217055930550_33,https://earthquake.usgs.gov/fdsnws/event/1/query?eventid=official19960217055930550_33&format=geojson,,,8.0,,reviewed,0,1007,official,19960217055930550_33,",usp0007d1w,choy19960217055930,gcmtm021796b,official19960217055930550_33,duputel021796b,gcmt19960217055929,atlas19960217055932,iscgem947787,",",us,choy,gcmt,official,duputel,gcmt,atlas,iscgem,",",finite-fault,focal-mechanism,general-header,impact-text,moment-tensor,origin,phase-data,shakemap,trump-origin,",,,,,mww,earthquake,"M 8.1 - 101 km ENE of Biak, Indonesia",Point,"[136.952, -0.891, 33]"
Feature,usp0007chh,7.2,"158 km E of Kuril’sk, Russia",823729006300,1651262918502,,https://earthquake.usgs.gov/earthquakes/eventpage/usp0007chh,https://earthquake.usgs.gov/fdsnws/event/1/query?eventid=usp0007chh&format=geojson,,,6.227,,reviewed,0,798,us,p0007chh,",choy19960207213646,gcmtc020796g,usp0007chh,gcmt19960207213645,duputel020796g,iscgem946305,",",choy,gcmt,us,gcmt,duputel,iscgem,",",focal-mechanism,impact-text,moment-tensor,origin,phase-data,shakemap,",,,1.1,,mw,earthquake,"M 7.2 - 158 km E of Kuril’sk, Russia",Point,"[149.892, 45.324, 42.6]"
Feature,usp00079zv,7.9,"181 km N of Palu, Indonesia",820483510830,1663891619770,,https://earthquake.usgs.gov/earthquakes/eventpage/usp00079zv,https://earthquake.usgs.gov/fdsnws/event/1/query?eventid=usp00079zv&format=geojson,,,8.009,,reviewed,0,960,us,p00079zv,",usp00079zv,choy19960101080510,gcmtc010196c,gcmt19960101080511,duputel010196c,atlas19960101080512,iscgem939295,",",us,choy,gcmt,gcmt,duputel,atlas,iscgem,",",finite-fault,focal-mechanism,impact-text,moment-tensor,origin,phase-data,shakemap,trump-shakemap,",,,1.2,,mw,earthquake,"M 7.9 - 181 km N of Palu, Indonesia",Point,"[119.931, 0.729, 24]"
Feature,usp00079k5,7.1,"297 km NE of Lospalos, Timor Leste",819866604460,1651261879805,,https://earthquake.usgs.gov/earthquakes/eventpage/usp00079k5,https://earthquake.usgs.gov/fdsnws/event/1/query?eventid=usp00079k5&format=geojson,,,6.363,,reviewed,0,776,us,p00079k5,",choy19951225044324,gcmtc122595e,usp00079k5,gcmt19951225044324,duputel122595e,atlas19951225044325,iscgem65409,",",choy,gcmt,us,gcmt,duputel,atlas,iscgem,",",focal-mechanism,impact-text,moment-tensor,origin,phase-data,shakemap,trump-shakemap,",,,1.0,,mw,earthquake,"M 7.1 - 297 km NE of Lospalos, Timor Leste",Point,"[129.151, -6.903, 141.9]"
Feature,usp000782n,7.9,"128 km ESE of Kuril’sk, Russia",818013668990,1651261703748,,https://earthquake.usgs.gov/earthquakes/eventpage/usp000782n,https://earthquake.usgs.gov/fdsnws/event/1/query?eventid=usp000782n&format=geojson,,,6.383,,reviewed,0,960,us,p000782n,",usp000782n,choy19951203180108,gcmtm120395e,gcmt19951203180107,duputel120395e,iscgem61059,",",us,choy,gcmt,gcmt,duputel,iscgem,",",finite-fault,focal-mechanism,impact-text,moment-tensor,origin,phase-data,shakemap,",,,1.1,,mw,earthquake,"M 7.9 - 128 km ESE of Kuril’sk, Russia",Point,"[149.3, 44.663, 33]"
Feature,usp0007788,7.2,"27 km SSE of Nuwaybi‘a, Egypt",817013711940,1651262033438,,https://earthquake.usgs.gov/earthquakes/eventpage/usp0007788,https://earthquake.usgs.gov/fdsnws/event/1/query?eventid=usp0007788&format=geojson,,,9.224,,reviewed,0,798,us,p0007788,",choy19951122041511,gcmtm112295a,usp0007788,gcmt19951122041511,duputel112295a,atlas19951122041513,iscgem70282,",",choy,gcmt,us,gcmt,duputel,atlas,iscgem,",",focal-mechanism,ground-failure,impact-text,moment-tensor,origin,phase-data,shakemap,trump-shakemap,",,,1.3,,mw,earthquake,"M 7.2 - 27 km SSE of Nuwaybi‘a, Egypt",Point,"[34.799, 28.826, 10]"
Feature,usp00075gf,7.2,"13 km NW of Ocozocoautla de Espinosa, Mexico",814243137120,1651262144051,,https://earthquake.usgs.gov/earthquakes/eventpage/usp00075gf,https://earthquake.usgs.gov/fdsnws/event/1/query?eventid=usp00075gf&format=geojson,,,6.316,,reviewed,0,798,us,p00075gf,",choy19951021023857,gcmtc102195c,usp00075gf,gcmt19951021023857,duputel102195c,atlas19951021023858,iscgem79337,",",choy,gcmt,us,gcmt,duputel,atlas,iscgem,",",focal-mechanism,impact-text,moment-tensor,origin,phase-data,shakemap,trump-shakemap,",,,1.1,,mw,earthquake,"M 7.2 - 13 km NW of Ocozocoautla de Espinosa, Mexico",Point,"[-93.469, 16.84, 159.3]"
Feature,usp00075bd,7.1,"83 km SE of Naze, Japan",814012646380,1651262131348,,https://earthquake.usgs.gov/earthquakes/eventpage/usp00075bd,https://earthquake.usgs.gov/fdsnws/event/1/query?eventid=usp00075bd&format=geojson,,,5.768,,reviewed,0,776,us,p00075bd,",choy19951018103726,gcmtc101895b,usp00075bd,gcmt19951018103726,duputel101895b,atlas19951018103728,iscgem77478,",",choy,gcmt,us,gcmt,duputel,atlas,iscgem,",",focal-mechanism,impact-text,moment-tensor,origin,phase-data,shakemap,trump-shakemap,",,,1.2,,mw,earthquake,"M 7.1 - 83 km SE of Naze, Japan",Point,"[130.175, 27.929, 28.4]"
Feature,usp00074vc,8.0,"5 km E of El Colomo, Mexico",813252953910,1651262112788,,https://earthquake.usgs.gov/earthquakes/eventpage/usp00074vc,https://earthquake.usgs.gov/fdsnws/event/1/query?eventid=usp00074vc&format=geojson,,,8.357,,reviewed,0,985,us,p00074vc,",atlas19951009153500,atlas19951009153553,usp00074vc,choy19951009153553,gcmtm100995c,duputel100995c,gcmt19951009153555,iscgem75476,",",atlas,atlas,us,choy,gcmt,duputel,gcmt,iscgem,",",associate,finite-fault,focal-mechanism,ground-failure,impact-text,moment-tensor,origin,phase-data,shakemap,trump-shakemap,",,,1.3,,mw,earthquake,"M 8.0 - 5 km E of El Colomo, Mexico",Point,"[-104.205, 19.055, 33]"
Feature,usp00074c4,7.0,"45 km SE of Sucúa, Ecuador",812685083900,1651262063781,,https://earthquake.usgs.gov/earthquakes/eventpage/usp00074c4,https://earthquake.usgs.gov/fdsnws/event/1/query?eventid=usp00074c4&format=geojson,,,6.644,,reviewed,0,754,us,p00074c4,",choy19951003015123,gcmtb100395b,usp00074c4,gcmt19951003015124,duputel100395b,atlas19951003015125,iscgem73244,",",choy,gcmt,us,gcmt,duputel,atlas,iscgem,",",focal-mechanism,ground-failure,impact-text,moment-tensor,origin,phase-data,shakemap,trump-shakemap,",,,0.9,,mw,earthquake,"M 7.0 - 45 km SE of Sucúa, Ecuador",Point,"[-77.881, -2.75, 24.4]"
Feature,usp00073c5,7.4,"5 km N of Azoyú, Mexico",811087471430,1651262205416,,https://earthquake.usgs.gov/earthquakes/eventpage/usp00073c5,https://earthquake.usgs.gov/fdsnws/event/1/query?eventid=usp00073c5&format=geojson,,,6.556,,reviewed,0,842,us,p00073c5,",choy19950914140431,gcmtc091495c,usp00073c5,gcmt19950914140431,duputel091495c,atlas19950914140433,iscgem84239,",",choy,gcmt,us,gcmt,duputel,atlas,iscgem,",",focal-mechanism,ground-failure,impact-text,moment-tensor,origin,phase-data,shakemap,trump-shakemap,",,,1.2,,mwb,earthquake,"M 7.4 - 5 km N of Azoyú, Mexico",Point,"[-98.597, 16.779, 23]"
Feature,usp00072a1,7.1,"Pagan region, Northern Mariana Islands",809161562760,1651262422778,,https://earthquake.usgs.gov/earthquakes/eventpage/usp00072a1,https://earthquake.usgs.gov/fdsnws/event/1/query?eventid=usp00072a1&format=geojson,,,,,reviewed,0,776,us,p00072a1,",choy19950823070602,gcmtc082395a,usp00072a1,gcmt19950823070602,duputel082395a,atlas19950823070604,iscgem90363,",",choy,gcmt,us,gcmt,duputel,atlas,iscgem,",",focal-mechanism,impact-text,moment-tensor,origin,phase-data,",,,0.9,,mwb,earthquake,"M 7.1 - Pagan region, Northern Mariana Islands",Point,"[145.218, 18.856, 594.9]"
Feature,usp00071xh,7.2,"139 km WNW of Panguna, Papua New Guinea",808614623980,1651262318708,,https://earthquake.usgs.gov/earthquakes/eventpage/usp00071xh,https://earthquake.usgs.gov/fdsnws/event/1/query?eventid=usp00071xh&format=geojson,,,6.246,,reviewed,0,798,us,p00071xh,",choy19950816231023,gcmtm081695p,usp00071xh,gcmt19950816231028,duputel081695p,atlas19950816231030,iscgem89240,",",choy,gcmt,us,gcmt,duputel,atlas,iscgem,",",focal-mechanism,impact-text,moment-tensor,origin,phase-data,shakemap,trump-shakemap,",,,1.2,,mw,earthquake,"M 7.2 - 139 km WNW of Panguna, Papua New Guinea",Point,"[154.347, -5.771, 33]"
Feature,usp00071w4,7.7,"155 km WNW of Panguna, Papua New Guinea",808568848630,1651262310281,,https://earthquake.usgs.gov/earthquakes/eventpage/usp00071w4,https://earthquake.usgs.gov/fdsnws/event/1/query?eventid=usp00071w4&format=geojson,,,6.489,,reviewed,0,912,us,p00071w4,",usp00071w4,choy19950816102728,gcmtm081695d,duputel081695d,gcmt19950816102726,atlas19950816102728,iscgem89141,",",us,choy,gcmt,duputel,gcmt,atlas,iscgem,",",finite-fault,focal-mechanism,impact-text,moment-tensor,origin,phase-data,shakemap,trump-shakemap,",,,1.3,,mw,earthquake,"M 7.7 - 155 km WNW of Panguna, Papua New Guinea",Point,"[154.178, -5.799, 30.1]"
Feature,usp000714t,8.0,"36 km NNE of Antofagasta, Chile",807081083630,1651263496400,,https://earthquake.usgs.gov/earthquakes/eventpage/usp000714t,https://earthquake.usgs.gov/fdsnws/event/1/query?eventid=usp000714t&format=geojson,,,7.826,,reviewed,0,985,us,p000714t,",usp000714t,choy19950730051123,gcmtm073095a,duputel073095a,gcmt19950730051123,atlas19950730051125,iscgem96080,",",us,choy,gcmt,duputel,gcmt,atlas,iscgem,",",finite-fault,focal-mechanism,ground-failure,impact-text,moment-tensor,origin,phase-data,shakemap,trump-shakemap,",,,1.1,,mw,earthquake,"M 8.0 - 36 km NNE of Antofagasta, Chile",Point,"[-70.294, -23.34, 45.6]"
Feature,usp000702z,7.2,"Kermadec Islands, New Zealand",804801050620,1651262480485,,https://earthquake.usgs.gov/earthquakes/eventpage/usp000702z,https://earthquake.usgs.gov/fdsnws/event/1/query?eventid=usp000702z&format=geojson,,,,,reviewed,0,798,us,p000702z,",choy19950703195050,gcmtc070395d,usp000702z,gcmt19950703195050,duputel070395d,iscgem92051,",",choy,gcmt,us,gcmt,duputel,iscgem,",",focal-mechanism,impact-text,moment-tensor,origin,phase-data,",,,1.2,,mwb,earthquake,"M 7.2 - Kermadec Islands, New Zealand",Point,"[-177.589, -29.211, 35.3]"
Feature,usp0006y50,7.1,"85 km S of Tungor, Russia",801579832650,1651252522742,,https://earthquake.usgs.gov/earthquakes/eventpage/usp0006y50,https://earthquake.usgs.gov/fdsnws/event/1/query?eventid=usp0006y50&format=geojson,,,8.935,,reviewed,0,776,us,p0006y50,",choy19950527130352,gcmtc052795a,usp0006y50,gcmt19950527130355,duputel052795a,atlas19950527130352,iscgem106336,",",choy,gcmt,us,gcmt,duputel,atlas,iscgem,",",focal-mechanism,ground-failure,impact-text,moment-tensor,origin,phase-data,shakemap,trump-shakemap,",,,0.9,,mwb,earthquake,"M 7.1 - 85 km S of Tungor, Russia",Point,"[142.827, 52.629, 11]"
Feature,usp0006xg1,7.7,"249 km E of Vao, New Caledonia",800655164220,1651251668502,,https://earthquake.usgs.gov/earthquakes/eventpage/usp0006xg1,https://earthquake.usgs.gov/fdsnws/event/1/query?eventid=usp0006xg1&format=geojson,,,4.21,,reviewed,0,912,us,p0006xg1,",usp0006xg1,choy19950516201244,gcmtm051695f,duputel051695f,gcmt19950516201245,iscgem104263,",",us,choy,gcmt,duputel,gcmt,iscgem,",",finite-fault,focal-mechanism,impact-text,moment-tensor,origin,phase-data,shakemap,",,,1.3,,mw,earthquake,"M 7.7 - 249 km E of Vao, New Caledonia",Point,"[169.9, -23.008, 20.2]"
Feature,usp0006ww5,7.1,"14 km NE of Cabatuan, Philippines",799646025050,1651250990516,,https://earthquake.usgs.gov/earthquakes/eventpage/usp0006ww5,https://earthquake.usgs.gov/fdsnws/event/1/query?eventid=usp0006ww5&format=geojson,,,6.746,,reviewed,0,776,us,p0006ww5,",choy19950505035345,gcmtc050595a,usp0006ww5,gcmt19950505035347,duputel050595a,atlas19950505035348,iscgem102159,",",choy,gcmt,us,gcmt,duputel,atlas,iscgem,",",focal-mechanism,impact-text,moment-tensor,origin,phase-data,shakemap,trump-shakemap,",,,0.9,,mw,earthquake,"M 7.1 - 14 km NE of Cabatuan, Philippines",Point,"[125.297, 12.626, 16]"
Feature,usp0006vz9,7.2,"10 km E of Dapdap, Philippines",798424486090,1651253143742,,https://earthquake.usgs.gov/earthquakes/eventpage/usp0006vz9,https://earthquake.usgs.gov/fdsnws/event/1/query?eventid=usp0006vz9&format=geojson,,,6.811,,reviewed,0,798,us,p0006vz9,",choy19950421003446,usp0006vz9,gcmt19950421003447,atlas19950421003449,iscgem110154,",",choy,us,gcmt,atlas,iscgem,",",focal-mechanism,impact-text,origin,phase-data,shakemap,trump-shakemap,",,,1.2,,mw,earthquake,"M 7.2 - 10 km E of Dapdap, Philippines",Point,"[125.58, 12.059, 20.7]"
Feature,usp0006vb3,7.4,"88 km NNE of Hihifo, Tonga",797292416890,1651252899778,,https://earthquake.usgs.gov/earthquakes/eventpage/usp0006vb3,https://earthquake.usgs.gov/fdsnws/event/1/query?eventid=usp0006vb3&format=geojson,,,4.19,,reviewed,0,842,us,p0006vb3,",choy19950407220656,gcmtm040795e,usp0006vb3,gcmt19950407220658,duputel040795e,iscgem108309,",",choy,gcmt,us,gcmt,duputel,iscgem,",",focal-mechanism,impact-text,moment-tensor,origin,phase-data,shakemap,",,,1.1,,mw,earthquake,"M 7.4 - 88 km NNE of Hihifo, Tonga",Point,"[-173.529, -15.199, 21.2]"
Feature,usp0006sef,7.1,"118 km NNE of Gisborne, New Zealand",792024665140,1660080983059,,https://earthquake.usgs.gov/earthquakes/eventpage/usp0006sef,https://earthquake.usgs.gov/fdsnws/event/1/query?eventid=usp0006sef&format=geojson,,,6.786,,reviewed,0,776,us,p0006sef,",usp0006sef,choy19950205225105,gcmtb020595d,gcmt19950205225110,duputel020595d,atlas19950205225108,iscgem116882,",",us,choy,gcmt,gcmt,duputel,atlas,iscgem,",",finite-fault,focal-mechanism,impact-text,moment-tensor,origin,phase-data,shakemap,trump-shakemap,",,,1.0,,mw,earthquake,"M 7.1 - 118 km NNE of Gisborne, New Zealand",Point,"[178.752, -37.759, 21.1]"
Feature,usp0006qyz,7.0,"63 km ESE of Hachinohe, Japan",789431854320,1664236485049,,https://earthquake.usgs.gov/earthquakes/eventpage/usp0006qyz,https://earthquake.usgs.gov/fdsnws/event/1/query?eventid=usp0006qyz&format=geojson,,,6.369,,reviewed,0,754,us,p0006qyz,",choy19950106223734,gcmtc010695f,usp0006qyz,gcmt19950106223737,duputel010695f,atlas19950106223736,iscgem123060,",",choy,gcmt,us,gcmt,duputel,atlas,iscgem,",",focal-mechanism,impact-text,moment-tensor,origin,phase-data,shakemap,trump-shakemap,",,,0.9,,mw,earthquake,"M 7.0 - 63 km ESE of Hachinohe, Japan",Point,"[142.175, 40.246, 26.9]"
Feature,usp0006qh3,7.8,"off the east coast of Honshu, Japan",788617163030,1651166343747,,https://earthquake.usgs.gov/earthquakes/eventpage/usp0006qh3,https://earthquake.usgs.gov/fdsnws/event/1/query?eventid=usp0006qh3&format=geojson,,,6.708,,reviewed,0,936,us,p0006qh3,",usp0006qh3,choy19941228121923,gcmtm122894c,gcmt19941228121923,duputel122894c,atlas19941228121925,iscgem137333,",",us,choy,gcmt,gcmt,duputel,atlas,iscgem,",",finite-fault,focal-mechanism,impact-text,moment-tensor,origin,phase-data,shakemap,trump-shakemap,",,,1.1,,mw,earthquake,"M 7.8 - off the east coast of Honshu, Japan",Point,"[143.419, 40.525, 26.5]"
Feature,usp0006nn2,7.1,"10 km E of Sabang, Philippines",784840530660,1651166435454,,https://earthquake.usgs.gov/earthquakes/eventpage/usp0006nn2,https://earthquake.usgs.gov/fdsnws/event/1/query?eventid=usp0006nn2&format=geojson,,,6.483,,reviewed,0,776,us,p0006nn2,",choy19941114191530,gcmtc111494c,usp0006nn2,gcmt19941114191530,duputel111494c,atlas19941114191532,iscgem141635,",",choy,gcmt,us,gcmt,duputel,atlas,iscgem,",",focal-mechanism,impact-text,moment-tensor,origin,phase-data,shakemap,trump-shakemap,",,,1.1,,mw,earthquake,"M 7.1 - 10 km E of Sabang, Philippines",Point,"[121.067, 13.525, 31.5]"
Feature,usp0006ku9,7.3,"96 km E of Shikotan, Russia",781689339580,1651166964423,,https://earthquake.usgs.gov/earthquakes/eventpage/usp0006ku9,https://earthquake.usgs.gov/fdsnws/event/1/query?eventid=usp0006ku9&format=geojson,,,5.679,,reviewed,0,820,us,p0006ku9,",choy19941009075539,gcmtc100994b,usp0006ku9,gcmt19941009075538,duputel100994b,atlas19941009075541,iscgem147901,",",choy,gcmt,us,gcmt,duputel,atlas,iscgem,",",focal-mechanism,impact-text,moment-tensor,origin,phase-data,shakemap,trump-shakemap,",,,0.9,,mw,earthquake,"M 7.3 - 96 km E of Shikotan, Russia",Point,"[147.916, 43.905, 33]"
Feature,usp0006kdp,8.3,"48 km E of Shikotan, Russia",781276975840,1651166534274,,https://earthquake.usgs.gov/earthquakes/eventpage/usp0006kdp,https://earthquake.usgs.gov/fdsnws/event/1/query?eventid=usp0006kdp&format=geojson,,,7.258,,reviewed,0,1060,us,p0006kdp,",usp0006kdp,choy19941004132255,gcmtm100494b,gcmt19941004132258,duputel100494b,atlas19941004132257,iscgem145456,",",us,choy,gcmt,gcmt,duputel,atlas,iscgem,",",finite-fault,focal-mechanism,impact-text,moment-tensor,origin,phase-data,shakemap,trump-shakemap,",,,0.9,,mw,earthquake,"M 8.3 - 48 km E of Shikotan, Russia",Point,"[147.321, 43.773, 14]"
Feature,usp0006hsx,7.1,"121 km W of Ferndale, California",778432553080,1651167046350,,https://earthquake.usgs.gov/earthquakes/eventpage/usp0006hsx,https://earthquake.usgs.gov/fdsnws/event/1/query?eventid=usp0006hsx&format=geojson,,,4.588,,reviewed,0,776,us,p0006hsx,",choy19940901151553,gcmtc090194f,usp0006hsx,nc30056327,gcmt19940901151553,duputel090194f,ci3182936,iscgem154090,atlas19940901151554,",",choy,gcmt,us,nc,gcmt,duputel,ci,iscgem,atlas,",",focal-mechanism,impact-text,moment-tensor,nearby-cities,origin,phase-data,shakemap,trump-shakemap,",,,1.0,,mwb,earthquake,"M 7.1 - 121 km W of Ferndale, California",Point,"[-125.68, 40.402, 10]"
Feature,usp0006fyv,7.3,"46 km SSW of Vrangel’, Russia",774815791740,1651167446419,,https://earthquake.usgs.gov/earthquakes/eventpage/usp0006fyv,https://earthquake.usgs.gov/fdsnws/event/1/query?eventid=usp0006fyv&format=geojson,,,3.801,,reviewed,0,820,us,p0006fyv,",choy19940721183631,gcmtc072194d,usp0006fyv,gcmt19940721183631,duputel072194d,atlas19940721183632,iscgem165550,",",choy,gcmt,us,gcmt,duputel,atlas,iscgem,",",focal-mechanism,impact-text,moment-tensor,origin,phase-data,shakemap,",,,0.9,,mw,earthquake,"M 7.3 - 46 km SSW of Vrangel’, Russia",Point,"[132.865, 42.34, 471.4]"
Feature,usp0006fjg,7.2,"58 km S of Lakatoro, Vanuatu",774066956020,1651167415494,,https://earthquake.usgs.gov/earthquakes/eventpage/usp0006fjg,https://earthquake.usgs.gov/fdsnws/event/1/query?eventid=usp0006fjg&format=geojson,,,6.948,,reviewed,0,798,us,p0006fjg,",choy19940713023556,gcmtc071394b,usp0006fjg,gcmt19940713023555,duputel071394b,atlas19940713023558,iscgem164393,",",choy,gcmt,us,gcmt,duputel,atlas,iscgem,",",focal-mechanism,impact-text,moment-tensor,origin,phase-data,shakemap,trump-shakemap,",,,1.3,,mw,earthquake,"M 7.2 - 58 km S of Lakatoro, Vanuatu",Point,"[167.518, -16.62, 33]"
Feature,usp0006dzc,8.2,"55 km NNW of Reyes, Bolivia",771121996230,1651167536965,,https://earthquake.usgs.gov/earthquakes/eventpage/usp0006dzc,https://earthquake.usgs.gov/fdsnws/event/1/query?eventid=usp0006dzc&format=geojson,,,3.673,,reviewed,0,1034,us,p0006dzc,",choy19940609003316,gcmtm060994a,usp0006dzc,gcmt19940609003316,duputel060994a,iscgem168418,atlas19940609003317,",",choy,gcmt,us,gcmt,duputel,iscgem,atlas,",",focal-mechanism,ground-failure,impact-text,moment-tensor,origin,phase-data,shakemap,trump-shakemap,",,,1.1,,mw,earthquake,"M 8.2 - 55 km NNW of Reyes, Bolivia",Point,"[-67.553, -13.841, 631.3]"
Feature,usp0006djk,7.8,"249 km SSW of Kencong, Indonesia",770581054020,1652136591097,,https://earthquake.usgs.gov/earthquakes/eventpage/usp0006djk,https://earthquake.usgs.gov/fdsnws/event/1/query?eventid=usp0006djk&format=geojson,,,5.342,,reviewed,0,936,us,p0006djk,",usp0006djk,choy19940602181734,gcmtm060294c,duputel060294c,gcmt19940602181736,iscgemsup167106,atlas19940602181738,iscgem167105,",",us,choy,gcmt,duputel,gcmt,iscgemsup,atlas,iscgem,",",finite-fault,focal-mechanism,impact-text,moment-tensor,origin,phase-data,shakemap,trump-shakemap,",,,1.1,,mw,earthquake,"M 7.8 - 249 km SSW of Kencong, Indonesia",Point,"[112.835, -10.477, 18.4]"
Feature,usp00069pg,7.0,central Mid-Atlantic Ridge,763619415750,1651168077451,,https://earthquake.usgs.gov/earthquakes/eventpage/usp00069pg,https://earthquake.usgs.gov/fdsnws/event/1/query?eventid=usp00069pg&format=geojson,,,,,reviewed,0,754,us,p00069pg,",choy19940314043015,usp00069pg,duputel031494a,iscgem181597,",",choy,us,duputel,iscgem,",",focal-mechanism,impact-text,moment-tensor,origin,phase-data,",,,1.4,,mw,earthquake,M 7.0 - central Mid-Atlantic Ridge,Point,"[-23.569, -1.278, 10]"
Feature,usp00069fm,7.6,"240 km E of Levuka, Fiji",763255686780,1651168055598,,https://earthquake.usgs.gov/earthquakes/eventpage/usp00069fm,https://earthquake.usgs.gov/fdsnws/event/1/query?eventid=usp00069fm&format=geojson,,,3.737,,reviewed,0,889,us,p00069fm,",choy19940309232806,gcmtm030994e,usp00069fm,gcmt19940309232807,duputel030994e,iscgem180899,",",choy,gcmt,us,gcmt,duputel,iscgem,",",focal-mechanism,impact-text,moment-tensor,origin,phase-data,shakemap,",,,1.0,,mw,earthquake,"M 7.6 - 240 km E of Levuka, Fiji",Point,"[-178.413, -18.039, 562.5]"
Feature,usp00068eg,7.0,"112 km S of Isangel, Vanuatu",761075903990,1651168169808,,https://earthquake.usgs.gov/earthquakes/eventpage/usp00068eg,https://earthquake.usgs.gov/fdsnws/event/1/query?eventid=usp00068eg&format=geojson,,,5.661,,reviewed,0,754,us,p00068eg,",choy19940212175823,gcmtc021294f,usp00068eg,gcmt19940212175825,duputel021294f,atlas19940212175825,iscgem185315,",",choy,gcmt,us,gcmt,duputel,atlas,iscgem,",",focal-mechanism,impact-text,moment-tensor,origin,phase-data,shakemap,trump-shakemap,",,,1.0,,mwb,earthquake,"M 7.0 - 112 km S of Isangel, Vanuatu",Point,"[169.361, -20.553, 27.7]"
Feature,usp0006744,7.0,"36 km NNE of Sofifi, Indonesia",759119069960,1651168394262,,https://earthquake.usgs.gov/earthquakes/eventpage/usp0006744,https://earthquake.usgs.gov/fdsnws/event/1/query?eventid=usp0006744&format=geojson,,,6.687,,reviewed,0,754,us,p0006744,",choy19940121022429,gcmtc012194a,usp0006744,gcmt19940121022431,duputel012194a,atlas19940121022431,iscgem190074,",",choy,gcmt,us,gcmt,duputel,atlas,iscgem,",",focal-mechanism,impact-text,moment-tensor,origin,phase-data,shakemap,trump-shakemap,",,,1.2,,mwb,earthquake,"M 7.0 - 36 km NNE of Sofifi, Indonesia",Point,"[127.733, 1.015, 19.9]"
Feature,usp00065sh,7.0,"92 km SE of Isangel, Vanuatu",757151294200,1651168524236,,https://earthquake.usgs.gov/earthquakes/eventpage/usp00065sh,https://earthquake.usgs.gov/fdsnws/event/1/query?eventid=usp00065sh&format=geojson,,,6.705,,reviewed,0,754,us,p00065sh,",choy19931229074814,gcmtc122993a,usp00065sh,gcmt19931229074814,duputel122993a,atlas19931229074814,iscgem195451,",",choy,gcmt,us,gcmt,duputel,atlas,iscgem,",",focal-mechanism,impact-text,moment-tensor,origin,phase-data,shakemap,trump-shakemap,",,,1.1,,mw,earthquake,"M 7.0 - 92 km SE of Isangel, Vanuatu",Point,"[169.789, -20.23, 33]"
Feature,usp00063mj,7.0,"112 km S of Vilyuchinsk, Russia",753153484180,1651168570510,,https://earthquake.usgs.gov/earthquakes/eventpage/usp00063mj,https://earthquake.usgs.gov/fdsnws/event/1/query?eventid=usp00063mj&format=geojson,,,6.308,,reviewed,0,754,us,p00063mj,",choy19931113011804,gcmtc111393b,usp00063mj,gcmt19931113011804,duputel111393b,atlas19931113011804,iscgem197911,",",choy,gcmt,us,gcmt,duputel,atlas,iscgem,",",focal-mechanism,impact-text,moment-tensor,origin,phase-data,shakemap,trump-shakemap,",,,1.0,,mw,earthquake,"M 7.0 - 112 km S of Vilyuchinsk, Russia",Point,"[158.647, 51.934, 34]"
Feature,usp0006030,7.2,"24 km W of Puerto Madero, Mexico",747688374620,1651168795831,,https://earthquake.usgs.gov/earthquakes/eventpage/usp0006030,https://earthquake.usgs.gov/fdsnws/event/1/query?eventid=usp0006030&format=geojson,,,6.585,,reviewed,0,798,us,p0006030,",choy19930910191254,gcmtc091093f,usp0006030,gcmt19930910191254,duputel091093f,atlas19930910191254,iscgem207189,",",choy,gcmt,us,gcmt,duputel,atlas,iscgem,",",focal-mechanism,impact-text,moment-tensor,origin,phase-data,shakemap,trump-shakemap,",,,1.3,,mw,earthquake,"M 7.2 - 24 km W of Puerto Madero, Mexico",Point,"[-92.645, 14.717, 34.1]"
Feature,usp0005y7g,7.0,"63 km WNW of Te Anau, New Zealand",744943913250,1651168993656,,https://earthquake.usgs.gov/earthquakes/eventpage/usp0005y7g,https://earthquake.usgs.gov/fdsnws/event/1/query?eventid=usp0005y7g&format=geojson,,,6.292,,reviewed,0,754,us,p0005y7g,",choy19930810005153,gcmtc081093a,usp0005y7g,gcmt19930810005154,duputel081093a,atlas19930810005154,iscgem213027,",",choy,gcmt,us,gcmt,duputel,atlas,iscgem,",",focal-mechanism,impact-text,moment-tensor,origin,phase-data,shakemap,trump-shakemap,",,,1.1,,mw,earthquake,"M 7.0 - 63 km WNW of Te Anau, New Zealand",Point,"[166.927, -45.277, 28.1]"
Feature,usp0005y6k,7.0,"53 km S of Jurm, Afghanistan",744900168190,1651168988046,,https://earthquake.usgs.gov/earthquakes/eventpage/usp0005y6k,https://earthquake.usgs.gov/fdsnws/event/1/query?eventid=usp0005y6k&format=geojson,,,4.497,,reviewed,0,754,us,p0005y6k,",choy19930809124248,gcmtc080993g,usp0005y6k,gcmt19930809124249,duputel080993g,atlas19930809124248,iscgem212920,",",choy,gcmt,us,gcmt,duputel,atlas,iscgem,",",focal-mechanism,impact-text,moment-tensor,origin,phase-data,shakemap,",,,1.2,,mwb,earthquake,"M 7.0 - 53 km S of Jurm, Afghanistan",Point,"[70.868, 36.379, 214.5]"
Feature,usp0005y3k,7.8,"32 km S of Inarajan Village, Guam",744798864930,1682457779531,,https://earthquake.usgs.gov/earthquakes/eventpage/usp0005y3k,https://earthquake.usgs.gov/fdsnws/event/1/query?eventid=usp0005y3k&format=geojson,14.0,9.0,7.961,,reviewed,0,949,us,p0005y3k,",usp0005y3k,usguam93,choy19930808083424,gcmtm080893b,duputel080893b,gcmt19930808083425,atlas19930808083424,iscgem212641,",",us,us,choy,gcmt,duputel,gcmt,atlas,iscgem,",",associate,dyfi,finite-fault,focal-mechanism,ground-failure,impact-text,moment-tensor,origin,phase-data,shakemap,trump-shakemap,",,,1.1,,mw,earthquake,"M 7.8 - 32 km S of Inarajan Village, Guam",Point,"[144.801, 12.982, 59.3]"
Feature,usp0005w12,7.7,"107 km W of Iwanai, Japan",742483031960,1651169202334,,https://earthquake.usgs.gov/earthquakes/eventpage/usp0005w12,https://earthquake.usgs.gov/fdsnws/event/1/query?eventid=usp0005w12&format=geojson,,,7.451,,reviewed,0,912,us,p0005w12,",usp0005w12,choy19930712131711,gcmtm071293b,gcmt19930712131711,duputel071293b,atlas19930712131714,iscgem219326,",",us,choy,gcmt,gcmt,duputel,atlas,iscgem,",",finite-fault,focal-mechanism,ground-failure,impact-text,moment-tensor,origin,phase-data,shakemap,trump-shakemap,",,,1.0,,mw,earthquake,"M 7.7 - 107 km W of Iwanai, Japan",Point,"[139.197, 42.851, 16.7]"
Feature,usp0005u7b,7.5,"97 km ESE of Ozernovskiy, Russia",739544616480,1651169308609,,https://earthquake.usgs.gov/earthquakes/eventpage/usp0005u7b,https://earthquake.usgs.gov/fdsnws/event/1/query?eventid=usp0005u7b&format=geojson,,,7.348,,reviewed,0,865,us,p0005u7b,",usp0005u7b,choy19930608130336,gcmtc060893d,gcmt19930608130337,duputel060893d,iscgem227047,atlas19930608130336,",",us,choy,gcmt,gcmt,duputel,iscgem,atlas,",",finite-fault,focal-mechanism,impact-text,moment-tensor,origin,phase-data,shakemap,trump-shakemap,",,,1.0,,mw,earthquake,"M 7.5 - 97 km ESE of Ozernovskiy, Russia",Point,"[157.829, 51.218, 70.6]"
Feature,usp0005te6,7.0,"87 km W of Abra Pampa, Argentina",738287488240,1651169630482,,https://earthquake.usgs.gov/earthquakes/eventpage/usp0005te6,https://earthquake.usgs.gov/fdsnws/event/1/query?eventid=usp0005te6&format=geojson,,,4.867,,reviewed,0,754,us,p0005te6,",choy19930524235128,usp0005te6,iscgem234120,",",choy,us,iscgem,",",focal-mechanism,impact-text,origin,phase-data,shakemap,",,,0.8,,mwb,earthquake,"M 7.0 - 87 km W of Abra Pampa, Argentina",Point,"[-66.543, -22.671, 221]"
Feature,usp0005sm4,7.0,"3 km E of Manay, Philippines",737144811320,1651169492019,,https://earthquake.usgs.gov/earthquakes/eventpage/usp0005sm4,https://earthquake.usgs.gov/fdsnws/event/1/query?eventid=usp0005sm4&format=geojson,,,6.489,,reviewed,0,754,us,p0005sm4,",choy19930511182651,gcmtc051193e,usp0005sm4,gcmt19930511182648,duputel051193e,atlas19930511182652,iscgem231961,",",choy,gcmt,us,gcmt,duputel,atlas,iscgem,",",focal-mechanism,impact-text,moment-tensor,origin,phase-data,shakemap,trump-shakemap,",,,1.1,,mwb,earthquake,"M 7.0 - 3 km E of Manay, Philippines",Point,"[126.57, 7.219, 58.7]"
Feature,usp0005p26,7.1,"178 km W of Lata, Solomon Islands",731387149870,1651169867737,,https://earthquake.usgs.gov/earthquakes/eventpage/usp0005p26,https://earthquake.usgs.gov/fdsnws/event/1/query?eventid=usp0005p26&format=geojson,,,,,reviewed,0,776,us,p0005p26,",choy19930306030549,gcmtc030693b,usp0005p26,gcmt19930306030548,duputel030693b,iscgem241894,",",choy,gcmt,us,gcmt,duputel,iscgem,",",focal-mechanism,impact-text,moment-tensor,origin,phase-data,",,,1.2,,mwb,earthquake,"M 7.1 - 178 km W of Lata, Solomon Islands",Point,"[164.181, -10.972, 20.4]"
Feature,usp0005ktj,7.6,"52 km NE of Otofuke, Japan",727095965950,1651170159390,,https://earthquake.usgs.gov/earthquakes/eventpage/usp0005ktj,https://earthquake.usgs.gov/fdsnws/event/1/query?eventid=usp0005ktj&format=geojson,,,7.505,,reviewed,0,889,us,p0005ktj,",usp0005ktj,choy19930115110605,gcmtc011593c,gcmt19930115110605,duputel011593c,iscgem252904,atlas19930115110607,",",us,choy,gcmt,gcmt,duputel,iscgem,atlas,",",finite-fault,focal-mechanism,impact-text,moment-tensor,origin,phase-data,shakemap,trump-shakemap,",,,1.5,,mw,earthquake,"M 7.6 - 52 km NE of Otofuke, Japan",Point,"[143.691, 43.3, 102.2]"
Feature,usp0005jjt,7.3,"281 km WSW of Tual, Indonesia",724884767280,1651170390756,,https://earthquake.usgs.gov/earthquakes/eventpage/usp0005jjt,https://earthquake.usgs.gov/fdsnws/event/1/query?eventid=usp0005jjt&format=geojson,,,6.025,,reviewed,0,820,us,p0005jjt,",choy19921220205247,gcmtm122092i,usp0005jjt,gcmt19921220205242,duputel122092i,atlas19921220205248,iscgem258427,",",choy,gcmt,us,gcmt,duputel,atlas,iscgem,",",focal-mechanism,impact-text,moment-tensor,origin,phase-data,shakemap,trump-shakemap,",,,1.2,,mw,earthquake,"M 7.3 - 281 km WSW of Tual, Indonesia",Point,"[130.393, -6.582, 77.7]"
Feature,usp0005j5a,7.8,"37 km WNW of Maumere, Indonesia",724138166350,1651170334047,,https://earthquake.usgs.gov/earthquakes/eventpage/usp0005j5a,https://earthquake.usgs.gov/fdsnws/event/1/query?eventid=usp0005j5a&format=geojson,,,8.07,,reviewed,0,936,us,p0005j5a,",usp0005j5a,choy19921212052926,gcmtm121292b,gcmt19921212052927,duputel121292b,atlas19921212052927,iscgem257091,",",us,choy,gcmt,gcmt,duputel,atlas,iscgem,",",finite-fault,focal-mechanism,ground-failure,impact-text,moment-tensor,origin,phase-data,shakemap,trump-shakemap,",,,1.4,,mw,earthquake,"M 7.8 - 37 km WNW of Maumere, Indonesia",Point,"[121.896, -8.48, 27.7]"
Feature,usp0005fha,7.2,"11 km NNW of Murindó, Colombia",719421119110,1651170794016,,https://earthquake.usgs.gov/earthquakes/eventpage/usp0005fha,https://earthquake.usgs.gov/fdsnws/event/1/query?eventid=usp0005fha&format=geojson,,,6.785,,reviewed,0,798,us,p0005fha,",choy19921018151159,gcmtc101892g,usp0005fha,gcmt19921018151159,duputel101892g,atlas19921018151159,iscgem268313,",",choy,gcmt,us,gcmt,duputel,atlas,iscgem,",",focal-mechanism,impact-text,moment-tensor,origin,phase-data,shakemap,trump-shakemap,",,,1.3,,mwb,earthquake,"M 7.2 - 11 km NNW of Murindó, Colombia",Point,"[-76.862, 7.075, 10]"
Feature,usp0005f79,7.4,"47 km NW of Isangel, Vanuatu",718831466290,1651170751361,,https://earthquake.usgs.gov/earthquakes/eventpage/usp0005f79,https://earthquake.usgs.gov/fdsnws/event/1/query?eventid=usp0005f79&format=geojson,,,6.976,,reviewed,0,842,us,p0005f79,",choy19921011192426,gcmtc101192c,usp0005f79,gcmt19921011192429,duputel101192c,atlas19921011192428,iscgem267072,",",choy,gcmt,us,gcmt,duputel,atlas,iscgem,",",focal-mechanism,impact-text,moment-tensor,origin,phase-data,shakemap,trump-shakemap,",,,1.1,,mw,earthquake,"M 7.4 - 47 km NW of Isangel, Vanuatu",Point,"[168.948, -19.247, 129]"
Feature,usp0005ddn,7.7,"83 km SSW of Corinto, Nicaragua",715392961690,1651170884810,,https://earthquake.usgs.gov/earthquakes/eventpage/usp0005ddn,https://earthquake.usgs.gov/fdsnws/event/1/query?eventid=usp0005ddn&format=geojson,,,6.69,,reviewed,0,912,us,p0005ddn,",usp0005ddn,choy19920902001601,gcmtm090292a,duputel090292a,gcmt19920902001557,iscgem270936,atlas19920902001603,",",us,choy,gcmt,duputel,gcmt,iscgem,atlas,",",finite-fault,focal-mechanism,impact-text,moment-tensor,origin,phase-data,shakemap,trump-shakemap,",,,1.3,,mw,earthquake,"M 7.7 - 83 km SSW of Corinto, Nicaragua",Point,"[-87.34, 11.742, 44.8]"
Feature,usp0005cq0,7.3,"60 km ENE of Toktogul, Kyrgyzstan",714189877410,1651171176224,,https://earthquake.usgs.gov/earthquakes/eventpage/usp0005cq0,https://earthquake.usgs.gov/fdsnws/event/1/query?eventid=usp0005cq0&format=geojson,,,9.397,,reviewed,0,820,us,p0005cq0,",choy19920819020437,gcmtc081992b,usp0005cq0,gcmt19920819020436,duputel081992b,atlas19920819020438,iscgem278018,",",choy,gcmt,us,gcmt,duputel,atlas,iscgem,",",focal-mechanism,ground-failure,impact-text,moment-tensor,origin,phase-data,shakemap,trump-shakemap,",,,1.1,,mwb,earthquake,"M 7.3 - 60 km ENE of Toktogul, Kyrgyzstan",Point,"[73.575, 42.142, 27.4]"
Feature,usp0005ap1,7.2,south of the Fiji Islands,710851459760,1651171257917,,https://earthquake.usgs.gov/earthquakes/eventpage/usp0005ap1,https://earthquake.usgs.gov/fdsnws/event/1/query?eventid=usp0005ap1&format=geojson,,,,,reviewed,0,798,us,p0005ap1,",choy19920711104419,gcmtc071192a,usp0005ap1,gcmt19920711104420,duputel071192a,iscgem281470,",",choy,gcmt,us,gcmt,duputel,iscgem,",",focal-mechanism,impact-text,moment-tensor,origin,phase-data,",,,1.1,,mw,earthquake,M 7.2 - south of the Fiji Islands,Point,"[-178.413, -22.483, 377.2]"
Feature,ci3031111,7.3,"The 1992 Landers, California Earthquake",709732654130,1709654677526,,https://earthquake.usgs.gov/earthquakes/eventpage/ci3031111,https://earthquake.usgs.gov/fdsnws/event/1/query?eventid=ci3031111&format=geojson,642.0,9.0,9.296,,reviewed,0,1398,ci,3031111,",ci3031111,cilanders,choy19920628115734,gcmtc062892c,usp00059sn,gcmt19920628115735,duputel062892c,iscgem289086,atlas19920628115739,",",ci,ci,choy,gcmt,us,gcmt,duputel,iscgem,atlas,",",associate,dyfi,earthquake-name,focal-mechanism,general-link,ground-failure,impact-text,moment-tensor,nearby-cities,origin,phase-data,shakemap,trump-shakemap,",0.0,,0.194,43.4,mw,earthquake,"M 7.3 - The 1992 Landers, California Earthquake",Point,"[-116.437, 34.2, -0.097]"
Feature,usp000585d,7.0,"75 km SW of Lata, Solomon Islands",706943618810,1651171693110,,https://earthquake.usgs.gov/earthquakes/eventpage/usp000585d,https://earthquake.usgs.gov/fdsnws/event/1/query?eventid=usp000585d&format=geojson,,,5.381,,reviewed,0,754,us,p000585d,",choy19920527051338,gcmtc052792a,usp000585d,gcmt19920527051341,duputel052792a,atlas19920527051340,iscgem293309,",",choy,gcmt,us,gcmt,duputel,atlas,iscgem,",",focal-mechanism,impact-text,moment-tensor,origin,phase-data,shakemap,trump-shakemap,",,,0.9,,mw,earthquake,"M 7.0 - 75 km SW of Lata, Solomon Islands",Point,"[165.239, -11.122, 18.8]"
Feature,usp00057gv,7.3,"23 km ESE of Santiago, Philippines",706097731310,1651171644067,,https://earthquake.usgs.gov/earthquakes/eventpage/usp00057gv,https://earthquake.usgs.gov/fdsnws/event/1/query?eventid=usp00057gv&format=geojson,,,6.52,,reviewed,0,820,us,p00057gv,",choy19920517101531,gcmtc051792c,usp00057gv,gcmt19920517101531,atlas19920517101536,iscgem291774,",",choy,gcmt,us,gcmt,atlas,iscgem,",",focal-mechanism,impact-text,origin,phase-data,shakemap,trump-shakemap,",,,1.1,,mwb,earthquake,"M 7.3 - 23 km ESE of Santiago, Philippines",Point,"[126.762, 7.191, 33]"
Feature,usp00057gu,7.1,"9 km SE of Santiago, Philippines",706096159110,1651171633066,,https://earthquake.usgs.gov/earthquakes/eventpage/usp00057gu,https://earthquake.usgs.gov/fdsnws/event/1/query?eventid=usp00057gu&format=geojson,,,6.552,,reviewed,0,776,us,p00057gu,",choy19920517094919,gcmtc051792b,usp00057gu,gcmt19920517094918,duputel051792b,atlas19920517094920,iscgem291773,",",choy,gcmt,us,gcmt,duputel,atlas,iscgem,",",focal-mechanism,impact-text,moment-tensor,origin,phase-data,shakemap,trump-shakemap,",,,1.2,,mw,earthquake,"M 7.1 - 9 km SE of Santiago, Philippines",Point,"[126.645, 7.239, 32.8]"
Feature,usp00057d0,7.2,"61 km NNW of Finschhafen, Papua New Guinea",705913505340,1651171596374,,https://earthquake.usgs.gov/earthquakes/eventpage/usp00057d0,https://earthquake.usgs.gov/fdsnws/event/1/query?eventid=usp00057d0&format=geojson,,,7.176,,reviewed,0,798,us,p00057d0,",choy19920515070505,gcmtc051592d,usp00057d0,gcmt19920515070504,duputel051592d,atlas19920515070507,iscgem291459,",",choy,gcmt,us,gcmt,duputel,atlas,iscgem,",",focal-mechanism,impact-text,moment-tensor,origin,phase-data,shakemap,trump-shakemap,",,,1.1,,mw,earthquake,"M 7.2 - 61 km NNW of Finschhafen, Papua New Guinea",Point,"[147.572, -6.075, 58]"
Feature,nc269151,7.2,"The 1992 Petrolia, California Earthquake",704225165180,1708845906580,,https://earthquake.usgs.gov/earthquakes/eventpage/nc269151,https://earthquake.usgs.gov/fdsnws/event/1/query?eventid=nc269151&format=geojson,118.0,9.0,8.059,,reviewed,0,904,nc,269151,",nc269151,choy19920425180604,gcmtc042592e,usp00056e1,duputel042592e,ci2048554,gcmt19920425180604,iscgem297295,atlas19920425180604,",",nc,choy,gcmt,us,duputel,ci,gcmt,iscgem,atlas,",",associate,dyfi,earthquake-name,focal-mechanism,ground-failure,impact-text,moment-tensor,nearby-cities,origin,phase-data,shakemap,touch,trump-shakemap,",9.0,0.1072,0.07,115.0,mh,earthquake,"M 7.2 - The 1992 Petrolia, California Earthquake",Point,"[-124.2286667, 40.3353333, 9.856]"
Feature,usp000510y,7.2,South Sandwich Islands region,693806758240,1651172300038,,https://earthquake.usgs.gov/earthquakes/eventpage/usp000510y,https://earthquake.usgs.gov/fdsnws/event/1/query?eventid=usp000510y&format=geojson,,,,,reviewed,0,798,us,p000510y,",gcmtc122791c,usp000510y,gcmt19911227040601,duputel122791c,iscgem311915,",",gcmt,us,gcmt,duputel,iscgem,",",focal-mechanism,impact-text,moment-tensor,origin,phase-data,",,,1.4,,mw,earthquake,M 7.2 - South Sandwich Islands region,Point,"[-25.266, -56.032, 10]"
Feature,usp00050sq,7.6,"248 km E of Kuril’sk, Russia",693391393410,1651172288037,,https://earthquake.usgs.gov/earthquakes/eventpage/usp00050sq,https://earthquake.usgs.gov/fdsnws/event/1/query?eventid=usp00050sq&format=geojson,,,6.111,,reviewed,0,889,us,p00050sq,",usp00050sq,choy19911222084313,gcmtc122291b,gcmt19911222084313,duputel122291b,iscgem311329,",",us,choy,gcmt,gcmt,duputel,iscgem,",",finite-fault,focal-mechanism,impact-text,moment-tensor,origin,phase-data,shakemap,",,,0.9,,mw,earthquake,"M 7.6 - 248 km E of Kuril’sk, Russia",Point,"[151.021, 45.533, 24.7]"
Feature,usp0004zbt,7.2,"33 km NNW of Santa Genoveva de Docordó, Colombia",690589731090,1651172410141,,https://earthquake.usgs.gov/earthquakes/eventpage/usp0004zbt,https://earthquake.usgs.gov/fdsnws/event/1/query?eventid=usp0004zbt&format=geojson,,,7.028,,reviewed,0,798,us,p0004zbt,",choy19911119222851,gcmtc111991g,usp0004zbt,duputel111991g,gcmt19911119222850,atlas19911119222852,iscgem314051,",",choy,gcmt,us,duputel,gcmt,atlas,iscgem,",",focal-mechanism,impact-text,moment-tensor,origin,phase-data,shakemap,trump-shakemap,",,,1.2,,mw,earthquake,"M 7.2 - 33 km NNW of Santa Genoveva de Docordó, Colombia",Point,"[-77.442, 4.554, 21.3]"
Feature,usp0004xtq,7.2,"155 km WNW of Malango, Solomon Islands",687455892790,1651172497662,,https://earthquake.usgs.gov/earthquakes/eventpage/usp0004xtq,https://earthquake.usgs.gov/fdsnws/event/1/query?eventid=usp0004xtq&format=geojson,,,6.361,,reviewed,0,798,us,p0004xtq,",choy19911014155812,gcmtb101491c,usp0004xtq,gcmt19911014155814,duputel101491c,atlas19911014155816,iscgem316514,",",choy,gcmt,us,gcmt,duputel,atlas,iscgem,",",focal-mechanism,impact-text,moment-tensor,origin,phase-data,shakemap,trump-shakemap,",,,1.3,,mw,earthquake,"M 7.2 - 155 km WNW of Malango, Solomon Islands",Point,"[158.442, -9.094, 23.4]"
Feature,usp0004x7f,7.0,Fiji region,686190106410,1651172664076,,https://earthquake.usgs.gov/earthquakes/eventpage/usp0004x7f,https://earthquake.usgs.gov/fdsnws/event/1/query?eventid=usp0004x7f&format=geojson,,,,,reviewed,0,754,us,p0004x7f,",choy19910930002146,gcmtc093091a,usp0004x7f,gcmt19910930002147,duputel093091a,iscgem321368,",",choy,gcmt,us,gcmt,duputel,iscgem,",",focal-mechanism,impact-text,moment-tensor,origin,phase-data,",,,1.0,,mw,earthquake,M 7.0 - Fiji region,Point,"[-178.591, -20.878, 566.4]"
Feature,nc228064,7.0,"136 km WSW of Brookings, Oregon",682467429970,1651172732166,,https://earthquake.usgs.gov/earthquakes/eventpage/nc228064,https://earthquake.usgs.gov/fdsnws/event/1/query?eventid=nc228064&format=geojson,,,5.424,,reviewed,0,754,nc,228064,",choy19910817221714,gcmtc081791h,usp0004vh7,gcmt19910817221712,duputel081791h,nc228064,iscgem323172,",",choy,gcmt,us,gcmt,duputel,nc,iscgem,",",focal-mechanism,impact-text,moment-tensor,nearby-cities,origin,phase-data,shakemap,",90.0,1.473,0.09,295.0,mh,earthquake,"M 7.0 - 136 km WSW of Brookings, Oregon",Point,"[-125.856, 41.679, 1.303]"
Feature,usp0004tuc,7.0,"15 km W of Lares, Peru",678802789560,1651172846133,,https://earthquake.usgs.gov/earthquakes/eventpage/usp0004tuc,https://earthquake.usgs.gov/fdsnws/event/1/query?eventid=usp0004tuc&format=geojson,,,6.685,,reviewed,0,754,us,p0004tuc,",choy19910706121949,gcmtc070691a,usp0004tuc,gcmt19910706121945,duputel070691a,atlas19910706121949,iscgem325038,",",choy,gcmt,us,gcmt,duputel,atlas,iscgem,",",focal-mechanism,impact-text,moment-tensor,origin,phase-data,shakemap,trump-shakemap,",,,1.2,,mwb,earthquake,"M 7.0 - 15 km W of Lares, Peru",Point,"[-72.187, -13.108, 104.5]"
Feature,usp0004taw,7.3,"27 km NNW of El Hoyo, Argentina",677712148940,1651173130859,,https://earthquake.usgs.gov/earthquakes/eventpage/usp0004taw,https://earthquake.usgs.gov/fdsnws/event/1/query?eventid=usp0004taw&format=geojson,,,,,reviewed,0,820,us,p0004taw,",choy19910623212228,gcmtc062391g,usp0004taw,gcmt19910623212230,duputel062391g,atlas19910623212229,iscgem329935,",",choy,gcmt,us,gcmt,duputel,atlas,iscgem,",",focal-mechanism,impact-text,moment-tensor,origin,phase-data,",,,1.0,,mw,earthquake,"M 7.3 - 27 km NNW of El Hoyo, Argentina",Point,"[-63.349, -26.802, 558]"
Feature,usp0004t6g,7.5,"79 km NNW of Gorontalo, Indonesia",677395132510,1651173064409,,https://earthquake.usgs.gov/earthquakes/eventpage/usp0004t6g,https://earthquake.usgs.gov/fdsnws/event/1/query?eventid=usp0004t6g&format=geojson,,,6.706,,reviewed,0,865,us,p0004t6g,",usp0004t6g,choy19910620051852,gcmtb062091c,duputel062091c,gcmt19910620051852,atlas19910620051854,iscgem329618,",",us,choy,gcmt,duputel,gcmt,atlas,iscgem,",",finite-fault,focal-mechanism,impact-text,moment-tensor,origin,phase-data,shakemap,trump-shakemap,",,,1.2,,mw,earthquake,"M 7.5 - 79 km NNW of Gorontalo, Indonesia",Point,"[122.787, 1.196, 31.4]"
Feature,usp0004sq2,7.0,"144 km NW of Nuku‘alofa, Tonga",676453502130,1651172971451,,https://earthquake.usgs.gov/earthquakes/eventpage/usp0004sq2,https://earthquake.usgs.gov/fdsnws/event/1/query?eventid=usp0004sq2&format=geojson,,,,,reviewed,0,754,us,p0004sq2,",choy19910609074502,gcmtc060991c,usp0004sq2,gcmt19910609074506,duputel060991c,atlas19910609074504,iscgem328468,",",choy,gcmt,us,gcmt,duputel,atlas,iscgem,",",focal-mechanism,impact-text,moment-tensor,origin,phase-data,",,,1.0,,mw,earthquake,"M 7.0 - 144 km NW of Nuku‘alofa, Tonga",Point,"[-176.218, -20.252, 265.5]"
Feature,usp0004s9h,7.0,"71 km SE of King Cove, Alaska",675609461970,1651173322082,,https://earthquake.usgs.gov/earthquakes/eventpage/usp0004s9h,https://earthquake.usgs.gov/fdsnws/event/1/query?eventid=usp0004s9h&format=geojson,,,,,reviewed,0,754,us,p0004s9h,",choy19910530131741,gcmtc053091b,usp0004s9h,gcmt19910530131744,duputel053091b,ak9916wagffc,iscgem333866,",",choy,gcmt,us,gcmt,duputel,ak,iscgem,",",focal-mechanism,impact-text,moment-tensor,origin,phase-data,",,,1.1,,mw,earthquake,"M 7.0 - 71 km SE of King Cove, Alaska",Point,"[-161.606, 54.567, 28.4]"
Feature,usp0004ru5,7.0,"69 km N of Gorontalo, Indonesia",674614681730,1651173281619,,https://earthquake.usgs.gov/earthquakes/eventpage/usp0004ru5,https://earthquake.usgs.gov/fdsnws/event/1/query?eventid=usp0004ru5&format=geojson,,,6.329,,reviewed,0,754,us,p0004ru5,",choy19910519005801,gcmtc051991a,usp0004ru5,gcmt19910519005802,duputel051991a,atlas19910519005801,iscgem332684,",",choy,gcmt,us,gcmt,duputel,atlas,iscgem,",",focal-mechanism,impact-text,moment-tensor,origin,phase-data,shakemap,trump-shakemap,",,,1.2,,mw,earthquake,"M 7.0 - 69 km N of Gorontalo, Indonesia",Point,"[122.957, 1.156, 33]"
Feature,usp0004qza,7.0,"22 km WNW of Java, Georgia",672916368100,1651173590183,,https://earthquake.usgs.gov/earthquakes/eventpage/usp0004qza,https://earthquake.usgs.gov/fdsnws/event/1/query?eventid=usp0004qza&format=geojson,,,8.267,,reviewed,0,754,us,p0004qza,",choy19910429091248,gcmtc042991b,usp0004qza,gcmt19910429091247,duputel042991b,atlas19910429091249,iscgem336954,",",choy,gcmt,us,gcmt,duputel,atlas,iscgem,",",focal-mechanism,impact-text,moment-tensor,origin,phase-data,shakemap,trump-shakemap,",,,1.2,,mw,earthquake,"M 7.0 - 22 km WNW of Java, Georgia",Point,"[43.673, 42.453, 17.2]"
Feature,usp0004qpg,7.6,"34 km S of Limón, Costa Rica",672357411820,1651173514851,,https://earthquake.usgs.gov/earthquakes/eventpage/usp0004qpg,https://earthquake.usgs.gov/fdsnws/event/1/query?eventid=usp0004qpg&format=geojson,,,7.736,,reviewed,0,889,us,p0004qpg,",usp0004qpg,choy19910422215651,gcmtc042291a,gcmt19910422215651,duputel042291a,atlas19910422215653,iscgem336255,",",us,choy,gcmt,gcmt,duputel,atlas,iscgem,",",finite-fault,focal-mechanism,ground-failure,impact-text,moment-tensor,origin,phase-data,shakemap,trump-shakemap,",,,1.2,,mw,earthquake,"M 7.6 - 34 km S of Limón, Costa Rica",Point,"[-83.073, 9.685, 10]"
Feature,usp0004pyn,7.1,"11 km NE of Rioja, Peru",670825189520,1651173382305,,https://earthquake.usgs.gov/earthquakes/eventpage/usp0004pyn,https://earthquake.usgs.gov/fdsnws/event/1/query?eventid=usp0004pyn&format=geojson,,,6.78,,reviewed,0,776,us,p0004pyn,",choy19910405041949,gcmtc040591a,usp0004pyn,gcmt19910405041951,duputel040591a,atlas19910405041951,iscgem334433,",",choy,gcmt,us,gcmt,duputel,atlas,iscgem,",",focal-mechanism,impact-text,moment-tensor,origin,phase-data,shakemap,trump-shakemap,",,,1.0,,mw,earthquake,"M 7.1 - 11 km NE of Rioja, Peru",Point,"[-77.094, -5.982, 19.8]"
Feature,usp0004n2a,7.0,"18 km E of Aras-asan, Philippines",666844645120,1651173828369,,https://earthquake.usgs.gov/earthquakes/eventpage/usp0004n2a,https://earthquake.usgs.gov/fdsnws/event/1/query?eventid=usp0004n2a&format=geojson,,,6.533,,reviewed,0,754,us,p0004n2a,",gcmtc021891a,usp0004n2a,gcmt19910218023728,duputel021891a,atlas19910218023728,iscgem341899,",",gcmt,us,gcmt,duputel,atlas,iscgem,",",focal-mechanism,impact-text,moment-tensor,origin,phase-data,shakemap,trump-shakemap,",,,1.3,,mw,earthquake,"M 7.0 - 18 km E of Aras-asan, Philippines",Point,"[126.48, 8.87, 23.9]"
Feature,usp0004k8g,7.0,"99 km NW of Mogok, Myanmar",663087431590,1651173966147,,https://earthquake.usgs.gov/earthquakes/eventpage/usp0004k8g,https://earthquake.usgs.gov/fdsnws/event/1/query?eventid=usp0004k8g&format=geojson,,,6.933,,reviewed,0,754,us,p0004k8g,",gcmtc010591a,usp0004k8g,gcmt19910105145711,duputel010591a,atlas19910105145712,iscgem343435,",",gcmt,us,gcmt,duputel,atlas,iscgem,",",focal-mechanism,impact-text,moment-tensor,origin,phase-data,shakemap,trump-shakemap,",,,1.3,,mw,earthquake,"M 7.0 - 99 km NW of Mogok, Myanmar",Point,"[95.901, 23.613, 19.7]"
Feature,usp0004k00,7.5,"104 km ENE of Kimbe, Papua New Guinea",662584458930,1651174373354,,https://earthquake.usgs.gov/earthquakes/eventpage/usp0004k00,https://earthquake.usgs.gov/fdsnws/event/1/query?eventid=usp0004k00&format=geojson,,,6.568,,reviewed,0,865,us,p0004k00,",usp0004k00,choy19901230191418,gcmtc123090d,duputel123090d,gcmt19901230191419,atlas19901230191421,iscgem349213,",",us,choy,gcmt,duputel,gcmt,atlas,iscgem,",",finite-fault,focal-mechanism,impact-text,moment-tensor,origin,phase-data,shakemap,trump-shakemap,",,,1.2,,mw,earthquake,"M 7.5 - 104 km ENE of Kimbe, Papua New Guinea",Point,"[150.967, -5.097, 178.6]"
Feature,usp0004gkj,7.1,"231 km WNW of Attu Station, Alaska",657922469740,1651174388375,,https://earthquake.usgs.gov/earthquakes/eventpage/usp0004gkj,https://earthquake.usgs.gov/fdsnws/event/1/query?eventid=usp0004gkj&format=geojson,,,,,reviewed,0,776,us,p0004gkj,",choy19901106201429,gcmtc110690d,usp0004gkj,gcmt19901106201430,duputel110690d,iscgem349828,",",choy,gcmt,us,gcmt,duputel,iscgem,",",focal-mechanism,impact-text,moment-tensor,origin,phase-data,",,,0.9,,mw,earthquake,"M 7.1 - 231 km WNW of Attu Station, Alaska",Point,"[169.871, 53.452, 24.8]"
Feature,usp0004fv5,7.0,"130 km W of Iñapari, Peru",656173813160,1651174554346,,https://earthquake.usgs.gov/earthquakes/eventpage/usp0004fv5,https://earthquake.usgs.gov/fdsnws/event/1/query?eventid=usp0004fv5&format=geojson,,,2.897,,reviewed,0,754,us,p0004fv5,",choy19901017143013,gcmtc101790b,usp0004fv5,gcmt19901017143014,duputel101790b,atlas19901017143013,iscgem353859,",",choy,gcmt,us,gcmt,duputel,atlas,iscgem,",",focal-mechanism,impact-text,moment-tensor,origin,phase-data,shakemap,",,,1.0,,mw,earthquake,"M 7.0 - 130 km W of Iñapari, Peru",Point,"[-70.776, -10.97, 598.8]"
Feature,usp0004dad,7.1,"19 km NW of Isangel, Vanuatu",650496321950,1651174821017,,https://earthquake.usgs.gov/earthquakes/eventpage/usp0004dad,https://earthquake.usgs.gov/fdsnws/event/1/query?eventid=usp0004dad&format=geojson,,,6.5,,reviewed,0,776,us,p0004dad,",choy19900812212521,gcmtc081290c,usp0004dad,gcmt19900812212522,duputel081290c,atlas19900812212523,iscgem359314,",",choy,gcmt,us,gcmt,duputel,atlas,iscgem,",",focal-mechanism,impact-text,moment-tensor,origin,phase-data,shakemap,trump-shakemap,",,,1.1,,mw,earthquake,"M 7.1 - 19 km NW of Isangel, Vanuatu",Point,"[169.132, -19.435, 140.4]"
Feature,usp0004cm6,7.2,"37 km ENE of Luganville, Vanuatu",649082279550,1651175097622,,https://earthquake.usgs.gov/earthquakes/eventpage/usp0004cm6,https://earthquake.usgs.gov/fdsnws/event/1/query?eventid=usp0004cm6&format=geojson,,,6.746,,reviewed,0,798,us,p0004cm6,",choy19900727123759,usp0004cm6,gcmt19900727123800,duputel072790b,atlas19900727123800,iscgem364253,",",choy,us,gcmt,duputel,atlas,iscgem,",",focal-mechanism,impact-text,moment-tensor,origin,phase-data,shakemap,trump-shakemap,",,,1.0,,mw,earthquake,"M 7.2 - 37 km ENE of Luganville, Vanuatu",Point,"[167.464, -15.355, 125.7]"
Feature,usp0004bxs,7.7,"4 km E of Macapsing, Philippines",648113194610,1651174978516,,https://earthquake.usgs.gov/earthquakes/eventpage/usp0004bxs,https://earthquake.usgs.gov/fdsnws/event/1/query?eventid=usp0004bxs&format=geojson,,,9.281,,reviewed,0,912,us,p0004bxs,",choy19900716072634,gcmtc071690a,usp0004bxs,duputel071690a,gcmt19900716072634,atlas19900716072634,iscgem362868,",",choy,gcmt,us,duputel,gcmt,atlas,iscgem,",",focal-mechanism,ground-failure,impact-text,moment-tensor,origin,phase-data,shakemap,trump-shakemap,",,,1.1,,mw,earthquake,"M 7.7 - 4 km E of Macapsing, Philippines",Point,"[121.172, 15.679, 25.1]"
Feature,usp0004arq,7.4,"23 km N of P?deg?n-e Manj?l, Iran",645915609980,1651175250083,,https://earthquake.usgs.gov/earthquakes/eventpage/usp0004arq,https://earthquake.usgs.gov/fdsnws/event/1/query?eventid=usp0004arq&format=geojson,,,9.296,,reviewed,0,842,us,p0004arq,",choy19900620210009,gcmtm062090b,usp0004arq,gcmt19900620210008,duputel062090b,atlas19900620210009,iscgem366754,",",choy,gcmt,us,gcmt,duputel,atlas,iscgem,",",focal-mechanism,ground-failure,impact-text,moment-tensor,origin,phase-data,shakemap,trump-shakemap,",,,1.2,,mw,earthquake,"M 7.4 - 23 km N of P?deg?n-e Manj?l, Iran",Point,"[49.409, 36.957, 18.5]"
Feature,usp0004ag6,7.1,"0 km ESE of Union, Philippines",645349256210,1651166709249,,https://earthquake.usgs.gov/earthquakes/eventpage/usp0004ag6,https://earthquake.usgs.gov/fdsnws/event/1/query?eventid=usp0004ag6&format=geojson,,,7.52,,reviewed,0,776,us,p0004ag6,",gcmtc061490b,usp0004ag6,gcmt19900614074053,duputel061490b,atlas19900614074055,iscgem366142,",",gcmt,us,gcmt,duputel,atlas,iscgem,",",focal-mechanism,impact-text,moment-tensor,origin,phase-data,shakemap,trump-shakemap,",,,1.2,,mw,earthquake,"M 7.1 - 0 km ESE of Union, Philippines",Point,"[121.899, 11.76, 18.1]"
Feature,usp00049yk,7.0,"5 km W of Nistore?ti, Romania",644064006140,1651175402373,,https://earthquake.usgs.gov/earthquakes/eventpage/usp00049yk,https://earthquake.usgs.gov/fdsnws/event/1/query?eventid=usp00049yk&format=geojson,,,7.865,,reviewed,0,754,us,p00049yk,",choy19900530104006,gcmtc053090c,usp00049yk,gcmt19900530104006,duputel053090c,atlas19900530104007,iscgem370780,",",choy,gcmt,us,gcmt,duputel,atlas,iscgem,",",focal-mechanism,impact-text,moment-tensor,origin,phase-data,shakemap,trump-shakemap,",,,1.0,,mw,earthquake,"M 7.0 - 5 km W of Nistore?ti, Romania",Point,"[26.668, 45.841, 89.3]"
Feature,usp00049qg,7.1,"135 km NNE of Labuan Bajo, Indonesia",643579763240,1651175386775,,https://earthquake.usgs.gov/earthquakes/eventpage/usp00049qg,https://earthquake.usgs.gov/fdsnws/event/1/query?eventid=usp00049qg&format=geojson,,,,,reviewed,0,776,us,p00049qg,",gcmtc052490c,usp00049qg,gcmt19900524200923,atlas19900524200924,iscgem370218,",",gcmt,us,gcmt,atlas,iscgem,",",focal-mechanism,impact-text,origin,phase-data,",,,0.9,,mw,earthquake,"M 7.1 - 135 km NNE of Labuan Bajo, Indonesia",Point,"[120.363, -7.363, 588.9]"
Feature,usp00049qe,7.1,"63 km NNE of Juba, South Sudan",643579208190,1651175385747,,https://earthquake.usgs.gov/earthquakes/eventpage/usp00049qe,https://earthquake.usgs.gov/fdsnws/event/1/query?eventid=usp00049qe&format=geojson,,,8.385,,reviewed,0,776,us,p00049qe,",choy19900524200008,gcmtc052490b,usp00049qe,gcmt19900524200007,duputel052490b,atlas19900524200009,iscgem370216,",",choy,gcmt,us,gcmt,duputel,atlas,iscgem,",",focal-mechanism,impact-text,moment-tensor,origin,phase-data,shakemap,trump-shakemap,",,,1.0,,mw,earthquake,"M 7.1 - 63 km NNE of Juba, South Sudan",Point,"[31.848, 5.358, 16]"
Feature,usp00049hf,7.2,"69 km ENE of Juba, South Sudan",643170121620,1651175370595,,https://earthquake.usgs.gov/earthquakes/eventpage/usp00049hf,https://earthquake.usgs.gov/fdsnws/event/1/query?eventid=usp00049hf&format=geojson,,,8.414,,reviewed,0,798,us,p00049hf,",choy19900520022201,gcmtc052090a,usp00049hf,gcmt19900520022159,duputel052090a,atlas19900520022201,iscgem369792,",",choy,gcmt,us,gcmt,duputel,atlas,iscgem,",",focal-mechanism,impact-text,moment-tensor,origin,phase-data,shakemap,trump-shakemap,",,,1.1,,mw,earthquake,"M 7.2 - 69 km ENE of Juba, South Sudan",Point,"[32.145, 5.121, 14.9]"
Feature,usp000496v,7.2,"16 km WSW of Uglegorsk, Russia",642487808710,1651175336523,,https://earthquake.usgs.gov/earthquakes/eventpage/usp000496v,https://earthquake.usgs.gov/fdsnws/event/1/query?eventid=usp000496v&format=geojson,,,,,reviewed,0,798,us,p000496v,",choy19900512045008,gcmtc051290a,usp000496v,gcmt19900512045009,duputel051290a,iscgem369017,",",choy,gcmt,us,gcmt,duputel,iscgem,",",focal-mechanism,impact-text,moment-tensor,origin,phase-data,",,,0.8,,mw,earthquake,"M 7.2 - 16 km WSW of Uglegorsk, Russia",Point,"[141.847, 49.037, 605.7]"
Feature,usp000482z,7.8,"75 km NNW of Gorontalo, Indonesia",640445959010,1651175525247,,https://earthquake.usgs.gov/earthquakes/eventpage/usp000482z,https://earthquake.usgs.gov/fdsnws/event/1/query?eventid=usp000482z&format=geojson,,,7.011,,reviewed,0,936,us,p000482z,",usp000482z,choy19900418133919,gcmtc041890b,duputel041890b,gcmt19900418133919,atlas19900418133922,iscgem372787,",",us,choy,gcmt,duputel,gcmt,atlas,iscgem,",",finite-fault,focal-mechanism,impact-text,moment-tensor,origin,phase-data,shakemap,trump-shakemap,",,,1.2,,mw,earthquake,"M 7.8 - 75 km NNW of Gorontalo, Indonesia",Point,"[122.857, 1.186, 25.7]"
Feature,usp00047gj,7.6,"198 km E of Saipan, Northern Mariana Islands",639349955550,1651175472196,,https://earthquake.usgs.gov/earthquakes/eventpage/usp00047gj,https://earthquake.usgs.gov/fdsnws/event/1/query?eventid=usp00047gj&format=geojson,,,4.796,,reviewed,0,889,us,p00047gj,",usp00047gj,choy19900405211235,gcmtc040590c,duputel040590c,gcmt19900405211238,iscgem371444,",",us,choy,gcmt,duputel,gcmt,iscgem,",",finite-fault,focal-mechanism,impact-text,moment-tensor,origin,phase-data,shakemap,",,,1.2,,mw,earthquake,"M 7.6 - 198 km E of Saipan, Northern Mariana Islands",Point,"[147.596, 15.125, 11.4]"
Feature,usp0004720,7.3,"7 km SSE of Puntarenas, Costa Rica",638371375600,1651175785530,,https://earthquake.usgs.gov/earthquakes/eventpage/usp0004720,https://earthquake.usgs.gov/fdsnws/event/1/query?eventid=usp0004720&format=geojson,,,7.845,,reviewed,0,820,us,p0004720,",choy19900325132255,gcmtc032590d,usp0004720,duputel032590d,gcmt19900325132254,atlas19900325132256,iscgem376633,",",choy,gcmt,us,duputel,gcmt,atlas,iscgem,",",focal-mechanism,impact-text,moment-tensor,origin,phase-data,shakemap,trump-shakemap,",,,1.1,,mw,earthquake,"M 7.3 - 7 km SSE of Puntarenas, Costa Rica",Point,"[-84.808, 9.919, 22.2]"
Feature,usp000467e,7.1,"69 km SSW of Port-Vila, Vanuatu",636655092570,1651175669877,,https://earthquake.usgs.gov/earthquakes/eventpage/usp000467e,https://earthquake.usgs.gov/fdsnws/event/1/query?eventid=usp000467e&format=geojson,,,5.696,,reviewed,0,776,us,p000467e,",choy19900305163812,gcmtc030590a,usp000467e,gcmt19900305163815,duputel030590a,atlas19900305163814,iscgem374735,",",choy,gcmt,us,gcmt,duputel,atlas,iscgem,",",focal-mechanism,impact-text,moment-tensor,origin,phase-data,shakemap,trump-shakemap,",,,1.2,,mw,earthquake,"M 7.1 - 69 km SSW of Port-Vila, Vanuatu",Point,"[168.063, -18.318, 20.7]"
Feature,usp000464d,7.6,south of the Fiji Islands,636466587960,1651175646232,,https://earthquake.usgs.gov/earthquakes/eventpage/usp000464d,https://earthquake.usgs.gov/fdsnws/event/1/query?eventid=usp000464d&format=geojson,,,4.064,,reviewed,0,889,us,p000464d,",choy19900303121627,gcmtc030390b,usp000464d,gcmt19900303121626,duputel030390b,iscgem374521,",",choy,gcmt,us,gcmt,duputel,iscgem,",",focal-mechanism,impact-text,moment-tensor,origin,phase-data,shakemap,",,,1.3,,mw,earthquake,M 7.6 - south of the Fiji Islands,Point,"[175.163, -22.122, 33.2]"
Feature,usp000433j,7.6,"37 km ENE of Barcelona, Philippines",629750625030,1651176259072,,https://earthquake.usgs.gov/earthquakes/eventpage/usp000433j,https://earthquake.usgs.gov/fdsnws/event/1/query?eventid=usp000433j&format=geojson,,,6.67,,reviewed,0,889,us,p000433j,",choy19891215184345,gcmtc121589b,usp000433j,gcmt19891215184346,atlas19891215184347,iscgem383905,",",choy,gcmt,us,gcmt,atlas,iscgem,",",focal-mechanism,impact-text,origin,phase-data,shakemap,trump-shakemap,",,,1.4,,mw,earthquake,"M 7.6 - 37 km ENE of Barcelona, Philippines",Point,"[126.729, 8.337, 24.4]"
Feature,usp00042ug,7.1,"59 km ESE of Kainantu, Papua New Guinea",629041124850,1651176232298,,https://earthquake.usgs.gov/earthquakes/eventpage/usp00042ug,https://earthquake.usgs.gov/fdsnws/event/1/query?eventid=usp00042ug&format=geojson,,,7.031,,reviewed,0,776,us,p00042ug,",choy19891207133844,gcmtc120789b,usp00042ug,gcmt19891207133845,atlas19891207133846,iscgem383233,",",choy,gcmt,us,gcmt,atlas,iscgem,",",focal-mechanism,impact-text,origin,phase-data,shakemap,trump-shakemap,",,,0.9,,mw,earthquake,"M 7.1 - 59 km ESE of Kainantu, Papua New Guinea",Point,"[146.383, -6.436, 104.4]"
Feature,usp00041kg,7.4,"73 km ENE of Miyako, Japan",625947934940,1651176381165,,https://earthquake.usgs.gov/earthquakes/eventpage/usp00041kg,https://earthquake.usgs.gov/fdsnws/event/1/query?eventid=usp00041kg&format=geojson,,,6.107,,reviewed,0,842,us,p00041kg,",choy19891101182534,gcmtc110189e,usp00041kg,gcmt19891101182535,atlas19891101182536,iscgem385565,",",choy,gcmt,us,gcmt,atlas,iscgem,",",focal-mechanism,impact-text,origin,phase-data,shakemap,trump-shakemap,",,,1.1,,mw,earthquake,"M 7.4 - 73 km ENE of Miyako, Japan",Point,"[142.76, 39.837, 28.6]"
Feature,ak989bcpkhdo,7.0,"164 km SE of Chignik, Alaska",620918098520,1651176634930,,https://earthquake.usgs.gov/earthquakes/eventpage/ak989bcpkhdo,https://earthquake.usgs.gov/fdsnws/event/1/query?eventid=ak989bcpkhdo&format=geojson,,,,,reviewed,0,754,ak,989bcpkhdo,",choy19890904131458,gcmtc090489c,ushis4140,usp0003z7h,gcmt19890904131501,iscgem391659,ak989bcpkhdo,",",choy,gcmt,ushis,us,gcmt,iscgem,ak,",",focal-mechanism,impact-text,origin,phase-data,",,,0.24,,mw,earthquake,"M 7.0 - 164 km SE of Chignik, Alaska",Point,"[-156.4293, 55.3217, 11]"
Feature,official19890523105446320_10,8.02,Macquarie Island region,611924086320,1651177100257,,https://earthquake.usgs.gov/earthquakes/eventpage/official19890523105446320_10,https://earthquake.usgs.gov/fdsnws/event/1/query?eventid=official19890523105446320_10&format=geojson,,,4.414,,reviewed,0,990,official,19890523105446320_10,",gcmtc052389a,official19890523105446320_10,usp0003vj7,gcmt19890523105446,iscgem405456,",",gcmt,official,us,gcmt,iscgem,",",focal-mechanism,general-header,impact-text,origin,phase-data,shakemap,trump-origin,",,,,,mwc,earthquake,M 8.0 - Macquarie Island region,Point,"[160.568, -52.341, 10]"
Feature,usp0003v79,7.0,"Kermadec Islands, New Zealand",611110790450,1651177047970,,https://earthquake.usgs.gov/earthquakes/eventpage/usp0003v79,https://earthquake.usgs.gov/fdsnws/event/1/query?eventid=usp0003v79&format=geojson,,,,,reviewed,0,754,us,p0003v79,",choy19890514005950,gcmtc051489a,usp0003v79,gcmt19890514005949,iscgem404601,",",choy,gcmt,us,gcmt,iscgem,",",focal-mechanism,impact-text,origin,phase-data,",,,1.1,,mw,earthquake,"M 7.0 - Kermadec Islands, New Zealand",Point,"[-178.414, -30.523, 43.8]"
Feature,usp0003uxu,7.1,"69 km W of Tarauacá, Brazil",610396119450,1651177027050,,https://earthquake.usgs.gov/earthquakes/eventpage/usp0003uxu,https://earthquake.usgs.gov/fdsnws/event/1/query?eventid=usp0003uxu&format=geojson,,,,,reviewed,0,776,us,p0003uxu,",choy19890505182839,gcmtc050589a,usp0003uxu,gcmt19890505182840,atlas19890505182840,iscgem403851,",",choy,gcmt,us,gcmt,atlas,iscgem,",",focal-mechanism,impact-text,origin,phase-data,",,,1.0,,mw,earthquake,"M 7.1 - 69 km W of Tarauacá, Brazil",Point,"[-71.381, -8.281, 593.4]"
Feature,usp0003rqq,7.1,"152 km WNW of Tobelo, Indonesia",603112524680,1651177471282,,https://earthquake.usgs.gov/earthquakes/eventpage/usp0003rqq,https://earthquake.usgs.gov/fdsnws/event/1/query?eventid=usp0003rqq&format=geojson,,,5.179,,reviewed,0,776,us,p0003rqq,",choy19890210111524,gcmtc021089a,usp0003rqq,gcmt19890210111522,atlas19890210111525,iscgem412409,",",choy,gcmt,us,gcmt,atlas,iscgem,",",focal-mechanism,impact-text,origin,phase-data,shakemap,trump-shakemap,",,,1.3,,mw,earthquake,"M 7.1 - 152 km WNW of Tobelo, Indonesia",Point,"[126.76, 2.305, 44]"
Feature,usp0003nks,7.7,"145 km NW of Jinghong, China",594824599340,1651177819904,,https://earthquake.usgs.gov/earthquakes/eventpage/usp0003nks,https://earthquake.usgs.gov/fdsnws/event/1/query?eventid=usp0003nks&format=geojson,,,9.048,,reviewed,0,912,us,p0003nks,",choy19881106130319,gcmtc110688b,usp0003nks,atlas19881106130322,iscgem419867,atlas19881106130321,",",choy,gcmt,us,atlas,iscgem,atlas,",",focal-mechanism,impact-text,origin,phase-data,shakemap,trump-shakemap,",,,1.6,,mw,earthquake,"M 7.7 - 145 km NW of Jinghong, China",Point,"[99.611, 22.789, 17.8]"
Feature,usp0003mmh,7.1,"166 km E of Neiafu, Tonga",592289184530,1651177966826,,https://earthquake.usgs.gov/earthquakes/eventpage/usp0003mmh,https://earthquake.usgs.gov/fdsnws/event/1/query?eventid=usp0003mmh&format=geojson,,,,,reviewed,0,776,us,p0003mmh,",choy19881008044624,gcmtc100888b,usp0003mmh,gcmt19881008044627,iscgem422192,",",choy,gcmt,us,gcmt,iscgem,",",focal-mechanism,impact-text,origin,phase-data,",,,1.0,,mw,earthquake,"M 7.1 - 166 km E of Neiafu, Tonga",Point,"[-172.415, -18.771, 35.2]"
Feature,usp0003jtm,7.6,"121 km W of Kirakira, Solomon Islands",587191106170,1651166832624,,https://earthquake.usgs.gov/earthquakes/eventpage/usp0003jtm,https://earthquake.usgs.gov/fdsnws/event/1/query?eventid=usp0003jtm&format=geojson,,,6.575,,reviewed,0,889,us,p0003jtm,",choy19880810043826,gcmtc081088a,usp0003jtm,gcmt19880810043826,atlas19880810043828,iscgem428567,",",choy,gcmt,us,gcmt,atlas,iscgem,",",focal-mechanism,impact-text,origin,phase-data,shakemap,trump-shakemap,",,,1.5,,mw,earthquake,"M 7.6 - 121 km W of Kirakira, Solomon Islands",Point,"[160.819, -10.366, 34]"
Feature,usp0003jpw,7.3,"85 km SE of Phek, India",586830984650,1651178212060,,https://earthquake.usgs.gov/earthquakes/eventpage/usp0003jpw,https://earthquake.usgs.gov/fdsnws/event/1/query?eventid=usp0003jpw&format=geojson,,,7.002,,reviewed,0,820,us,p0003jpw,",gcmtc080688a,usp0003jpw,gcmt19880806003624,atlas19880806003626,iscgem428070,",",gcmt,us,gcmt,atlas,iscgem,",",focal-mechanism,impact-text,origin,phase-data,shakemap,trump-shakemap,",,,1.1,,mw,earthquake,"M 7.3 - 85 km SE of Phek, India",Point,"[95.127, 25.149, 90.5]"
Feature,usp0003j6r,7.0,"112 km ESE of Tual, Indonesia",585816366690,1651178551006,,https://earthquake.usgs.gov/earthquakes/eventpage/usp0003j6r,https://earthquake.usgs.gov/fdsnws/event/1/query?eventid=usp0003j6r&format=geojson,,,5.514,,reviewed,0,754,us,p0003j6r,",choy19880725064606,gcmtc072588a,usp0003j6r,gcmt19880725064606,atlas19880725064609,iscgem432305,",",choy,gcmt,us,gcmt,atlas,iscgem,",",focal-mechanism,impact-text,origin,phase-data,shakemap,trump-shakemap,",,,1.0,,mw,earthquake,"M 7.0 - 112 km ESE of Tual, Indonesia",Point,"[133.667, -6.081, 27.7]"
Feature,usp0003j4t,7.0,"247 km SSE of Kokopo, Papua New Guinea",585674228180,1651178544863,,https://earthquake.usgs.gov/earthquakes/eventpage/usp0003j4t,https://earthquake.usgs.gov/fdsnws/event/1/query?eventid=usp0003j4t&format=geojson,,,,,reviewed,0,754,us,p0003j4t,",choy19880723151708,gcmtc072388d,usp0003j4t,gcmt19880723151710,iscgem432164,",",choy,gcmt,us,gcmt,iscgem,",",focal-mechanism,impact-text,origin,phase-data,",,,0.9,,mw,earthquake,"M 7.0 - 247 km SSE of Kokopo, Papua New Guinea",Point,"[152.779, -6.526, 16.6]"
Feature,usp0003ezg,7.1,"30 km SW of Islay (Matarani), Peru",576890395570,1651178937908,,https://earthquake.usgs.gov/earthquakes/eventpage/usp0003ezg,https://earthquake.usgs.gov/fdsnws/event/1/query?eventid=usp0003ezg&format=geojson,,,6.729,,reviewed,0,776,us,p0003ezg,",gcmtc041288f,usp0003ezg,gcmt19880412231957,atlas19880412231956,iscgem440555,",",gcmt,us,gcmt,atlas,iscgem,",",focal-mechanism,impact-text,origin,phase-data,shakemap,trump-shakemap,",,,1.2,,mw,earthquake,"M 7.1 - 30 km SW of Islay (Matarani), Peru",Point,"[-72.305, -17.192, 33.1]"
Feature,usp0003dnb,7.8,Gulf of Alaska,573690938140,1651179078629,,https://earthquake.usgs.gov/earthquakes/eventpage/usp0003dnb,https://earthquake.usgs.gov/fdsnws/event/1/query?eventid=usp0003dnb&format=geojson,,,4.864,,reviewed,0,936,us,p0003dnb,",choy19880306223538,gcmtc030688b,ushis4074,usp0003dnb,gcmt19880306223535,ak98831is0sx,iscgem442438,atlas19880306223536,",",choy,gcmt,ushis,us,gcmt,ak,iscgem,atlas,",",focal-mechanism,impact-text,origin,phase-data,shakemap,trump-origin,trump-shakemap,",,,,,mw,earthquake,M 7.8 - Gulf of Alaska,Point,"[-143.032, 56.953, 10]"
Feature,usp0003da3,7.3,"37 km ESE of Bato, Philippines",572673123290,1651179298054,,https://earthquake.usgs.gov/earthquakes/eventpage/usp0003da3,https://earthquake.usgs.gov/fdsnws/event/1/query?eventid=usp0003da3&format=geojson,,,6.518,,reviewed,0,820,us,p0003da3,",choy19880224035203,gcmtc022488c,usp0003da3,gcmt19880224035202,atlas19880224035206,iscgem446340,",",choy,gcmt,us,gcmt,atlas,iscgem,",",focal-mechanism,impact-text,origin,phase-data,shakemap,trump-shakemap,",,,1.0,,mw,earthquake,"M 7.3 - 37 km ESE of Bato, Philippines",Point,"[124.616, 13.477, 24.9]"
Feature,usp0003crv,7.2,"72 km N of Taltal, Chile",571068062750,1651179200470,,https://earthquake.usgs.gov/earthquakes/eventpage/usp0003crv,https://earthquake.usgs.gov/fdsnws/event/1/query?eventid=usp0003crv&format=geojson,,,7.041,,reviewed,0,798,us,p0003crv,",choy19880205140102,gcmtc020588c,usp0003crv,gcmt19880205140102,atlas19880205140104,iscgem444899,",",choy,gcmt,us,gcmt,atlas,iscgem,",",focal-mechanism,impact-text,origin,phase-data,shakemap,trump-shakemap,",,,1.1,,mw,earthquake,"M 7.2 - 72 km N of Taltal, Chile",Point,"[-70.433, -24.753, 36.9]"
Feature,usp0003c61,7.0,"77 km N of Taltal, Chile",569575831860,1651179383832,,https://earthquake.usgs.gov/earthquakes/eventpage/usp0003c61,https://earthquake.usgs.gov/fdsnws/event/1/query?eventid=usp0003c61&format=geojson,,,6.856,,reviewed,0,754,us,p0003c61,",choy19880119073031,gcmtc011988b,usp0003c61,gcmt19880119073029,atlas19880119073030,iscgem448284,",",choy,gcmt,us,gcmt,atlas,iscgem,",",focal-mechanism,impact-text,origin,phase-data,shakemap,trump-shakemap,",,,1.3,,mw,earthquake,"M 7.0 - 77 km N of Taltal, Chile",Point,"[-70.568, -24.71, 33]"
Feature,usp0003aq8,7.9,"200 km WSW of Yakutat, Alaska",565298599590,1651095075684,,https://earthquake.usgs.gov/earthquakes/eventpage/usp0003aq8,https://earthquake.usgs.gov/fdsnws/event/1/query?eventid=usp0003aq8&format=geojson,,,6.16,,reviewed,0,960,us,p0003aq8,",iscgem454320,choy19871130192319,usp0003aq8,",",iscgem,choy,us,",",disassociate,focal-mechanism,impact-text,origin,phase-data,shakemap,trump-origin,",,,,,mw,earthquake,"M 7.9 - 200 km WSW of Yakutat, Alaska",Point,"[-142.786, 58.679, 10]"
Feature,usp00039av,7.4,"54 km W of Kandrian, Papua New Guinea",561415681640,1651095171140,,https://earthquake.usgs.gov/earthquakes/eventpage/usp00039av,https://earthquake.usgs.gov/fdsnws/event/1/query?eventid=usp00039av&format=geojson,,,6.549,,reviewed,0,842,us,p00039av,",choy19871016204801,gcmtc101687b,usp00039av,gcmt19871016204758,atlas19871016204800,iscgem455535,",",choy,gcmt,us,gcmt,atlas,iscgem,",",focal-mechanism,impact-text,origin,phase-data,shakemap,trump-shakemap,",,,1.2,,mw,earthquake,"M 7.4 - 54 km W of Kandrian, Papua New Guinea",Point,"[149.06, -6.266, 47.8]"
Feature,usp000396s,7.0,"163 km SW of Panguna, Papua New Guinea",561045424790,1651095131350,,https://earthquake.usgs.gov/earthquakes/eventpage/usp000396s,https://earthquake.usgs.gov/fdsnws/event/1/query?eventid=usp000396s&format=geojson,,,4.501,,reviewed,0,754,us,p000396s,",gcmtc101287a,usp000396s,gcmt19871012135703,atlas19871012135706,iscgem455233,",",gcmt,us,gcmt,atlas,iscgem,",",focal-mechanism,impact-text,origin,phase-data,shakemap,trump-shakemap,",,,1.1,,mw,earthquake,"M 7.0 - 163 km SW of Panguna, Papua New Guinea",Point,"[154.371, -7.288, 24.7]"
Feature,usp000390n,7.3,"201 km ENE of Neiafu, Tonga",560492346080,1651095105355,,https://earthquake.usgs.gov/earthquakes/eventpage/usp000390n,https://earthquake.usgs.gov/fdsnws/event/1/query?eventid=usp000390n&format=geojson,,,3.985,,reviewed,0,820,us,p000390n,",choy19871006041906,gcmtc100687b,usp000390n,gcmt19871006041908,iscgem454760,",",choy,gcmt,us,gcmt,iscgem,",",focal-mechanism,impact-text,origin,phase-data,shakemap,",,,1.0,,mw,earthquake,"M 7.3 - 201 km ENE of Neiafu, Tonga",Point,"[-172.225, -17.94, 16]"
Feature,usp000381s,7.4,Macquarie Island region,557649613910,1651095266367,,https://earthquake.usgs.gov/earthquakes/eventpage/usp000381s,https://earthquake.usgs.gov/fdsnws/event/1/query?eventid=usp000381s&format=geojson,,,,,reviewed,0,842,us,p000381s,",choy19870903064013,gcmtc090387c,usp000381s,gcmt19870903064014,iscgem456812,",",choy,gcmt,us,gcmt,iscgem,",",focal-mechanism,impact-text,origin,phase-data,",,,1.0,,mw,earthquake,M 7.4 - Macquarie Island region,Point,"[158.513, -58.893, 33]"
Feature,usp00037c3,7.2,"68 km SSE of Arica, Chile",555436136750,1651095410465,,https://earthquake.usgs.gov/earthquakes/eventpage/usp00037c3,https://earthquake.usgs.gov/fdsnws/event/1/query?eventid=usp00037c3&format=geojson,,,7.21,,reviewed,0,798,us,p00037c3,",gcmtc080887c,usp00037c3,gcmt19870808154857,atlas19870808154858,iscgem459313,",",gcmt,us,gcmt,atlas,iscgem,",",focal-mechanism,impact-text,origin,phase-data,shakemap,trump-shakemap,",,,1.1,,mw,earthquake,"M 7.2 - 68 km SSE of Arica, Chile",Point,"[-69.991, -19.022, 69.7]"
Feature,usp00035ur,7.1,"217 km W of Tual, Indonesia",550891973720,1651095799792,,https://earthquake.usgs.gov/earthquakes/eventpage/usp00035ur,https://earthquake.usgs.gov/fdsnws/event/1/query?eventid=usp00035ur&format=geojson,,,5.253,,reviewed,0,776,us,p00035ur,",choy19870617013253,gcmtc061787a,usp00035ur,gcmt19870617013252,atlas19870617013256,iscgem464501,",",choy,gcmt,us,gcmt,atlas,iscgem,",",focal-mechanism,impact-text,origin,phase-data,shakemap,",,,1.1,,mw,earthquake,"M 7.1 - 217 km W of Tual, Indonesia",Point,"[130.791, -5.577, 67.3]"
Feature,usp00033th,7.0,"52 km W of Abra Pampa, Argentina",544240088520,1651096024764,,https://earthquake.usgs.gov/earthquakes/eventpage/usp00033th,https://earthquake.usgs.gov/fdsnws/event/1/query?eventid=usp00033th&format=geojson,,,,,reviewed,0,754,us,p00033th,",gcmtc040187a,usp00033th,gcmt19870401014804,atlas19870401014807,iscgem468209,",",gcmt,us,gcmt,atlas,iscgem,",",focal-mechanism,impact-text,origin,phase-data,",,,1.1,,mw,earthquake,"M 7.0 - 52 km W of Abra Pampa, Argentina",Point,"[-66.205, -22.767, 248.7]"
Feature,usp000330w,7.2,"29 km SSE of Pimampiro, Ecuador",542002241960,1651096130431,,https://earthquake.usgs.gov/earthquakes/eventpage/usp000330w,https://earthquake.usgs.gov/fdsnws/event/1/query?eventid=usp000330w&format=geojson,,,7.043,,reviewed,0,798,us,p000330w,",gcmtc030687b,usp000330w,gcmt19870306041041,atlas19870306041041,iscgem471340,",",gcmt,us,gcmt,atlas,iscgem,",",focal-mechanism,ground-failure,impact-text,origin,phase-data,shakemap,trump-shakemap,",,,1.2,,mw,earthquake,"M 7.2 - 29 km SSE of Pimampiro, Ecuador",Point,"[-77.821, 0.151, 10]"
Feature,usp0003308,7.0,"98 km SSW of Antofagasta, Chile",541940112350,1651096124967,,https://earthquake.usgs.gov/earthquakes/eventpage/usp0003308,https://earthquake.usgs.gov/fdsnws/event/1/query?eventid=usp0003308&format=geojson,,,6.633,,reviewed,0,754,us,p0003308,",gcmtc030587b,usp0003308,gcmt19870305105511,atlas19870305105514,iscgem471284,",",gcmt,us,gcmt,atlas,iscgem,",",focal-mechanism,impact-text,origin,phase-data,shakemap,trump-shakemap,",,,1.2,,mw,earthquake,"M 7.0 - 98 km SSW of Antofagasta, Chile",Point,"[-70.701, -24.495, 34.8]"
Feature,usp0003304,7.6,"84 km SSE of Antofagasta, Chile",541934225280,1651096120167,,https://earthquake.usgs.gov/earthquakes/eventpage/usp0003304,https://earthquake.usgs.gov/fdsnws/event/1/query?eventid=usp0003304&format=geojson,,,7.42,,reviewed,0,889,us,p0003304,",gcmtc030587a,usp0003304,gcmt19870305091700,atlas19870305091705,iscgem471277,",",gcmt,us,gcmt,atlas,iscgem,",",focal-mechanism,impact-text,origin,phase-data,shakemap,trump-shakemap,",,,1.2,,mw,earthquake,"M 7.6 - 84 km SSE of Antofagasta, Chile",Point,"[-70.161, -24.388, 62.3]"
Feature,usp000329h,7.4,"54 km NNW of Finschhafen, Papua New Guinea",539807638390,1651096285783,,https://earthquake.usgs.gov/earthquakes/eventpage/usp000329h,https://earthquake.usgs.gov/fdsnws/event/1/query?eventid=usp000329h&format=geojson,,,7.18,,reviewed,0,842,us,p000329h,",choy19870208183358,gcmtc020887b,usp000329h,gcmt19870208183355,atlas19870208183358,iscgem474087,",",choy,gcmt,us,gcmt,atlas,iscgem,",",focal-mechanism,ground-failure,impact-text,origin,phase-data,shakemap,trump-shakemap,",,,1.3,,ms,earthquake,"M 7.4 - 54 km NNW of Finschhafen, Papua New Guinea",Point,"[147.689, -6.088, 54.9]"
Feature,usp000321p,7.0,South Sandwich Islands region,539044182090,1651096577969,,https://earthquake.usgs.gov/earthquakes/eventpage/usp000321p,https://earthquake.usgs.gov/fdsnws/event/1/query?eventid=usp000321p&format=geojson,,,,,reviewed,0,754,us,p000321p,",gcmtc013087a,usp000321p,gcmt19870130222939,iscgem477629,",",gcmt,us,gcmt,iscgem,",",focal-mechanism,impact-text,origin,phase-data,",,,1.4,,mw,earthquake,M 7.0 - South Sandwich Islands region,Point,"[-26.916, -60.063, 47.6]"
Feature,usp0003009,7.4,"8 km SSW of Hualien City, Taiwan",532387210550,1651096801821,,https://earthquake.usgs.gov/earthquakes/eventpage/usp0003009,https://earthquake.usgs.gov/fdsnws/event/1/query?eventid=usp0003009&format=geojson,,,7.146,,reviewed,0,842,us,p0003009,",usp0003009,choy19861114212010,gcmtc111486d,usp0003008,gcmt19861114212004,atlas19861114212006,iscgem480637,",",us,choy,gcmt,us,gcmt,atlas,iscgem,",",associate,focal-mechanism,impact-text,origin,phase-data,shakemap,trump-shakemap,",,,1.2,,mw,earthquake,"M 7.4 - 8 km SSW of Hualien City, Taiwan",Point,"[121.574, 23.901, 33.8]"
Feature,usp0002zgu,7.2,"157 km WSW of Haveluloto, Tonga",531019734590,1651097065831,,https://earthquake.usgs.gov/earthquakes/eventpage/usp0002zgu,https://earthquake.usgs.gov/fdsnws/event/1/query?eventid=usp0002zgu&format=geojson,,,4.8,,reviewed,0,798,us,p0002zgu,",gcmtc103086a,usp0002zgu,gcmt19861030012855,atlas19861030012855,iscgem485395,",",gcmt,us,gcmt,atlas,iscgem,",",focal-mechanism,impact-text,origin,phase-data,shakemap,",,,0.9,,mw,earthquake,"M 7.2 - 157 km WSW of Haveluloto, Tonga",Point,"[-176.616, -21.702, 188.1]"
Feature,usp0002z3j,7.7,Kermadec Islands region,530174769980,1651096940845,,https://earthquake.usgs.gov/earthquakes/eventpage/usp0002z3j,https://earthquake.usgs.gov/fdsnws/event/1/query?eventid=usp0002z3j&format=geojson,,,,,reviewed,0,912,us,p0002z3j,",gcmtc102086b,usp0002z3j,gcmt19861020064610,iscgem484468,",",gcmt,us,gcmt,iscgem,",",focal-mechanism,impact-text,origin,phase-data,",,,1.2,,mw,earthquake,M 7.7 - Kermadec Islands region,Point,"[-176.367, -28.117, 29.1]"
Feature,usp0002xpm,7.2,"7 km NNE of Ca?oca, Romania",525821315450,1651097343522,,https://earthquake.usgs.gov/earthquakes/eventpage/usp0002xpm,https://earthquake.usgs.gov/fdsnws/event/1/query?eventid=usp0002xpm&format=geojson,,,6.249,,reviewed,0,798,us,p0002xpm,",gcmtc083086a,usp0002xpm,gcmt19860830212835,atlas19860830212837,iscgem489699,",",gcmt,us,gcmt,atlas,iscgem,",",focal-mechanism,impact-text,origin,phase-data,shakemap,trump-shakemap,",,,1.1,,mw,earthquake,"M 7.2 - 7 km NNE of Ca?oca, Romania",Point,"[26.316, 45.547, 132.3]"
Feature,usp0002x57,7.5,"146 km NW of Ternate, Indonesia",524432353670,1651097231244,,https://earthquake.usgs.gov/earthquakes/eventpage/usp0002x57,https://earthquake.usgs.gov/fdsnws/event/1/query?eventid=usp0002x57&format=geojson,,,5.523,,reviewed,0,865,us,p0002x57,",gcmtc081486a,usp0002x57,gcmt19860814193914,atlas19860814193914,iscgem488621,",",gcmt,us,gcmt,atlas,iscgem,",",focal-mechanism,impact-text,origin,phase-data,shakemap,trump-shakemap,",,,1.4,,mw,earthquake,"M 7.5 - 146 km NW of Ternate, Indonesia",Point,"[126.519, 1.795, 33]"
Feature,usp0002vbr,7.2,"44 km SSW of Angoram, Papua New Guinea",519966690930,1651097707313,,https://earthquake.usgs.gov/earthquakes/eventpage/usp0002vbr,https://earthquake.usgs.gov/fdsnws/event/1/query?eventid=usp0002vbr&format=geojson,,,6.657,,reviewed,0,798,us,p0002vbr,",gcmtc062486b,usp0002vbr,gcmt19860624031133,atlas19860624031134,iscgem493835,",",gcmt,us,gcmt,atlas,iscgem,",",focal-mechanism,impact-text,origin,phase-data,shakemap,trump-shakemap,",,,1.0,,mw,earthquake,"M 7.2 - 44 km SSW of Angoram, Papua New Guinea",Point,"[143.943, -4.448, 102.3]"
Feature,usp0002v3n,7.1,south of the Fiji Islands,519302905780,1651097610802,,https://earthquake.usgs.gov/earthquakes/eventpage/usp0002v3n,https://earthquake.usgs.gov/fdsnws/event/1/query?eventid=usp0002v3n&format=geojson,,,,,reviewed,0,776,us,p0002v3n,",gcmtc061686b,usp0002v3n,gcmt19860616104827,iscgem493303,",",gcmt,us,gcmt,iscgem,",",focal-mechanism,impact-text,origin,phase-data,",,,1.1,,mw,earthquake,M 7.1 - south of the Fiji Islands,Point,"[-178.925, -22.037, 547]"
Feature,usp0002uf4,7.1,"230 km S of Suva, Fiji",517518375990,1651097871771,,https://earthquake.usgs.gov/earthquakes/eventpage/usp0002uf4,https://earthquake.usgs.gov/fdsnws/event/1/query?eventid=usp0002uf4&format=geojson,,,3.687,,reviewed,0,776,us,p0002uf4,",gcmtc052686c,usp0002uf4,gcmt19860526190617,iscgem496696,",",gcmt,us,gcmt,iscgem,",",focal-mechanism,impact-text,origin,phase-data,shakemap,",,,0.9,,mw,earthquake,"M 7.1 - 230 km S of Suva, Fiji",Point,"[178.86, -20.19, 538.3]"
Feature,usp0002tmu,8.0,"85 km SSW of Atka, Alaska",515890030870,1651097776304,,https://earthquake.usgs.gov/earthquakes/eventpage/usp0002tmu,https://earthquake.usgs.gov/fdsnws/event/1/query?eventid=usp0002tmu&format=geojson,,,7.079,,reviewed,0,985,us,p0002tmu,",gcmtm050786b,ushis3930,usp0002tmu,gcmt19860507224710,iscgem494936,",",gcmt,ushis,us,gcmt,iscgem,",",focal-mechanism,impact-text,origin,phase-data,shakemap,",,,1.1,,mw,earthquake,"M 8.0 - 85 km SSW of Atka, Alaska",Point,"[-174.776, 51.52, 33]"
Feature,usp0002tcb,7.0,"41 km SSW of Aguililla, Mexico",515228838120,1651098016213,,https://earthquake.usgs.gov/earthquakes/eventpage/usp0002tcb,https://earthquake.usgs.gov/fdsnws/event/1/query?eventid=usp0002tcb&format=geojson,,,6.341,,reviewed,0,754,us,p0002tcb,",gcmtc043086a,usp0002tcb,gcmt19860430070718,atlas19860430070718,iscgem499384,",",gcmt,us,gcmt,atlas,iscgem,",",focal-mechanism,impact-text,origin,phase-data,shakemap,trump-shakemap,",,,1.2,,mw,earthquake,"M 7.0 - 41 km SSW of Aguililla, Mexico",Point,"[-102.973, 18.404, 26.5]"
Feature,usp0002q31,7.1,"210 km SSE of Isangel, Vanuatu",506204262710,1652107484784,,https://earthquake.usgs.gov/earthquakes/eventpage/usp0002q31,https://earthquake.usgs.gov/fdsnws/event/1/query?eventid=usp0002q31&format=geojson,,,,,reviewed,0,776,us,p0002q31,",usp0002q31,iscgem505928,",",us,iscgem,",",impact-text,origin,phase-data,",,,1.2,,mw,earthquake,"M 7.1 - 210 km SSE of Isangel, Vanuatu",Point,"[170.102, -21.277, 150]"
Feature,usp0002p4n,7.1,"112 km W of Sola, Vanuatu",503975602410,1651098562898,,https://earthquake.usgs.gov/earthquakes/eventpage/usp0002p4n,https://earthquake.usgs.gov/fdsnws/event/1/query?eventid=usp0002p4n&format=geojson,,,5.334,,reviewed,0,776,us,p0002p4n,",gcmtc122185a,usp0002p4n,gcmt19851221011321,atlas19851221011323,iscgem508894,",",gcmt,us,gcmt,atlas,iscgem,",",focal-mechanism,impact-text,origin,phase-data,shakemap,trump-shakemap,",,,1.2,,mw,earthquake,"M 7.1 - 112 km W of Sola, Vanuatu",Point,"[166.516, -13.966, 43]"
Feature,usp0002nae,7.0,"148 km W of Sola, Vanuatu",501997794150,1651098751898,,https://earthquake.usgs.gov/earthquakes/eventpage/usp0002nae,https://earthquake.usgs.gov/fdsnws/event/1/query?eventid=usp0002nae&format=geojson,,,5.093,,reviewed,0,754,us,p0002nae,",gcmtb112885c,usp0002nae,gcmt19851128034953,atlas19851128034957,iscgem511984,",",gcmt,us,gcmt,atlas,iscgem,",",focal-mechanism,impact-text,origin,phase-data,shakemap,trump-shakemap,",,,1.1,,mw,earthquake,"M 7.0 - 148 km W of Sola, Vanuatu",Point,"[166.185, -13.987, 33]"
Feature,usp0002na9,7.0,"142 km NW of Port-Olry, Vanuatu",501992742340,1651098743243,,https://earthquake.usgs.gov/earthquakes/eventpage/usp0002na9,https://earthquake.usgs.gov/fdsnws/event/1/query?eventid=usp0002na9&format=geojson,,,5.235,,reviewed,0,754,us,p0002na9,",gcmtb112885b,usp0002na9,gcmt19851128022542,atlas19851128022542,iscgem511978,",",gcmt,us,gcmt,atlas,iscgem,",",focal-mechanism,impact-text,origin,phase-data,shakemap,",,,1.0,,mw,earthquake,"M 7.0 - 142 km NW of Port-Olry, Vanuatu",Point,"[166.24, -14.043, 33]"
Feature,usp0002mvw,7.1,"127 km SE of Manokwari, Indonesia",501068421290,1651098716123,,https://earthquake.usgs.gov/earthquakes/eventpage/usp0002mvw,https://earthquake.usgs.gov/fdsnws/event/1/query?eventid=usp0002mvw&format=geojson,,,5.992,,reviewed,0,776,us,p0002mvw,",gcmtc111785b,usp0002mvw,gcmt19851117094021,atlas19851117094023,iscgem511055,",",gcmt,us,gcmt,atlas,iscgem,",",focal-mechanism,impact-text,origin,phase-data,shakemap,trump-shakemap,",,,1.4,,mw,earthquake,"M 7.1 - 127 km SE of Manokwari, Indonesia",Point,"[134.911, -1.639, 10]"
Feature,usp0002jyp,7.6,"7 km N of Pantla, Mexico",496114633470,1651099094578,,https://earthquake.usgs.gov/earthquakes/eventpage/usp0002jyp,https://earthquake.usgs.gov/fdsnws/event/1/query?eventid=usp0002jyp&format=geojson,,,7.1,,reviewed,0,889,us,p0002jyp,",gcmtc092185a,usp0002jyp,gcmt19850921013713,atlas19850921013713,iscgem516251,",",gcmt,us,gcmt,atlas,iscgem,",",focal-mechanism,impact-text,origin,phase-data,shakemap,trump-shakemap,",,,1.2,,mw,earthquake,"M 7.6 - 7 km N of Pantla, Mexico",Point,"[-101.647, 17.802, 30.8]"
Feature,usp0002jwe,8.0,"26 km NW of El Habillal, Mexico",495983867350,1651099092247,,https://earthquake.usgs.gov/earthquakes/eventpage/usp0002jwe,https://earthquake.usgs.gov/fdsnws/event/1/query?eventid=usp0002jwe&format=geojson,,,7.231,,reviewed,0,985,us,p0002jwe,",choy19850919131747,gcmtm091985b,usp0002jwe,gcmt19850919131747,atlas19850919131747,iscgem516095,",",choy,gcmt,us,gcmt,atlas,iscgem,",",focal-mechanism,impact-text,origin,phase-data,shakemap,trump-shakemap,",,,1.3,,mw,earthquake,"M 8.0 - 26 km NW of El Habillal, Mexico",Point,"[-102.533, 18.19, 27.9]"
Feature,usp0002j21,7.0,"66 km W of Kashgar, China",493648916160,1651099286125,,https://earthquake.usgs.gov/earthquakes/eventpage/usp0002j21,https://earthquake.usgs.gov/fdsnws/event/1/query?eventid=usp0002j21&format=geojson,,,6.984,,reviewed,0,754,us,p0002j21,",gcmtc082385b,usp0002j21,gcmt19850823124159,atlas19850823124159,iscgem518737,",",gcmt,us,gcmt,atlas,iscgem,",",focal-mechanism,impact-text,origin,phase-data,shakemap,trump-shakemap,",,,1.2,,mw,earthquake,"M 7.0 - 66 km W of Kashgar, China",Point,"[75.224, 39.431, 6.8]"
Feature,usp0002h5z,7.4,"75 km S of Jurm, Afghanistan",491471684070,1651099500142,,https://earthquake.usgs.gov/earthquakes/eventpage/usp0002h5z,https://earthquake.usgs.gov/fdsnws/event/1/query?eventid=usp0002h5z&format=geojson,,,6.59,,reviewed,0,842,us,p0002h5z,",gcmtc072985b,usp0002h5z,gcmt19850729075444,atlas19850729075445,iscgem521361,",",gcmt,us,gcmt,atlas,iscgem,",",focal-mechanism,impact-text,origin,phase-data,shakemap,trump-shakemap,",,,1.0,,mw,earthquake,"M 7.4 - 75 km S of Jurm, Afghanistan",Point,"[70.896, 36.19, 98.7]"
Feature,usp0002gc3,7.3,"62 km E of Kokopo, Papua New Guinea",489213411730,1651099376047,,https://earthquake.usgs.gov/earthquakes/eventpage/usp0002gc3,https://earthquake.usgs.gov/fdsnws/event/1/query?eventid=usp0002gc3&format=geojson,,,6.953,,reviewed,0,820,us,p0002gc3,",gcmtc070385b,usp0002gc3,gcmt19850703043652,atlas19850703043654,iscgem519447,",",gcmt,us,gcmt,atlas,iscgem,",",focal-mechanism,impact-text,origin,phase-data,shakemap,trump-shakemap,",,,1.0,,mw,earthquake,"M 7.3 - 62 km E of Kokopo, Papua New Guinea",Point,"[152.828, -4.439, 33]"
Feature,usp0002en1,7.2,"100 km E of Kimbe, Papua New Guinea",484587350590,1651099614229,,https://earthquake.usgs.gov/earthquakes/eventpage/usp0002en1,https://earthquake.usgs.gov/fdsnws/event/1/query?eventid=usp0002en1&format=geojson,,,6.765,,reviewed,0,798,us,p0002en1,",gcmtc051085a,usp0002en1,gcmt19850510153550,atlas19850510153554,iscgem524624,",",gcmt,us,gcmt,atlas,iscgem,",",focal-mechanism,impact-text,origin,phase-data,shakemap,trump-shakemap,",,,1.3,,mw,earthquake,"M 7.2 - 100 km E of Kimbe, Papua New Guinea",Point,"[151.045, -5.599, 26.7]"
Feature,usp0002e2z,7.0,"1 km ENE of Santo Cristo, Philippines",483120912020,1651099820818,,https://earthquake.usgs.gov/earthquakes/eventpage/usp0002e2z,https://earthquake.usgs.gov/fdsnws/event/1/query?eventid=usp0002e2z&format=geojson,,,5.135,,reviewed,0,754,us,p0002e2z,",gcmtc042385a,usp0002e2z,gcmt19850423161511,atlas19850423161513,iscgem528263,",",gcmt,us,gcmt,atlas,iscgem,",",focal-mechanism,impact-text,origin,phase-data,shakemap,trump-shakemap,",,,1.1,,mw,earthquake,"M 7.0 - 1 km ENE of Santo Cristo, Philippines",Point,"[120.61, 15.344, 188.4]"
Feature,usp0002drr,7.0,"142 km NW of Ternate, Indonesia",482209206780,1651099741704,,https://earthquake.usgs.gov/earthquakes/eventpage/usp0002drr,https://earthquake.usgs.gov/fdsnws/event/1/query?eventid=usp0002drr&format=geojson,,,6.817,,reviewed,0,754,us,p0002drr,",gcmtc041385b,usp0002drr,gcmt19850413030004,iscgem527429,",",gcmt,us,gcmt,iscgem,",",focal-mechanism,impact-text,origin,phase-data,shakemap,",,,1.2,,mw,earthquake,"M 7.0 - 142 km NW of Ternate, Indonesia",Point,"[126.411, 1.622, 50.7]"
Feature,usp0002dm4,7.2,"59 km S of San Antonio, Chile",481859819480,1651099729502,,https://earthquake.usgs.gov/earthquakes/eventpage/usp0002dm4,https://earthquake.usgs.gov/fdsnws/event/1/query?eventid=usp0002dm4&format=geojson,,,7.04,,reviewed,0,798,us,p0002dm4,",choy19850409015701,gcmtc040985a,usp0002dm4,gcmt19850409015658,atlas19850409015701,iscgem527122,",",choy,gcmt,us,gcmt,atlas,iscgem,",",focal-mechanism,impact-text,origin,phase-data,shakemap,trump-shakemap,",,,1.1,,mw,earthquake,"M 7.2 - 59 km S of San Antonio, Chile",Point,"[-71.618, -34.131, 37.8]"
Feature,usp0002cd3,7.4,"19 km S of Valparaíso, Chile",478744341870,1651099880246,,https://earthquake.usgs.gov/earthquakes/eventpage/usp0002cd3,https://earthquake.usgs.gov/fdsnws/event/1/query?eventid=usp0002cd3&format=geojson,,,7.195,,reviewed,0,842,us,p0002cd3,",gcmtb030485a,usp0002cd3,gcmt19850304003221,atlas19850304003224,iscgem529093,",",gcmt,us,gcmt,atlas,iscgem,",",focal-mechanism,impact-text,origin,phase-data,shakemap,trump-shakemap,",,,1.0,,mw,earthquake,"M 7.4 - 19 km S of Valparaíso, Chile",Point,"[-71.663, -33.207, 33]"
Feature,usp0002ccz,8.0,"25 km WSW of Valparaíso, Chile",478738027280,1651099877618,,https://earthquake.usgs.gov/earthquakes/eventpage/usp0002ccz,https://earthquake.usgs.gov/fdsnws/event/1/query?eventid=usp0002ccz&format=geojson,,,7.679,,reviewed,0,985,us,p0002ccz,",choy19850303224726,usp0002ccz,iscgem529084,atlas19850303224709,",",choy,us,iscgem,atlas,",",associate,focal-mechanism,ground-failure,impact-text,origin,phase-data,shakemap,trump-shakemap,",,,1.0,,mw,earthquake,"M 8.0 - 25 km WSW of Valparaíso, Chile",Point,"[-71.871, -33.135, 33]"
Feature,usp000297p,7.5,"45 km SW of Sarangani, Philippines",469786516230,1651100894899,,https://earthquake.usgs.gov/earthquakes/eventpage/usp000297p,https://earthquake.usgs.gov/fdsnws/event/1/query?eventid=usp000297p&format=geojson,,,6.124,,reviewed,0,865,us,p000297p,",gcmtc112084a,usp000297p,gcmt19841120081516,atlas19841120081515,iscgem539471,",",gcmt,us,gcmt,atlas,iscgem,",",focal-mechanism,impact-text,origin,phase-data,shakemap,trump-shakemap,",,,1.3,,mw,earthquake,"M 7.5 - 45 km SW of Sarangani, Philippines",Point,"[125.124, 5.167, 202.2]"
Feature,usp000294z,7.1,"190 km SSW of Sibolga, Indonesia",469522170020,1651100857809,,https://earthquake.usgs.gov/earthquakes/eventpage/usp000294z,https://earthquake.usgs.gov/fdsnws/event/1/query?eventid=usp000294z&format=geojson,,,6.531,,reviewed,0,776,us,p000294z,",gcmtc111784a,usp000294z,gcmt19841117064930,atlas19841117064930,iscgem539292,",",gcmt,us,gcmt,atlas,iscgem,",",focal-mechanism,impact-text,origin,phase-data,shakemap,trump-shakemap,",,,1.1,,mw,earthquake,"M 7.1 - 190 km SSW of Sibolga, Indonesia",Point,"[98.027, 0.197, 33]"
Feature,usp000292p,7.1,southeast of the Loyalty Islands,469334779880,1651100844922,,https://earthquake.usgs.gov/earthquakes/eventpage/usp000292p,https://earthquake.usgs.gov/fdsnws/event/1/query?eventid=usp000292p&format=geojson,,,,,reviewed,0,776,us,p000292p,",gcmtc111584a,usp000292p,gcmt19841115024622,iscgem539149,",",gcmt,us,gcmt,iscgem,",",focal-mechanism,impact-text,origin,phase-data,",,,1.0,,mw,earthquake,M 7.1 - southeast of the Loyalty Islands,Point,"[170.95, -22.022, 104.7]"
Feature,usp00028pr,7.1,central Mid-Atlantic Ridge,468132530270,1651100387193,,https://earthquake.usgs.gov/earthquakes/eventpage/usp00028pr,https://earthquake.usgs.gov/fdsnws/event/1/query?eventid=usp00028pr&format=geojson,,,,,reviewed,0,776,us,p00028pr,",gcmtc110184a,usp00028pr,gcmt19841101044849,iscgem538115,",",gcmt,us,gcmt,iscgem,",",focal-mechanism,impact-text,origin,phase-data,",,,1.0,,mw,earthquake,M 7.1 - central Mid-Atlantic Ridge,Point,"[-38.794, 8.185, 10]"
Feature,usp000286c,7.2,"19 km ENE of Hihifo, Tonga",466683667500,1651101045129,,https://earthquake.usgs.gov/earthquakes/eventpage/usp000286c,https://earthquake.usgs.gov/fdsnws/event/1/query?eventid=usp000286c&format=geojson,,,,,reviewed,0,798,us,p000286c,",gcmtc101584a,usp000286c,gcmt19841015102107,iscgem541351,",",gcmt,us,gcmt,iscgem,",",focal-mechanism,impact-text,origin,phase-data,",,,1.2,,mw,earthquake,"M 7.2 - 19 km ENE of Hihifo, Tonga",Point,"[-173.643, -15.86, 128.4]"
Feature,usp000268f,7.4,"91 km SW of Gorontalo, Indonesia",460641712400,1651101236807,,https://earthquake.usgs.gov/earthquakes/eventpage/usp000268f,https://earthquake.usgs.gov/fdsnws/event/1/query?eventid=usp000268f&format=geojson,,,5.037,,reviewed,0,842,us,p000268f,",gcmtc080684b,usp000268f,gcmt19840806120154,atlas19840806120153,iscgem546025,",",gcmt,us,gcmt,atlas,iscgem,",",focal-mechanism,impact-text,origin,phase-data,shakemap,trump-shakemap,",,,1.2,,mw,earthquake,"M 7.4 - 91 km SW of Gorontalo, Indonesia",Point,"[122.517, -0.086, 242.3]"
Feature,usp00024qw,7.1,"94 km SW of Kokopo, Papua New Guinea",454751383660,1651101931740,,https://earthquake.usgs.gov/earthquakes/eventpage/usp00024qw,https://earthquake.usgs.gov/fdsnws/event/1/query?eventid=usp00024qw&format=geojson,,,5.966,,reviewed,0,776,us,p00024qw,",usp00024qw,gcmt19840530074943,atlas19840530074944,iscgem554053,",",us,gcmt,atlas,iscgem,",",impact-text,origin,phase-data,shakemap,trump-shakemap,",,,1.2,,mw,earthquake,"M 7.1 - 94 km SW of Kokopo, Papua New Guinea",Point,"[151.577, -4.843, 174.4]"
Feature,usp00022y2,7.2,"123 km ENE of Shikotan, Russia",448969442600,1651102302532,,https://earthquake.usgs.gov/earthquakes/eventpage/usp00022y2,https://earthquake.usgs.gov/fdsnws/event/1/query?eventid=usp00022y2&format=geojson,,,5.32,,reviewed,0,798,us,p00022y2,",gcmtc032484a,usp00022y2,gcmt19840324094402,iscgem557737,atlas19840324094403,",",gcmt,us,gcmt,iscgem,atlas,",",focal-mechanism,impact-text,origin,phase-data,shakemap,trump-shakemap,",,,1.2,,mw,earthquake,"M 7.2 - 123 km ENE of Shikotan, Russia",Point,"[148.192, 44.117, 44.4]"
Feature,usp00022s5,7.0,"22 km NNW of Gazli, Uzbekistan",448576118240,1651102228296,,https://earthquake.usgs.gov/earthquakes/eventpage/usp00022s5,https://earthquake.usgs.gov/fdsnws/event/1/query?eventid=usp00022s5&format=geojson,,,7.734,,reviewed,0,754,us,p00022s5,",choy19840319202838,gcmtc031984b,usp00022s5,gcmt19840319202839,atlas19840319202840,iscgem557335,",",choy,gcmt,us,gcmt,atlas,iscgem,",",focal-mechanism,impact-text,origin,phase-data,shakemap,trump-shakemap,",,,0.9,,mw,earthquake,"M 7.0 - 22 km NNW of Gazli, Uzbekistan",Point,"[63.35, 40.32, 14.5]"
Feature,usp00022fa,7.4,"Izu Islands, Japan region",447387441260,1651102132551,,https://earthquake.usgs.gov/earthquakes/eventpage/usp00022fa,https://earthquake.usgs.gov/fdsnws/event/1/query?eventid=usp00022fa&format=geojson,,,3.649,,reviewed,0,842,us,p00022fa,",gcmtc030684b,usp00022fa,gcmt19840306021721,iscgem556590,atlas19840306021722,",",gcmt,us,gcmt,iscgem,atlas,",",focal-mechanism,impact-text,origin,phase-data,shakemap,",,,1.0,,mw,earthquake,"M 7.4 - Izu Islands, Japan region",Point,"[138.935, 29.384, 457.4]"
Feature,usp00022es,7.3,"4 km NNW of Tabid, Philippines",447305630990,1651102113557,,https://earthquake.usgs.gov/earthquakes/eventpage/usp00022es,https://earthquake.usgs.gov/fdsnws/event/1/query?eventid=usp00022es&format=geojson,,,,,reviewed,0,820,us,p00022es,",gcmtc030584a,usp00022es,gcmt19840305033351,atlas19840305033352,iscgem556526,",",gcmt,us,gcmt,atlas,iscgem,",",focal-mechanism,impact-text,origin,phase-data,",,,0.9,,mw,earthquake,"M 7.3 - 4 km NNW of Tabid, Philippines",Point,"[123.762, 8.147, 649.1]"
Feature,usp00021u7,7.6,"85 km SE of Honiara, Solomon Islands",445037601490,1651102462015,,https://earthquake.usgs.gov/earthquakes/eventpage/usp00021u7,https://earthquake.usgs.gov/fdsnws/event/1/query?eventid=usp00021u7&format=geojson,,,6.941,,reviewed,0,889,us,p00021u7,",choy19840207213321,gcmtc020784b,usp00021u7,gcmt19840207213320,atlas19840207213321,iscgem558703,",",choy,gcmt,us,gcmt,atlas,iscgem,",",focal-mechanism,impact-text,origin,phase-data,shakemap,trump-shakemap,",,,1.4,,mw,earthquake,"M 7.6 - 85 km SE of Honiara, Solomon Islands",Point,"[160.469, -10.012, 18.1]"
Feature,usp000213u,7.0,"18 km SSW of Mamuju, Indonesia",442423453560,1664472299195,,https://earthquake.usgs.gov/earthquakes/eventpage/usp000213u,https://earthquake.usgs.gov/fdsnws/event/1/query?eventid=usp000213u&format=geojson,,,6.814,,reviewed,0,754,us,p000213u,",gcmtc010884a,usp000213u,gcmt19840108152413,atlas19840108152415,iscgem560659,",",gcmt,us,gcmt,atlas,iscgem,",",focal-mechanism,impact-text,origin,phase-data,shakemap,trump-shakemap,",,,1.3,,mw,earthquake,"M 7.0 - 18 km SSW of Mamuju, Indonesia",Point,"[118.806, -2.823, 33]"
Feature,usp00020z7,7.2,"77 km ESE of Owase, Japan",441795818850,1651102628062,,https://earthquake.usgs.gov/earthquakes/eventpage/usp00020z7,https://earthquake.usgs.gov/fdsnws/event/1/query?eventid=usp00020z7&format=geojson,,,4.196,,reviewed,0,798,us,p00020z7,",gcmtc010184b,usp00020z7,gcmt19840101090337,atlas19840101090341,iscgem560138,",",gcmt,us,gcmt,atlas,iscgem,",",focal-mechanism,impact-text,origin,phase-data,shakemap,",,,1.2,,mw,earthquake,"M 7.2 - 77 km ESE of Owase, Japan",Point,"[136.894, 33.683, 368.1]"
Feature,usp00020xw,7.4,"55 km S of Jurm, Afghanistan",441676359930,1651103011914,,https://earthquake.usgs.gov/earthquakes/eventpage/usp00020xw,https://earthquake.usgs.gov/fdsnws/event/1/query?eventid=usp00020xw&format=geojson,,,5.303,,reviewed,0,842,us,p00020xw,",gcmtc123083c,usp00020xw,gcmt19831230235240,atlas19831230235241,iscgem563957,",",gcmt,us,gcmt,atlas,iscgem,",",focal-mechanism,impact-text,origin,phase-data,shakemap,trump-shakemap,",,,1.0,,mw,earthquake,"M 7.4 - 55 km S of Jurm, Afghanistan",Point,"[70.738, 36.372, 214.5]"
Feature,usp000207b,7.0,"25 km S of Champerico, Guatemala",439182545660,1651102804239,,https://earthquake.usgs.gov/earthquakes/eventpage/usp000207b,https://earthquake.usgs.gov/fdsnws/event/1/query?eventid=usp000207b&format=geojson,,,6.899,,reviewed,0,754,us,p000207b,",gcmtc120283a,usp000207b,gcmt19831202030905,atlas19831202030903,iscgem562188,",",gcmt,us,gcmt,atlas,iscgem,",",focal-mechanism,impact-text,origin,phase-data,shakemap,trump-shakemap,",,,1.1,,mw,earthquake,"M 7.0 - 25 km S of Champerico, Guatemala",Point,"[-91.924, 14.066, 67.1]"
Feature,usp000205u,7.3,Chagos Archipelago region,439062360670,1651103228748,,https://earthquake.usgs.gov/earthquakes/eventpage/usp000205u,https://earthquake.usgs.gov/fdsnws/event/1/query?eventid=usp000205u&format=geojson,,,0.0,,reviewed,0,820,us,p000205u,",gcmtc113083c,usp000205u,gcmt19831130174600,iscgem565767,",",gcmt,us,gcmt,iscgem,",",focal-mechanism,impact-text,origin,phase-data,shakemap,",,,1.2,,mw,earthquake,M 7.3 - Chagos Archipelago region,Point,"[72.11, -6.852, 10]"
Feature,usp000200r,7.3,"172 km NE of Lospalos, Timor Leste",438499834230,1651103157945,,https://earthquake.usgs.gov/earthquakes/eventpage/usp000200r,https://earthquake.usgs.gov/fdsnws/event/1/query?eventid=usp000200r&format=geojson,,,6.006,,reviewed,0,820,us,p000200r,",gcmtc112483a,usp000200r,gcmt19831124053034,atlas19831124053037,iscgem565411,",",gcmt,us,gcmt,atlas,iscgem,",",focal-mechanism,impact-text,origin,phase-data,shakemap,trump-shakemap,",,,1.2,,mw,earthquake,"M 7.3 - 172 km NE of Lospalos, Timor Leste",Point,"[128.168, -7.481, 178.5]"
Feature,usp0001z5e,7.2,South Sandwich Islands region,435644495010,1705524260049,,https://earthquake.usgs.gov/earthquakes/eventpage/usp0001z5e,https://earthquake.usgs.gov/fdsnws/event/1/query?eventid=usp0001z5e&format=geojson,,,,,reviewed,0,798,us,p0001z5e,",usp0001z5e,gcmtc102283a,gcmt19831022042136,iscgem566964,",",us,gcmt,gcmt,iscgem,",",earthquake-name,focal-mechanism,impact-text,origin,phase-data,",,,1.3,,mw,earthquake,M 7.2 - South Sandwich Islands region,Point,"[-25.451, -60.665, 24]"
Feature,usp0001ytj,7.4,"54 km WSW of Diego de Almagro, Chile",434141533300,1651103238649,,https://earthquake.usgs.gov/earthquakes/eventpage/usp0001ytj,https://earthquake.usgs.gov/fdsnws/event/1/query?eventid=usp0001ytj&format=geojson,,,7.101,,reviewed,0,842,us,p0001ytj,",gcmtc100483c,usp0001ytj,gcmt19831004185212,atlas19831004185215,iscgem566056,",",gcmt,us,gcmt,atlas,iscgem,",",focal-mechanism,impact-text,origin,phase-data,shakemap,trump-shakemap,",,,1.2,,mw,earthquake,"M 7.4 - 54 km WSW of Diego de Almagro, Chile",Point,"[-70.563, -26.535, 14.8]"
Feature,usp0001xqy,7.1,"57 km SSE of Klyuchi, Russia",429965754130,1651103598132,,https://earthquake.usgs.gov/earthquakes/eventpage/usp0001xqy,https://earthquake.usgs.gov/fdsnws/event/1/query?eventid=usp0001xqy&format=geojson,,,7.009,,reviewed,0,776,us,p0001xqy,",gcmtc081783b,usp0001xqy,gcmt19830817105552,atlas19830817105558,iscgem570379,",",gcmt,us,gcmt,atlas,iscgem,",",focal-mechanism,impact-text,origin,phase-data,shakemap,trump-shakemap,",,,1.2,,mw,earthquake,"M 7.1 - 57 km SSE of Klyuchi, Russia",Point,"[161.287, 55.867, 62.6]"
Feature,usp0001vmy,7.4,"83 km WNW of Noshiro, Japan",422765999600,1651104167923,,https://earthquake.usgs.gov/earthquakes/eventpage/usp0001vmy,https://earthquake.usgs.gov/fdsnws/event/1/query?eventid=usp0001vmy&format=geojson,,,6.679,,reviewed,0,842,us,p0001vmy,",atlas19830526030059,choy19830526025959,gcmtc052683a,usp0001vmy,gcmt19830526030000,iscgem577008,",",atlas,choy,gcmt,us,gcmt,iscgem,",",associate,focal-mechanism,ground-failure,impact-text,origin,phase-data,shakemap,trump-shakemap,",,,1.1,,mw,earthquake,"M 7.4 - 83 km WNW of Noshiro, Japan",Point,"[139.102, 40.462, 23.7]"
Feature,usp0001uj8,7.0,"95 km ESE of Kh?sh, Iran",419511531260,1651104446078,,https://earthquake.usgs.gov/earthquakes/eventpage/usp0001uj8,https://earthquake.usgs.gov/fdsnws/event/1/query?eventid=usp0001uj8&format=geojson,,,7.088,,reviewed,0,754,us,p0001uj8,",gcmtc041883a,usp0001uj8,gcmt19830418105847,atlas19830418105852,iscgem579099,",",gcmt,us,gcmt,atlas,iscgem,",",focal-mechanism,impact-text,origin,phase-data,shakemap,trump-shakemap,",,,1.2,,mw,earthquake,"M 7.0 - 95 km ESE of Kh?sh, Iran",Point,"[62.054, 27.793, 64]"
Feature,usp0001uct,7.0,"92 km NNE of La Peca, Peru",418997274520,1651104391555,,https://earthquake.usgs.gov/earthquakes/eventpage/usp0001uct,https://earthquake.usgs.gov/fdsnws/event/1/query?eventid=usp0001uct&format=geojson,,,6.69,,reviewed,0,754,us,p0001uct,",gcmtc041283a,usp0001uct,gcmt19830412120754,atlas19830412120758,iscgem578646,",",gcmt,us,gcmt,atlas,iscgem,",",focal-mechanism,impact-text,origin,phase-data,shakemap,trump-shakemap,",,,1.2,,mw,earthquake,"M 7.0 - 92 km NNE of La Peca, Peru",Point,"[-78.103, -4.843, 104.2]"
Feature,usp0001u4p,7.1,"12 km N of Golfito, Costa Rica",418186201180,1651104256688,,https://earthquake.usgs.gov/earthquakes/eventpage/usp0001u4p,https://earthquake.usgs.gov/fdsnws/event/1/query?eventid=usp0001u4p&format=geojson,,,6.656,,reviewed,0,776,us,p0001u4p,",choy19830403025001,gcmtc040383a,usp0001u4p,gcmt19830403025000,atlas19830403025004,iscgem577794,",",choy,gcmt,us,gcmt,atlas,iscgem,",",focal-mechanism,impact-text,origin,phase-data,shakemap,trump-shakemap,",,,1.0,,mw,earthquake,"M 7.1 - 12 km N of Golfito, Costa Rica",Point,"[-83.123, 8.717, 37]"
Feature,usp0001tr1,7.6,"157 km ESE of Kokopo, Papua New Guinea",416826350000,1651104618946,,https://earthquake.usgs.gov/earthquakes/eventpage/usp0001tr1,https://earthquake.usgs.gov/fdsnws/event/1/query?eventid=usp0001tr1&format=geojson,,,7.143,,reviewed,0,889,us,p0001tr1,",gcmtc031883a,usp0001tr1,gcmt19830318090550,iscgem580884,atlas19830318090551,",",gcmt,us,gcmt,iscgem,atlas,",",focal-mechanism,impact-text,origin,phase-data,shakemap,trump-shakemap,",,,1.3,,ms,earthquake,"M 7.6 - 157 km ESE of Kokopo, Papua New Guinea",Point,"[153.581, -4.883, 88.8]"
Feature,usp0001smj,7.0,Kermadec Islands region,412444941350,1651105038777,,https://earthquake.usgs.gov/earthquakes/eventpage/usp0001smj,https://earthquake.usgs.gov/fdsnws/event/1/query?eventid=usp0001smj&format=geojson,,,,,reviewed,0,754,us,p0001smj,",gcmtc012683b,usp0001smj,gcmt19830126160221,iscgem585804,",",gcmt,us,gcmt,iscgem,",",focal-mechanism,impact-text,origin,phase-data,",,,1.2,,mw,earthquake,M 7.0 - Kermadec Islands region,Point,"[-179.339, -30.383, 238]"
Feature,usp0001sa1,7.0,"26 km SW of Lixoúri, Greece",411655289700,1651104990661,,https://earthquake.usgs.gov/earthquakes/eventpage/usp0001sa1,https://earthquake.usgs.gov/fdsnws/event/1/query?eventid=usp0001sa1&format=geojson,,,7.121,,reviewed,0,754,us,p0001sa1,",usp0001sa1,gcmt19830117124129,atlas19830117124130,iscgem584920,",",us,gcmt,atlas,iscgem,",",impact-text,origin,phase-data,shakemap,trump-shakemap,",,,1.3,,mw,earthquake,"M 7.0 - 26 km SW of Lixoúri, Greece",Point,"[20.228, 38.026, 14.3]"
Feature,usp0001rj6,7.2,south of Tonga,409167834850,1651105113338,,https://earthquake.usgs.gov/earthquakes/eventpage/usp0001rj6,https://earthquake.usgs.gov/fdsnws/event/1/query?eventid=usp0001rj6&format=geojson,,,3.596,,reviewed,0,798,us,p0001rj6,",gcmtc121982c,usp0001rj6,gcmt19821219174355,iscgem587080,",",gcmt,us,gcmt,iscgem,",",focal-mechanism,impact-text,origin,phase-data,shakemap,",,,1.5,,mw,earthquake,M 7.2 - south of Tonga,Point,"[-175.864, -24.133, 33]"
Feature,usp0001nvd,7.0,"207 km S of Lata, Solomon Islands",397427572950,1651105729587,,https://earthquake.usgs.gov/earthquakes/eventpage/usp0001nvd,https://earthquake.usgs.gov/fdsnws/event/1/query?eventid=usp0001nvd&format=geojson,,,,,reviewed,0,754,us,p0001nvd,",gcmtc080582c,usp0001nvd,gcmt19820805203254,iscgem593205,",",gcmt,us,gcmt,iscgem,",",focal-mechanism,impact-text,origin,phase-data,",,,1.4,,mw,earthquake,"M 7.0 - 207 km S of Lata, Solomon Islands",Point,"[165.931, -12.597, 30.7]"
Feature,usp0001nkk,7.1,"93 km ENE of Hasaki, Japan",396282233570,1651105986859,,https://earthquake.usgs.gov/earthquakes/eventpage/usp0001nkk,https://earthquake.usgs.gov/fdsnws/event/1/query?eventid=usp0001nkk&format=geojson,,,5.308,,reviewed,0,776,us,p0001nkk,",gcmtc072382a,usp0001nkk,gcmt19820723142353,atlas19820723142353,iscgem595845,",",gcmt,us,gcmt,atlas,iscgem,",",focal-mechanism,impact-text,origin,phase-data,shakemap,trump-shakemap,",,,1.0,,mw,earthquake,"M 7.1 - 93 km ENE of Hasaki, Japan",Point,"[141.702, 36.194, 36.6]"
Feature,usp0001nap,7.0,north of Macquarie Island,394886583740,1651105925882,,https://earthquake.usgs.gov/earthquakes/eventpage/usp0001nap,https://earthquake.usgs.gov/fdsnws/event/1/query?eventid=usp0001nap&format=geojson,,,,,reviewed,0,754,us,p0001nap,",gcmtz070782a,usp0001nap,gcmt19820707104303,iscgem595005,",",gcmt,us,gcmt,iscgem,",",focal-mechanism,impact-text,origin,phase-data,",,,1.3,,ms,earthquake,M 7.0 - north of Macquarie Island,Point,"[160.513, -51.225, 10]"
Feature,usp0001n8w,7.1,"west of the Bonin Islands, Japan",394593606800,1651105871252,,https://earthquake.usgs.gov/earthquakes/eventpage/usp0001n8w,https://earthquake.usgs.gov/fdsnws/event/1/query?eventid=usp0001n8w&format=geojson,,,,,reviewed,0,776,us,p0001n8w,",gcmtc070482a,usp0001n8w,gcmt19820704012007,iscgem594800,",",gcmt,us,gcmt,iscgem,",",focal-mechanism,impact-text,origin,phase-data,",,,1.0,,mw,earthquake,"M 7.1 - west of the Bonin Islands, Japan",Point,"[136.967, 27.929, 536]"
Feature,iscgem597450,7.29,"18 km SSW of La Libertad, El Salvador",393315718540,1651106109375,,https://earthquake.usgs.gov/earthquakes/eventpage/iscgem597450,https://earthquake.usgs.gov/fdsnws/event/1/query?eventid=iscgem597450&format=geojson,,,7.274,,reviewed,0,818,iscgem,597450,",gcmtc061982a,usp0001n0h,gcmt19820619062157,atlas19820619062158,iscgem597450,",",gcmt,us,gcmt,atlas,iscgem,",",focal-mechanism,impact-text,origin,phase-data,shakemap,trump-origin,trump-shakemap,",,,,,mw,earthquake,"M 7.3 - 18 km SSW of La Libertad, El Salvador",Point,"[-89.387, 13.332, 73]"
Feature,usp0001mrg,7.0,"5 km NNW of San Juan Bautista Lo de Soto, Mexico",392295580160,1651106043629,,https://earthquake.usgs.gov/earthquakes/eventpage/usp0001mrg,https://earthquake.usgs.gov/fdsnws/event/1/query?eventid=usp0001mrg&format=geojson,,,6.52,,reviewed,0,754,us,p0001mrg,",gcmtc060782b,usp0001mrg,gcmt19820607105940,atlas19820607105939,iscgem596720,",",gcmt,us,gcmt,atlas,iscgem,",",focal-mechanism,impact-text,origin,phase-data,shakemap,trump-shakemap,",,,1.1,,ms,earthquake,"M 7.0 - 5 km NNW of San Juan Bautista Lo de Soto, Mexico",Point,"[-98.358, 16.558, 33.8]"
Feature,usp0001hze,7.1,"4 km SW of Gigmoto, Philippines",379577406490,1651106656583,,https://earthquake.usgs.gov/earthquakes/eventpage/usp0001hze,https://earthquake.usgs.gov/fdsnws/event/1/query?eventid=usp0001hze&format=geojson,,,6.452,,reviewed,0,776,us,p0001hze,",gcmtc011182a,usp0001hze,gcmt19820111061004,atlas19820111061006,iscgem605354,",",gcmt,us,gcmt,atlas,iscgem,",",focal-mechanism,impact-text,origin,phase-data,shakemap,trump-shakemap,",,,1.1,,ms,earthquake,"M 7.1 - 4 km SW of Gigmoto, Philippines",Point,"[124.358, 13.752, 45.7]"
Feature,usp0001hp7,7.1,"Kermadec Islands, New Zealand",378234332520,1651106896835,,https://earthquake.usgs.gov/earthquakes/eventpage/usp0001hp7,https://earthquake.usgs.gov/fdsnws/event/1/query?eventid=usp0001hp7&format=geojson,,,,,reviewed,0,776,us,p0001hp7,",gcmtc122681a,usp0001hp7,gcmt19811226170532,iscgem607781,",",gcmt,us,gcmt,iscgem,",",focal-mechanism,impact-text,origin,phase-data,",,,1.2,,ms,earthquake,"M 7.1 - Kermadec Islands, New Zealand",Point,"[-177.741, -29.934, 33]"
Feature,usp0001hgc,7.2,"61 km W of Eresós, Greece",377619050720,1651106853149,,https://earthquake.usgs.gov/earthquakes/eventpage/usp0001hgc,https://earthquake.usgs.gov/fdsnws/event/1/query?eventid=usp0001hgc&format=geojson,,,7.492,,reviewed,0,798,us,p0001hgc,",gcmtc121981a,usp0001hgc,gcmt19811219141052,atlas19811219141052,iscgem607342,",",gcmt,us,gcmt,atlas,iscgem,",",focal-mechanism,impact-text,origin,phase-data,shakemap,trump-shakemap,",,,1.2,,ms,earthquake,"M 7.2 - 61 km W of Eresós, Greece",Point,"[25.227, 39.243, 10]"
Feature,usp0001gnv,7.3,"7 km NNE of Petacalco, Mexico",372828135570,1651107112451,,https://earthquake.usgs.gov/earthquakes/eventpage/usp0001gnv,https://earthquake.usgs.gov/fdsnws/event/1/query?eventid=usp0001gnv&format=geojson,,,7.369,,reviewed,0,820,us,p0001gnv,",choy19811025032215,gcmtc102581a,usp0001gnv,gcmt19811025032215,atlas19811025032215,iscgem610441,",",choy,gcmt,us,gcmt,atlas,iscgem,",",focal-mechanism,impact-text,origin,phase-data,shakemap,trump-shakemap,",,,1.2,,ms,earthquake,"M 7.3 - 7 km NNE of Petacalco, Mexico",Point,"[-102.084, 18.048, 33]"
Feature,usp0001gg1,7.2,"135 km W of Valparaíso, Chile",372050742220,1651107055476,,https://earthquake.usgs.gov/earthquakes/eventpage/usp0001gg1,https://earthquake.usgs.gov/fdsnws/event/1/query?eventid=usp0001gg1&format=geojson,,,4.631,,reviewed,0,798,us,p0001gg1,",gcmtc101681a,usp0001gg1,gcmt19811016032542,iscgem610009,atlas19811016032543,",",gcmt,us,gcmt,iscgem,atlas,",",focal-mechanism,impact-text,origin,phase-data,shakemap,trump-shakemap,",,,0.8,,ms,earthquake,"M 7.2 - 135 km W of Valparaíso, Chile",Point,"[-73.074, -33.134, 33]"
Feature,usp0001fkx,7.7,"133 km NE of Hihifo, Tonga",368184571540,1651107147144,,https://earthquake.usgs.gov/earthquakes/eventpage/usp0001fkx,https://earthquake.usgs.gov/fdsnws/event/1/query?eventid=usp0001fkx&format=geojson,,,5.123,,reviewed,0,912,us,p0001fkx,",gcmtc090181b,usp0001fkx,gcmt19810901092932,atlas19810901092931,iscgem610759,",",gcmt,us,gcmt,atlas,iscgem,",",focal-mechanism,impact-text,origin,phase-data,shakemap,",,,1.2,,ms,earthquake,"M 7.7 - 133 km NE of Hihifo, Tonga",Point,"[-173.085, -14.96, 25]"
Feature,usp0001ezf,7.1,"75 km ESE of Kerman, Iran",365188944620,1651100538160,,https://earthquake.usgs.gov/earthquakes/eventpage/usp0001ezf,https://earthquake.usgs.gov/fdsnws/event/1/query?eventid=usp0001ezf&format=geojson,,,9.033,,reviewed,0,776,us,p0001ezf,",gcmtz072881a,usp0001ezf,gcmt19810728172224,atlas19810728172224,iscgem624412,",",gcmt,us,gcmt,atlas,iscgem,",",focal-mechanism,impact-text,origin,phase-data,shakemap,trump-shakemap,",,,1.2,,ms,earthquake,"M 7.1 - 75 km ESE of Kerman, Iran",Point,"[57.794, 30.013, 33]"
Feature,usp0001eq4,7.0,"92 km NW of Port-Vila, Vanuatu",364031948470,1651107609104,,https://earthquake.usgs.gov/earthquakes/eventpage/usp0001eq4,https://earthquake.usgs.gov/fdsnws/event/1/query?eventid=usp0001eq4&format=geojson,,,5.27,,reviewed,0,754,us,p0001eq4,",gcmtc071581a,usp0001eq4,gcmt19810715075908,atlas19810715075908,iscgem623688,",",gcmt,us,gcmt,atlas,iscgem,",",focal-mechanism,impact-text,origin,phase-data,shakemap,trump-shakemap,",,,1.0,,ms,earthquake,"M 7.0 - 92 km NW of Port-Vila, Vanuatu",Point,"[167.601, -17.26, 30]"
Feature,usp0001ej2,7.0,southeast of the Loyalty Islands,363236904180,1651107578701,,https://earthquake.usgs.gov/earthquakes/eventpage/usp0001ej2,https://earthquake.usgs.gov/fdsnws/event/1/query?eventid=usp0001ej2&format=geojson,,,,,reviewed,0,754,us,p0001ej2,",gcmtc070681a,usp0001ej2,gcmt19810706030824,iscgem623160,",",gcmt,us,gcmt,iscgem,",",focal-mechanism,impact-text,origin,phase-data,",,,0.9,,ms,earthquake,M 7.0 - southeast of the Loyalty Islands,Point,"[171.742, -22.293, 33]"
Feature,usp0001dv1,7.6,off the west coast of the South Island of New Zealand,359616314460,1651107948947,,https://earthquake.usgs.gov/earthquakes/eventpage/usp0001dv1,https://earthquake.usgs.gov/fdsnws/event/1/query?eventid=usp0001dv1&format=geojson,,,4.206,,reviewed,0,889,us,p0001dv1,",gcmtz052581a,usp0001dv1,gcmt19810525052514,iscgem627150,",",gcmt,us,gcmt,iscgem,",",focal-mechanism,impact-text,origin,phase-data,shakemap,",,,1.2,,ms,earthquake,M 7.6 - off the west coast of the South Island of New Zealand,Point,"[164.357, -48.786, 33]"
Feature,usp0001byq,7.0,"243 km ESE of Attu Station, Alaska",349692764100,1651108565328,,https://earthquake.usgs.gov/earthquakes/eventpage/usp0001byq,https://earthquake.usgs.gov/fdsnws/event/1/query?eventid=usp0001byq&format=geojson,,,,,reviewed,0,754,us,p0001byq,",gcmtc013081b,ushis3699,gcmt19810130085244,iscgem633334,usp0001byq,",",gcmt,ushis,gcmt,iscgem,us,",",focal-mechanism,impact-text,origin,",,,,,ms,earthquake,"M 7.0 - 243 km ESE of Attu Station, Alaska",Point,"[176.274, 51.744, 33]"
Feature,usp0001aq1,7.2,"The 1980 Eureka, California Earthquake",342527254000,1708851227192,,https://earthquake.usgs.gov/earthquakes/eventpage/usp0001aq1,https://earthquake.usgs.gov/fdsnws/event/1/query?eventid=usp0001aq1&format=geojson,,,6.383,,reviewed,0,798,us,p0001aq1,",gcmtz110880a,usp0001aq1,ushis3677,gcmt19801108102734,iscgem635132,atlas19801108102735,",",gcmt,us,ushis,gcmt,iscgem,atlas,",",associate,earthquake-name,focal-mechanism,impact-text,origin,shakemap,touch,trump-shakemap,",,,,,mw,earthquake,"M 7.2 - The 1980 Eureka, California Earthquake",Point,"[-124.253, 41.117, 19]"
Feature,usp0001aez,7.2,"207 km E of Tadine, New Caledonia",341319605100,1651109130987,,https://earthquake.usgs.gov/earthquakes/eventpage/usp0001aez,https://earthquake.usgs.gov/fdsnws/event/1/query?eventid=usp0001aez&format=geojson,,,,,reviewed,0,798,us,p0001aez,",gcmtd102580b,gcmt19801025110005,iscgem637665,usp0001aez,",",gcmt,gcmt,iscgem,us,",",focal-mechanism,origin,",,,,,ms,earthquake,"M 7.2 - 207 km E of Tadine, New Caledonia",Point,"[169.853, -21.89, 33]"
Feature,usp0001a5w,7.3,"3 km NNE of Chlef, Algeria",340028723500,1651109029373,,https://earthquake.usgs.gov/earthquakes/eventpage/usp0001a5w,https://earthquake.usgs.gov/fdsnws/event/1/query?eventid=usp0001a5w&format=geojson,,,8.578,,reviewed,0,820,us,p0001a5w,",choy19801010122523,gcmtz101080a,gcmt19801010122523,atlas19801010122523,iscgem636856,usp0001a5w,",",choy,gcmt,gcmt,atlas,iscgem,us,",",focal-mechanism,origin,shakemap,trump-shakemap,",,,,,ms,earthquake,"M 7.3 - 3 km NNE of Chlef, Algeria",Point,"[1.354, 36.195, 10]"
Feature,usp00018y0,7.9,"199 km S of Lata, Solomon Islands",332710943200,1651109584950,,https://earthquake.usgs.gov/earthquakes/eventpage/usp00018y0,https://earthquake.usgs.gov/fdsnws/event/1/query?eventid=usp00018y0&format=geojson,,,6.068,,reviewed,0,960,us,p00018y0,",gcmtz071780a,gcmt19800717194223,atlas19800717194224,iscgem642019,usp00018y0,",",gcmt,gcmt,atlas,iscgem,us,",",focal-mechanism,origin,shakemap,trump-shakemap,",,,,,ms,earthquake,"M 7.9 - 199 km S of Lata, Solomon Islands",Point,"[165.916, -12.525, 33]"
Feature,usp00018r3,7.5,"196 km SSE of Lata, Solomon Islands",331946359800,1651109512392,,https://earthquake.usgs.gov/earthquakes/eventpage/usp00018r3,https://earthquake.usgs.gov/fdsnws/event/1/query?eventid=usp00018r3&format=geojson,,,5.838,,reviewed,0,865,us,p00018r3,",gcmtd070880b,gcmt19800708231919,iscgem641461,usp00018r3,atlas19800708231924,",",gcmt,gcmt,iscgem,us,atlas,",",focal-mechanism,origin,shakemap,trump-shakemap,",,,,,ms,earthquake,"M 7.5 - 196 km SSE of Lata, Solomon Islands",Point,"[166.381, -12.41, 33]"
Feature,usp00015mw,7.0,"30 km S of Shikotan, Russia",320133063200,1651110320319,,https://earthquake.usgs.gov/earthquakes/eventpage/usp00015mw,https://earthquake.usgs.gov/fdsnws/event/1/query?eventid=usp00015mw&format=geojson,,,6.307,,reviewed,0,754,us,p00015mw,",gcmtd022380a,gcmt19800223055103,atlas19800223055104,iscgem651631,usp00015mw,",",gcmt,gcmt,atlas,iscgem,us,",",focal-mechanism,origin,shakemap,trump-shakemap,",,,,,ms,earthquake,"M 7.0 - 30 km S of Shikotan, Russia",Point,"[146.753, 43.53, 44]"
Feature,usp00014ey,7.7,"56 km NW of Valdez, Ecuador",313833543300,1705524228072,,https://earthquake.usgs.gov/earthquakes/eventpage/usp00014ey,https://earthquake.usgs.gov/fdsnws/event/1/query?eventid=usp00014ey&format=geojson,,,8.453,,reviewed,0,912,us,p00014ey,",usp00014ey,gcmtz121279a,gcmt19791212075903,atlas19791212075904,iscgem654039,",",us,gcmt,gcmt,atlas,iscgem,",",earthquake-name,focal-mechanism,origin,shakemap,trump-shakemap,",,,,,ms,earthquake,"M 7.7 - 56 km NW of Valdez, Ecuador",Point,"[-79.358, 1.598, 24]"
Feature,usp000147t,7.1,"56 km ENE of Q?’en, Iran",312570632900,1651070978489,,https://earthquake.usgs.gov/earthquakes/eventpage/usp000147t,https://earthquake.usgs.gov/fdsnws/event/1/query?eventid=usp000147t&format=geojson,,,8.028,,reviewed,0,776,us,p000147t,",atlas19791127171000,atlas19791127171032,gcmtd112779b,iscgem656234,usp000147t,",",atlas,atlas,gcmt,iscgem,us,",",associate,focal-mechanism,origin,shakemap,trump-shakemap,",,,,,ms,earthquake,"M 7.1 - 56 km ENE of Q?’en, Iran",Point,"[59.726, 33.962, 10]"
Feature,usp00013nn,7.1,"71 km WSW of Kirakira, Solomon Islands",309520266700,1651071191543,,https://earthquake.usgs.gov/earthquakes/eventpage/usp00013nn,https://earthquake.usgs.gov/fdsnws/event/1/query?eventid=usp00013nn&format=geojson,,,6.444,,reviewed,0,776,us,p00013nn,",gcmtd102379b,gcmt19791023095106,atlas19791023095108,iscgem657742,usp00013nn,",",gcmt,gcmt,atlas,iscgem,us,",",focal-mechanism,origin,shakemap,trump-shakemap,",,,,,ms,earthquake,"M 7.1 - 71 km WSW of Kirakira, Solomon Islands",Point,"[161.284, -10.615, 22]"
Feature,usp00013ck,7.4,"180 km W of Riverton, New Zealand",308571922300,1651071067392,,https://earthquake.usgs.gov/earthquakes/eventpage/usp00013ck,https://earthquake.usgs.gov/fdsnws/event/1/query?eventid=usp00013ck&format=geojson,,,,,reviewed,0,842,us,p00013ck,",gcmt19791012102522,iscgem656995,usp00013ck,",",gcmt,iscgem,us,",",origin,",,,,,ms,earthquake,"M 7.4 - 180 km W of Riverton, New Zealand",Point,"[165.707, -46.675, 33]"
Feature,usp00012wp,7.9,"55 km S of Biak, Indonesia",305961471400,1651071280458,,https://earthquake.usgs.gov/earthquakes/eventpage/usp00012wp,https://earthquake.usgs.gov/fdsnws/event/1/query?eventid=usp00012wp&format=geojson,,,6.954,,reviewed,0,960,us,p00012wp,",gcmtd091279a,gcmt19790912051751,atlas19790912051756,iscgem658645,usp00012wp,",",gcmt,gcmt,atlas,iscgem,us,",",focal-mechanism,origin,shakemap,trump-shakemap,",,,,,ms,earthquake,"M 7.9 - 55 km S of Biak, Indonesia",Point,"[136.04, -1.679, 5]"
Feature,usp00012mz,7.1,"62 km N of San Vicente, Philippines",304525882100,1651071532260,,https://earthquake.usgs.gov/earthquakes/eventpage/usp00012mz,https://earthquake.usgs.gov/fdsnws/event/1/query?eventid=usp00012mz&format=geojson,,,6.453,,reviewed,0,776,us,p00012mz,",gcmtd082679a,gcmt19790826143122,atlas19790826143123,iscgem660921,usp00012mz,",",gcmt,gcmt,atlas,iscgem,us,",",focal-mechanism,origin,shakemap,trump-shakemap,",,,,,ms,earthquake,"M 7.1 - 62 km N of San Vicente, Philippines",Point,"[122.096, 19.066, 15]"
Feature,usp0000zbw,7.6,"12 km SSE of Vallecitos de Zaragoza, Mexico",290257636300,1651072311251,,https://earthquake.usgs.gov/earthquakes/eventpage/usp0000zbw,https://earthquake.usgs.gov/fdsnws/event/1/query?eventid=usp0000zbw&format=geojson,,,8.034,,reviewed,0,889,us,p0000zbw,",gcmtc031479a,gcmt19790314110716,iscgem668141,usp0000zbw,atlas19790314110715,",",gcmt,gcmt,iscgem,us,atlas,",",focal-mechanism,origin,shakemap,trump-shakemap,",,,,,ms,earthquake,"M 7.6 - 12 km SSE of Vallecitos de Zaragoza, Mexico",Point,"[-101.276, 17.813, 49]"
Feature,usp0000z2a,7.1,"113 km SE of McCarthy, Alaska",289085226100,1651072534153,,https://earthquake.usgs.gov/earthquakes/eventpage/usp0000z2a,https://earthquake.usgs.gov/fdsnws/event/1/query?eventid=usp0000z2a&format=geojson,,,7.493,,reviewed,0,776,us,p0000z2a,",iscgem670396,choy19790228212706,gcmtz022879a,usp0000z2a,ushis3507,gcmt19790228212706,atlas19790228212707,",",iscgem,choy,gcmt,us,ushis,gcmt,atlas,",",focal-mechanism,impact-text,origin,shakemap,trump-shakemap,",,,,,ms,earthquake,"M 7.1 - 113 km SE of McCarthy, Alaska",Point,"[-141.593, 60.642, 15]"
Feature,usp0000y1y,7.0,"94 km SSE of Hualien City, Taiwan",283260192000,1651072819152,,https://earthquake.usgs.gov/earthquakes/eventpage/usp0000y1y,https://earthquake.usgs.gov/fdsnws/event/1/query?eventid=usp0000y1y&format=geojson,,,5.21,,reviewed,0,754,us,p0000y1y,",gcmtc122378b,gcmt19781223112312,atlas19781223112314,iscgem672890,usp0000y1y,",",gcmt,gcmt,atlas,iscgem,us,",",focal-mechanism,origin,shakemap,trump-shakemap,",,,,,ms,earthquake,"M 7.0 - 94 km SSE of Hualien City, Taiwan",Point,"[122.075, 23.247, 33]"
Feature,usp0000xp7,7.7,"2 km ESE of San Agustín Loxicha, Mexico",281217167600,1651072985774,,https://earthquake.usgs.gov/earthquakes/eventpage/usp0000xp7,https://earthquake.usgs.gov/fdsnws/event/1/query?eventid=usp0000xp7&format=geojson,,,7.709,,reviewed,0,912,us,p0000xp7,",gcmtc112978a,gcmt19781129195247,atlas19781129195250,iscgem674661,usp0000xp7,",",gcmt,gcmt,atlas,iscgem,us,",",focal-mechanism,origin,shakemap,trump-shakemap,",,,,,ms,earthquake,"M 7.7 - 2 km ESE of San Agustín Loxicha, Mexico",Point,"[-96.591, 16.01, 18]"
Feature,usp0000x9z,7.1,"78 km SSE of Kirakira, Solomon Islands",279151327100,1651072880917,,https://earthquake.usgs.gov/earthquakes/eventpage/usp0000x9z,https://earthquake.usgs.gov/fdsnws/event/1/query?eventid=usp0000x9z&format=geojson,,,6.368,,reviewed,0,776,us,p0000x9z,",gcmtc110578a,gcmt19781105220207,atlas19781105220210,iscgem673562,usp0000x9z,",",gcmt,gcmt,atlas,iscgem,us,",",focal-mechanism,origin,shakemap,trump-shakemap,",,,,,ms,earthquake,"M 7.1 - 78 km SSE of Kirakira, Solomon Islands",Point,"[162.136, -11.132, 33]"
Feature,usp0000wjx,7.4,"52 km ESE of Tabas, Iran",274808156600,1651073218855,,https://earthquake.usgs.gov/earthquakes/eventpage/usp0000wjx,https://earthquake.usgs.gov/fdsnws/event/1/query?eventid=usp0000wjx&format=geojson,,,8.985,,reviewed,0,842,us,p0000wjx,",gcmtd091678b,gcmt19780916153556,atlas19780916153556,iscgem676813,usp0000wjx,",",gcmt,gcmt,atlas,iscgem,us,",",focal-mechanism,origin,shakemap,trump-shakemap,",,,,,ms,earthquake,"M 7.4 - 52 km ESE of Tabas, Iran",Point,"[57.434, 33.386, 33]"
Feature,usp0000w5v,7.0,"19 km N of Nandayure, Costa Rica",272680712200,1651073430095,,https://earthquake.usgs.gov/earthquakes/eventpage/usp0000w5v,https://earthquake.usgs.gov/fdsnws/event/1/query?eventid=usp0000w5v&format=geojson,,,7.15,,reviewed,0,754,us,p0000w5v,",gcmtz082378a,gcmt19780823003832,atlas19780823003830,iscgem678413,usp0000w5v,",",gcmt,gcmt,atlas,iscgem,us,",",focal-mechanism,origin,shakemap,trump-shakemap,",,,,,ms,earthquake,"M 7.0 - 19 km N of Nandayure, Costa Rica",Point,"[-85.222, 10.204, 56]"
Feature,usp0000vpz,7.4,"85 km ENE of Hengchun, Taiwan",270052956900,1651073594901,,https://earthquake.usgs.gov/earthquakes/eventpage/usp0000vpz,https://earthquake.usgs.gov/fdsnws/event/1/query?eventid=usp0000vpz&format=geojson,,,6.345,,reviewed,0,842,us,p0000vpz,",gcmtc072378a,gcmt19780723144236,atlas19780723144241,iscgem679741,usp0000vpz,",",gcmt,gcmt,atlas,iscgem,us,",",focal-mechanism,origin,shakemap,trump-shakemap,",,,,,ms,earthquake,"M 7.4 - 85 km ENE of Hengchun, Taiwan",Point,"[121.512, 22.282, 17]"
Feature,usp0000v3r,7.0,"206 km SE of Hihifo, Tonga",266944293500,1651073847715,,https://earthquake.usgs.gov/earthquakes/eventpage/usp0000v3r,https://earthquake.usgs.gov/fdsnws/event/1/query?eventid=usp0000v3r&format=geojson,,,,,reviewed,0,754,us,p0000v3r,",gcmtd061778b,gcmt19780617151133,iscgem681006,usp0000v3r,",",gcmt,gcmt,iscgem,us,",",focal-mechanism,origin,",,,,,ms,earthquake,"M 7.0 - 206 km SE of Hihifo, Tonga",Point,"[-172.264, -17.098, 33]"
Feature,usp0000v0f,7.7,"68 km ESE of Ishinomaki, Japan",266487266400,1651073752670,,https://earthquake.usgs.gov/earthquakes/eventpage/usp0000v0f,https://earthquake.usgs.gov/fdsnws/event/1/query?eventid=usp0000v0f&format=geojson,,,7.332,,reviewed,0,912,us,p0000v0f,",gcmtc061278a,usp0000v0f,gcmt19780612081426,atlas19780612081429,iscgem680697,",",gcmt,us,gcmt,atlas,iscgem,",",focal-mechanism,ground-failure,origin,shakemap,trump-shakemap,",,,,,ms,earthquake,"M 7.7 - 68 km ESE of Ishinomaki, Japan",Point,"[142.028, 38.19, 44]"
Feature,usp0000tn6,7.1,"23 km ENE of Tyup, Kyrgyzstan",259621548200,1651074733144,,https://earthquake.usgs.gov/earthquakes/eventpage/usp0000tn6,https://earthquake.usgs.gov/fdsnws/event/1/query?eventid=usp0000tn6&format=geojson,,,6.838,,reviewed,0,776,us,p0000tn6,",gcmtb032478b,gcmt19780324210548,atlas19780324210548,iscgem685501,usp0000tn6,",",gcmt,gcmt,atlas,iscgem,us,",",focal-mechanism,origin,shakemap,trump-shakemap,",,,,,ms,earthquake,"M 7.1 - 23 km ENE of Tyup, Kyrgyzstan",Point,"[78.606, 42.839, 33]"
Feature,usp0000tmy,7.6,"134 km SE of Kuril’sk, Russia",259616870700,1651074729988,,https://earthquake.usgs.gov/earthquakes/eventpage/usp0000tmy,https://earthquake.usgs.gov/fdsnws/event/1/query?eventid=usp0000tmy&format=geojson,,,5.614,,reviewed,0,889,us,p0000tmy,",gcmtz032478a,gcmt19780324194750,iscgem685486,usp0000tmy,",",gcmt,gcmt,iscgem,us,",",focal-mechanism,origin,shakemap,",,,,,ms,earthquake,"M 7.6 - 134 km SE of Kuril’sk, Russia",Point,"[148.862, 44.244, 33]"
Feature,usp0000tjh,7.5,"55 km SE of Kuril’sk, Russia",259470920300,1651074677730,,https://earthquake.usgs.gov/earthquakes/eventpage/usp0000tjh,https://earthquake.usgs.gov/fdsnws/event/1/query?eventid=usp0000tjh&format=geojson,,,6.711,,reviewed,0,865,us,p0000tjh,",gcmtc032378c,gcmt19780323031520,iscgem685339,usp0000tjh,atlas19780323031520,",",gcmt,gcmt,iscgem,us,atlas,",",focal-mechanism,origin,shakemap,trump-shakemap,",,,,,ms,earthquake,"M 7.5 - 55 km SE of Kuril’sk, Russia",Point,"[148.439, 44.932, 33]"
Feature,usp0000swb,7.2,"Kermadec Islands, New Zealand",255908112700,1651074913036,,https://earthquake.usgs.gov/earthquakes/eventpage/usp0000swb,https://earthquake.usgs.gov/fdsnws/event/1/query?eventid=usp0000swb&format=geojson,,,,,reviewed,0,798,us,p0000swb,",gcmtz020978a,gcmt19780209213512,iscgem686267,usp0000swb,",",gcmt,gcmt,iscgem,us,",",focal-mechanism,origin,",,,,,ms,earthquake,"M 7.2 - Kermadec Islands, New Zealand",Point,"[-177.358, -30.683, 33]"
Feature,usp0000rp1,7.4,"San Juan, Argentina",249125184700,1651075561924,,https://earthquake.usgs.gov/earthquakes/eventpage/usp0000rp1,https://earthquake.usgs.gov/fdsnws/event/1/query?eventid=usp0000rp1&format=geojson,,,9.453,,reviewed,0,842,us,p0000rp1,",gcmtz112377a,gcmt19771123092624,atlas19771123092626,iscgem690743,usp0000rp1,",",gcmt,gcmt,atlas,iscgem,us,",",focal-mechanism,origin,shakemap,trump-shakemap,",,,,,ms,earthquake,"M 7.4 - San Juan, Argentina",Point,"[-67.767, -31.028, 13]"
Feature,usp0000qzg,7.2,south of Tonga,245332433600,1651075817505,,https://earthquake.usgs.gov/earthquakes/eventpage/usp0000qzg,https://earthquake.usgs.gov/fdsnws/event/1/query?eventid=usp0000qzg&format=geojson,,,,,reviewed,0,798,us,p0000qzg,",gcmtc101077a,gcmt19771010115353,iscgem691647,usp0000qzg,",",gcmt,gcmt,iscgem,us,",",focal-mechanism,origin,",,,,,ms,earthquake,M 7.2 - south of Tonga,Point,"[-175.406, -25.856, 33]"
Feature,usp0000qbd,7.1,east of the South Sandwich Islands,241473001400,1651076219691,,https://earthquake.usgs.gov/earthquakes/eventpage/usp0000qbd,https://earthquake.usgs.gov/fdsnws/event/1/query?eventid=usp0000qbd&format=geojson,,,,,reviewed,0,776,us,p0000qbd,",gcmtc082677a,gcmt19770826195001,iscgem695123,usp0000qbd,",",gcmt,gcmt,iscgem,us,",",focal-mechanism,origin,",,,,,ms,earthquake,M 7.1 - east of the South Sandwich Islands,Point,"[-20.508, -59.426, 33]"
Feature,iscgem694739,8.31,"265 km SW of Waingapu, Indonesia",240818935510,1651076099051,,https://earthquake.usgs.gov/earthquakes/eventpage/iscgem694739,https://earthquake.usgs.gov/fdsnws/event/1/query?eventid=iscgem694739&format=geojson,,,5.376,,reviewed,0,1062,iscgem,694739,",gcmt19770819060855,usp0000q62,iscgem694739,atlas19770819060855,",",gcmt,us,iscgem,atlas,",",origin,shakemap,trump-origin,trump-shakemap,",,,,,mw,earthquake,"M 8.3 - 265 km SW of Waingapu, Indonesia",Point,"[118.378, -11.164, 25]"
Feature,usp0000px4,7.2,"143 km W of Gizo, Solomon Islands",239022945300,1651076438574,,https://earthquake.usgs.gov/earthquakes/eventpage/usp0000px4,https://earthquake.usgs.gov/fdsnws/event/1/query?eventid=usp0000px4&format=geojson,,,5.323,,reviewed,0,798,us,p0000px4,",gcmtc072977a,gcmt19770729111545,atlas19770729111542,iscgem696545,usp0000px4,",",gcmt,gcmt,atlas,iscgem,us,",",focal-mechanism,origin,shakemap,trump-shakemap,",,,,,ms,earthquake,"M 7.2 - 143 km W of Gizo, Solomon Islands",Point,"[155.538, -8.031, 33]"
Feature,usp0000nh4,7.5,"103 km SE of Honiara, Solomon Islands",230444649600,1651077014307,,https://earthquake.usgs.gov/earthquakes/eventpage/usp0000nh4,https://earthquake.usgs.gov/fdsnws/event/1/query?eventid=usp0000nh4&format=geojson,,,6.654,,reviewed,0,865,us,p0000nh4,",gcmtc042177a,usp0000nh4,gcmt19770421042409,atlas19770421042412,iscgem700084,",",gcmt,us,gcmt,atlas,iscgem,",",focal-mechanism,ground-failure,origin,shakemap,trump-shakemap,",,,,,ms,earthquake,"M 7.5 - 103 km SE of Honiara, Solomon Islands",Point,"[160.731, -9.965, 33]"
Feature,usp0000ngh,7.5,"105 km ESE of Honiara, Solomon Islands",230428153100,1651076995212,,https://earthquake.usgs.gov/earthquakes/eventpage/usp0000ngh,https://earthquake.usgs.gov/fdsnws/event/1/query?eventid=usp0000ngh&format=geojson,,,6.751,,reviewed,0,865,us,p0000ngh,",gcmtm042077e,gcmt19770420234913,atlas19770420234912,iscgem700054,usp0000ngh,",",gcmt,gcmt,atlas,iscgem,us,",",focal-mechanism,origin,shakemap,trump-shakemap,",,,,,ms,earthquake,"M 7.5 - 105 km ESE of Honiara, Solomon Islands",Point,"[160.822, -9.844, 33]"
Feature,usp0000ngg,7.5,"66 km SE of Honiara, Solomon Islands",230427770500,1651076988927,,https://earthquake.usgs.gov/earthquakes/eventpage/usp0000ngg,https://earthquake.usgs.gov/fdsnws/event/1/query?eventid=usp0000ngg&format=geojson,,,6.908,,reviewed,0,865,us,p0000ngg,",gcmtm042077d,gcmt19770420234250,atlas19770420234254,iscgem700053,usp0000ngg,",",gcmt,gcmt,atlas,iscgem,us,",",focal-mechanism,origin,shakemap,trump-shakemap,",,,,,ms,earthquake,"M 7.5 - 66 km SE of Honiara, Solomon Islands",Point,"[160.348, -9.89, 19]"
Feature,usp0000n82,7.6,"199 km ESE of Hihifo, Tonga",228813322700,1651076886416,,https://earthquake.usgs.gov/earthquakes/eventpage/usp0000n82,https://earthquake.usgs.gov/fdsnws/event/1/query?eventid=usp0000n82&format=geojson,,,3.983,,reviewed,0,889,us,p0000n82,",gcmtc040277a,gcmt19770402071522,iscgem699272,usp0000n82,",",gcmt,gcmt,iscgem,us,",",focal-mechanism,origin,shakemap,",,,,,ms,earthquake,"M 7.6 - 199 km ESE of Hihifo, Tonga",Point,"[-172.095, -16.696, 33]"
Feature,usp0000myv,7.0,"34 km E of Dicamay, Philippines",227569432400,1651077216627,,https://earthquake.usgs.gov/earthquakes/eventpage/usp0000myv,https://earthquake.usgs.gov/fdsnws/event/1/query?eventid=usp0000myv&format=geojson,,,6.333,,reviewed,0,754,us,p0000myv,",gcmtc031877a,gcmt19770318214352,atlas19770318214354,iscgem701252,usp0000myv,",",gcmt,gcmt,atlas,iscgem,us,",",focal-mechanism,origin,shakemap,trump-shakemap,",,,,,ms,earthquake,"M 7.0 - 34 km E of Dicamay, Philippines",Point,"[122.327, 16.773, 37]"
Feature,usp0000mtc,7.5,"2 km N of Spulber, Romania",226351314100,1651077111257,,https://earthquake.usgs.gov/earthquakes/eventpage/usp0000mtc,https://earthquake.usgs.gov/fdsnws/event/1/query?eventid=usp0000mtc&format=geojson,,,7.955,,reviewed,0,865,us,p0000mtc,",gcmtc030477a,gcmt19770304192154,atlas19770304192154,iscgem700695,usp0000mtc,",",gcmt,gcmt,atlas,iscgem,us,",",focal-mechanism,origin,shakemap,trump-shakemap,",,,,,mwc,earthquake,"M 7.5 - 2 km N of Spulber, Romania",Point,"[26.761, 45.772, 94]"
Feature,usp0000kf0,7.3,"47 km S of Do?ubayaz?t, Turkey",217686138800,1651078050211,,https://earthquake.usgs.gov/earthquakes/eventpage/usp0000kf0,https://earthquake.usgs.gov/fdsnws/event/1/query?eventid=usp0000kf0&format=geojson,,,8.544,,reviewed,0,820,us,p0000kf0,",gcmtc112476a,gcmt19761124122218,atlas19761124122218,iscgem706299,usp0000kf0,",",gcmt,gcmt,atlas,iscgem,us,",",focal-mechanism,origin,shakemap,trump-shakemap,",,,,,ms,earthquake,"M 7.3 - 47 km S of Do?ubayaz?t, Turkey",Point,"[44.029, 39.121, 36]"
Feature,usp0000k3d,7.1,"226 km SSW of Abepura, Indonesia",215405467600,1651078291288,,https://earthquake.usgs.gov/earthquakes/eventpage/usp0000k3d,https://earthquake.usgs.gov/fdsnws/event/1/query?eventid=usp0000k3d&format=geojson,,,6.658,,reviewed,0,776,us,p0000k3d,",gcmtc102976a,gcmt19761029025107,atlas19761029025106,iscgem707709,usp0000k3d,",",gcmt,gcmt,atlas,iscgem,us,",",focal-mechanism,origin,shakemap,trump-shakemap,",,,,,ms,earthquake,"M 7.1 - 226 km SSW of Abepura, Indonesia",Point,"[139.918, -4.517, 33]"
Feature,usp0000hvb,7.9,"19 km WNW of Palimbang, Philippines",209059867300,1651078509602,,https://earthquake.usgs.gov/earthquakes/eventpage/usp0000hvb,https://earthquake.usgs.gov/fdsnws/event/1/query?eventid=usp0000hvb&format=geojson,,,7.094,,reviewed,0,960,us,p0000hvb,",gcmtm081676b,gcmt19760816161107,atlas19760816161107,iscgem709878,usp0000hvb,",",gcmt,gcmt,atlas,iscgem,us,",",focal-mechanism,origin,shakemap,trump-shakemap,",,,,,ms,earthquake,"M 7.9 - 19 km WNW of Palimbang, Philippines",Point,"[124.023, 6.262, 33]"
Feature,usp0000hk6,7.4,"6 km SW of Linxi, China",207398735200,1651078755708,,https://earthquake.usgs.gov/earthquakes/eventpage/usp0000hk6,https://earthquake.usgs.gov/fdsnws/event/1/query?eventid=usp0000hk6&format=geojson,,,7.458,,reviewed,0,842,us,p0000hk6,",gcmtc072876a,gcmt19760728104535,atlas19760728104535,iscgem711773,usp0000hk6,",",gcmt,gcmt,atlas,iscgem,us,",",focal-mechanism,origin,shakemap,trump-shakemap,",,,,,ms,earthquake,"M 7.4 - 6 km SW of Linxi, China",Point,"[118.401, 39.664, 26]"
Feature,usp0000hjg,7.5,"17 km NE of Penguanzhuang, China",207344574600,1651078722090,,https://earthquake.usgs.gov/earthquakes/eventpage/usp0000hjg,https://earthquake.usgs.gov/fdsnws/event/1/query?eventid=usp0000hjg&format=geojson,,,9.657,,reviewed,0,865,us,p0000hjg,",gcmtm072776a,usp0000hjg,gcmt19760727194254,atlas19760727194254,iscgem711732,",",gcmt,us,gcmt,atlas,iscgem,",",focal-mechanism,impact-text,origin,shakemap,trump-shakemap,",,,,,mw,earthquake,"M 7.5 - 17 km NE of Penguanzhuang, China",Point,"[117.978, 39.57, 23]"
Feature,usp0000h9g,7.0,"12 km SSE of Jaqué, Panama",205965707500,1651078625924,,https://earthquake.usgs.gov/earthquakes/eventpage/usp0000h9g,https://earthquake.usgs.gov/fdsnws/event/1/query?eventid=usp0000h9g&format=geojson,,,7.928,,reviewed,0,754,us,p0000h9g,",gcmtc071176b,usp0000h9g,gcmt19760711204147,atlas19760711204151,iscgem711035,",",gcmt,us,gcmt,atlas,iscgem,",",focal-mechanism,ground-failure,origin,shakemap,trump-shakemap,",,,,,ms,earthquake,"M 7.0 - 12 km SSE of Jaqué, Panama",Point,"[-78.127, 7.409, 3]"
Feature,usp0000h1p,7.1,"214 km NW of Kiunga, Papua New Guinea",204578336900,1651079034184,,https://earthquake.usgs.gov/earthquakes/eventpage/usp0000h1p,https://earthquake.usgs.gov/fdsnws/event/1/query?eventid=usp0000h1p&format=geojson,,,6.562,,reviewed,0,776,us,p0000h1p,",gcmtc062576a,usp0000h1p,gcmt19760625191856,atlas19760625191854,iscgem713087,",",gcmt,us,gcmt,atlas,iscgem,",",focal-mechanism,ground-failure,origin,shakemap,trump-shakemap,",,,,,ms,earthquake,"M 7.1 - 214 km NW of Kiunga, Papua New Guinea",Point,"[140.091, -4.603, 33]"
Feature,usp0000gzb,7.0,"85 km SSE of Meulaboh, Indonesia",204151993400,1651078971303,,https://earthquake.usgs.gov/earthquakes/eventpage/usp0000gzb,https://earthquake.usgs.gov/fdsnws/event/1/query?eventid=usp0000gzb&format=geojson,,,5.981,,reviewed,0,754,us,p0000gzb,",gcmtc062076a,gcmt19760620205313,atlas19760620205312,iscgem712883,usp0000gzb,",",gcmt,gcmt,atlas,iscgem,us,",",focal-mechanism,origin,shakemap,trump-shakemap,",,,,,ms,earthquake,"M 7.0 - 85 km SSE of Meulaboh, Indonesia",Point,"[96.318, 3.397, 33]"
Feature,usp0000gm8,7.0,"152 km ENE of Bhamo, Myanmar",202226418500,1651079369745,,https://earthquake.usgs.gov/earthquakes/eventpage/usp0000gm8,https://earthquake.usgs.gov/fdsnws/event/1/query?eventid=usp0000gm8&format=geojson,,,7.474,,reviewed,0,754,us,p0000gm8,",gcmtb052976b,gcmt19760529140018,atlas19760529140021,iscgem714811,usp0000gm8,",",gcmt,gcmt,atlas,iscgem,us,",",focal-mechanism,origin,shakemap,trump-shakemap,",,,,,ms,earthquake,"M 7.0 - 152 km ENE of Bhamo, Myanmar",Point,"[98.71, 24.531, 10]"
Feature,usp0000gcj,7.0,"27 km N of Gazli, Uzbekistan",201149920600,1651079251126,,https://earthquake.usgs.gov/earthquakes/eventpage/usp0000gcj,https://earthquake.usgs.gov/fdsnws/event/1/query?eventid=usp0000gcj&format=geojson,,,8.608,,reviewed,0,754,us,p0000gcj,",gcmtc051776a,atlas19760517025843,iscgem714188,usp0000gcj,atlas19760517025840,",",gcmt,atlas,iscgem,us,atlas,",",focal-mechanism,origin,shakemap,trump-shakemap,",,,,,ms,earthquake,"M 7.0 - 27 km N of Gazli, Uzbekistan",Point,"[63.472, 40.381, 10]"
Feature,usp0000ft0,7.0,"33 km NE of Gazli, Uzbekistan",197779227000,1651079458540,,https://earthquake.usgs.gov/earthquakes/eventpage/usp0000ft0,https://earthquake.usgs.gov/fdsnws/event/1/query?eventid=usp0000ft0&format=geojson,,,7.03,,reviewed,0,754,us,p0000ft0,",gcmtc040876a,gcmt19760408024027,atlas19760408024025,iscgem715207,usp0000ft0,",",gcmt,gcmt,atlas,iscgem,us,",",focal-mechanism,origin,shakemap,trump-shakemap,",,,,,ms,earthquake,"M 7.0 - 33 km NE of Gazli, Uzbekistan",Point,"[63.773, 40.311, 33]"
Feature,usp0000ex3,7.5,"7 km N of Los Amates, Guatemala",192272503400,1651079728672,,https://earthquake.usgs.gov/earthquakes/eventpage/usp0000ex3,https://earthquake.usgs.gov/fdsnws/event/1/query?eventid=usp0000ex3&format=geojson,,,8.919,,reviewed,0,865,us,p0000ex3,",gcmtm020476a,usp0000ex3,gcmt19760204090143,atlas19760204090143,iscgem717474,",",gcmt,us,gcmt,atlas,iscgem,",",focal-mechanism,ground-failure,impact-text,origin,shakemap,trump-shakemap,",,,,,mw,earthquake,"M 7.5 - 7 km N of Los Amates, Guatemala",Point,"[-89.101, 15.324, 5]"
Feature,usp0000ekj,7.0,"104 km ESE of Kuril’sk, Russia",191066724100,1651080110773,,https://earthquake.usgs.gov/earthquakes/eventpage/usp0000ekj,https://earthquake.usgs.gov/fdsnws/event/1/query?eventid=usp0000ekj&format=geojson,,,5.837,,reviewed,0,754,us,p0000ekj,",gcmtm012176a,gcmt19760121100524,iscgem719387,usp0000ekj,",",gcmt,gcmt,iscgem,us,",",focal-mechanism,origin,shakemap,",,,,,ms,earthquake,"M 7.0 - 104 km ESE of Kuril’sk, Russia",Point,"[149.123, 44.915, 41]"
Feature,usp0000ee7,8.0,Kermadec Islands region,190486053500,1651080070487,,https://earthquake.usgs.gov/earthquakes/eventpage/usp0000ee7,https://earthquake.usgs.gov/fdsnws/event/1/query?eventid=usp0000ee7&format=geojson,,,7.114,,reviewed,0,985,us,p0000ee7,",gcmtm011476b,gcmt19760114164733,iscgem719012,usp0000ee7,",",gcmt,gcmt,iscgem,us,",",focal-mechanism,origin,shakemap,",,,,,ms,earthquake,M 8.0 - Kermadec Islands region,Point,"[-177.657, -28.427, 33]"
Feature,usp0000e2t,7.8,"146 km ESE of Hihifo, Tonga",188841398700,1651080356402,,https://earthquake.usgs.gov/earthquakes/eventpage/usp0000e2t,https://earthquake.usgs.gov/fdsnws/event/1/query?eventid=usp0000e2t&format=geojson,,,4.251,,reviewed,0,936,us,p0000e2t,",iscgem720855,usp0000e2t,",",iscgem,us,",",origin,shakemap,",,,,,ms,earthquake,"M 7.8 - 146 km ESE of Hihifo, Tonga",Point,"[-172.467, -16.264, 33]"
Feature,hv19755025,7.7,"17 km SSW of Leilani Estates, Hawaii",186504460100,1651080544164,,https://earthquake.usgs.gov/earthquakes/eventpage/hv19755025,https://earthquake.usgs.gov/fdsnws/event/1/query?eventid=hv19755025&format=geojson,,,8.462,,reviewed,0,912,hv,19755025,",iscgem722344,usp0000dsc,ushis3383,official19751129144740_9,atlas19751129144740,hv19755025,",",iscgem,us,ushis,official,atlas,hv,",",general-header,impact-text,origin,phase-data,shakemap,trump-origin,trump-shakemap,",31.0,,0.09,205.0,mw,earthquake,"M 7.7 - 17 km SSW of Leilani Estates, Hawaii",Point,"[-155.0015, 19.333, 8.636]"
Feature,usp0000dc1,7.2,"66 km ENE of Alugan, Philippines",183976082600,1651080701196,,https://earthquake.usgs.gov/earthquakes/eventpage/usp0000dc1,https://earthquake.usgs.gov/fdsnws/event/1/query?eventid=usp0000dc1&format=geojson,,,5.547,,reviewed,0,798,us,p0000dc1,",atlas19751031082804,iscgem723470,usp0000dc1,",",atlas,iscgem,us,",",origin,shakemap,trump-shakemap,",,,,,ms,earthquake,"M 7.2 - 66 km ENE of Alugan, Philippines",Point,"[125.993, 12.54, 50]"
Feature,usp0000d42,7.8,south of Tonga,182270115000,1651080612257,,https://earthquake.usgs.gov/earthquakes/eventpage/usp0000d42,https://earthquake.usgs.gov/fdsnws/event/1/query?eventid=usp0000d42&format=geojson,,,,,reviewed,0,936,us,p0000d42,",iscgem722791,usp0000d42,",",iscgem,us,",",origin,",,,,,ms,earthquake,M 7.8 - south of Tonga,Point,"[-175.119, -24.894, 9]"
Feature,usp0000d2p,7.0,"188 km NW of Sola, Vanuatu",181866256200,1651080578123,,https://earthquake.usgs.gov/earthquakes/eventpage/usp0000d2p,https://earthquake.usgs.gov/fdsnws/event/1/query?eventid=usp0000d2p&format=geojson,,,6.044,,reviewed,0,754,us,p0000d2p,",iscgem722610,usp0000d2p,",",iscgem,us,",",origin,shakemap,",,,,,ms,earthquake,"M 7.0 - 188 km NW of Sola, Vanuatu",Point,"[166.499, -12.519, 54]"
Feature,usp0000d0m,7.0,"119 km S of Bengkulu, Indonesia",181366198900,1651080552222,,https://earthquake.usgs.gov/earthquakes/eventpage/usp0000d0m,https://earthquake.usgs.gov/fdsnws/event/1/query?eventid=usp0000d0m&format=geojson,,,6.005,,reviewed,0,754,us,p0000d0m,",atlas19751001033001,iscgem722406,usp0000d0m,",",atlas,iscgem,us,",",origin,shakemap,trump-shakemap,",,,,,ms,earthquake,"M 7.0 - 119 km S of Bengkulu, Indonesia",Point,"[102.198, -4.882, 33]"
Feature,usp0000c2s,7.7,"94 km SSW of Panguna, Papua New Guinea",175118067700,1651081100414,,https://earthquake.usgs.gov/earthquakes/eventpage/usp0000c2s,https://earthquake.usgs.gov/fdsnws/event/1/query?eventid=usp0000c2s&format=geojson,,,6.693,,reviewed,0,912,us,p0000c2s,",atlas19750720195429,iscgem726380,usp0000c2s,",",atlas,iscgem,us,",",origin,shakemap,trump-shakemap,",,,,,ms,earthquake,"M 7.7 - 94 km SSW of Panguna, Papua New Guinea",Point,"[155.152, -7.104, 44]"
Feature,usp0000c24,7.9,"56 km WSW of Panguna, Papua New Guinea",175099059900,1651081097187,,https://earthquake.usgs.gov/earthquakes/eventpage/usp0000c24,https://earthquake.usgs.gov/fdsnws/event/1/query?eventid=usp0000c24&format=geojson,,,6.75,,reviewed,0,960,us,p0000c24,",iscgem726351,usp0000c24,atlas19750720143742,",",iscgem,us,atlas,",",origin,shakemap,trump-shakemap,",,,,,ms,earthquake,"M 7.9 - 56 km WSW of Panguna, Papua New Guinea",Point,"[155.054, -6.59, 49]"
Feature,usp0000bdp,7.0,"118 km SE of Shikotan, Russia",171640034500,1651081288778,,https://earthquake.usgs.gov/earthquakes/eventpage/usp0000bdp,https://earthquake.usgs.gov/fdsnws/event/1/query?eventid=usp0000bdp&format=geojson,,,4.759,,reviewed,0,754,us,p0000bdp,",atlas19750610134719,iscgem727306,usp0000bdp,",",atlas,iscgem,us,",",origin,shakemap,",,,,,ms,earthquake,"M 7.0 - 118 km SE of Shikotan, Russia",Point,"[147.734, 43.024, 15]"
Feature,usp0000b6e,7.9,Azores-Cape St. Vincent Ridge,170327511500,1651081535297,,https://earthquake.usgs.gov/earthquakes/eventpage/usp0000b6e,https://earthquake.usgs.gov/fdsnws/event/1/query?eventid=usp0000b6e&format=geojson,,,4.367,,reviewed,0,960,us,p0000b6e,",iscgem729431,usp0000b6e,",",iscgem,us,",",origin,shakemap,",,,,,ms,earthquake,M 7.9 - Azores-Cape St. Vincent Ridge,Point,"[-17.649, 35.997, 33]"
Feature,usp0000az9,7.7,"44 km SSE of Cañete, Chile",168964058700,1651081460464,,https://earthquake.usgs.gov/earthquakes/eventpage/usp0000az9,https://earthquake.usgs.gov/fdsnws/event/1/query?eventid=usp0000az9&format=geojson,,,7.355,,reviewed,0,912,us,p0000az9,",atlas19750510142743,iscgem728800,usp0000az9,",",atlas,iscgem,us,",",origin,shakemap,trump-shakemap,",,,,,ms,earthquake,"M 7.7 - 44 km SSE of Cañete, Chile",Point,"[-73.232, -38.183, 6]"
Feature,usp00009ss,7.0,"6 km E of Dashiqiao, China",160745767500,1651081950255,,https://earthquake.usgs.gov/earthquakes/eventpage/usp00009ss,https://earthquake.usgs.gov/fdsnws/event/1/query?eventid=usp00009ss&format=geojson,,,9.573,,reviewed,0,754,us,p00009ss,",usp00009ss,atlas19750204113607,iscgem731961,",",us,atlas,iscgem,",",impact-text,origin,shakemap,trump-shakemap,",,,,,mw,earthquake,"M 7.0 - 6 km E of Dashiqiao, China",Point,"[122.58, 40.641, 33]"
Feature,usp00009ry,7.6,"36 km NE of Attu Station, Alaska",160562619100,1651081936370,,https://earthquake.usgs.gov/earthquakes/eventpage/usp00009ry,https://earthquake.usgs.gov/fdsnws/event/1/query?eventid=usp00009ry&format=geojson,,,6.319,,reviewed,0,889,us,p00009ry,",ushis3327,iscgem731901,usp00009ry,atlas19750202084341,",",ushis,iscgem,us,atlas,",",impact-text,origin,shakemap,",,,,,ms,earthquake,"M 7.6 - 36 km NE of Attu Station, Alaska",Point,"[173.497, 53.113, 10]"
Feature,usp00008qy,7.2,"87 km SW of Callao, Peru",153233989800,1651082482924,,https://earthquake.usgs.gov/earthquakes/eventpage/usp00008qy,https://earthquake.usgs.gov/fdsnws/event/1/query?eventid=usp00008qy&format=geojson,,,5.721,,reviewed,0,798,us,p00008qy,",atlas19741109125951,iscgem735243,usp00008qy,atlas19741109125952,",",atlas,iscgem,us,atlas,",",origin,shakemap,trump-shakemap,",,,,,ms,earthquake,"M 7.2 - 87 km SW of Callao, Peru",Point,"[-77.786, -12.5, 6]"
Feature,usp00008hm,7.2,"282 km SW of Panguna, Papua New Guinea",151740894000,1651082761669,,https://earthquake.usgs.gov/earthquakes/eventpage/usp00008hm,https://earthquake.usgs.gov/fdsnws/event/1/query?eventid=usp00008hm&format=geojson,,,5.169,,reviewed,0,798,us,p00008hm,",iscgem736783,usp00008hm,",",iscgem,us,",",origin,shakemap,",,,,,ms,earthquake,"M 7.2 - 282 km SW of Panguna, Papua New Guinea",Point,"[154.034, -8.42, 48]"
Feature,usp00008aq,7.5,"25 km NW of Saint John’s, Antigua and Barbuda",150457858100,1651082632488,,https://earthquake.usgs.gov/earthquakes/eventpage/usp00008aq,https://earthquake.usgs.gov/fdsnws/event/1/query?eventid=usp00008aq&format=geojson,,,6.7,,reviewed,0,865,us,p00008aq,",usp00008aq,atlas19741008095057,iscgem736214,",",us,atlas,iscgem,",",impact-text,origin,shakemap,",,,,,ms,earthquake,"M 7.5 - 25 km NW of Saint John’s, Antigua and Barbuda",Point,"[-62, 17.3, 47]"
Feature,usp0000888,7.6,"77 km WSW of Callao, Peru",150042089100,1651082612760,,https://earthquake.usgs.gov/earthquakes/eventpage/usp0000888,https://earthquake.usgs.gov/fdsnws/event/1/query?eventid=usp0000888&format=geojson,,,7.216,,reviewed,0,889,us,p0000888,",usp0000888,atlas19741003142134,iscgem736021,",",us,atlas,iscgem,",",impact-text,origin,shakemap,trump-shakemap,",,,,,ms,earthquake,"M 7.6 - 77 km WSW of Callao, Peru",Point,"[-77.795, -12.265, 13]"
Feature,usp00007nz,7.1,"37 km NW of Carahue, Chile",146054652800,1651083157829,,https://earthquake.usgs.gov/earthquakes/eventpage/usp00007nz,https://earthquake.usgs.gov/fdsnws/event/1/query?eventid=usp00007nz&format=geojson,,,6.966,,reviewed,0,776,us,p00007nz,",atlas19740818104410,iscgem738898,usp00007nz,",",atlas,iscgem,us,",",origin,shakemap,trump-shakemap,",,,,,ms,earthquake,"M 7.1 - 37 km NW of Carahue, Chile",Point,"[-73.431, -38.453, 36]"
Feature,usp00007j0,7.3,"134 km E of Kyzyl-Eshme, Kyrgyzstan",145415635500,1651074349674,,https://earthquake.usgs.gov/earthquakes/eventpage/usp00007j0,https://earthquake.usgs.gov/fdsnws/event/1/query?eventid=usp00007j0&format=geojson,,,6.761,,reviewed,0,820,us,p00007j0,",atlas19740811011356,iscgem738538,usp00007j0,",",atlas,iscgem,us,",",origin,shakemap,trump-shakemap,",,,,,ms,earthquake,"M 7.3 - 134 km E of Kyzyl-Eshme, Kyrgyzstan",Point,"[73.83, 39.457, 9]"
Feature,usp000072y,7.3,"33 km SSW of Boca de Cupé, Panama",142910302800,1651083322050,,https://earthquake.usgs.gov/earthquakes/eventpage/usp000072y,https://earthquake.usgs.gov/fdsnws/event/1/query?eventid=usp000072y&format=geojson,,,8.315,,reviewed,0,820,us,p000072y,",atlas19740713011822,iscgem745803,usp000072y,atlas19740713011823,",",atlas,iscgem,us,atlas,",",origin,shakemap,trump-shakemap,",,,,,ms,earthquake,"M 7.3 - 33 km SSW of Boca de Cupé, Panama",Point,"[-77.688, 7.747, 12]"
Feature,usp00006zm,7.2,Kermadec Islands region,142039586600,1651083266163,,https://earthquake.usgs.gov/earthquakes/eventpage/usp00006zm,https://earthquake.usgs.gov/fdsnws/event/1/query?eventid=usp00006zm&format=geojson,,,,,reviewed,0,798,us,p00006zm,",iscgem745460,usp00006zm,",",iscgem,us,",",origin,",,,,,ms,earthquake,M 7.2 - Kermadec Islands region,Point,"[-175.954, -29.082, 33]"
Feature,usp000053r,7.1,"118 km S of Panguna, Papua New Guinea",128920353100,1651084068912,,https://earthquake.usgs.gov/earthquakes/eventpage/usp000053r,https://earthquake.usgs.gov/fdsnws/event/1/query?eventid=usp000053r&format=geojson,,,6.201,,reviewed,0,776,us,p000053r,",atlas19740201031235,iscgem751080,usp000053r,",",atlas,iscgem,us,",",origin,shakemap,trump-shakemap,",,,,,ms,earthquake,"M 7.1 - 118 km S of Panguna, Papua New Guinea",Point,"[155.575, -7.383, 40]"
Feature,usp000053h,7.0,"126 km NW of Gizo, Solomon Islands",128907005300,1651084354437,,https://earthquake.usgs.gov/earthquakes/eventpage/usp000053h,https://earthquake.usgs.gov/fdsnws/event/1/query?eventid=usp000053h&format=geojson,,,5.876,,reviewed,0,754,us,p000053h,",atlas19740131233007,iscgem753186,usp000053h,",",atlas,iscgem,us,",",origin,shakemap,trump-shakemap,",,,,,ms,earthquake,"M 7.0 - 126 km NW of Gizo, Solomon Islands",Point,"[155.894, -7.461, 34]"
Feature,usp00004vu,7.2,"70 km NNW of Port-Olry, Vanuatu",127039873300,1651084279283,,https://earthquake.usgs.gov/earthquakes/eventpage/usp00004vu,https://earthquake.usgs.gov/fdsnws/event/1/query?eventid=usp00004vu&format=geojson,,,6.209,,reviewed,0,798,us,p00004vu,",atlas19740110085117,iscgem752492,usp00004vu,",",atlas,iscgem,us,",",origin,shakemap,trump-shakemap,",,,,,ms,earthquake,"M 7.2 - 70 km NNW of Port-Olry, Vanuatu",Point,"[166.863, -14.434, 34]"
Feature,usp00004py,7.2,"20 km WSW of Port-Olry, Vanuatu",125972371100,1651084455394,,https://earthquake.usgs.gov/earthquakes/eventpage/usp00004py,https://earthquake.usgs.gov/fdsnws/event/1/query?eventid=usp00004py&format=geojson,,,6.742,,reviewed,0,798,us,p00004py,",atlas19731229001933,iscgem753927,usp00004py,",",atlas,iscgem,us,",",origin,shakemap,trump-shakemap,",,,,,ms,earthquake,"M 7.2 - 20 km WSW of Port-Olry, Vanuatu",Point,"[166.896, -15.117, 47]"
Feature,usp00004p9,7.5,"81 km NW of Port-Olry, Vanuatu",125934105800,1651084448158,,https://earthquake.usgs.gov/earthquakes/eventpage/usp00004p9,https://earthquake.usgs.gov/fdsnws/event/1/query?eventid=usp00004p9&format=geojson,,,6.747,,reviewed,0,865,us,p00004p9,",atlas19731228134147,iscgem753899,usp00004p9,",",atlas,iscgem,us,",",origin,shakemap,trump-shakemap,",,,,,ms,earthquake,"M 7.5 - 81 km NW of Port-Olry, Vanuatu",Point,"[166.601, -14.464, 26]"
Feature,usp00003qs,7.0,east of the South Sandwich Islands,118768057300,1651084717095,,https://earthquake.usgs.gov/earthquakes/eventpage/usp00003qs,https://earthquake.usgs.gov/fdsnws/event/1/query?eventid=usp00003qs&format=geojson,,,,,reviewed,0,754,us,p00003qs,",iscgem755194,usp00003qs,",",iscgem,us,",",origin,",,,,,ms,earthquake,M 7.0 - east of the South Sandwich Islands,Point,"[-21.549, -60.823, 33]"
Feature,usp00002bv,7.1,"58 km SSW of Shikotan, Russia",109737805500,1651085360760,,https://earthquake.usgs.gov/earthquakes/eventpage/usp00002bv,https://earthquake.usgs.gov/fdsnws/event/1/query?eventid=usp00002bv&format=geojson,,,6.31,,reviewed,0,776,us,p00002bv,",atlas19730624024325,iscgem759790,usp00002bv,",",atlas,iscgem,us,",",origin,shakemap,trump-shakemap,",,,,,ms,earthquake,"M 7.1 - 58 km SSW of Shikotan, Russia",Point,"[146.442, 43.318, 50]"
Feature,usp0000270,7.7,"19 km ESE of Nemuro, Japan",109137302900,1651085320832,,https://earthquake.usgs.gov/earthquakes/eventpage/usp0000270,https://earthquake.usgs.gov/fdsnws/event/1/query?eventid=usp0000270&format=geojson,,,6.92,,reviewed,0,912,us,p0000270,",atlas19730617035503,iscgem759446,usp0000270,",",atlas,iscgem,us,",",origin,shakemap,trump-shakemap,",,,,,ms,earthquake,"M 7.7 - 19 km ESE of Nemuro, Japan",Point,"[145.785, 43.233, 48]"
Feature,usp00000z7,7.0,"13 km ENE of San Andres, Philippines",101205051800,1651085843959,,https://earthquake.usgs.gov/earthquakes/eventpage/usp00000z7,https://earthquake.usgs.gov/fdsnws/event/1/query?eventid=usp00000z7&format=geojson,,,6.052,,reviewed,0,754,us,p00000z7,",atlas19730317083054,iscgem762981,usp00000z7,",",atlas,iscgem,us,",",origin,shakemap,trump-shakemap,",,,,,ms,earthquake,"M 7.0 - 13 km ENE of San Andres, Philippines",Point,"[122.787, 13.372, 33]"
Feature,usp00000rx,7.2,"38 km ESE of Severo-Kuril’sk, Russia",99729469500,1651086124426,,https://earthquake.usgs.gov/earthquakes/eventpage/usp00000rx,https://earthquake.usgs.gov/fdsnws/event/1/query?eventid=usp00000rx&format=geojson,,,6.613,,reviewed,0,798,us,p00000rx,",iscgem764418,usp00000rx,atlas19730228063755,",",iscgem,us,atlas,",",origin,shakemap,trump-shakemap,",,,,,ms,earthquake,"M 7.2 - 38 km ESE of Severo-Kuril’sk, Russia",Point,"[156.584, 50.486, 27]"
Feature,usp00000dz,7.4,"203 km NW of Kangding, China",97843030100,1651085937402,,https://earthquake.usgs.gov/earthquakes/eventpage/usp00000dz,https://earthquake.usgs.gov/fdsnws/event/1/query?eventid=usp00000dz&format=geojson,,,8.616,,reviewed,0,842,us,p00000dz,",atlas19730206103708,iscgem763709,usp00000dz,",",atlas,iscgem,us,",",origin,shakemap,trump-shakemap,",,,,,ms,earthquake,"M 7.4 - 203 km NW of Kangding, China",Point,"[100.581, 31.398, 33]"
Feature,usp00000bf,7.5,"35 km SW of Aguililla, Mexico",97275672500,1651086246626,,https://earthquake.usgs.gov/earthquakes/eventpage/usp00000bf,https://earthquake.usgs.gov/fdsnws/event/1/query?eventid=usp00000bf&format=geojson,,,7.641,,reviewed,0,865,us,p00000bf,",atlas19730130210113,iscgem765442,usp00000bf,",",atlas,iscgem,us,",",origin,shakemap,trump-shakemap,",,,,,ms,earthquake,"M 7.5 - 35 km SW of Aguililla, Mexico",Point,"[-102.996, 18.481, 43]"
Feature,iscgem765618,7.4,"200 km SSE of Tateyama, Japan",92312172680,1651005101378,,https://earthquake.usgs.gov/earthquakes/eventpage/iscgem765618,https://earthquake.usgs.gov/fdsnws/event/1/query?eventid=iscgem765618&format=geojson,,,6.196,,reviewed,0,842,iscgem,765618,",iscgem765618,atlas19721204101613,",",iscgem,atlas,",",origin,shakemap,trump-shakemap,",,,,,mw,earthquake,"M 7.4 - 200 km SSE of Tateyama, Japan",Point,"[140.827, 33.362, 55]"
Feature,iscgem765501,8.0,"51 km E of Pondaguitan, Philippines",92103592560,1651005070009,,https://earthquake.usgs.gov/earthquakes/eventpage/iscgem765501,https://earthquake.usgs.gov/fdsnws/event/1/query?eventid=iscgem765501&format=geojson,,,6.805,,reviewed,0,985,iscgem,765501,",atlas19721202001954,iscgem765501,",",atlas,iscgem,",",origin,shakemap,trump-shakemap,",,,,,mw,earthquake,"M 8.0 - 51 km E of Pondaguitan, Philippines",Point,"[126.64, 6.405, 60]"
Feature,iscgem766936,7.0,"Loyalty Islands, New Caledonia",89582122110,1651005235904,,https://earthquake.usgs.gov/earthquakes/eventpage/iscgem766936,https://earthquake.usgs.gov/fdsnws/event/1/query?eventid=iscgem766936&format=geojson,,,5.39,,reviewed,0,754,iscgem,766936,",atlas19721102195524,iscgem766936,",",atlas,iscgem,",",origin,shakemap,trump-shakemap,",,,,,mw,earthquake,"M 7.0 - Loyalty Islands, New Caledonia",Point,"[168.949, -20.122, 20]"
Feature,iscgem770672,7.5,"202 km SSE of Kokopo, Papua New Guinea",82943049360,1651005925140,,https://earthquake.usgs.gov/earthquakes/eventpage/iscgem770672,https://earthquake.usgs.gov/fdsnws/event/1/query?eventid=iscgem770672&format=geojson,,,5.032,,reviewed,0,865,iscgem,770672,",iscgem770672,",",iscgem,",",origin,shakemap,",,,,,mw,earthquake,"M 7.5 - 202 km SSE of Kokopo, Papua New Guinea",Point,"[152.932, -6.05, 20]"
Feature,iscgem772060,7.6,Southeastern Alaska,81380717520,1651006060224,,https://earthquake.usgs.gov/earthquakes/eventpage/iscgem772060,https://earthquake.usgs.gov/fdsnws/event/1/query?eventid=iscgem772060&format=geojson,,,6.952,,reviewed,0,889,iscgem,772060,",iscgem772060,ushis3196,atlas19720730214513,",",iscgem,ushis,atlas,",",impact-text,origin,shakemap,trump-shakemap,",,,,,mw,earthquake,M 7.6 - Southeastern Alaska,Point,"[-135.853, 56.724, 25]"
Feature,iscgem772416,7.72,"228 km SW of Sarangani, Philippines",77128864650,1651006109750,,https://earthquake.usgs.gov/earthquakes/eventpage/iscgem772416,https://earthquake.usgs.gov/fdsnws/event/1/query?eventid=iscgem772416&format=geojson,,,4.672,,reviewed,0,917,iscgem,772416,",iscgem772416,",",iscgem,",",origin,shakemap,",,,,,mw,earthquake,"M 7.7 - 228 km SW of Sarangani, Philippines",Point,"[124.221, 3.752, 330.8]"
Feature,iscgem773729,7.06,"151 km NW of Neiafu, Tonga",75415557760,1651006285213,,https://earthquake.usgs.gov/earthquakes/eventpage/iscgem773729,https://earthquake.usgs.gov/fdsnws/event/1/query?eventid=iscgem773729&format=geojson,,,,,reviewed,0,767,iscgem,773729,",atlas19720522204557,iscgem773729,",",atlas,iscgem,",",origin,",,,,,mw,earthquake,"M 7.1 - 151 km NW of Neiafu, Tonga",Point,"[-175.066, -17.76, 222.1]"
Feature,iscgem774887,7.2,"192 km NW of Panguna, Papua New Guinea",73351931450,1651006411918,,https://earthquake.usgs.gov/earthquakes/eventpage/iscgem774887,https://earthquake.usgs.gov/fdsnws/event/1/query?eventid=iscgem774887&format=geojson,,,3.998,,reviewed,0,798,iscgem,774887,",atlas19720428233211,iscgem774887,",",atlas,iscgem,",",origin,shakemap,",,,,,mw,earthquake,"M 7.2 - 192 km NW of Panguna, Papua New Guinea",Point,"[154.191, -5.154, 409.9]"
Feature,iscgem774772,7.45,"17 km WSW of Harrison, Philippines",73078207920,1651006372817,,https://earthquake.usgs.gov/earthquakes/eventpage/iscgem774772,https://earthquake.usgs.gov/fdsnws/event/1/query?eventid=iscgem774772&format=geojson,,,6.857,,reviewed,0,854,iscgem,774772,",atlas19720425193008,iscgem774772,",",atlas,iscgem,",",origin,shakemap,trump-shakemap,",,,,,mw,earthquake,"M 7.5 - 17 km WSW of Harrison, Philippines",Point,"[120.275, 13.402, 25]"
Feature,iscgem774714,7.0,"46 km S of Hualien City, Taiwan",72957441790,1651006364410,,https://earthquake.usgs.gov/earthquakes/eventpage/iscgem774714,https://earthquake.usgs.gov/fdsnws/event/1/query?eventid=iscgem774714&format=geojson,,,6.578,,reviewed,0,754,iscgem,774714,",atlas19720424095721,iscgem774714,",",atlas,iscgem,",",origin,shakemap,trump-shakemap,",,,,,mw,earthquake,"M 7.0 - 46 km S of Hualien City, Taiwan",Point,"[121.539, 23.564, 22.2]"
Feature,iscgem775781,7.25,south of the Fiji Islands,70781693000,1651006529271,,https://earthquake.usgs.gov/earthquakes/eventpage/iscgem775781,https://earthquake.usgs.gov/fdsnws/event/1/query?eventid=iscgem775781&format=geojson,,,,,reviewed,0,809,iscgem,775781,",iscgem775781,",",iscgem,",",origin,",,,,,mw,earthquake,M 7.3 - south of the Fiji Islands,Point,"[179.665, -25.758, 495.8]"
Feature,iscgem776553,7.16,"195 km SSE of Tateyama, Japan",68203381950,1651006608965,,https://earthquake.usgs.gov/earthquakes/eventpage/iscgem776553,https://earthquake.usgs.gov/fdsnws/event/1/query?eventid=iscgem776553&format=geojson,,,5.716,,reviewed,0,789,iscgem,776553,",iscgem776553,atlas19720229092301,",",iscgem,atlas,",",origin,shakemap,trump-shakemap,",,,,,mw,earthquake,"M 7.2 - 195 km SSE of Tateyama, Japan",Point,"[140.929, 33.453, 59.8]"
Feature,iscgem776200,7.4,"102 km SE of Lata, Solomon Islands",66958193170,1651006559400,,https://earthquake.usgs.gov/earthquakes/eventpage/iscgem776200,https://earthquake.usgs.gov/fdsnws/event/1/query?eventid=iscgem776200&format=geojson,,,7.08,,reviewed,0,842,iscgem,776200,",iscgem776200,atlas19720214232953,",",iscgem,atlas,",",origin,shakemap,trump-shakemap,",,,,,mw,earthquake,"M 7.4 - 102 km SE of Lata, Solomon Islands",Point,"[166.339, -11.481, 101.8]"
Feature,iscgem777209,7.11,"103 km SSE of Hualien City, Taiwan",65158884780,1651006679791,,https://earthquake.usgs.gov/earthquakes/eventpage/iscgem777209,https://earthquake.usgs.gov/fdsnws/event/1/query?eventid=iscgem777209&format=geojson,,,5.548,,reviewed,0,778,iscgem,777209,",atlas19720125034122,iscgem777209,",",atlas,iscgem,",",origin,shakemap,trump-shakemap,",,,,,mw,earthquake,"M 7.1 - 103 km SSE of Hualien City, Taiwan",Point,"[121.974, 23.107, 25]"
Feature,iscgem777208,7.3,"163 km SSE of Hualien City, Taiwan",65153184630,1651006677956,,https://earthquake.usgs.gov/earthquakes/eventpage/iscgem777208,https://earthquake.usgs.gov/fdsnws/event/1/query?eventid=iscgem777208&format=geojson,,,5.337,,reviewed,0,820,iscgem,777208,",atlas19720125020621,iscgem777208,",",atlas,iscgem,",",origin,shakemap,trump-shakemap,",,,,,mw,earthquake,"M 7.3 - 163 km SSE of Hualien City, Taiwan",Point,"[122.269, 22.632, 25]"
Feature,iscgem777164,7.05,"142 km WNW of Sola, Vanuatu",65049474540,1651006672904,,https://earthquake.usgs.gov/earthquakes/eventpage/iscgem777164,https://earthquake.usgs.gov/fdsnws/event/1/query?eventid=iscgem777164&format=geojson,,,6.239,,reviewed,0,765,iscgem,777164,",iscgem777164,atlas19720123211755,",",iscgem,atlas,",",origin,shakemap,trump-shakemap,",,,,,mw,earthquake,"M 7.1 - 142 km WNW of Sola, Vanuatu",Point,"[166.407, -13.248, 35]"
Feature,iscgem777750,7.62,"off the east coast of the Kamchatka Peninsula, Russia",61633797020,1651006764103,,https://earthquake.usgs.gov/earthquakes/eventpage/iscgem777750,https://earthquake.usgs.gov/fdsnws/event/1/query?eventid=iscgem777750&format=geojson,,,6.767,,reviewed,0,893,iscgem,777750,",iscgem777750,atlas19711215082955,",",iscgem,atlas,",",origin,shakemap,trump-shakemap,",,,,,mw,earthquake,"M 7.6 - off the east coast of the Kamchatka Peninsula, Russia",Point,"[163.269, 55.959, 27.5]"
Feature,iscgem778805,7.3,"48 km SE of Petropavlovsk-Kamchatsky, Russia",59859333550,1651006904327,,https://earthquake.usgs.gov/earthquakes/eventpage/iscgem778805,https://earthquake.usgs.gov/fdsnws/event/1/query?eventid=iscgem778805&format=geojson,,,6.938,,reviewed,0,820,iscgem,778805,",iscgem778805,atlas19711124193531,",",iscgem,atlas,",",origin,shakemap,trump-shakemap,",,,,,mw,earthquake,"M 7.3 - 48 km SE of Petropavlovsk-Kamchatsky, Russia",Point,"[159.199, 52.803, 125]"
Feature,iscgem778697,7.1,"150 km SSE of Lata, Solomon Islands",59551032850,1651006889237,,https://earthquake.usgs.gov/earthquakes/eventpage/iscgem778697,https://earthquake.usgs.gov/fdsnws/event/1/query?eventid=iscgem778697&format=geojson,,,6.775,,reviewed,0,776,iscgem,778697,",atlas19711121055712,iscgem778697,",",atlas,iscgem,",",origin,shakemap,trump-shakemap,",,,,,mw,earthquake,"M 7.1 - 150 km SSE of Lata, Solomon Islands",Point,"[166.557, -11.857, 113.1]"
Feature,iscgem779972,7.3,"49 km W of Gornozavodsk, Russia",52943730080,1651007049400,,https://earthquake.usgs.gov/earthquakes/eventpage/iscgem779972,https://earthquake.usgs.gov/fdsnws/event/1/query?eventid=iscgem779972&format=geojson,,,6.006,,reviewed,0,820,iscgem,779972,",atlas19710905183528,iscgem779972,",",atlas,iscgem,",",origin,shakemap,trump-shakemap,",,,,,mw,earthquake,"M 7.3 - 49 km W of Gornozavodsk, Russia",Point,"[141.199, 46.505, 18.1]"
Feature,iscgem780929,7.06,central Mid-Atlantic Ridge,50205533140,1651007260894,,https://earthquake.usgs.gov/earthquakes/eventpage/iscgem780929,https://earthquake.usgs.gov/fdsnws/event/1/query?eventid=iscgem780929&format=geojson,,,,,reviewed,0,767,iscgem,780929,",iscgem780929,",",iscgem,",",origin,",,,,,mw,earthquake,M 7.1 - central Mid-Atlantic Ridge,Point,"[-22.082, -0.773, 20]"
Feature,iscgem780829,7.12,"134 km SE of Shizunai-furukawach?, Japan",49965898820,1651007257266,,https://earthquake.usgs.gov/earthquakes/eventpage/iscgem780829,https://earthquake.usgs.gov/fdsnws/event/1/query?eventid=iscgem780829&format=geojson,,,5.853,,reviewed,0,780,iscgem,780829,",atlas19710802072458,iscgem780829,",",atlas,iscgem,",",origin,shakemap,trump-shakemap,",,,,,mw,earthquake,"M 7.1 - 134 km SE of Shizunai-furukawach?, Japan",Point,"[143.416, 41.415, 54.8]"
Feature,iscgem782797,7.42,"103 km ESE of Sucúa, Ecuador",49428169900,1651007592194,,https://earthquake.usgs.gov/earthquakes/eventpage/iscgem782797,https://earthquake.usgs.gov/fdsnws/event/1/query?eventid=iscgem782797&format=geojson,,,6.805,,reviewed,0,847,iscgem,782797,",atlas19710727020246,iscgem782797,",",atlas,iscgem,",",origin,shakemap,trump-shakemap,",,,,,mw,earthquake,"M 7.4 - 103 km ESE of Sucúa, Ecuador",Point,"[-77.322, -2.839, 120]"
Feature,iscgem782684,8.1,"113 km ESE of Kokopo, Papua New Guinea",49339402790,1651007553159,,https://earthquake.usgs.gov/earthquakes/eventpage/iscgem782684,https://earthquake.usgs.gov/fdsnws/event/1/query?eventid=iscgem782684&format=geojson,,,7.445,,reviewed,0,1009,iscgem,782684,",iscgem782684,atlas19710726012322,",",iscgem,atlas,",",origin,shakemap,trump-shakemap,",,,,,mw,earthquake,"M 8.1 - 113 km ESE of Kokopo, Papua New Guinea",Point,"[153.172, -4.817, 40]"
Feature,iscgem782440,7.05,"189 km WNW of Panguna, Papua New Guinea",48730486840,1651007496584,,https://earthquake.usgs.gov/earthquakes/eventpage/iscgem782440,https://earthquake.usgs.gov/fdsnws/event/1/query?eventid=iscgem782440&format=geojson,,,5.072,,reviewed,0,765,iscgem,782440,",atlas19710719001445,iscgem782440,",",atlas,iscgem,",",origin,shakemap,trump-shakemap,",,,,,mw,earthquake,"M 7.1 - 189 km WNW of Panguna, Papua New Guinea",Point,"[153.868, -5.754, 35]"
Feature,iscgem782181,8.0,"201 km WNW of Panguna, Papua New Guinea",48319890570,1651007432496,,https://earthquake.usgs.gov/earthquakes/eventpage/iscgem782181,https://earthquake.usgs.gov/fdsnws/event/1/query?eventid=iscgem782181&format=geojson,,,6.403,,reviewed,0,985,iscgem,782181,",atlas19710714061130,iscgem782181,",",atlas,iscgem,",",origin,shakemap,trump-shakemap,",,,,,mw,earthquake,"M 8.0 - 201 km WNW of Panguna, Papua New Guinea",Point,"[153.85, -5.524, 40]"
Feature,iscgem782010,7.8,"21 km SE of La Ligua, Chile",47876600680,1651007388628,,https://earthquake.usgs.gov/earthquakes/eventpage/iscgem782010,https://earthquake.usgs.gov/fdsnws/event/1/query?eventid=iscgem782010&format=geojson,,,8.462,,reviewed,0,936,iscgem,782010,",atlas19710709030318,iscgem782010,",",atlas,iscgem,",",origin,shakemap,trump-shakemap,",,,,,mw,earthquake,"M 7.8 - 21 km SE of La Ligua, Chile",Point,"[-71.076, -32.601, 60.3]"
Feature,iscgemsup785445,7.02,"58 km S of Bengkulu, Indonesia",39944759480,1652123970414,,https://earthquake.usgs.gov/earthquakes/eventpage/iscgemsup785445,https://earthquake.usgs.gov/fdsnws/event/1/query?eventid=iscgemsup785445&format=geojson,,,6.807,,reviewed,0,758,iscgemsup,785445,",iscgem785445,atlas19710408074559,iscgemsup785445,",",is,atlas,iscgemsup,",",origin,shakemap,trump-shakemap,",,,,,mw,earthquake,"M 7.0 - 58 km S of Bengkulu, Indonesia",Point,"[102.285, -4.33, 75]"
Feature,iscgem786889,7.04,"101 km SW of Padangsidempuan, Indonesia",34529609680,1651008107613,,https://earthquake.usgs.gov/earthquakes/eventpage/iscgem786889,https://earthquake.usgs.gov/fdsnws/event/1/query?eventid=iscgem786889&format=geojson,,,6.16,,reviewed,0,762,iscgem,786889,",atlas19710204153333,iscgem786889,",",atlas,iscgem,",",origin,shakemap,trump-shakemap,",,,,,mw,earthquake,"M 7.0 - 101 km SW of Padangsidempuan, Indonesia",Point,"[98.711, 0.653, 30]"
Feature,iscgem788036,7.7,"120 km WSW of Abepura, Indonesia",32339825780,1651008223470,,https://earthquake.usgs.gov/earthquakes/eventpage/iscgem788036,https://earthquake.usgs.gov/fdsnws/event/1/query?eventid=iscgem788036&format=geojson,,,7.079,,reviewed,0,912,iscgem,788036,",atlas19710110071707,iscgem788036,",",atlas,iscgem,",",origin,shakemap,trump-shakemap,",,,,,mw,earthquake,"M 7.7 - 120 km WSW of Abepura, Indonesia",Point,"[139.722, -3.184, 30]"
Feature,iscgem787884,7.08,southern Mid-Atlantic Ridge,31772141890,1705524169739,,https://earthquake.usgs.gov/earthquakes/eventpage/iscgem787884,https://earthquake.usgs.gov/fdsnws/event/1/query?eventid=iscgem787884&format=geojson,,,,,reviewed,0,771,iscgem,787884,",iscgem787884,",",iscgem,",",earthquake-name,origin,",,,,,mw,earthquake,M 7.1 - southern Mid-Atlantic Ridge,Point,"[-2.668, -55.918, 15]"
Feature,iscgem789028,7.2,"15 km SE of Cañaveral, Peru",29651681860,1651068452206,,https://earthquake.usgs.gov/earthquakes/eventpage/iscgem789028,https://earthquake.usgs.gov/fdsnws/event/1/query?eventid=iscgem789028&format=geojson,,,8.53,,reviewed,0,798,iscgem,789028,",atlas19701210043438,iscgem789028,",",atlas,iscgem,",",origin,shakemap,trump-shakemap,",,,,,mw,earthquake,"M 7.2 - 15 km SE of Cañaveral, Peru",Point,"[-80.542, -4.026, 25]"
Feature,iscgem793336,7.31,Sea of Okhotsk,20886370140,1651008835658,,https://earthquake.usgs.gov/earthquakes/eventpage/iscgem793336,https://earthquake.usgs.gov/fdsnws/event/1/query?eventid=iscgem793336&format=geojson,,,,,reviewed,0,822,iscgem,793336,",iscgem793336,",",iscgem,",",origin,",,,,,mw,earthquake,M 7.3 - Sea of Okhotsk,Point,"[151.613, 52.301, 647.6]"
Feature,iscgem794176,8.0,"95 km N of San Antonio del Estrecho, Peru",18292085560,1651009011645,,https://earthquake.usgs.gov/earthquakes/eventpage/iscgem794176,https://earthquake.usgs.gov/fdsnws/event/1/query?eventid=iscgem794176&format=geojson,,,3.423,,reviewed,0,985,iscgem,794176,",iscgem794176,atlas19700731170806,",",iscgem,atlas,",",impact-text,origin,shakemap,trump-shakemap,",,,,,mw,earthquake,"M 8.0 - 95 km N of San Antonio del Estrecho, Peru",Point,"[-72.532, -1.597, 644.8]"
Feature,iscgem794100,7.0,"60 km ESE of Tuensang, India",18094582550,1651008981083,,https://earthquake.usgs.gov/earthquakes/eventpage/iscgem794100,https://earthquake.usgs.gov/fdsnws/event/1/query?eventid=iscgem794100&format=geojson,,,6.709,,reviewed,0,754,iscgem,794100,",atlas19700729101623,iscgem794100,",",atlas,iscgem,",",origin,shakemap,trump-shakemap,",,,,,mw,earthquake,"M 7.0 - 60 km ESE of Tuensang, India",Point,"[95.34, 25.977, 76.1]"
Feature,iscgem794013,7.0,"28 km ESE of Takanabe, Japan",17793674280,1651008947027,,https://earthquake.usgs.gov/earthquakes/eventpage/iscgem794013,https://earthquake.usgs.gov/fdsnws/event/1/query?eventid=iscgem794013&format=geojson,,,6.283,,reviewed,0,754,iscgem,794013,",atlas19700725224113,iscgem794013,",",atlas,iscgem,",",origin,shakemap,trump-shakemap,",,,,,mw,earthquake,"M 7.0 - 28 km ESE of Takanabe, Japan",Point,"[131.782, 32.053, 45]"
Feature,iscgem794827,7.37,"296 km S of Prince Rupert, Canada",15080953290,1651009094316,,https://earthquake.usgs.gov/earthquakes/eventpage/iscgem794827,https://earthquake.usgs.gov/fdsnws/event/1/query?eventid=iscgem794827&format=geojson,,,,,reviewed,0,836,iscgem,794827,",iscgem794827,",",iscgem,",",origin,",,,,,mw,earthquake,"M 7.4 - 296 km S of Prince Rupert, Canada",Point,"[-131.055, 51.692, 18.3]"
Feature,iscgem794513,7.3,Macquarie Island region,13970794830,1651009066904,,https://earthquake.usgs.gov/earthquakes/eventpage/iscgem794513,https://earthquake.usgs.gov/fdsnws/event/1/query?eventid=iscgem794513&format=geojson,,,,,reviewed,0,820,iscgem,794513,",iscgem794513,",",iscgem,",",origin,",,,,,mw,earthquake,M 7.3 - Macquarie Island region,Point,"[158.902, -59.232, 15]"
Feature,iscgem796163,7.9,"20 km WSW of Chimbote, Peru",13033409780,1651009276599,,https://earthquake.usgs.gov/earthquakes/eventpage/iscgem796163,https://earthquake.usgs.gov/fdsnws/event/1/query?eventid=iscgem796163&format=geojson,,,7.877,,reviewed,0,960,iscgem,796163,",iscgem796163,atlas19700531202327,",",iscgem,atlas,",",ground-failure,impact-text,origin,shakemap,trump-shakemap,",,,,,mw,earthquake,"M 7.9 - 20 km WSW of Chimbote, Peru",Point,"[-78.737, -9.183, 45]"
Feature,iscgem796043,7.12,"Bonin Islands, Japan region",12657907570,1651009245620,,https://earthquake.usgs.gov/earthquakes/eventpage/iscgem796043,https://earthquake.usgs.gov/fdsnws/event/1/query?eventid=iscgem796043&format=geojson,,,,,reviewed,0,780,iscgem,796043,",iscgem796043,",",iscgem,",",origin,",,,,,mw,earthquake,"M 7.1 - Bonin Islands, Japan region",Point,"[140.23, 27.236, 390]"
Feature,iscgem797311,7.3,"33 km SW of Puerto Madero, Mexico",10245695980,1651009454943,,https://earthquake.usgs.gov/earthquakes/eventpage/iscgem797311,https://earthquake.usgs.gov/fdsnws/event/1/query?eventid=iscgem797311&format=geojson,,,6.455,,reviewed,0,820,iscgem,797311,",atlas19700429140121,iscgem797311,",",atlas,iscgem,",",origin,shakemap,trump-shakemap,",,,,,mw,earthquake,"M 7.3 - 33 km SW of Puerto Madero, Mexico",Point,"[-92.653, 14.52, 35]"
Feature,iscgem796378,7.44,"9 km ENE of Suklayin, Philippines",8314446640,1651009309369,,https://earthquake.usgs.gov/earthquakes/eventpage/iscgem796378,https://earthquake.usgs.gov/fdsnws/event/1/query?eventid=iscgem796378&format=geojson,,,6.779,,reviewed,0,852,iscgem,796378,",atlas19700407053406,iscgem796378,",",atlas,iscgem,",",origin,shakemap,trump-shakemap,",,,,,mw,earthquake,"M 7.4 - 9 km ENE of Suklayin, Philippines",Point,"[121.63, 15.791, 25]"
Feature,iscgem798506,7.23,"19 km NE of Gediz, Turkey",7506146710,1651009626566,,https://earthquake.usgs.gov/earthquakes/eventpage/iscgem798506,https://earthquake.usgs.gov/fdsnws/event/1/query?eventid=iscgem798506&format=geojson,,,7.757,,reviewed,0,804,iscgem,798506,",iscgem798506,atlas19700328210225,",",iscgem,atlas,",",impact-text,origin,shakemap,trump-shakemap,",,,,,mw,earthquake,"M 7.2 - 19 km NE of Gediz, Turkey",Point,"[29.57, 39.098, 25]"
Feature,iscgem799531,7.11,"58 km WNW of Atka, Alaska",5050353580,1651009782296,,https://earthquake.usgs.gov/earthquakes/eventpage/iscgem799531,https://earthquake.usgs.gov/fdsnws/event/1/query?eventid=iscgem799531&format=geojson,,,,,reviewed,0,778,iscgem,799531,",ushis3093,iscgem799531,",",ushis,iscgem,",",impact-text,origin,trump-origin,",,,,,mw,earthquake,"M 7.1 - 58 km WNW of Atka, Alaska",Point,"[-174.915, 52.487, 164.1]"
Feature,iscgem799944,7.2,"38 km SE of Lukatan, Philippines",821227250,1651009818745,,https://earthquake.usgs.gov/earthquakes/eventpage/iscgem799944,https://earthquake.usgs.gov/fdsnws/event/1/query?eventid=iscgem799944&format=geojson,,,6.478,,reviewed,0,798,iscgem,799944,",atlas19700110120708,iscgem799944,",",atlas,iscgem,",",origin,shakemap,trump-shakemap,",,,,,mw,earthquake,"M 7.2 - 38 km SE of Lukatan, Philippines",Point,"[126.682, 6.785, 40]"
Feature,iscgem799712,7.1,"18 km S of Yuxi, China",320441090,1651009801543,,https://earthquake.usgs.gov/earthquakes/eventpage/iscgem799712,https://earthquake.usgs.gov/fdsnws/event/1/query?eventid=iscgem799712&format=geojson,,,8.862,,reviewed,0,776,iscgem,799712,",atlas19700104170040,iscgem799712,",",atlas,iscgem,",",origin,shakemap,trump-shakemap,",,,,,mw,earthquake,"M 7.1 - 18 km S of Yuxi, China",Point,"[102.543, 24.185, 11.3]"
Feature,iscgem801426,7.2,"164 km ESE of Beauséjour, Guadeloupe",-527248240,1651009905535,,https://earthquake.usgs.gov/earthquakes/eventpage/iscgem801426,https://earthquake.usgs.gov/fdsnws/event/1/query?eventid=iscgem801426&format=geojson,,,4.212,,reviewed,0,798,iscgem,801426,",iscgem801426,",",iscgem,",",origin,shakemap,",,,,,mw,earthquake,"M 7.2 - 164 km ESE of Beauséjour, Guadeloupe",Point,"[-59.694, 15.648, 20]"
Feature,iscgem802552,7.44,"171 km NNE of Ust’-Kamchatsk Staryy, Russia",-3372619600,1651009975497,,https://earthquake.usgs.gov/earthquakes/eventpage/iscgem802552,https://earthquake.usgs.gov/fdsnws/event/1/query?eventid=iscgem802552&format=geojson,,,6.742,,reviewed,0,852,iscgem,802552,",iscgem802552,",",iscgem,",",origin,shakemap,",,,,,mw,earthquake,"M 7.4 - 171 km NNE of Ust’-Kamchatsk Staryy, Russia",Point,"[163.554, 57.65, 35]"
Feature,iscgem802491,7.59,"216 km WSW of Sinabang, Indonesia",-3534861880,1651009973995,,https://earthquake.usgs.gov/earthquakes/eventpage/iscgem802491,https://earthquake.usgs.gov/fdsnws/event/1/query?eventid=iscgem802491&format=geojson,,,4.736,,reviewed,0,886,iscgem,802491,",iscgem802491,atlas19691121020535,",",iscgem,atlas,",",origin,shakemap,trump-shakemap,",,,,,mw,earthquake,"M 7.6 - 216 km WSW of Sinabang, Indonesia",Point,"[94.489, 2.005, 25]"
Feature,iscgem805782,7.12,"92 km SE of Shikotan, Russia",-12044455380,1651010451846,,https://earthquake.usgs.gov/earthquakes/eventpage/iscgem805782,https://earthquake.usgs.gov/fdsnws/event/1/query?eventid=iscgem805782&format=geojson,,,5.447,,reviewed,0,780,iscgem,805782,",iscgem805782,",",iscgem,",",origin,shakemap,",,,,,mw,earthquake,"M 7.1 - 92 km SE of Shikotan, Russia",Point,"[147.647, 43.313, 27.5]"
Feature,iscgem805430,8.2,"97 km ESE of Shikotan, Russia",-12277943300,1651010373447,,https://earthquake.usgs.gov/earthquakes/eventpage/iscgem805430,https://earthquake.usgs.gov/fdsnws/event/1/query?eventid=iscgem805430&format=geojson,,,6.229,,reviewed,0,1034,iscgem,805430,",iscgem805430,iscgem805431,iscgemsup805431,atlas19690811212737,",",iscgem,is,iscgemsup,atlas,",",disassociate,origin,shakemap,touch,trump-origin,trump-shakemap,",,,,,mw,earthquake,"M 8.2 - 97 km ESE of Shikotan, Russia",Point,"[147.814, 43.416, 28.6]"
Feature,iscgem808108,7.04,Macquarie Island region,-17020910060,1651010708043,,https://earthquake.usgs.gov/earthquakes/eventpage/iscgem808108,https://earthquake.usgs.gov/fdsnws/event/1/query?eventid=iscgem808108&format=geojson,,,,,reviewed,0,762,iscgem,808108,",iscgem808108,",",iscgem,",",origin,",,,,,mw,earthquake,M 7.0 - Macquarie Island region,Point,"[160.309, -52.744, 15]"
Feature,iscgem810045,7.02,"41 km E of Takanabe, Japan",-22005631080,1651010970818,,https://earthquake.usgs.gov/earthquakes/eventpage/iscgem810045,https://earthquake.usgs.gov/fdsnws/event/1/query?eventid=iscgem810045&format=geojson,,,6.179,,reviewed,0,758,iscgem,810045,",iscgem810045,atlas19690421071928,",",iscgem,atlas,",",origin,shakemap,trump-shakemap,",,,,,mw,earthquake,"M 7.0 - 41 km E of Takanabe, Japan",Point,"[131.938, 32.15, 38.6]"
Feature,iscgem812637,7.8,"184 km SW of Sagres, Portugal",-26515167650,1651011177474,,https://earthquake.usgs.gov/earthquakes/eventpage/iscgem812637,https://earthquake.usgs.gov/fdsnws/event/1/query?eventid=iscgem812637&format=geojson,,,5.414,,reviewed,0,936,iscgem,812637,",iscgem812637,atlas19690228024033,",",iscgem,atlas,",",impact-text,origin,shakemap,trump-shakemap,",,,,,mw,earthquake,"M 7.8 - 184 km SW of Sagres, Portugal",Point,"[-10.613, 36.033, 10]"
Feature,iscgem812497,7.03,"38 km N of Majene, Indonesia",-26954581080,1651011160020,,https://earthquake.usgs.gov/earthquakes/eventpage/iscgem812497,https://earthquake.usgs.gov/fdsnws/event/1/query?eventid=iscgem812497&format=geojson,,,7.487,,reviewed,0,760,iscgem,812497,",iscgem812497,atlas19690223003704,",",iscgem,atlas,",",origin,shakemap,trump-shakemap,",,,,,mw,earthquake,"M 7.0 - 38 km N of Majene, Indonesia",Point,"[118.904, -3.201, 15]"
Feature,iscgem812115,7.22,"187 km N of Baukau, Timor Leste",-27913426950,1651011120903,,https://earthquake.usgs.gov/earthquakes/eventpage/iscgem812115,https://earthquake.usgs.gov/fdsnws/event/1/query?eventid=iscgem812115&format=geojson,,,3.852,,reviewed,0,802,iscgem,812115,",iscgem812115,",",iscgem,",",origin,shakemap,",,,,,mw,earthquake,"M 7.2 - 187 km N of Baukau, Timor Leste",Point,"[126.581, -6.784, 430.5]"
Feature,iscgem812084,7.22,south of the Fiji Islands,-27997313540,1651011105440,,https://earthquake.usgs.gov/earthquakes/eventpage/iscgem812084,https://earthquake.usgs.gov/fdsnws/event/1/query?eventid=iscgem812084&format=geojson,,,,,reviewed,0,802,iscgem,812084,",iscgem812084,",",iscgem,",",origin,",,,,,mw,earthquake,M 7.2 - south of the Fiji Islands,Point,"[178.82, -22.797, 660]"
Feature,iscgem813688,7.6,"224 km ESE of Sarangani, Philippines",-28992618070,1651011243690,,https://earthquake.usgs.gov/earthquakes/eventpage/iscgem813688,https://earthquake.usgs.gov/fdsnws/event/1/query?eventid=iscgem813688&format=geojson,,,7.104,,reviewed,0,889,iscgem,813688,",iscgem813688,atlas19690130102942,",",iscgem,atlas,",",origin,shakemap,trump-shakemap,",,,,,mw,earthquake,"M 7.6 - 224 km ESE of Sarangani, Philippines",Point,"[127.306, 4.569, 60]"
Feature,iscgem813304,7.1,"36 km NE of Port-Olry, Vanuatu",-29912946180,1651011223241,,https://earthquake.usgs.gov/earthquakes/eventpage/iscgem813304,https://earthquake.usgs.gov/fdsnws/event/1/query?eventid=iscgem813304&format=geojson,,,6.604,,reviewed,0,776,iscgem,813304,",iscgem813304,",",iscgem,",",origin,shakemap,",,,,,mw,earthquake,"M 7.1 - 36 km NE of Port-Olry, Vanuatu",Point,"[167.345, -14.849, 112.9]"
Feature,iscgem812898,7.04,"79 km WNW of Buala, Solomon Islands",-31141996640,1651011200122,,https://earthquake.usgs.gov/earthquakes/eventpage/iscgem812898,https://earthquake.usgs.gov/fdsnws/event/1/query?eventid=iscgem812898&format=geojson,,,5.828,,reviewed,0,762,iscgem,812898,",iscgem812898,atlas19690105132643,",",iscgem,atlas,",",origin,shakemap,trump-shakemap,",,,,,mw,earthquake,"M 7.0 - 79 km WNW of Buala, Solomon Islands",Point,"[158.888, -7.97, 60]"
Feature,iscgem816232,7.0,"45 km WNW of Wewak, Papua New Guinea",-37508115340,1651011551204,,https://earthquake.usgs.gov/earthquakes/eventpage/iscgem816232,https://earthquake.usgs.gov/fdsnws/event/1/query?eventid=iscgem816232&format=geojson,,,6.721,,reviewed,0,754,iscgem,816232,",iscgem816232,atlas19681023210442,",",iscgem,atlas,",",origin,shakemap,trump-shakemap,",,,,,mw,earthquake,"M 7.0 - 45 km WNW of Wewak, Papua New Guinea",Point,"[143.286, -3.33, 15]"
Feature,iscgem815709,7.31,"Bonin Islands, Japan region",-38896779110,1651011528734,,https://earthquake.usgs.gov/earthquakes/eventpage/iscgem815709,https://earthquake.usgs.gov/fdsnws/event/1/query?eventid=iscgem815709&format=geojson,,,,,reviewed,0,822,iscgem,815709,",iscgem815709,",",iscgem,",",origin,",,,,,mw,earthquake,"M 7.3 - Bonin Islands, Japan region",Point,"[140.635, 26.358, 500]"
Feature,iscgem817404,7.1,"Kermadec Islands, New Zealand",-39851825770,1651011764832,,https://earthquake.usgs.gov/earthquakes/eventpage/iscgem817404,https://earthquake.usgs.gov/fdsnws/event/1/query?eventid=iscgem817404&format=geojson,,,,,reviewed,0,776,iscgem,817404,",iscgem817404,",",iscgem,",",origin,",,,,,mw,earthquake,"M 7.1 - Kermadec Islands, New Zealand",Point,"[-177.914, -30.62, 50]"
Feature,iscgem818488,7.1,"42 km ESE of Gon?b?d, Iran",-42124336760,1651011947463,,https://earthquake.usgs.gov/earthquakes/eventpage/iscgem818488,https://earthquake.usgs.gov/fdsnws/event/1/query?eventid=iscgem818488&format=geojson,,,8.876,,reviewed,0,776,iscgem,818488,",atlas19680831104740,iscgem818488,",",atlas,iscgem,",",origin,shakemap,trump-shakemap,",,,,,mw,earthquake,"M 7.1 - 42 km ESE of Gon?b?d, Iran",Point,"[59.083, 34.158, 10]"
Feature,iscgem818136,7.27,"58 km SSE of Malango, Solomon Islands",-43219287600,1651011886879,,https://earthquake.usgs.gov/earthquakes/eventpage/iscgem818136,https://earthquake.usgs.gov/fdsnws/event/1/query?eventid=iscgem818136&format=geojson,,,3.067,,reviewed,0,813,iscgem,818136,",iscgem818136,",",iscgem,",",origin,shakemap,",,,,,mw,earthquake,"M 7.3 - 58 km SSE of Malango, Solomon Islands",Point,"[159.914, -10.188, 543.1]"
Feature,iscgem818025,7.21,"118 km N of Palu, Indonesia",-43551936710,1651011858653,,https://earthquake.usgs.gov/earthquakes/eventpage/iscgem818025,https://earthquake.usgs.gov/fdsnws/event/1/query?eventid=iscgem818025&format=geojson,,,6.823,,reviewed,0,800,iscgem,818025,",iscgem818025,atlas19680814221420,",",iscgem,atlas,",",origin,shakemap,trump-shakemap,",,,,,mw,earthquake,"M 7.2 - 118 km N of Palu, Indonesia",Point,"[119.802, 0.157, 20]"
Feature,iscgem817844,7.61,"140 km E of Laikit, Laikit II (Dimembe), Indonesia",-43969973610,1651011821596,,https://earthquake.usgs.gov/earthquakes/eventpage/iscgem817844,https://earthquake.usgs.gov/fdsnws/event/1/query?eventid=iscgem817844&format=geojson,,,5.501,,reviewed,0,891,iscgem,817844,",iscgem817844,atlas19680810020704,",",iscgem,atlas,",",origin,shakemap,trump-shakemap,",,,,,mw,earthquake,"M 7.6 - 140 km E of Laikit, Laikit II (Dimembe), Indonesia",Point,"[126.234, 1.514, 23]"
Feature,iscgem817583,7.3,"10 km SW of La Humedad, Mexico",-44617996290,1651011804336,,https://earthquake.usgs.gov/earthquakes/eventpage/iscgem817583,https://earthquake.usgs.gov/fdsnws/event/1/query?eventid=iscgem817583&format=geojson,,,6.865,,reviewed,0,820,iscgem,817583,",iscgem817583,atlas19680802140646,",",iscgem,atlas,",",origin,shakemap,trump-shakemap,",,,,,mw,earthquake,"M 7.3 - 10 km SW of La Humedad, Mexico",Point,"[-97.739, 16.519, 25]"
Feature,iscgem817557,7.6,"32 km SE of Minuri, Philippines",-44682037180,1651011797771,,https://earthquake.usgs.gov/earthquakes/eventpage/iscgem817557,https://earthquake.usgs.gov/fdsnws/event/1/query?eventid=iscgem817557&format=geojson,,,6.862,,reviewed,0,889,iscgem,817557,",iscgem817557,atlas19680801201924,",",iscgem,atlas,",",origin,shakemap,trump-shakemap,",,,,,mw,earthquake,"M 7.6 - 32 km SE of Minuri, Philippines",Point,"[122.067, 16.316, 25]"
Feature,iscgem819340,7.3,"Kermadec Islands, New Zealand",-45333412460,1651012036412,,https://earthquake.usgs.gov/earthquakes/eventpage/iscgem819340,https://earthquake.usgs.gov/fdsnws/event/1/query?eventid=iscgem819340&format=geojson,,,6.477,,reviewed,0,820,iscgem,819340,",iscgem819340,",",iscgem,",",origin,shakemap,",,,,,mw,earthquake,"M 7.3 - Kermadec Islands, New Zealand",Point,"[-178.217, -30.725, 45]"
Feature,iscgem820211,7.0,"96 km E of Yamada, Japan",-49025886750,1651012131433,,https://earthquake.usgs.gov/earthquakes/eventpage/iscgem820211,https://earthquake.usgs.gov/fdsnws/event/1/query?eventid=iscgem820211&format=geojson,,,5.049,,reviewed,0,754,iscgem,820211,",iscgem820211,atlas19680612134151,",",iscgem,atlas,",",origin,shakemap,trump-shakemap,",,,,,mw,earthquake,"M 7.0 - 96 km E of Yamada, Japan",Point,"[143.07, 39.503, 32.1]"
Feature,iscgem823104,7.5,"145 km W of Abepura, Indonesia",-50322760820,1651012437944,,https://earthquake.usgs.gov/earthquakes/eventpage/iscgem823104,https://earthquake.usgs.gov/fdsnws/event/1/query?eventid=iscgem823104&format=geojson,,,7.328,,reviewed,0,865,iscgem,823104,",iscgem823104,atlas19680528132720,",",iscgem,atlas,",",origin,shakemap,trump-shakemap,",,,,,mw,earthquake,"M 7.5 - 145 km W of Abepura, Indonesia",Point,"[139.353, -2.85, 45]"
Feature,iscgem822588,7.06,"36 km ENE of Westport, New Zealand",-50740541050,1651012428965,,https://earthquake.usgs.gov/earthquakes/eventpage/iscgem822588,https://earthquake.usgs.gov/fdsnws/event/1/query?eventid=iscgem822588&format=geojson,,,8.642,,reviewed,0,767,iscgem,822588,",iscgem822588,atlas19680523172420,",",iscgem,atlas,",",ground-failure,impact-text,origin,shakemap,trump-shakemap,",,,,,mw,earthquake,"M 7.1 - 36 km ENE of Westport, New Zealand",Point,"[172.02, -41.659, 20]"
Feature,iscgem822412,7.04,"189 km ESE of Kuril’sk, Russia",-50986213680,1651012412551,,https://earthquake.usgs.gov/earthquakes/eventpage/iscgem822412,https://earthquake.usgs.gov/fdsnws/event/1/query?eventid=iscgem822412&format=geojson,,,,,reviewed,0,762,iscgem,822412,",iscgem822412,",",iscgem,",",origin,",,,,,mw,earthquake,"M 7.0 - 189 km ESE of Kuril’sk, Russia",Point,"[150.219, 44.822, 28.3]"
Feature,iscgem822391,7.0,"Kermadec Islands, New Zealand",-51036410940,1651012408322,,https://earthquake.usgs.gov/earthquakes/eventpage/iscgem822391,https://earthquake.usgs.gov/fdsnws/event/1/query?eventid=iscgem822391&format=geojson,,,,,reviewed,0,754,iscgem,822391,",iscgem822391,",",iscgem,",",origin,",,,,,mw,earthquake,"M 7.0 - Kermadec Islands, New Zealand",Point,"[-178.11, -30.799, 55]"
Feature,iscgem822083,7.9,"101 km SSE of Shizunai-furukawach?, Japan",-51369657470,1651012341054,,https://earthquake.usgs.gov/earthquakes/eventpage/iscgem822083,https://earthquake.usgs.gov/fdsnws/event/1/query?eventid=iscgem822083&format=geojson,,,6.762,,reviewed,0,960,iscgem,822083,",iscgem822083,atlas19680516103900,",",iscgem,atlas,",",origin,shakemap,trump-shakemap,",,,,,mw,earthquake,"M 7.9 - 101 km SSE of Shizunai-furukawach?, Japan",Point,"[142.888, 41.508, 25]"
Feature,iscgem821946,8.2,"168 km ENE of Hachinohe, Japan",-51405057930,1651012334789,,https://earthquake.usgs.gov/earthquakes/eventpage/iscgem821946,https://earthquake.usgs.gov/fdsnws/event/1/query?eventid=iscgem821946&format=geojson,,,6.234,,reviewed,0,1034,iscgem,821946,",iscgem821946,atlas19680516004900,",",iscgem,atlas,",",origin,shakemap,trump-shakemap,",,,,,mw,earthquake,"M 8.2 - 168 km ENE of Hachinohe, Japan",Point,"[143.435, 40.86, 29.9]"
Feature,iscgem823387,7.5,"58 km ESE of Nobeoka, Japan",-55293472910,1651012470268,,https://earthquake.usgs.gov/earthquakes/eventpage/iscgem823387,https://earthquake.usgs.gov/fdsnws/event/1/query?eventid=iscgem823387&format=geojson,,,6.484,,reviewed,0,865,iscgem,823387,",iscgem823387,atlas19680401004204,",",iscgem,atlas,",",origin,shakemap,trump-shakemap,",,,,,mw,earthquake,"M 7.5 - 58 km ESE of Nobeoka, Japan",Point,"[132.269, 32.449, 34.2]"
Feature,iscgem826088,7.3,"170 km SE of Kokopo, Papua New Guinea",-59508914460,1651012708480,,https://earthquake.usgs.gov/earthquakes/eventpage/iscgem826088,https://earthquake.usgs.gov/fdsnws/event/1/query?eventid=iscgem826088&format=geojson,,,5.519,,reviewed,0,820,iscgem,826088,",iscgem826088,atlas19680212054443,",",iscgem,atlas,",",origin,shakemap,trump-shakemap,",,,,,mw,earthquake,"M 7.3 - 170 km SE of Kokopo, Papua New Guinea",Point,"[153.368, -5.42, 30]"
Feature,iscgem827772,7.37,"25 km S of Shikotan, Russia",-60702052380,1651012829494,,https://earthquake.usgs.gov/earthquakes/eventpage/iscgem827772,https://earthquake.usgs.gov/fdsnws/event/1/query?eventid=iscgem827772&format=geojson,,,6.713,,reviewed,0,836,iscgem,827772,",iscgem827772,atlas19680129101907,",",iscgem,atlas,",",origin,shakemap,trump-shakemap,",,,,,mw,earthquake,"M 7.4 - 25 km S of Shikotan, Russia",Point,"[146.741, 43.566, 36.9]"
Feature,iscgem828730,7.15,"189 km ESE of Kokopo, Papua New Guinea",-63758187190,1651012925212,,https://earthquake.usgs.gov/earthquakes/eventpage/iscgem828730,https://earthquake.usgs.gov/fdsnws/event/1/query?eventid=iscgem828730&format=geojson,,,5.37,,reviewed,0,787,iscgem,828730,",iscgem828730,atlas19671225012334,",",iscgem,atlas,",",origin,shakemap,trump-shakemap,",,,,,mw,earthquake,"M 7.2 - 189 km ESE of Kokopo, Papua New Guinea",Point,"[153.742, -5.208, 35]"
Feature,iscgem828604,7.3,"36 km NE of Tocopilla, Chile",-64100073780,1651012899809,,https://earthquake.usgs.gov/earthquakes/eventpage/iscgem828604,https://earthquake.usgs.gov/fdsnws/event/1/query?eventid=iscgem828604&format=geojson,,,7.131,,reviewed,0,820,iscgem,828604,",iscgem828604,atlas19671221022524,",",iscgem,atlas,",",origin,shakemap,trump-shakemap,",,,,,mw,earthquake,"M 7.3 - 36 km NE of Tocopilla, Chile",Point,"[-69.939, -21.865, 45]"
Feature,iscgem830329,7.08,"9 km E of Granada, Nicaragua",-69868747400,1651013170503,,https://earthquake.usgs.gov/earthquakes/eventpage/iscgem830329,https://earthquake.usgs.gov/fdsnws/event/1/query?eventid=iscgem830329&format=geojson,,,5.558,,reviewed,0,771,iscgem,830329,",iscgem830329,",",iscgem,",",origin,shakemap,",,,,,mw,earthquake,"M 7.1 - 9 km E of Granada, Nicaragua",Point,"[-85.872, 11.925, 160.4]"
Feature,iscgem830163,7.23,Fiji region,-70353490730,1651013132724,,https://earthquake.usgs.gov/earthquakes/eventpage/iscgem830163,https://earthquake.usgs.gov/fdsnws/event/1/query?eventid=iscgem830163&format=geojson,,,,,reviewed,0,804,iscgem,830163,",iscgem830163,",",iscgem,",",origin,",,,,,mw,earthquake,M 7.2 - Fiji region,Point,"[-179.186, -21.182, 636.8]"
Feature,iscgem830900,7.0,"178 km WSW of Huarmey, Peru",-73450350490,1651013225234,,https://earthquake.usgs.gov/earthquakes/eventpage/iscgem830900,https://earthquake.usgs.gov/fdsnws/event/1/query?eventid=iscgem830900&format=geojson,,,,,reviewed,0,754,iscgem,830900,",iscgem830900,",",iscgem,",",origin,",,,,,mw,earthquake,"M 7.0 - 178 km WSW of Huarmey, Peru",Point,"[-79.674, -10.656, 15]"
Feature,iscgem833573,7.29,"6 km SE of Hendek, Turkey",-77180579300,1651013438364,,https://earthquake.usgs.gov/earthquakes/eventpage/iscgem833573,https://earthquake.usgs.gov/fdsnws/event/1/query?eventid=iscgem833573&format=geojson,,,8.607,,reviewed,0,818,iscgem,833573,",atlas19670722165655,iscgem833573,",",atlas,iscgem,",",origin,shakemap,trump-shakemap,",,,,,mw,earthquake,"M 7.3 - 6 km SE of Hendek, Turkey",Point,"[30.8, 40.751, 30]"
Feature,iscgem838830,7.01,"124 km SSW of Tarauacá, Brazil",-90748127800,1651014005341,,https://earthquake.usgs.gov/earthquakes/eventpage/iscgem838830,https://earthquake.usgs.gov/fdsnws/event/1/query?eventid=iscgem838830&format=geojson,,,,,reviewed,0,756,iscgem,838830,",iscgem838830,",",iscgem,",",origin,",,,,,mw,earthquake,"M 7.0 - 124 km SSW of Tarauacá, Brazil",Point,"[-71.274, -9.163, 600.4]"
Feature,iscgem838773,7.0,Reykjanes Ridge,-90895535270,1651013981777,,https://earthquake.usgs.gov/earthquakes/eventpage/iscgem838773,https://earthquake.usgs.gov/fdsnws/event/1/query?eventid=iscgem838773&format=geojson,,,,,reviewed,0,754,iscgem,838773,",iscgem838773,",",iscgem,",",origin,",,,,,mw,earthquake,M 7.0 - Reykjanes Ridge,Point,"[-34.14, 52.812, 10]"
Feature,iscgem838623,7.0,"44 km SE of Baraya, Colombia",-91269310920,1651013961586,,https://earthquake.usgs.gov/earthquakes/eventpage/iscgem838623,https://earthquake.usgs.gov/fdsnws/event/1/query?eventid=iscgem838623&format=geojson,,,8.891,,reviewed,0,754,iscgem,838623,",atlas19670209152447,iscgem838623,",",atlas,iscgem,",",origin,shakemap,trump-shakemap,",,,,,mw,earthquake,"M 7.0 - 44 km SE of Baraya, Colombia",Point,"[-74.798, 2.849, 55]"
Feature,iscgem839412,7.05,"80 km SSW of Bulgan, Mongolia",-94347918190,1651014107447,,https://earthquake.usgs.gov/earthquakes/eventpage/iscgem839412,https://earthquake.usgs.gov/fdsnws/event/1/query?eventid=iscgem839412&format=geojson,,,7.638,,reviewed,0,765,iscgem,839412,",iscgem839412,atlas19670105001439,",",iscgem,atlas,",",origin,shakemap,trump-shakemap,",,,,,mw,earthquake,"M 7.1 - 80 km SSW of Bulgan, Mongolia",Point,"[103.036, 48.168, 13.2]"
Feature,iscgem841184,7.13,"192 km SSE of Lata, Solomon Islands",-94700680820,1651014363215,,https://earthquake.usgs.gov/earthquakes/eventpage/iscgem841184,https://earthquake.usgs.gov/fdsnws/event/1/query?eventid=iscgem841184&format=geojson,,,5.393,,reviewed,0,782,iscgem,841184,",iscgem841184,atlas19661231221516,",",iscgem,atlas,",",origin,shakemap,trump-shakemap,",,,,,mw,earthquake,"M 7.1 - 192 km SSE of Lata, Solomon Islands",Point,"[166.491, -12.326, 35]"
Feature,iscgem841173,7.8,"172 km SSE of Lata, Solomon Islands",-94714610570,1651014357465,,https://earthquake.usgs.gov/earthquakes/eventpage/iscgem841173,https://earthquake.usgs.gov/fdsnws/event/1/query?eventid=iscgem841173&format=geojson,,,7.155,,reviewed,0,936,iscgem,841173,",iscgem841173,atlas19661231182311,",",iscgem,atlas,",",origin,shakemap,trump-shakemap,",,,,,mw,earthquake,"M 7.8 - 172 km SSE of Lata, Solomon Islands",Point,"[166.552, -12.091, 55]"
Feature,iscgem841046,7.67,"11 km SW of Taltal, Chile",-95010112480,1651014335215,,https://earthquake.usgs.gov/earthquakes/eventpage/iscgem841046,https://earthquake.usgs.gov/fdsnws/event/1/query?eventid=iscgem841046&format=geojson,,,7.252,,reviewed,0,905,iscgem,841046,",iscgem841046,atlas19661228081807,",",iscgem,atlas,",",origin,shakemap,trump-shakemap,",,,,,mw,earthquake,"M 7.7 - 11 km SW of Taltal, Chile",Point,"[-70.55, -25.494, 25]"
Feature,iscgem842581,8.1,"43 km W of Paramonga, Peru",-101182679520,1651014530742,,https://earthquake.usgs.gov/earthquakes/eventpage/iscgem842581,https://earthquake.usgs.gov/fdsnws/event/1/query?eventid=iscgem842581&format=geojson,,,7.287,,reviewed,0,1009,iscgem,842581,",iscgem842581,atlas19661017214157,",",iscgem,atlas,",",ground-failure,impact-text,origin,shakemap,trump-shakemap,",,,,,mw,earthquake,"M 8.1 - 43 km W of Paramonga, Peru",Point,"[-78.228, -10.665, 40]"
Feature,iscgemsup843229,7.71,"90 km NE of Tobelo, Indonesia",-104553843090,1652124090314,,https://earthquake.usgs.gov/earthquakes/eventpage/iscgemsup843229,https://earthquake.usgs.gov/fdsnws/event/1/query?eventid=iscgemsup843229&format=geojson,,,7.181,,reviewed,0,915,iscgemsup,843229,",iscgem843229,iscgemsup843229,atlas19660908211552,",",is,iscgemsup,atlas,",",origin,shakemap,trump-shakemap,",,,,,mw,earthquake,"M 7.7 - 90 km NE of Tobelo, Indonesia",Point,"[128.49, 2.388, 115]"
Feature,iscgem846454,7.1,"101 km W of Kirakira, Solomon Islands",-111970809940,1651014954877,,https://earthquake.usgs.gov/earthquakes/eventpage/iscgem846454,https://earthquake.usgs.gov/fdsnws/event/1/query?eventid=iscgem846454&format=geojson,,,6.466,,reviewed,0,776,iscgem,846454,",iscgem846454,atlas19660615005942,",",iscgem,atlas,",",origin,shakemap,trump-shakemap,",,,,,mw,earthquake,"M 7.1 - 101 km W of Kirakira, Solomon Islands",Point,"[161.006, -10.318, 45]"
Feature,iscgem847789,7.02,Macquarie Island region,-113740745600,1651015169787,,https://earthquake.usgs.gov/earthquakes/eventpage/iscgem847789,https://earthquake.usgs.gov/fdsnws/event/1/query?eventid=iscgem847789&format=geojson,,,,,reviewed,0,758,iscgem,847789,",iscgem847789,",",iscgem,",",origin,",,,,,mw,earthquake,M 7.0 - Macquarie Island region,Point,"[160.106, -52.761, 10]"
Feature,iscgem849160,7.5,"57 km SW of Yonakuni, Japan",-120122919020,1651015413649,,https://earthquake.usgs.gov/earthquakes/eventpage/iscgem849160,https://earthquake.usgs.gov/fdsnws/event/1/query?eventid=iscgem849160&format=geojson,,,5.735,,reviewed,0,865,iscgem,849160,",iscgem849160,atlas19660312163119,",",iscgem,atlas,",",origin,shakemap,trump-shakemap,",,,,,mw,earthquake,"M 7.5 - 57 km SW of Yonakuni, Japan",Point,"[122.583, 24.122, 30]"
Feature,iscgem854871,7.4,"5 km SSW of Santa María Zapotitlán, Mexico",-137477635700,1651016184021,,https://earthquake.usgs.gov/earthquakes/eventpage/iscgem854871,https://earthquake.usgs.gov/fdsnws/event/1/query?eventid=iscgem854871&format=geojson,,,6.9,,reviewed,0,842,iscgem,854871,",iscgem854871,atlas19650823194601,",",iscgem,atlas,",",impact-text,origin,shakemap,trump-shakemap,",,,,,mw,earthquake,"M 7.4 - 5 km SSW of Santa María Zapotitlán, Mexico",Point,"[-95.867, 16.081, 25]"
Feature,iscgem854556,7.4,"45 km W of Norsup, Vanuatu",-138367166560,1651016161933,,https://earthquake.usgs.gov/earthquakes/eventpage/iscgem854556,https://earthquake.usgs.gov/fdsnws/event/1/query?eventid=iscgem854556&format=geojson,,,6.954,,reviewed,0,842,iscgem,854556,",iscgem854556,",",iscgem,",",origin,shakemap,",,,,,mw,earthquake,"M 7.4 - 45 km W of Norsup, Vanuatu",Point,"[166.97, -16.022, 25]"
Feature,iscgem854473,7.6,"38 km SSW of Luganville, Vanuatu",-138504488550,1651016151317,,https://earthquake.usgs.gov/earthquakes/eventpage/iscgem854473,https://earthquake.usgs.gov/fdsnws/event/1/query?eventid=iscgem854473&format=geojson,,,6.911,,reviewed,0,889,iscgem,854473,",iscgem854473,atlas19650811223152,",",iscgem,atlas,",",origin,shakemap,trump-shakemap,",,,,,mw,earthquake,"M 7.6 - 38 km SSW of Luganville, Vanuatu",Point,"[167.092, -15.861, 30]"
Feature,iscgem854451,7.2,"21 km WNW of Luganville, Vanuatu",-138572341430,1651016140602,,https://earthquake.usgs.gov/earthquakes/eventpage/iscgem854451,https://earthquake.usgs.gov/fdsnws/event/1/query?eventid=iscgem854451&format=geojson,,,6.815,,reviewed,0,798,iscgem,854451,",iscgem854451,atlas19650811034057,",",iscgem,atlas,",",origin,shakemap,trump-shakemap,",,,,,mw,earthquake,"M 7.2 - 21 km WNW of Luganville, Vanuatu",Point,"[166.98, -15.449, 25]"
Feature,iscgem854292,7.3,Macquarie Island region,-139315202980,1651016108586,,https://earthquake.usgs.gov/earthquakes/eventpage/iscgem854292,https://earthquake.usgs.gov/fdsnws/event/1/query?eventid=iscgem854292&format=geojson,,,,,reviewed,0,820,iscgem,854292,",iscgem854292,",",iscgem,",",origin,",,,,,mw,earthquake,M 7.3 - Macquarie Island region,Point,"[157.922, -56.046, 10]"
Feature,iscgem855112,7.8,"76 km E of Nikolski, Alaska",-141966079740,1697757088527,,https://earthquake.usgs.gov/earthquakes/eventpage/iscgem855112,https://earthquake.usgs.gov/fdsnws/event/1/query?eventid=iscgem855112&format=geojson,,,6.812,,reviewed,0,936,iscgem,855112,",ushis2828,iscgem855112,",",ushis,iscgem,",",impact-text,origin,shakemap,trump-origin,",,,,,mw,earthquake,"M 7.8 - 76 km E of Nikolski, Alaska",Point,"[-167.739, 52.99, 45]"
Feature,iscgem855990,7.01,"113 km SE of Kuril’sk, Russia",-143843173630,1651016264042,,https://earthquake.usgs.gov/earthquakes/eventpage/iscgem855990,https://earthquake.usgs.gov/fdsnws/event/1/query?eventid=iscgem855990&format=geojson,,,5.255,,reviewed,0,756,iscgem,855990,",iscgem855990,atlas19650611033346,",",iscgem,atlas,",",origin,shakemap,trump-shakemap,",,,,,mw,earthquake,"M 7.0 - 113 km SE of Kuril’sk, Russia",Point,"[148.924, 44.525, 40.7]"
Feature,iscgem857011,7.7,"52 km ENE of Port-Olry, Vanuatu",-145754373540,1651016408128,,https://earthquake.usgs.gov/earthquakes/eventpage/iscgem857011,https://earthquake.usgs.gov/fdsnws/event/1/query?eventid=iscgem857011&format=geojson,,,7.183,,reviewed,0,912,iscgem,857011,",iscgem857011,atlas19650520004012,",",iscgem,atlas,",",origin,shakemap,trump-shakemap,",,,,,mw,earthquake,"M 7.7 - 52 km ENE of Port-Olry, Vanuatu",Point,"[167.495, -14.805, 120]"
Feature,iscgem858982,7.6,"Rat Islands, Aleutian Islands, Alaska",-150154373350,1651016611906,,https://earthquake.usgs.gov/earthquakes/eventpage/iscgem858982,https://earthquake.usgs.gov/fdsnws/event/1/query?eventid=iscgem858982&format=geojson,,,5.065,,reviewed,0,889,iscgem,858982,",iscgem858982,ushis2799,",",iscgem,ushis,",",impact-text,origin,shakemap,",,,,,mw,earthquake,"M 7.6 - Rat Islands, Aleutian Islands, Alaska",Point,"[177.959, 50.282, 20]"
Feature,iscgem858940,7.4,"7 km S of La Ligua, Chile",-150276403840,1651016608677,,https://earthquake.usgs.gov/earthquakes/eventpage/iscgem858940,https://earthquake.usgs.gov/fdsnws/event/1/query?eventid=iscgem858940&format=geojson,,,7.291,,reviewed,0,842,iscgem,858940,",iscgem858940,atlas19650328163316,",",iscgem,atlas,",",impact-text,origin,shakemap,trump-shakemap,",,,,,mw,earthquake,"M 7.4 - 7 km S of La Ligua, Chile",Point,"[-71.233, -32.522, 70]"
Feature,iscgem858598,7.44,"51 km S of Jurm, Afghanistan",-151488412070,1651016568323,,https://earthquake.usgs.gov/earthquakes/eventpage/iscgem858598,https://earthquake.usgs.gov/fdsnws/event/1/query?eventid=iscgem858598&format=geojson,,,5.422,,reviewed,0,852,iscgem,858598,",iscgem858598,atlas19650314155307,",",iscgem,atlas,",",impact-text,origin,shakemap,trump-shakemap,",,,,,mw,earthquake,"M 7.4 - 51 km S of Jurm, Afghanistan",Point,"[70.724, 36.405, 207.8]"
Feature,iscgem860516,7.0,"31 km SW of Taltal, Chile",-153107292090,1651016872333,,https://earthquake.usgs.gov/earthquakes/eventpage/iscgem860516,https://earthquake.usgs.gov/fdsnws/event/1/query?eventid=iscgem860516&format=geojson,,,6.89,,reviewed,0,754,iscgem,860516,",iscgem860516,atlas19650223221148,",",iscgem,atlas,",",impact-text,origin,shakemap,trump-shakemap,",,,,,mw,earthquake,"M 7.0 - 31 km SW of Taltal, Chile",Point,"[-70.679, -25.633, 35]"
Feature,iscgem859264,7.34,"264 km WSW of Adak, Alaska",-154797555930,1651016667539,,https://earthquake.usgs.gov/earthquakes/eventpage/iscgem859264,https://earthquake.usgs.gov/fdsnws/event/1/query?eventid=iscgem859264&format=geojson,,,,,reviewed,0,829,iscgem,859264,",iscgem859264,ushis2756,",",iscgem,ushis,",",impact-text,origin,trump-origin,",,,,,mw,earthquake,"M 7.3 - 264 km WSW of Adak, Alaska",Point,"[179.605, 51.443, 30]"
Feature,official19650204050122_30,8.7,"Rat Islands, Aleutian Islands, Alaska",-154810718000,1651016632172,,https://earthquake.usgs.gov/earthquakes/eventpage/official19650204050122_30,https://earthquake.usgs.gov/fdsnws/event/1/query?eventid=official19650204050122_30&format=geojson,,,6.926,,automatic,0,1164,official,19650204050122_30,",iscgem859206,official19650204050122_30,ushis2741,atlas19650204050121,",",iscgem,official,ushis,atlas,",",general-header,impact-text,origin,shakemap,trump-origin,trump-shakemap,",,,,,mw,earthquake,"M 8.7 - Rat Islands, Aleutian Islands, Alaska",Point,"[178.715, 51.251, 30.3]"
Feature,iscgem861299,8.2,"275 km WNW of Ambon, Indonesia",-155778522740,1651017001288,,https://earthquake.usgs.gov/earthquakes/eventpage/iscgem861299,https://earthquake.usgs.gov/fdsnws/event/1/query?eventid=iscgem861299&format=geojson,,,6.936,,reviewed,0,1034,iscgem,861299,",iscgem861299,atlas19650124001117,",",iscgem,atlas,",",impact-text,origin,shakemap,trump-shakemap,",,,,,mw,earthquake,"M 8.2 - 275 km WNW of Ambon, Indonesia",Point,"[125.952, -2.608, 20]"
Feature,iscgemsup864419,7.1,"Nicobar Islands, India region",-167041821820,1652124149906,,https://earthquake.usgs.gov/earthquakes/eventpage/iscgemsup864419,https://earthquake.usgs.gov/fdsnws/event/1/query?eventid=iscgemsup864419&format=geojson,,,4.9,,reviewed,0,776,iscgemsup,864419,",iscgem864419,iscgemsup864419,atlas19640915152939,",",is,iscgemsup,atlas,",",origin,shakemap,",,,,,mw,earthquake,"M 7.1 - Nicobar Islands, India region",Point,"[93.101, 8.855, 70]"
Feature,iscgem864342,7.02,off the west coast of the South Island of New Zealand,-167277176870,1651017489838,,https://earthquake.usgs.gov/earthquakes/eventpage/iscgem864342,https://earthquake.usgs.gov/fdsnws/event/1/query?eventid=iscgem864342&format=geojson,,,,,reviewed,0,758,iscgem,864342,",iscgem864342,",",iscgem,",",origin,",,,,,mw,earthquake,M 7.0 - off the west coast of the South Island of New Zealand,Point,"[164.285, -48.969, 20]"
Feature,iscgem865885,7.16,"54 km E of Luganville, Vanuatu",-172912808400,1652136564381,,https://earthquake.usgs.gov/earthquakes/eventpage/iscgem865885,https://earthquake.usgs.gov/fdsnws/event/1/query?eventid=iscgem865885&format=geojson,,,7.004,,reviewed,0,789,iscgem,865885,",iscgemsup865885,iscgem865885,atlas19640709163951,",",iscgemsup,iscgem,atlas,",",origin,shakemap,trump-shakemap,",,,,,mw,earthquake,"M 7.2 - 54 km E of Luganville, Vanuatu",Point,"[167.666, -15.534, 130]"
Feature,iscgem865780,7.28,"10 km SW of Villa Nicolás Bravo, Mexico",-173205466810,1651017652058,,https://earthquake.usgs.gov/earthquakes/eventpage/iscgem865780,https://earthquake.usgs.gov/fdsnws/event/1/query?eventid=iscgem865780&format=geojson,,,7.271,,reviewed,0,815,iscgem,865780,",iscgem865780,atlas19640706072212,",",iscgem,atlas,",",origin,shakemap,trump-shakemap,",,,,,mw,earthquake,"M 7.3 - 10 km SW of Villa Nicolás Bravo, Mexico",Point,"[-100.605, 18.136, 93.3]"
Feature,iscgemsup867135,7.12,"48 km ESE of Nemuro, Japan",-174350001690,1652124151885,,https://earthquake.usgs.gov/earthquakes/eventpage/iscgemsup867135,https://earthquake.usgs.gov/fdsnws/event/1/query?eventid=iscgemsup867135&format=geojson,,,7.027,,reviewed,0,780,iscgemsup,867135,",iscgem867135,iscgemsup867135,atlas19640623012638,",",is,iscgemsup,atlas,",",origin,shakemap,trump-shakemap,",,,,,mw,earthquake,"M 7.1 - 48 km ESE of Nemuro, Japan",Point,"[146.159, 43.222, 71.3]"
Feature,iscgem866844,7.6,"24 km NW of Murakami, Japan",-174945496430,1651017858592,,https://earthquake.usgs.gov/earthquakes/eventpage/iscgem866844,https://earthquake.usgs.gov/fdsnws/event/1/query?eventid=iscgem866844&format=geojson,,,6.693,,reviewed,0,889,iscgem,866844,",iscgem866844,atlas19640616040140,",",iscgem,atlas,",",ground-failure,impact-text,origin,shakemap,trump-shakemap,",,,,,mw,earthquake,"M 7.6 - 24 km NW of Murakami, Japan",Point,"[139.29, 38.399, 15]"
Feature,iscgem868048,7.8,South Sandwich Islands region,-176734843050,1651018091452,,https://earthquake.usgs.gov/earthquakes/eventpage/iscgem868048,https://earthquake.usgs.gov/fdsnws/event/1/query?eventid=iscgem868048&format=geojson,,,,,reviewed,0,936,iscgem,868048,",iscgem868048,",",iscgem,",",origin,",,,,,mw,earthquake,M 7.8 - South Sandwich Islands region,Point,"[-27.655, -56.323, 125]"
Feature,iscgem867525,7.0,"91 km W of Noshiro, Japan",-178387304720,1651017960136,,https://earthquake.usgs.gov/earthquakes/eventpage/iscgem867525,https://earthquake.usgs.gov/fdsnws/event/1/query?eventid=iscgem867525&format=geojson,,,5.312,,reviewed,0,754,iscgem,867525,",iscgem867525,atlas19640507075814,",",iscgem,atlas,",",origin,shakemap,trump-shakemap,",,,,,mw,earthquake,"M 7.0 - 91 km W of Noshiro, Japan",Point,"[138.969, 40.328, 20]"
Feature,official19640328033616_30,9.2,"The 1964 Prince William Sound, Alaska Earthquake",-181859024000,1706512907691,,https://earthquake.usgs.gov/earthquakes/eventpage/official19640328033616_30,https://earthquake.usgs.gov/fdsnws/event/1/query?eventid=official19640328033616_30&format=geojson,452.0,9.1,8.392,,automatic,0,1713,official,19640328033616_30,",akgoodfrid,official19640328033616_30,ushis2642,iscgem869809,atlas19640328033612,",",ak,official,ushis,iscgem,atlas,",",dyfi,earthquake-name,general-header,general-link,ground-failure,impact-text,origin,shakemap,trump-origin,trump-shakemap,",,,,,mw,earthquake,"M 9.2 - The 1964 Prince William Sound, Alaska Earthquake",Point,"[-147.339, 60.908, 25]"
Feature,iscgem17294673,7.6,south of the Fiji Islands,-190596594530,1651005060790,,https://earthquake.usgs.gov/earthquakes/eventpage/iscgem17294673,https://earthquake.usgs.gov/fdsnws/event/1/query?eventid=iscgem17294673&format=geojson,,,7.573,,reviewed,0,889,iscgem,17294673,",iscgem17294673,",",iscgem,",",origin,shakemap,",,,,,mw,earthquake,M 7.6 - south of the Fiji Islands,Point,"[-176.844, -24.749, 55]"
Feature,iscgem17294667,7.04,"164 km N of Pamanukan, Indonesia",-190787112360,1651005058513,,https://earthquake.usgs.gov/earthquakes/eventpage/iscgem17294667,https://earthquake.usgs.gov/fdsnws/event/1/query?eventid=iscgem17294667&format=geojson,,,,,reviewed,0,762,iscgem,17294667,",iscgem17294667,",",iscgem,",",origin,",,,,,mw,earthquake,"M 7.0 - 164 km N of Pamanukan, Indonesia",Point,"[108.045, -4.813, 661.5]"
Feature,iscgem17294529,7.63,"132 km SW of Tarauacá, Brazil",-193891467720,1651005056926,,https://earthquake.usgs.gov/earthquakes/eventpage/iscgem17294529,https://earthquake.usgs.gov/fdsnws/event/1/query?eventid=iscgem17294529&format=geojson,,,,,reviewed,0,896,iscgem,17294529,",iscgem17294529,",",iscgem,",",origin,",,,,,mw,earthquake,"M 7.6 - 132 km SW of Tarauacá, Brazil",Point,"[-71.483, -9.127, 590.7]"
Feature,iscgem17294492,8.1,Banda Sea,-194395366100,1651005047975,,https://earthquake.usgs.gov/earthquakes/eventpage/iscgem17294492,https://earthquake.usgs.gov/fdsnws/event/1/query?eventid=iscgem17294492&format=geojson,,,7.345,,reviewed,0,1009,iscgem,17294492,",iscgem17294492,atlas19631104011705,",",iscgem,atlas,",",origin,shakemap,trump-shakemap,",,,,,mw,earthquake,M 8.1 - Banda Sea,Point,"[129.605, -6.957, 110]"
Feature,iscgem873349,7.8,"217 km ESE of Kuril’sk, Russia",-195692807790,1651019300286,,https://earthquake.usgs.gov/earthquakes/eventpage/iscgem873349,https://earthquake.usgs.gov/fdsnws/event/1/query?eventid=iscgem873349&format=geojson,,,5.615,,reviewed,0,936,iscgem,873349,",iscgem873349,",",iscgem,",",origin,shakemap,",,,,,mw,earthquake,"M 7.8 - 217 km ESE of Kuril’sk, Russia",Point,"[150.547, 44.726, 28.2]"
Feature,official19631013051759_30,8.5,"132 km ESE of Kuril’sk, Russia",-196281721000,1651019274334,,https://earthquake.usgs.gov/earthquakes/eventpage/official19631013051759_30,https://earthquake.usgs.gov/fdsnws/event/1/query?eventid=official19631013051759_30&format=geojson,,,6.803,,reviewed,0,1112,official,19631013051759_30,",iscgem873239,official19631013051759_30,",",iscgem,official,",",general-header,origin,shakemap,trump-origin,",,,,,mw,earthquake,"M 8.5 - 132 km ESE of Kuril’sk, Russia",Point,"[149.483, 44.872, 35]"
Feature,iscgem873224,7.0,"124 km ESE of Kuril’sk, Russia",-196345979490,1651019268955,,https://earthquake.usgs.gov/earthquakes/eventpage/iscgem873224,https://earthquake.usgs.gov/fdsnws/event/1/query?eventid=iscgem873224&format=geojson,,,5.234,,reviewed,0,754,iscgem,873224,",iscgem873224,",",iscgem,",",origin,shakemap,",,,,,mw,earthquake,"M 7.0 - 124 km ESE of Kuril’sk, Russia",Point,"[149.225, 44.647, 37.5]"
Feature,iscgem17294275,7.21,"55 km WNW of Lata, Solomon Islands",-198477585860,1651005042153,,https://earthquake.usgs.gov/earthquakes/eventpage/iscgem17294275,https://earthquake.usgs.gov/fdsnws/event/1/query?eventid=iscgem17294275&format=geojson,,,6.04,,reviewed,0,800,iscgem,17294275,",iscgem17294275,atlas19630917192011,",",iscgem,atlas,",",origin,shakemap,trump-shakemap,",,,,,mw,earthquake,"M 7.2 - 55 km WNW of Lata, Solomon Islands",Point,"[165.36, -10.466, 45]"
Feature,iscgem873068,7.4,"28 km NW of Lata, Solomon Islands",-198717184890,1651019240456,,https://earthquake.usgs.gov/earthquakes/eventpage/iscgem873068,https://earthquake.usgs.gov/fdsnws/event/1/query?eventid=iscgem873068&format=geojson,,,6.625,,reviewed,0,842,iscgem,873068,",iscgem873068,atlas19630915004654,",",iscgem,atlas,",",origin,shakemap,trump-shakemap,",,,,,mw,earthquake,"M 7.4 - 28 km NW of Lata, Solomon Islands",Point,"[165.642, -10.522, 35]"
Feature,iscgem872971,7.03,"217 km ENE of Levuka, Fiji",-200490105690,1651019213640,,https://earthquake.usgs.gov/earthquakes/eventpage/iscgem872971,https://earthquake.usgs.gov/fdsnws/event/1/query?eventid=iscgem872971&format=geojson,,,3.135,,reviewed,0,760,iscgem,872971,",iscgem872971,",",iscgem,",",origin,shakemap,",,,,,mw,earthquake,"M 7.0 - 217 km ENE of Levuka, Fiji",Point,"[-178.684, -17.628, 570]"
Feature,iscgem17294122,7.67,"50 km N of Sandia, Peru",-201335690370,1651005023674,,https://earthquake.usgs.gov/earthquakes/eventpage/iscgem17294122,https://earthquake.usgs.gov/fdsnws/event/1/query?eventid=iscgem17294122&format=geojson,,,3.783,,reviewed,0,905,iscgem,17294122,",iscgem17294122,",",iscgem,",",origin,shakemap,",,,,,mw,earthquake,"M 7.7 - 50 km N of Sandia, Peru",Point,"[-69.414, -13.866, 550]"
Feature,iscgem872159,7.07,"204 km SSE of Sofifi, Indonesia",-211845886570,1651018810788,,https://earthquake.usgs.gov/earthquakes/eventpage/iscgem872159,https://earthquake.usgs.gov/fdsnws/event/1/query?eventid=iscgem872159&format=geojson,,,6.0,,reviewed,0,769,iscgem,872159,",iscgem872159,",",iscgem,",",origin,shakemap,",,,,,mw,earthquake,"M 7.1 - 204 km SSE of Sofifi, Indonesia",Point,"[128.043, -1.05, 30]"
Feature,iscgem872157,7.13,"197 km SSE of Sofifi, Indonesia",-211847436500,1651018809543,,https://earthquake.usgs.gov/earthquakes/eventpage/iscgem872157,https://earthquake.usgs.gov/fdsnws/event/1/query?eventid=iscgem872157&format=geojson,,,6.119,,reviewed,0,782,iscgem,872157,",iscgem872157,atlas19630416012923,",",iscgem,atlas,",",origin,shakemap,trump-shakemap,",,,,,mw,earthquake,"M 7.1 - 197 km SSE of Sofifi, Indonesia",Point,"[128.07, -0.975, 30]"
Feature,iscgem17293490,7.3,"Kermadec Islands, New Zealand",-213631902840,1651004921260,,https://earthquake.usgs.gov/earthquakes/eventpage/iscgem17293490,https://earthquake.usgs.gov/fdsnws/event/1/query?eventid=iscgem17293490&format=geojson,,,,,reviewed,0,820,iscgem,17293490,",iscgem17293490,",",iscgem,",",origin,",,,,,mw,earthquake,"M 7.3 - Kermadec Islands, New Zealand",Point,"[-177.675, -29.992, 10]"
Feature,iscgem871982,7.65,east of the Kuril Islands,-214499709090,1651018744075,,https://earthquake.usgs.gov/earthquakes/eventpage/iscgem871982,https://earthquake.usgs.gov/fdsnws/event/1/query?eventid=iscgem871982&format=geojson,,,,,reviewed,0,900,iscgem,871982,",iscgem871982,",",iscgem,",",origin,",,,,,mw,earthquake,M 7.7 - east of the Kuril Islands,Point,"[154.783, 46.636, 15]"
Feature,iscgem871885,7.5,"49 km WSW of Wau, Papua New Guinea",-216013549160,1651018731340,,https://earthquake.usgs.gov/earthquakes/eventpage/iscgem871885,https://earthquake.usgs.gov/fdsnws/event/1/query?eventid=iscgem871885&format=geojson,,,5.803,,reviewed,0,865,iscgem,871885,",iscgem871885,atlas19630226201411,",",iscgem,atlas,",",origin,shakemap,trump-shakemap,",,,,,mw,earthquake,"M 7.5 - 49 km WSW of Wau, Papua New Guinea",Point,"[146.308, -7.523, 186.6]"
Feature,iscgem871818,7.2,"51 km SE of Yilan, Taiwan",-217177795750,1651018724546,,https://earthquake.usgs.gov/earthquakes/eventpage/iscgem871818,https://earthquake.usgs.gov/fdsnws/event/1/query?eventid=iscgem871818&format=geojson,,,,,reviewed,0,798,iscgem,871818,",iscgem871818,",",iscgem,",",origin,",,,,,mw,earthquake,"M 7.2 - 51 km SE of Yilan, Taiwan",Point,"[122.094, 24.411, 30]"
Feature,iscgem875774,7.15,"21 km SSE of Taco Pozo, Argentina",-222921158630,1650989695903,,https://earthquake.usgs.gov/earthquakes/eventpage/iscgem875774,https://earthquake.usgs.gov/fdsnws/event/1/query?eventid=iscgem875774&format=geojson,,,,,reviewed,0,787,iscgem,875774,",iscgem875774,",",iscgem,",",origin,",,,,,mw,earthquake,"M 7.2 - 21 km SSE of Taco Pozo, Argentina",Point,"[-63.21, -25.802, 588.7]"
Feature,iscgem17292570,7.0,"47 km SSE of T?kest?n, Iran",-231395958520,1650989195432,,https://earthquake.usgs.gov/earthquakes/eventpage/iscgem17292570,https://earthquake.usgs.gov/fdsnws/event/1/query?eventid=iscgem17292570&format=geojson,,,9.25,,reviewed,0,754,iscgem,17292570,",atlas19620901192040,iscgem17292570,",",atlas,iscgem,",",origin,shakemap,trump-shakemap,",,,,,mw,earthquake,"M 7.0 - 47 km SSE of T?kest?n, Iran",Point,"[49.843, 35.656, 15]"
Feature,iscgem17292186,7.18,"59 km SSE of Burica, Panama",-234632713010,1650989166997,,https://earthquake.usgs.gov/earthquakes/eventpage/iscgem17292186,https://earthquake.usgs.gov/fdsnws/event/1/query?eventid=iscgem17292186&format=geojson,,,5.707,,reviewed,0,793,iscgem,17292186,",iscgem17292186,atlas19620726081445,",",iscgem,atlas,",",origin,shakemap,trump-shakemap,",,,,,mw,earthquake,"M 7.2 - 59 km SSE of Burica, Panama",Point,"[-82.729, 7.512, 25]"
Feature,iscgem874777,7.47,"262 km WNW of Haveluloto, Tonga",-240288262230,1650989392961,,https://earthquake.usgs.gov/earthquakes/eventpage/iscgem874777,https://earthquake.usgs.gov/fdsnws/event/1/query?eventid=iscgem874777&format=geojson,,,,,reviewed,0,858,iscgem,874777,",iscgem874777,",",iscgem,",",origin,",,,,,mw,earthquake,"M 7.5 - 262 km WNW of Haveluloto, Tonga",Point,"[-177.459, -20.088, 390]"
Feature,iscgem874743,7.1,"186 km NE of Lospalos, Timor Leste",-240863770910,1650989390749,,https://earthquake.usgs.gov/earthquakes/eventpage/iscgem874743,https://earthquake.usgs.gov/fdsnws/event/1/query?eventid=iscgem874743&format=geojson,,,5.955,,reviewed,0,776,iscgem,874743,",iscgem874743,atlas19620515052347,",",iscgem,atlas,",",origin,shakemap,trump-shakemap,",,,,,mw,earthquake,"M 7.1 - 186 km NE of Lospalos, Timor Leste",Point,"[128.218, -7.351, 30.2]"
Feature,iscgem874725,7.0,"1 km SSW of Ejido Nuevo, Mexico",-241177685450,1650989389014,,https://earthquake.usgs.gov/earthquakes/eventpage/iscgem874725,https://earthquake.usgs.gov/fdsnws/event/1/query?eventid=iscgem874725&format=geojson,,,,,reviewed,0,754,iscgem,874725,",iscgem874725,",",iscgem,",",origin,",,,,,mw,earthquake,"M 7.0 - 1 km SSW of Ejido Nuevo, Mexico",Point,"[-99.741, 16.96, 25]"
Feature,iscgem874610,7.1,"62 km SE of Obihiro, Japan",-242762506280,1650989357229,,https://earthquake.usgs.gov/earthquakes/eventpage/iscgem874610,https://earthquake.usgs.gov/fdsnws/event/1/query?eventid=iscgem874610&format=geojson,,,7.166,,reviewed,0,776,iscgem,874610,",iscgem874610,atlas19620423055810,",",iscgem,atlas,",",origin,shakemap,trump-shakemap,",,,,,mw,earthquake,"M 7.1 - 62 km SE of Obihiro, Japan",Point,"[143.734, 42.506, 60]"
Feature,iscgem874529,7.3,"137 km ESE of Ishinomaki, Japan",-243731235600,1650989343708,,https://earthquake.usgs.gov/earthquakes/eventpage/iscgem874529,https://earthquake.usgs.gov/fdsnws/event/1/query?eventid=iscgem874529&format=geojson,,,4.967,,reviewed,0,820,iscgem,874529,",iscgem874529,atlas19620412005242,",",iscgem,atlas,",",origin,shakemap,trump-shakemap,",,,,,mw,earthquake,"M 7.3 - 137 km ESE of Ishinomaki, Japan",Point,"[142.789, 38.022, 28]"
Feature,iscgem17291428,7.1,"15 km WSW of Angol, Chile",-248635434650,1650989137749,,https://earthquake.usgs.gov/earthquakes/eventpage/iscgem17291428,https://earthquake.usgs.gov/fdsnws/event/1/query?eventid=iscgem17291428&format=geojson,,,7.008,,reviewed,0,776,iscgem,17291428,",iscgem17291428,atlas19620214063604,",",iscgem,atlas,",",origin,shakemap,trump-shakemap,",,,,,mw,earthquake,"M 7.1 - 15 km WSW of Angol, Chile",Point,"[-72.885, -37.845, 30]"
Feature,iscgem877339,7.1,South Sandwich Islands region,-262355608000,1650990200045,,https://earthquake.usgs.gov/earthquakes/eventpage/iscgem877339,https://earthquake.usgs.gov/fdsnws/event/1/query?eventid=iscgem877339&format=geojson,,,,,reviewed,0,776,iscgem,877339,",iscgem877339,",",iscgem,",",origin,",,,,,mw,earthquake,M 7.1 - South Sandwich Islands region,Point,"[-27.345, -56.332, 100.9]"
Feature,iscgem17290909,7.3,South Sandwich Islands region,-263001020940,1650989127396,,https://earthquake.usgs.gov/earthquakes/eventpage/iscgem17290909,https://earthquake.usgs.gov/fdsnws/event/1/query?eventid=iscgem17290909&format=geojson,,,,,reviewed,0,820,iscgem,17290909,",iscgem17290909,",",iscgem,",",origin,",,,,,mw,earthquake,M 7.3 - South Sandwich Islands region,Point,"[-26.801, -59.274, 129.2]"
Feature,iscgem877295,7.2,"149 km WNW of Iñapari, Peru",-263081480710,1650990185626,,https://earthquake.usgs.gov/earthquakes/eventpage/iscgem877295,https://earthquake.usgs.gov/fdsnws/event/1/query?eventid=iscgem877295&format=geojson,,,,,reviewed,0,798,iscgem,877295,",iscgem877295,",",iscgem,",",origin,",,,,,mw,earthquake,"M 7.2 - 149 km WNW of Iñapari, Peru",Point,"[-70.925, -10.688, 597.5]"
Feature,iscgem877215,7.6,"132 km W of Iñapari, Peru",-264106208990,1650990159125,,https://earthquake.usgs.gov/earthquakes/eventpage/iscgem877215,https://earthquake.usgs.gov/fdsnws/event/1/query?eventid=iscgem877215&format=geojson,,,,,reviewed,0,889,iscgem,877215,",iscgem877215,",",iscgem,",",origin,",,,,,mw,earthquake,"M 7.6 - 132 km W of Iñapari, Peru",Point,"[-70.775, -10.75, 612.2]"
Feature,iscgem877175,7.02,"48 km SW of Nemuro, Japan",-264758903290,1650990143089,,https://earthquake.usgs.gov/earthquakes/eventpage/iscgem877175,https://earthquake.usgs.gov/fdsnws/event/1/query?eventid=iscgem877175&format=geojson,,,6.599,,reviewed,0,758,iscgem,877175,",iscgem877175,atlas19610811155134,",",iscgem,atlas,",",origin,shakemap,trump-shakemap,",,,,,mw,earthquake,"M 7.0 - 48 km SW of Nemuro, Japan",Point,"[145.101, 43.056, 43.9]"
Feature,iscgem877044,7.33,"63 km S of Port-Vila, Vanuatu",-266378930250,1650990129508,,https://earthquake.usgs.gov/earthquakes/eventpage/iscgem877044,https://earthquake.usgs.gov/fdsnws/event/1/query?eventid=iscgem877044&format=geojson,,,6.157,,reviewed,0,827,iscgem,877044,",iscgem877044,atlas19610723215110,",",iscgem,atlas,",",origin,shakemap,trump-shakemap,",,,,,mw,earthquake,"M 7.3 - 63 km S of Port-Vila, Vanuatu",Point,"[168.29, -18.307, 25]"
Feature,iscgem877000,7.03,"126 km ESE of Koshima, Japan",-266838978630,1650990116867,,https://earthquake.usgs.gov/earthquakes/eventpage/iscgem877000,https://earthquake.usgs.gov/fdsnws/event/1/query?eventid=iscgem877000&format=geojson,,,4.562,,reviewed,0,760,iscgem,877000,",iscgem877000,",",iscgem,",",origin,shakemap,",,,,,mw,earthquake,"M 7.0 - 126 km ESE of Koshima, Japan",Point,"[131.683, 29.692, 30.6]"
Feature,iscgem17290245,7.04,"151 km ENE of Kashgar, China",-275124315410,1650989103285,,https://earthquake.usgs.gov/earthquakes/eventpage/iscgem17290245,https://earthquake.usgs.gov/fdsnws/event/1/query?eventid=iscgem17290245&format=geojson,,,7.297,,reviewed,0,762,iscgem,17290245,",iscgem17290245,atlas19610413163444,",",iscgem,atlas,",",origin,shakemap,trump-shakemap,",,,,,mw,earthquake,"M 7.0 - 151 km ENE of Kashgar, China",Point,"[77.712, 39.762, 35]"
Feature,iscgem876175,7.54,"18 km NNE of Nichinan, Japan",-279092947710,1650989835830,,https://earthquake.usgs.gov/earthquakes/eventpage/iscgem876175,https://earthquake.usgs.gov/fdsnws/event/1/query?eventid=iscgem876175&format=geojson,,,6.862,,reviewed,0,875,iscgem,876175,",iscgem876175,atlas19610226181051,",",iscgem,atlas,",",origin,shakemap,trump-shakemap,",,,,,mw,earthquake,"M 7.5 - 18 km NNE of Nichinan, Japan",Point,"[131.475, 31.739, 35]"
Feature,iscgem875970,7.03,"104 km ENE of Hasaki, Japan",-282656849390,1650989740002,,https://earthquake.usgs.gov/earthquakes/eventpage/iscgem875970,https://earthquake.usgs.gov/fdsnws/event/1/query?eventid=iscgem875970&format=geojson,,,4.975,,reviewed,0,760,iscgem,875970,",iscgem875970,",",iscgem,",",origin,shakemap,",,,,,mw,earthquake,"M 7.0 - 104 km ENE of Hasaki, Japan",Point,"[141.815, 36.226, 30]"
Feature,iscgem875966,7.2,"93 km ENE of Hasaki, Japan",-282674386440,1650989737186,,https://earthquake.usgs.gov/earthquakes/eventpage/iscgem875966,https://earthquake.usgs.gov/fdsnws/event/1/query?eventid=iscgem875966&format=geojson,,,5.438,,reviewed,0,798,iscgem,875966,",iscgem875966,atlas19610116072013,",",iscgem,atlas,",",origin,shakemap,trump-shakemap,",,,,,mw,earthquake,"M 7.2 - 93 km ENE of Hasaki, Japan",Point,"[141.758, 36.121, 30]"
Feature,iscgem880905,7.3,"77 km NNE of Taltal, Chile",-286555751280,1650991121052,,https://earthquake.usgs.gov/earthquakes/eventpage/iscgem880905,https://earthquake.usgs.gov/fdsnws/event/1/query?eventid=iscgem880905&format=geojson,,,7.103,,reviewed,0,820,iscgem,880905,",iscgem880905,atlas19601202091043,",",iscgem,atlas,",",origin,shakemap,trump-shakemap,",,,,,mw,earthquake,"M 7.3 - 77 km NNE of Taltal, Chile",Point,"[-70.297, -24.732, 35]"
Feature,iscgem880846,7.2,south of the Fiji Islands,-287255232600,1650991103235,,https://earthquake.usgs.gov/earthquakes/eventpage/iscgem880846,https://earthquake.usgs.gov/fdsnws/event/1/query?eventid=iscgem880846&format=geojson,,,,,reviewed,0,798,iscgem,880846,",iscgem880846,",",iscgem,",",origin,",,,,,mw,earthquake,M 7.2 - south of the Fiji Islands,Point,"[-176.248, -24.678, 30]"
Feature,iscgem880820,7.6,"103 km WSW of Mórrope, Peru",-287546282840,1650991085437,,https://earthquake.usgs.gov/earthquakes/eventpage/iscgem880820,https://earthquake.usgs.gov/fdsnws/event/1/query?eventid=iscgem880820&format=geojson,,,6.706,,reviewed,0,889,iscgem,880820,",iscgem880820,atlas19601120220200,",",iscgem,atlas,",",origin,shakemap,trump-shakemap,",,,,,mw,earthquake,"M 7.6 - 103 km WSW of Mórrope, Peru",Point,"[-80.918, -6.775, 15]"
Feature,iscgem880670,7.4,"Off the coast of Araucania, Chile",-289235640650,1650991059378,,https://earthquake.usgs.gov/earthquakes/eventpage/iscgem880670,https://earthquake.usgs.gov/fdsnws/event/1/query?eventid=iscgem880670&format=geojson,,,5.294,,reviewed,0,842,iscgem,880670,",iscgem880670,",",iscgem,",",origin,shakemap,",,,,,mw,earthquake,"M 7.4 - Off the coast of Araucania, Chile",Point,"[-75.031, -38.467, 20]"
Feature,iscgem879577,7.0,"24 km WNW of Traiguén, Chile",-300837525250,1650990706804,,https://earthquake.usgs.gov/earthquakes/eventpage/iscgem879577,https://earthquake.usgs.gov/fdsnws/event/1/query?eventid=iscgem879577&format=geojson,,,7.054,,reviewed,0,754,iscgem,879577,",iscgem879577,atlas19600620020115,",",iscgem,atlas,",",origin,shakemap,trump-shakemap,",,,,,mw,earthquake,"M 7.0 - 24 km WNW of Traiguén, Chile",Point,"[-72.917, -38.154, 25]"
Feature,iscgem879416,7.7,"35 km S of Puerto Chacabuco, Chile",-302033051050,1650990685895,,https://earthquake.usgs.gov/earthquakes/eventpage/iscgem879416,https://earthquake.usgs.gov/fdsnws/event/1/query?eventid=iscgem879416&format=geojson,,,7.573,,reviewed,0,912,iscgem,879416,",iscgem879416,atlas19600606055549,",",iscgem,atlas,",",origin,shakemap,trump-shakemap,",,,,,mw,earthquake,"M 7.7 - 35 km S of Puerto Chacabuco, Chile",Point,"[-72.889, -45.785, 15]"
Feature,official19600522191120_30,9.5,1960 Great Chilean Earthquake (Valdivia Earthquake),-303281320000,1650990606879,,https://earthquake.usgs.gov/earthquakes/eventpage/official19600522191120_30,https://earthquake.usgs.gov/fdsnws/event/1/query?eventid=official19600522191120_30&format=geojson,,,8.842,,automatic,0,1388,official,19600522191120_30,",iscgem879136,official19600522191120_30,atlas19600522191117,",",iscgem,official,atlas,",",general-header,ground-failure,impact-text,origin,shakemap,trump-origin,trump-shakemap,",,,,,mw,earthquake,M 9.5 - 1960 Great Chilean Earthquake (Valdivia Earthquake),Point,"[-73.407, -38.143, 25]"
Feature,official19600522185602_30,7.8,"38 km WNW of Traiguén, Chile",-303282238000,1650990605667,,https://earthquake.usgs.gov/earthquakes/eventpage/official19600522185602_30,https://earthquake.usgs.gov/fdsnws/event/1/query?eventid=official19600522185602_30&format=geojson,,,7.274,,automatic,0,936,official,19600522185602_30,",iscgem879134,official19600522185602_30,atlas19600522185604,",",iscgem,official,atlas,",",general-header,origin,shakemap,trump-origin,trump-shakemap,",,,,,mw,earthquake,"M 7.8 - 38 km WNW of Traiguén, Chile",Point,"[-73.039, -38.061, 25]"
Feature,iscgem879127,7.14,"26 km W of Angol, Chile",-303312555650,1650990602798,,https://earthquake.usgs.gov/earthquakes/eventpage/iscgem879127,https://earthquake.usgs.gov/fdsnws/event/1/query?eventid=iscgem879127&format=geojson,,,7.112,,reviewed,0,784,iscgem,879127,",iscgem879127,atlas19600522103044,",",iscgem,atlas,",",origin,shakemap,trump-shakemap,",,,,,mw,earthquake,"M 7.1 - 26 km W of Angol, Chile",Point,"[-73.017, -37.775, 25]"
Feature,iscgem879106,8.1,"4 km ESE of Cañete, Chile",-303400622440,1650990583728,,https://earthquake.usgs.gov/earthquakes/eventpage/iscgem879106,https://earthquake.usgs.gov/fdsnws/event/1/query?eventid=iscgem879106&format=geojson,,,7.233,,reviewed,0,1009,iscgem,879106,",iscgem879106,atlas19600521100254,",",iscgem,atlas,",",origin,shakemap,trump-shakemap,",,,,,mw,earthquake,"M 8.1 - 4 km ESE of Cañete, Chile",Point,"[-73.353, -37.824, 25]"
Feature,iscgem878607,7.01,"118 km E of Miyako, Japan",-308532991710,1650990495273,,https://earthquake.usgs.gov/earthquakes/eventpage/iscgem878607,https://earthquake.usgs.gov/fdsnws/event/1/query?eventid=iscgem878607&format=geojson,,,4.608,,reviewed,0,756,iscgem,878607,",iscgem878607,",",iscgem,",",origin,shakemap,",,,,,mw,earthquake,"M 7.0 - 118 km E of Miyako, Japan",Point,"[143.316, 39.635, 15]"
Feature,iscgem878564,7.95,"113 km ENE of Miyako, Japan",-308731948340,1650990478687,,https://earthquake.usgs.gov/earthquakes/eventpage/iscgem878564,https://earthquake.usgs.gov/fdsnws/event/1/query?eventid=iscgem878564&format=geojson,,,6.253,,reviewed,0,972,iscgem,878564,",iscgem878564,",",iscgem,",",origin,shakemap,",,,,,mw,earthquake,"M 8.0 - 113 km ENE of Miyako, Japan",Point,"[143.228, 39.869, 15]"
Feature,iscgem878016,7.1,"21 km SSE of Nazca, Peru",-314375378370,1650990383634,,https://earthquake.usgs.gov/earthquakes/eventpage/iscgem878016,https://earthquake.usgs.gov/fdsnws/event/1/query?eventid=iscgem878016&format=geojson,,,7.221,,reviewed,0,776,iscgem,878016,",iscgem878016,atlas19600115093016,",",iscgem,atlas,",",origin,shakemap,trump-shakemap,",,,,,mw,earthquake,"M 7.1 - 21 km SSE of Nazca, Peru",Point,"[-74.867, -15.008, 65]"
Feature,iscgem882896,7.31,Kermadec Islands region,-324985813040,1650991690928,,https://earthquake.usgs.gov/earthquakes/eventpage/iscgem882896,https://earthquake.usgs.gov/fdsnws/event/1/query?eventid=iscgem882896&format=geojson,,,,,reviewed,0,822,iscgem,882896,",iscgem882896,",",iscgem,",",origin,",,,,,mw,earthquake,M 7.3 - Kermadec Islands region,Point,"[-177.209, -28.84, 35]"
Feature,ushis2396,7.3,"The 1959 Hebgen Lake, Montana Earthquake",-327345766500,1706520686308,,https://earthquake.usgs.gov/earthquakes/eventpage/ushis2396,https://earthquake.usgs.gov/fdsnws/event/1/query?eventid=ushis2396&format=geojson,,,8.608,,reviewed,0,820,ushis,2396,",ushis2396,iscgem882673,",",ushis,iscgem,",",earthquake-name,general-header,ground-failure,impact-text,origin,shakemap,trump-origin,",,,,,mw,earthquake,"M 7.3 - The 1959 Hebgen Lake, Montana Earthquake",Point,"[-111.215, 44.712, 5]"
Feature,iscgem882668,7.01,"67 km WNW of Gizo, Solomon Islands",-327380111390,1650991618595,,https://earthquake.usgs.gov/earthquakes/eventpage/iscgem882668,https://earthquake.usgs.gov/fdsnws/event/1/query?eventid=iscgem882668&format=geojson,,,6.347,,reviewed,0,756,iscgem,882668,",iscgem882668,",",iscgem,",",origin,shakemap,",,,,,mw,earthquake,"M 7.0 - 67 km WNW of Gizo, Solomon Islands",Point,"[156.328, -7.776, 25]"
Feature,iscgem882641,7.22,"38 km ENE of Hengchun, Taiwan",-327596573380,1650991602345,,https://earthquake.usgs.gov/earthquakes/eventpage/iscgem882641,https://earthquake.usgs.gov/fdsnws/event/1/query?eventid=iscgem882641&format=geojson,,,6.434,,reviewed,0,802,iscgem,882641,",iscgem882641,",",iscgem,",",origin,shakemap,",,,,,mw,earthquake,"M 7.2 - 38 km ENE of Hengchun, Taiwan",Point,"[121.105, 22.078, 25]"
Feature,iscgem882240,7.1,"136 km E of Iquique, Chile",-332984873200,1650991517749,,https://earthquake.usgs.gov/earthquakes/eventpage/iscgem882240,https://earthquake.usgs.gov/fdsnws/event/1/query?eventid=iscgem882240&format=geojson,,,6.754,,reviewed,0,776,iscgem,882240,",iscgem882240,",",iscgem,",",origin,shakemap,",,,,,mw,earthquake,"M 7.1 - 136 km E of Iquique, Chile",Point,"[-68.862, -20.407, 109.2]"
Feature,iscgem881925,7.9,"76 km ENE of Petropavlovsk-Kamchatsky, Russia",-336501852070,1650991418408,,https://earthquake.usgs.gov/earthquakes/eventpage/iscgem881925,https://earthquake.usgs.gov/fdsnws/event/1/query?eventid=iscgem881925&format=geojson,,,7.039,,reviewed,0,960,iscgem,881925,",iscgem881925,",",iscgem,",",origin,shakemap,",,,,,mw,earthquake,"M 7.9 - 76 km ENE of Petropavlovsk-Kamchatsky, Russia",Point,"[159.732, 53.257, 55]"
Feature,iscgem885493,7.0,"132 km SSE of Kuril’sk, Russia",-351401786460,1650992721056,,https://earthquake.usgs.gov/earthquakes/eventpage/iscgem885493,https://earthquake.usgs.gov/fdsnws/event/1/query?eventid=iscgem885493&format=geojson,,,4.746,,reviewed,0,754,iscgem,885493,",iscgem885493,",",iscgem,",",origin,shakemap,",,,,,mw,earthquake,"M 7.0 - 132 km SSE of Kuril’sk, Russia",Point,"[148.754, 44.215, 35]"
Feature,official19581106225809_30,8.3,"95 km SSE of Kuril’sk, Russia",-351910911000,1650992682108,,https://earthquake.usgs.gov/earthquakes/eventpage/official19581106225809_30,https://earthquake.usgs.gov/fdsnws/event/1/query?eventid=official19581106225809_30&format=geojson,,,6.767,,automatic,0,1060,official,19581106225809_30,",iscgem885402,official19581106225809_30,",",iscgem,official,",",general-header,impact-text,origin,shakemap,trump-origin,",,,,,mw,earthquake,"M 8.3 - 95 km SSE of Kuril’sk, Russia",Point,"[148.485, 44.479, 35]"
Feature,iscgem884809,7.5,"81 km SSE of Puerto Rosario de Laberinto, Peru",-360829365030,1650992446186,,https://earthquake.usgs.gov/earthquakes/eventpage/iscgem884809,https://earthquake.usgs.gov/fdsnws/event/1/query?eventid=iscgem884809&format=geojson,,,3.389,,reviewed,0,865,iscgem,884809,",iscgem884809,",",iscgem,",",origin,shakemap,",,,,,mw,earthquake,"M 7.5 - 81 km SSE of Puerto Rosario de Laberinto, Peru",Point,"[-69.388, -13.428, 612.4]"
Feature,iscgem884702,7.8,"22 km W of Elfin Cove, Alaska",-362252641470,1650992387883,,https://earthquake.usgs.gov/earthquakes/eventpage/iscgem884702,https://earthquake.usgs.gov/fdsnws/event/1/query?eventid=iscgem884702&format=geojson,,,7.674,,reviewed,0,936,iscgem,884702,",iscgem884702,ushis2319,",",iscgem,ushis,",",impact-text,origin,shakemap,",,,,,mw,earthquake,"M 7.8 - 22 km W of Elfin Cove, Alaska",Point,"[-136.712, 58.23, 10]"
Feature,iscgem883985,7.15,"68 km NNE of Ishigaki, Japan",-372728037990,1650992131411,,https://earthquake.usgs.gov/earthquakes/eventpage/iscgem883985,https://earthquake.usgs.gov/fdsnws/event/1/query?eventid=iscgem883985&format=geojson,,,6.396,,reviewed,0,787,iscgem,883985,",iscgem883985,",",iscgem,",",origin,shakemap,",,,,,mw,earthquake,"M 7.2 - 68 km NNE of Ishigaki, Japan",Point,"[124.327, 24.945, 35]"
Feature,iscgem883713,7.6,near the coast of Ecuador,-377085151530,1650992015453,,https://earthquake.usgs.gov/earthquakes/eventpage/iscgem883713,https://earthquake.usgs.gov/fdsnws/event/1/query?eventid=iscgem883713&format=geojson,,,7.229,,reviewed,0,889,iscgem,883713,",iscgem883713,",",iscgem,",",origin,shakemap,",,,,,mw,earthquake,M 7.6 - near the coast of Ecuador,Point,"[-79.489, 1.011, 27.5]"
Feature,iscgem883699,7.0,"21 km SW of Santa Rita de Siguas, Peru",-377412328680,1650991985982,,https://earthquake.usgs.gov/earthquakes/eventpage/iscgem883699,https://earthquake.usgs.gov/fdsnws/event/1/query?eventid=iscgem883699&format=geojson,,,7.132,,reviewed,0,754,iscgem,883699,",iscgem883699,",",iscgem,",",origin,shakemap,",,,,,mw,earthquake,"M 7.0 - 21 km SW of Santa Rita de Siguas, Peru",Point,"[-72.242, -16.625, 64]"
Feature,iscgem887702,7.8,"186 km NNW of Sola, Vanuatu",-379937377880,1650993642109,,https://earthquake.usgs.gov/earthquakes/eventpage/iscgem887702,https://earthquake.usgs.gov/fdsnws/event/1/query?eventid=iscgem887702&format=geojson,,,6.968,,reviewed,0,936,iscgem,887702,",iscgem887702,",",iscgem,",",origin,shakemap,",,,,,mw,earthquake,"M 7.8 - 186 km NNW of Sola, Vanuatu",Point,"[166.684, -12.418, 123.6]"
Feature,iscgem887636,8.1,"153 km SW of Bayanhongor, Mongolia",-381097326210,1650993614336,,https://earthquake.usgs.gov/earthquakes/eventpage/iscgem887636,https://earthquake.usgs.gov/fdsnws/event/1/query?eventid=iscgem887636&format=geojson,,,7.603,,reviewed,0,1009,iscgem,887636,",iscgem887636,",",iscgem,",",impact-text,origin,shakemap,",,,,,mw,earthquake,"M 8.1 - 153 km SW of Bayanhongor, Mongolia",Point,"[99.368, 45.189, 30]"
Feature,iscgem887612,7.7,"51 km W of Atocha, Bolivia",-381462009400,1650993606380,,https://earthquake.usgs.gov/earthquakes/eventpage/iscgem887612,https://earthquake.usgs.gov/fdsnws/event/1/query?eventid=iscgem887612&format=geojson,,,5.72,,reviewed,0,912,iscgem,887612,",iscgem887612,",",iscgem,",",origin,shakemap,",,,,,mw,earthquake,"M 7.7 - 51 km W of Atocha, Bolivia",Point,"[-66.713, -20.948, 232.5]"
Feature,iscgem887437,7.6,"66 km SSE of Klyuchi, Russia",-384312437010,1650993513970,,https://earthquake.usgs.gov/earthquakes/eventpage/iscgem887437,https://earthquake.usgs.gov/fdsnws/event/1/query?eventid=iscgem887437&format=geojson,,,7.025,,reviewed,0,889,iscgem,887437,",iscgem887437,",",iscgem,",",origin,shakemap,",,,,,mw,earthquake,"M 7.6 - 66 km SSE of Klyuchi, Russia",Point,"[161.134, 55.75, 147.8]"
Feature,iscgem887265,7.4,Fiji region,-386847596060,1650993419143,,https://earthquake.usgs.gov/earthquakes/eventpage/iscgem887265,https://earthquake.usgs.gov/fdsnws/event/1/query?eventid=iscgem887265&format=geojson,,,,,reviewed,0,842,iscgem,887265,",iscgem887265,",",iscgem,",",origin,",,,,,mw,earthquake,M 7.4 - Fiji region,Point,"[-178.349, -20.541, 586.6]"
Feature,iscgem887230,7.25,"146 km SE of Pondaguitan, Philippines",-387214725920,1650993383642,,https://earthquake.usgs.gov/earthquakes/eventpage/iscgem887230,https://earthquake.usgs.gov/fdsnws/event/1/query?eventid=iscgem887230&format=geojson,,,5.398,,reviewed,0,809,iscgem,887230,",iscgem887230,",",iscgem,",",origin,shakemap,",,,,,mw,earthquake,"M 7.3 - 146 km SE of Pondaguitan, Philippines",Point,"[127.005, 5.327, 35]"
Feature,iscgem886928,7.6,"8 km ENE of Apantla, Mexico",-392224787350,1650993313842,,https://earthquake.usgs.gov/earthquakes/eventpage/iscgem886928,https://earthquake.usgs.gov/fdsnws/event/1/query?eventid=iscgem886928&format=geojson,,,7.036,,reviewed,0,889,iscgem,886928,",iscgem886928,",",iscgem,",",origin,shakemap,",,,,,mw,earthquake,"M 7.6 - 8 km ENE of Apantla, Mexico",Point,"[-99.092, 17.055, 37.8]"
Feature,iscgem886753,7.4,"25 km SE of Kuanda, Russia",-394933823790,1650993242543,,https://earthquake.usgs.gov/earthquakes/eventpage/iscgem886753,https://earthquake.usgs.gov/fdsnws/event/1/query?eventid=iscgem886753&format=geojson,,,7.488,,reviewed,0,842,iscgem,886753,",iscgem886753,",",iscgem,",",origin,shakemap,",,,,,mw,earthquake,"M 7.4 - 25 km SE of Kuanda, Russia",Point,"[116.409, 56.177, 25]"
Feature,iscgem886739,7.1,"82 km SE of Biak, Indonesia",-395280564290,1650993234096,,https://earthquake.usgs.gov/earthquakes/eventpage/iscgem886739,https://earthquake.usgs.gov/fdsnws/event/1/query?eventid=iscgem886739&format=geojson,,,7.25,,reviewed,0,776,iscgem,886739,",iscgem886739,",",iscgem,",",origin,shakemap,",,,,,mw,earthquake,"M 7.1 - 82 km SE of Biak, Indonesia",Point,"[136.592, -1.723, 59.1]"
Feature,iscgem886602,7.09,"13 km SSW of Düzce, Turkey",-397675582050,1650993140437,,https://earthquake.usgs.gov/earthquakes/eventpage/iscgem886602,https://earthquake.usgs.gov/fdsnws/event/1/query?eventid=iscgem886602&format=geojson,,,7.518,,reviewed,0,773,iscgem,886602,",iscgem886602,",",iscgem,",",origin,shakemap,",,,,,mw,earthquake,"M 7.1 - 13 km SSW of Düzce, Turkey",Point,"[31.09, 40.73, 25]"
Feature,iscgem886448,7.3,"34 km S of Sarigerme, Turkey",-400368858840,1650993097992,,https://earthquake.usgs.gov/earthquakes/eventpage/iscgem886448,https://earthquake.usgs.gov/fdsnws/event/1/query?eventid=iscgem886448&format=geojson,,,6.648,,reviewed,0,820,iscgem,886448,",iscgem886448,",",iscgem,",",origin,shakemap,",,,,,mw,earthquake,"M 7.3 - 34 km S of Sarigerme, Turkey",Point,"[28.699, 36.405, 35]"
Feature,iscgem886445,7.1,"27 km SSE of Sarigerme, Turkey",-400394986130,1650993096773,,https://earthquake.usgs.gov/earthquakes/eventpage/iscgem886445,https://earthquake.usgs.gov/fdsnws/event/1/query?eventid=iscgem886445&format=geojson,,,6.773,,reviewed,0,776,iscgem,886445,",iscgem886445,",",iscgem,",",origin,shakemap,",,,,,mw,earthquake,"M 7.1 - 27 km SSE of Sarigerme, Turkey",Point,"[28.829, 36.493, 35]"
Feature,iscgem886391,7.08,"112 km NNE of Hihifo, Tonga",-401258515650,1650993066571,,https://earthquake.usgs.gov/earthquakes/eventpage/iscgem886391,https://earthquake.usgs.gov/fdsnws/event/1/query?eventid=iscgem886391&format=geojson,,,,,reviewed,0,771,iscgem,886391,",iscgem886391,",",iscgem,",",origin,",,,,,mw,earthquake,"M 7.1 - 112 km NNE of Hihifo, Tonga",Point,"[-173.381, -15.02, 20]"
Feature,iscgem886230,7.07,"39 km S of Akutan, Alaska",-403263524940,1650993004664,,https://earthquake.usgs.gov/earthquakes/eventpage/iscgem886230,https://earthquake.usgs.gov/fdsnws/event/1/query?eventid=iscgem886230&format=geojson,,,6.476,,reviewed,0,769,iscgem,886230,",ushis2193,iscgem886230,",",ushis,iscgem,",",associate,impact-text,origin,shakemap,trump-origin,",,,,,mw,earthquake,"M 7.1 - 39 km S of Akutan, Alaska",Point,"[-165.771, 53.778, 46.6]"
Feature,iscgem886172,7.18,"162 km WSW of Adak, Alaska",-403824341060,1650992989755,,https://earthquake.usgs.gov/earthquakes/eventpage/iscgem886172,https://earthquake.usgs.gov/fdsnws/event/1/query?eventid=iscgem886172&format=geojson,,,,,reviewed,0,793,iscgem,886172,",iscgem886172,ushis2177,",",iscgem,ushis,",",impact-text,origin,trump-origin,",,,,,mw,earthquake,"M 7.2 - 162 km WSW of Adak, Alaska",Point,"[-178.87, 51.419, 25]"
Feature,iscgem886155,7.14,"75 km S of Adak, Alaska",-403953129820,1650992981376,,https://earthquake.usgs.gov/earthquakes/eventpage/iscgem886155,https://earthquake.usgs.gov/fdsnws/event/1/query?eventid=iscgem886155&format=geojson,,,,,reviewed,0,784,iscgem,886155,",iscgem886155,ushis2173,",",iscgem,ushis,",",impact-text,origin,trump-origin,",,,,,mw,earthquake,"M 7.1 - 75 km S of Adak, Alaska",Point,"[-176.733, 51.196, 25]"
Feature,iscgem886120,7.11,"60 km SW of Adak, Alaska",-404136899280,1650992970880,,https://earthquake.usgs.gov/earthquakes/eventpage/iscgem886120,https://earthquake.usgs.gov/fdsnws/event/1/query?eventid=iscgem886120&format=geojson,,,,,reviewed,0,778,iscgem,886120,",iscgem886120,ushis2163,",",iscgem,ushis,",",impact-text,origin,trump-origin,",,,,,mw,earthquake,"M 7.1 - 60 km SW of Adak, Alaska",Point,"[-177.243, 51.481, 20]"
Feature,iscgem886098,7.06,"35 km SW of Nikolski, Alaska",-404229667890,1650992959311,,https://earthquake.usgs.gov/earthquakes/eventpage/iscgem886098,https://earthquake.usgs.gov/fdsnws/event/1/query?eventid=iscgem886098&format=geojson,,,,,reviewed,0,767,iscgem,886098,",ushis2157,iscgem886098,",",ushis,iscgem,",",impact-text,origin,trump-origin,",,,,,mw,earthquake,"M 7.1 - 35 km SW of Nikolski, Alaska",Point,"[-169.191, 52.691, 35]"
Feature,official19570309142233_30,8.6,"81 km ESE of Adak, Alaska",-404386647000,1706516303874,,https://earthquake.usgs.gov/earthquakes/eventpage/official19570309142233_30,https://earthquake.usgs.gov/fdsnws/event/1/query?eventid=official19570309142233_30&format=geojson,,,7.043,,automatic,0,1138,official,19570309142233_30,",iscgem886030,official19570309142233_30,ushis2135,",",iscgem,official,ushis,",",general-header,impact-text,origin,shakemap,trump-origin,",,,,,mw,earthquake,"M 8.6 - 81 km ESE of Adak, Alaska",Point,"[-175.626, 51.499, 25]"
Feature,iscgem888827,7.1,"12 km SSW of Masachapa, Nicaragua",-416135861240,1650994083997,,https://earthquake.usgs.gov/earthquakes/eventpage/iscgem888827,https://earthquake.usgs.gov/fdsnws/event/1/query?eventid=iscgem888827&format=geojson,,,6.58,,reviewed,0,776,iscgem,888827,",iscgem888827,",",iscgem,",",origin,shakemap,",,,,,mw,earthquake,"M 7.1 - 12 km SSW of Masachapa, Nicaragua",Point,"[-86.556, 11.682, 35]"
Feature,iscgem888445,7.7,"19 km SSE of Amorgós, Greece",-425422094850,1650993909556,,https://earthquake.usgs.gov/earthquakes/eventpage/iscgem888445,https://earthquake.usgs.gov/fdsnws/event/1/query?eventid=iscgem888445&format=geojson,,,6.767,,reviewed,0,912,iscgem,888445,",iscgem888445,",",iscgem,",",origin,shakemap,",,,,,mw,earthquake,"M 7.7 - 19 km SSE of Amorgós, Greece",Point,"[25.957, 36.664, 20]"
Feature,iscgem888345,7.27,"42 km NNW of B?my?n, Afghanistan",-427941964060,1650993864811,,https://earthquake.usgs.gov/earthquakes/eventpage/iscgem888345,https://earthquake.usgs.gov/fdsnws/event/1/query?eventid=iscgem888345&format=geojson,,,7.373,,reviewed,0,813,iscgem,888345,",iscgem888345,",",iscgem,",",origin,shakemap,",,,,,mw,earthquake,"M 7.3 - 42 km NNW of B?my?n, Afghanistan",Point,"[67.607, 35.155, 25]"
Feature,iscgem888284,7.6,"144 km SSW of Leava, Wallis and Futuna",-429419487290,1650993851673,,https://earthquake.usgs.gov/earthquakes/eventpage/iscgem888284,https://earthquake.usgs.gov/fdsnws/event/1/query?eventid=iscgem888284&format=geojson,,,4.301,,reviewed,0,889,iscgem,888284,",iscgem888284,",",iscgem,",",origin,shakemap,",,,,,mw,earthquake,"M 7.6 - 144 km SSW of Leava, Wallis and Futuna",Point,"[-178.803, -15.434, 419.1]"
Feature,iscgem887981,7.3,"Izu Islands, Japan region",-437675134480,1650993760696,,https://earthquake.usgs.gov/earthquakes/eventpage/iscgem887981,https://earthquake.usgs.gov/fdsnws/event/1/query?eventid=iscgem887981&format=geojson,,,,,reviewed,0,820,iscgem,887981,",iscgem887981,",",iscgem,",",origin,",,,,,mw,earthquake,"M 7.3 - Izu Islands, Japan region",Point,"[138.102, 30.206, 484.1]"
Feature,iscgem889990,7.31,"102 km SE of Kokopo, Papua New Guinea",-448988529240,1650994672002,,https://earthquake.usgs.gov/earthquakes/eventpage/iscgem889990,https://earthquake.usgs.gov/fdsnws/event/1/query?eventid=iscgem889990&format=geojson,,,6.586,,reviewed,0,822,iscgem,889990,",iscgem889990,",",iscgem,",",origin,shakemap,",,,,,mw,earthquake,"M 7.3 - 102 km SE of Kokopo, Papua New Guinea",Point,"[152.855, -5.062, 20]"
Feature,iscgem889583,7.2,"Volcano Islands, Japan region",-460466895540,1650994466487,,https://earthquake.usgs.gov/earthquakes/eventpage/iscgem889583,https://earthquake.usgs.gov/fdsnws/event/1/query?eventid=iscgem889583&format=geojson,,,,,reviewed,0,798,iscgem,889583,",iscgem889583,",",iscgem,",",origin,",,,,,mw,earthquake,"M 7.2 - Volcano Islands, Japan region",Point,"[142.412, 24.319, 558.9]"
Feature,iscgem889535,7.05,"190 km WNW of Sabang, Indonesia",-461581804260,1650994451222,,https://earthquake.usgs.gov/earthquakes/eventpage/iscgem889535,https://earthquake.usgs.gov/fdsnws/event/1/query?eventid=iscgem889535&format=geojson,,,6.738,,reviewed,0,765,iscgem,889535,",iscgem889535,",",iscgem,",",origin,shakemap,",,,,,mw,earthquake,"M 7.1 - 190 km WNW of Sabang, Indonesia",Point,"[93.869, 6.828, 25.3]"
Feature,iscgem889422,7.09,"19 km WSW of Kangding, China",-464481055670,1650994392800,,https://earthquake.usgs.gov/earthquakes/eventpage/iscgem889422,https://earthquake.usgs.gov/fdsnws/event/1/query?eventid=iscgem889422&format=geojson,,,7.516,,reviewed,0,773,iscgem,889422,",iscgem889422,",",iscgem,",",origin,shakemap,",,,,,mw,earthquake,"M 7.1 - 19 km WSW of Kangding, China",Point,"[101.759, 29.957, 10]"
Feature,iscgem889384,7.37,"Mindanao, Philippines",-465630166710,1650994373565,,https://earthquake.usgs.gov/earthquakes/eventpage/iscgem889384,https://earthquake.usgs.gov/fdsnws/event/1/query?eventid=iscgem889384&format=geojson,,,6.447,,reviewed,0,836,iscgem,889384,",iscgem889384,",",iscgem,",",origin,shakemap,",,,,,mw,earthquake,"M 7.4 - Mindanao, Philippines",Point,"[123.157, 7.658, 35]"
Feature,iscgem889351,7.0,South Indian Ocean,-466422890580,1650994360617,,https://earthquake.usgs.gov/earthquakes/eventpage/iscgem889351,https://earthquake.usgs.gov/fdsnws/event/1/query?eventid=iscgem889351&format=geojson,,,,,reviewed,0,754,iscgem,889351,",iscgem889351,",",iscgem,",",origin,",,,,,mw,earthquake,M 7.0 - South Indian Ocean,Point,"[91.653, -9.101, 20]"
Feature,iscgem889331,7.16,"154 km ESE of Mil’kovo, Russia",-466818787460,1650994357230,,https://earthquake.usgs.gov/earthquakes/eventpage/iscgem889331,https://earthquake.usgs.gov/fdsnws/event/1/query?eventid=iscgem889331&format=geojson,,,6.991,,reviewed,0,789,iscgem,889331,",iscgem889331,",",iscgem,",",origin,shakemap,",,,,,mw,earthquake,"M 7.2 - 154 km ESE of Mil’kovo, Russia",Point,"[160.884, 54.252, 59.2]"
Feature,iscgem889257,7.52,Kermadec Islands region,-468386192120,1650994326387,,https://earthquake.usgs.gov/earthquakes/eventpage/iscgem889257,https://earthquake.usgs.gov/fdsnws/event/1/query?eventid=iscgem889257&format=geojson,,,,,reviewed,0,870,iscgem,889257,",iscgem889257,",",iscgem,",",origin,",,,,,mw,earthquake,M 7.5 - Kermadec Islands region,Point,"[-175.599, -28.336, 15]"
Feature,iscgem889080,7.0,"Auckland Islands, New Zealand region",-473036978360,1650994224471,,https://earthquake.usgs.gov/earthquakes/eventpage/iscgem889080,https://earthquake.usgs.gov/fdsnws/event/1/query?eventid=iscgem889080&format=geojson,,,,,reviewed,0,754,iscgem,889080,",iscgem889080,",",iscgem,",",origin,",,,,,mw,earthquake,"M 7.0 - Auckland Islands, New Zealand region",Point,"[162.851, -50.075, 15]"
Feature,ushis1985,7.26,"The 1954 Fairview Peak, Nevada Earthquake",-474727969000,1706519777986,,https://earthquake.usgs.gov/earthquakes/eventpage/ushis1985,https://earthquake.usgs.gov/fdsnws/event/1/query?eventid=ushis1985&format=geojson,,,7.662,,reviewed,0,811,ushis,1985,",ushis1985,iscgem891356,",",ushis,iscgem,",",earthquake-name,impact-text,origin,shakemap,trump-origin,",,,,,mw,earthquake,"M 7.3 - The 1954 Fairview Peak, Nevada Earthquake",Point,"[-118.117, 39.283, 15]"
Feature,iscgem891003,7.2,"Volcano Islands, Japan region",-484319104600,1650995188025,,https://earthquake.usgs.gov/earthquakes/eventpage/iscgem891003,https://earthquake.usgs.gov/fdsnws/event/1/query?eventid=iscgem891003&format=geojson,,,,,reviewed,0,798,iscgem,891003,",iscgem891003,",",iscgem,",",origin,",,,,,mw,earthquake,"M 7.2 - Volcano Islands, Japan region",Point,"[143.022, 23.988, 25]"
Feature,iscgem890579,7.21,"94 km SSW of La Libertad, Mexico",-494684720740,1650994969738,,https://earthquake.usgs.gov/earthquakes/eventpage/iscgem890579,https://earthquake.usgs.gov/fdsnws/event/1/query?eventid=iscgem890579&format=geojson,,,7.22,,reviewed,0,800,iscgem,890579,",iscgem890579,",",iscgem,",",origin,shakemap,",,,,,mw,earthquake,"M 7.2 - 94 km SSW of La Libertad, Mexico",Point,"[-113.024, 29.112, 10]"
Feature,iscgem890491,7.1,Owen Fracture Zone region,-497165649430,1650994938831,,https://earthquake.usgs.gov/earthquakes/eventpage/iscgem890491,https://earthquake.usgs.gov/fdsnws/event/1/query?eventid=iscgem890491&format=geojson,,,,,reviewed,0,776,iscgem,890491,",iscgem890491,",",iscgem,",",origin,",,,,,mw,earthquake,M 7.1 - Owen Fracture Zone region,Point,"[58, 12.185, 15]"
Feature,iscgem890481,7.8,Strait of Gibraltar,-497382172100,1650994937119,,https://earthquake.usgs.gov/earthquakes/eventpage/iscgem890481,https://earthquake.usgs.gov/fdsnws/event/1/query?eventid=iscgem890481&format=geojson,,,3.857,,reviewed,0,936,iscgem,890481,",iscgem890481,",",iscgem,",",origin,shakemap,",,,,,mw,earthquake,M 7.8 - Strait of Gibraltar,Point,"[-3.612, 36.988, 626.2]"
Feature,iscgem890294,7.2,"Volcano Islands, Japan region",-502239183650,1650994798499,,https://earthquake.usgs.gov/earthquakes/eventpage/iscgem890294,https://earthquake.usgs.gov/fdsnws/event/1/query?eventid=iscgem890294&format=geojson,,,,,reviewed,0,798,iscgem,890294,",iscgem890294,",",iscgem,",",origin,",,,,,mw,earthquake,"M 7.2 - Volcano Islands, Japan region",Point,"[143.467, 24.057, 15]"
Feature,iscgem892281,7.32,"14 km NNE of Zorritos, Peru",-506586510160,1705523612179,,https://earthquake.usgs.gov/earthquakes/eventpage/iscgem892281,https://earthquake.usgs.gov/fdsnws/event/1/query?eventid=iscgem892281&format=geojson,,,7.162,,reviewed,0,824,iscgem,892281,",iscgem892281,",",iscgem,",",earthquake-name,origin,shakemap,",,,,,mw,earthquake,"M 7.3 - 14 km NNE of Zorritos, Peru",Point,"[-80.636, -3.552, 25]"
Feature,iscgem892187,7.9,"174 km SE of Katsuura, Japan",-508054264910,1650995872153,,https://earthquake.usgs.gov/earthquakes/eventpage/iscgem892187,https://earthquake.usgs.gov/fdsnws/event/1/query?eventid=iscgem892187&format=geojson,,,5.166,,reviewed,0,960,iscgem,892187,",iscgem892187,",",iscgem,",",origin,shakemap,",,,,,mw,earthquake,"M 7.9 - 174 km SE of Katsuura, Japan",Point,"[141.625, 34.006, 25]"
Feature,iscgem892130,7.11,"146 km NW of Sola, Vanuatu",-509919046680,1650995826269,,https://earthquake.usgs.gov/earthquakes/eventpage/iscgem892130,https://earthquake.usgs.gov/fdsnws/event/1/query?eventid=iscgem892130&format=geojson,,,6.335,,reviewed,0,778,iscgem,892130,",iscgem892130,",",iscgem,",",origin,shakemap,",,,,,mw,earthquake,"M 7.1 - 146 km NW of Sola, Vanuatu",Point,"[166.464, -13.082, 35]"
Feature,iscgem891794,7.2,"62 km NE of Isangel, Vanuatu",-520707779390,1650995511526,,https://earthquake.usgs.gov/earthquakes/eventpage/iscgem891794,https://earthquake.usgs.gov/fdsnws/event/1/query?eventid=iscgem891794&format=geojson,,,4.773,,reviewed,0,798,iscgem,891794,",iscgem891794,",",iscgem,",",origin,shakemap,",,,,,mw,earthquake,"M 7.2 - 62 km NE of Isangel, Vanuatu",Point,"[169.635, -19.092, 236.2]"
Feature,iscgem891664,7.55,"23 km SE of Chiguayante, Chile",-525595391090,1650995431175,,https://earthquake.usgs.gov/earthquakes/eventpage/iscgem891664,https://earthquake.usgs.gov/fdsnws/event/1/query?eventid=iscgem891664&format=geojson,,,7.361,,reviewed,0,877,iscgem,891664,",iscgem891664,",",iscgem,",",origin,shakemap,",,,,,mw,earthquake,"M 7.6 - 23 km SE of Chiguayante, Chile",Point,"[-72.866, -37.093, 66]"
Feature,iscgem891636,7.38,"67 km E of Kokopo, Papua New Guinea",-526721726010,1650995418481,,https://earthquake.usgs.gov/earthquakes/eventpage/iscgem891636,https://earthquake.usgs.gov/fdsnws/event/1/query?eventid=iscgem891636&format=geojson,,,7.147,,reviewed,0,838,iscgem,891636,",iscgem891636,",",iscgem,",",origin,shakemap,",,,,,mw,earthquake,"M 7.4 - 67 km E of Kokopo, Papua New Guinea",Point,"[152.868, -4.449, 35]"
Feature,iscgem891566,7.3,"18 km WSW of Soufrière, Saint Lucia",-529774327080,1650995400953,,https://earthquake.usgs.gov/earthquakes/eventpage/iscgem891566,https://earthquake.usgs.gov/fdsnws/event/1/query?eventid=iscgem891566&format=geojson,,,6.85,,reviewed,0,820,iscgem,891566,",iscgem891566,",",iscgem,",",origin,shakemap,",,,,,mw,earthquake,"M 7.3 - 18 km WSW of Soufrière, Saint Lucia",Point,"[-61.216, 13.809, 128.8]"
Feature,iscgem891561,7.3,"7 km N of Gönen, Turkey",-529822422260,1650995398321,,https://earthquake.usgs.gov/earthquakes/eventpage/iscgem891561,https://earthquake.usgs.gov/fdsnws/event/1/query?eventid=iscgem891561&format=geojson,,,7.834,,reviewed,0,820,iscgem,891561,",iscgem891561,",",iscgem,",",origin,shakemap,",,,,,mw,earthquake,"M 7.3 - 7 km N of Gönen, Turkey",Point,"[27.648, 40.175, 10]"
Feature,iscgem891410,7.0,"171 km WNW of Attu Station, Alaska",-536083891400,1650995345950,,https://earthquake.usgs.gov/earthquakes/eventpage/iscgem891410,https://earthquake.usgs.gov/fdsnws/event/1/query?eventid=iscgem891410&format=geojson,,,,,reviewed,0,754,iscgem,891410,",iscgem891410,ushis1879,",",iscgem,ushis,",",impact-text,origin,trump-origin,",,,,,mw,earthquake,"M 7.0 - 171 km WNW of Attu Station, Alaska",Point,"[170.973, 53.631, 21.3]"
Feature,official19521104165830_30,9.0,"89 km ESE of Petropavlovsk-Kamchatsky, Russia",-541407690000,1650996531365,,https://earthquake.usgs.gov/earthquakes/eventpage/official19521104165830_30,https://earthquake.usgs.gov/fdsnws/event/1/query?eventid=official19521104165830_30&format=geojson,,,6.98,,automatic,0,1246,official,19521104165830_30,",iscgem893648,official19521104165830_30,",",iscgem,official,",",general-header,impact-text,origin,shakemap,trump-origin,",,,,,mw,earthquake,"M 9.0 - 89 km ESE of Petropavlovsk-Kamchatsky, Russia",Point,"[159.779, 52.623, 21.6]"
Feature,iscgem893286,7.4,"101 km SSW of Nagqu, China",-548236665500,1650996336682,,https://earthquake.usgs.gov/earthquakes/eventpage/iscgem893286,https://earthquake.usgs.gov/fdsnws/event/1/query?eventid=iscgem893286&format=geojson,,,7.471,,reviewed,0,842,iscgem,893286,",iscgem893286,",",iscgem,",",origin,shakemap,",,,,,mw,earthquake,"M 7.4 - 101 km SSW of Nagqu, China",Point,"[91.601, 30.648, 25]"
Feature,ci3319401,7.5,"The 1952 Kern County, California Earthquake",-550584465460,1708768038108,,https://earthquake.usgs.gov/earthquakes/eventpage/ci3319401,https://earthquake.usgs.gov/fdsnws/event/1/query?eventid=ci3319401&format=geojson,111.0,9.0,9.026,,reviewed,0,965,ci,3319401,",citehachap,ci3319401,ushis1787,iscgem893168,",",ci,ci,ushis,iscgem,",",dyfi,earthquake-name,impact-text,nearby-cities,origin,phase-data,shakemap,",8.0,,0.39,146.0,mw,earthquake,"M 7.5 - The 1952 Kern County, California Earthquake",Point,"[-118.998, 34.9581667, 6]"
Feature,iscgem892651,7.34,"108 km ENE of Cortes, Philippines",-561301364960,1650996109110,,https://earthquake.usgs.gov/earthquakes/eventpage/iscgem892651,https://earthquake.usgs.gov/fdsnws/event/1/query?eventid=iscgem892651&format=geojson,,,5.21,,reviewed,0,829,iscgem,892651,",iscgem892651,",",iscgem,",",origin,shakemap,",,,,,mw,earthquake,"M 7.3 - 108 km ENE of Cortes, Philippines",Point,"[127.099, 9.669, 15]"
Feature,iscgem892540,8.1,"106 km SSW of Kushiro, Japan",-562631830770,1650996040789,,https://earthquake.usgs.gov/earthquakes/eventpage/iscgem892540,https://earthquake.usgs.gov/fdsnws/event/1/query?eventid=iscgem892540&format=geojson,,,6.896,,reviewed,0,1009,iscgem,892540,",iscgem892540,",",iscgem,",",origin,shakemap,",,,,,mw,earthquake,"M 8.1 - 106 km SSW of Kushiro, Japan",Point,"[143.899, 42.084, 45]"
Feature,iscgem892487,7.02,"77 km N of Baukau, Timor Leste",-564265302620,1650995989158,,https://earthquake.usgs.gov/earthquakes/eventpage/iscgem892487,https://earthquake.usgs.gov/fdsnws/event/1/query?eventid=iscgem892487&format=geojson,,,6.651,,reviewed,0,758,iscgem,892487,",iscgem892487,",",iscgem,",",origin,shakemap,",,,,,mw,earthquake,"M 7.0 - 77 km N of Baukau, Timor Leste",Point,"[126.493, -7.78, 25]"
Feature,iscgem895020,7.53,South Indian Ocean,-570138343690,1650997305470,,https://earthquake.usgs.gov/earthquakes/eventpage/iscgem895020,https://earthquake.usgs.gov/fdsnws/event/1/query?eventid=iscgem895020&format=geojson,,,,,reviewed,0,872,iscgem,895020,",iscgem895020,",",iscgem,",",origin,",,,,,mw,earthquake,M 7.5 - South Indian Ocean,Point,"[57.47, -34.229, 15]"
Feature,iscgem894988,7.81,Taiwan,-571295375600,1650997288191,,https://earthquake.usgs.gov/earthquakes/eventpage/iscgem894988,https://earthquake.usgs.gov/fdsnws/event/1/query?eventid=iscgem894988&format=geojson,,,6.875,,reviewed,0,938,iscgem,894988,",iscgem894988,",",iscgem,",",origin,shakemap,",,,,,mw,earthquake,M 7.8 - Taiwan,Point,"[121.214, 23.092, 30]"
Feature,iscgemsup894987,7.34,"81 km E of Yujing, Taiwan",-571295561700,1652128305252,,https://earthquake.usgs.gov/earthquakes/eventpage/iscgemsup894987,https://earthquake.usgs.gov/fdsnws/event/1/query?eventid=iscgemsup894987&format=geojson,,,6.788,,reviewed,0,829,iscgemsup,894987,",iscgem894987,iscgemsup894987,",",is,iscgemsup,",",origin,shakemap,",,,,,mw,earthquake,"M 7.3 - 81 km E of Yujing, Taiwan",Point,"[121.249, 23.046, 25]"
Feature,iscgem894960,7.7,"89 km WSW of Nagqu, China",-571847045320,1650997268637,,https://earthquake.usgs.gov/earthquakes/eventpage/iscgem894960,https://earthquake.usgs.gov/fdsnws/event/1/query?eventid=iscgem894960&format=geojson,,,7.454,,reviewed,0,912,iscgem,894960,",iscgem894960,",",iscgem,",",origin,shakemap,",,,,,mw,earthquake,"M 7.7 - 89 km WSW of Nagqu, China",Point,"[91.261, 31.056, 30]"
Feature,iscgem894891,7.02,Kuril Islands,-572858385440,1650997242657,,https://earthquake.usgs.gov/earthquakes/eventpage/iscgem894891,https://earthquake.usgs.gov/fdsnws/event/1/query?eventid=iscgem894891&format=geojson,,,,,reviewed,0,758,iscgem,894891,",iscgem894891,",",iscgem,",",origin,",,,,,mw,earthquake,M 7.0 - Kuril Islands,Point,"[154.05, 47.297, 35]"
Feature,iscgem894824,7.23,"27 km WSW of Hualien City, Taiwan",-574201824430,1650997137636,,https://earthquake.usgs.gov/earthquakes/eventpage/iscgem894824,https://earthquake.usgs.gov/fdsnws/event/1/query?eventid=iscgem894824&format=geojson,,,6.605,,reviewed,0,804,iscgem,894824,",iscgem894824,",",iscgem,",",origin,shakemap,",,,,,mw,earthquake,"M 7.2 - 27 km WSW of Hualien City, Taiwan",Point,"[121.343, 23.917, 25]"
Feature,iscgem894821,7.48,"58 km SSW of Hualien City, Taiwan",-574223138460,1650997135736,,https://earthquake.usgs.gov/earthquakes/eventpage/iscgem894821,https://earthquake.usgs.gov/fdsnws/event/1/query?eventid=iscgem894821&format=geojson,,,6.846,,reviewed,0,861,iscgem,894821,",iscgem894821,",",iscgem,",",origin,shakemap,",,,,,mw,earthquake,"M 7.5 - 58 km SSW of Hualien City, Taiwan",Point,"[121.4, 23.487, 25]"
Feature,iscgem894503,7.1,"Bonin Islands, Japan region",-583047480990,1650996953931,,https://earthquake.usgs.gov/earthquakes/eventpage/iscgem894503,https://earthquake.usgs.gov/fdsnws/event/1/query?eventid=iscgem894503&format=geojson,,,,,reviewed,0,776,iscgem,894503,",iscgem894503,",",iscgem,",",origin,",,,,,mw,earthquake,"M 7.1 - Bonin Islands, Japan region",Point,"[139.405, 28.359, 496.7]"
Feature,iscgem896193,7.1,"0 km SW of Igualapa, Mexico",-601119845180,1650998003878,,https://earthquake.usgs.gov/earthquakes/eventpage/iscgem896193,https://earthquake.usgs.gov/fdsnws/event/1/query?eventid=iscgem896193&format=geojson,,,6.61,,reviewed,0,776,iscgem,896193,",iscgem896193,",",iscgem,",",origin,shakemap,",,,,,mw,earthquake,"M 7.1 - 0 km SW of Igualapa, Mexico",Point,"[-98.482, 16.739, 35]"
Feature,iscgem896185,7.8,"159 km W of Pangai, Tonga",-601164425770,1650998002156,,https://earthquake.usgs.gov/earthquakes/eventpage/iscgem896185,https://earthquake.usgs.gov/fdsnws/event/1/query?eventid=iscgem896185&format=geojson,,,,,reviewed,0,936,iscgem,896185,",iscgem896185,",",iscgem,",",origin,",,,,,mw,earthquake,"M 7.8 - 159 km W of Pangai, Tonga",Point,"[-175.874, -19.705, 215.9]"
Feature,iscgem896170,8.2,"121 km SSE of San Pedro de Atacama, Chile",-601525268020,1650997998791,,https://earthquake.usgs.gov/earthquakes/eventpage/iscgem896170,https://earthquake.usgs.gov/fdsnws/event/1/query?eventid=iscgem896170&format=geojson,,,7.135,,reviewed,0,1034,iscgem,896170,",iscgem896170,",",iscgem,",",origin,shakemap,",,,,,mw,earthquake,"M 8.2 - 121 km SSE of San Pedro de Atacama, Chile",Point,"[-67.912, -23.977, 113.9]"
Feature,iscgem896121,7.9,"99 km SW of Port-Vila, Vanuatu",-602136488360,1650997985397,,https://earthquake.usgs.gov/earthquakes/eventpage/iscgem896121,https://earthquake.usgs.gov/fdsnws/event/1/query?eventid=iscgem896121&format=geojson,,,6.129,,reviewed,0,960,iscgem,896121,",iscgem896121,",",iscgem,",",origin,shakemap,",,,,,mw,earthquake,"M 7.9 - 99 km SW of Port-Vila, Vanuatu",Point,"[167.654, -18.373, 30]"
Feature,iscgem896018,7.7,Banda Sea,-604744304490,1650997924401,,https://earthquake.usgs.gov/earthquakes/eventpage/iscgem896018,https://earthquake.usgs.gov/fdsnws/event/1/query?eventid=iscgem896018&format=geojson,,,6.33,,reviewed,0,912,iscgem,896018,",iscgem896018,",",iscgem,",",origin,shakemap,",,,,,mw,earthquake,M 7.7 - Banda Sea,Point,"[129.183, -6.823, 199.7]"
Feature,iscgem895966,7.17,"1 km NNW of Champerico, Guatemala",-605605591250,1650997896545,,https://earthquake.usgs.gov/earthquakes/eventpage/iscgem895966,https://earthquake.usgs.gov/fdsnws/event/1/query?eventid=iscgem895966&format=geojson,,,7.242,,reviewed,0,791,iscgem,895966,",iscgem895966,",",iscgem,",",origin,shakemap,",,,,,mw,earthquake,"M 7.2 - 1 km NNW of Champerico, Guatemala",Point,"[-91.917, 14.31, 65.3]"
Feature,iscgem895901,7.3,"55 km S of Ambon, Indonesia",-606947806460,1650997854282,,https://earthquake.usgs.gov/earthquakes/eventpage/iscgem895901,https://earthquake.usgs.gov/fdsnws/event/1/query?eventid=iscgem895901&format=geojson,,,5.859,,reviewed,0,820,iscgem,895901,",iscgem895901,",",iscgem,",",origin,shakemap,",,,,,mw,earthquake,"M 7.3 - 55 km S of Ambon, Indonesia",Point,"[128.233, -4.199, 20]"
Feature,iscgem895887,7.5,Costa Rica,-607161017920,1650997842153,,https://earthquake.usgs.gov/earthquakes/eventpage/iscgem895887,https://earthquake.usgs.gov/fdsnws/event/1/query?eventid=iscgem895887&format=geojson,,,7.465,,reviewed,0,865,iscgem,895887,",iscgem895887,",",iscgem,",",origin,shakemap,",,,,,mw,earthquake,M 7.5 - Costa Rica,Point,"[-85.046, 10.481, 97.9]"
Feature,iscgem895844,7.2,"250 km ESE of Biak, Indonesia",-608527806440,1650997784936,,https://earthquake.usgs.gov/earthquakes/eventpage/iscgem895844,https://earthquake.usgs.gov/fdsnws/event/1/query?eventid=iscgem895844&format=geojson,,,7.049,,reviewed,0,798,iscgem,895844,",iscgem895844,",",iscgem,",",origin,shakemap,",,,,,mw,earthquake,"M 7.2 - 250 km ESE of Biak, Indonesia",Point,"[138.151, -2.077, 30]"
Feature,official19500815140934_30,8.6,1950 Assam-Tibet Earthquake,-611574626000,1650997621844,,https://earthquake.usgs.gov/earthquakes/eventpage/official19500815140934_30,https://earthquake.usgs.gov/fdsnws/event/1/query?eventid=official19500815140934_30&format=geojson,,,7.955,,automatic,0,1138,official,19500815140934_30,",iscgem895681,official19500815140934_30,",",iscgem,official,",",general-header,ground-failure,impact-text,origin,shakemap,trump-origin,",,,,,mw,earthquake,M 8.6 - 1950 Assam-Tibet Earthquake,Point,"[96.445, 28.363, 15]"
Feature,iscgem895680,7.1,"44 km WNW of Quimilí, Argentina",-611629713780,1650997620245,,https://earthquake.usgs.gov/earthquakes/eventpage/iscgem895680,https://earthquake.usgs.gov/fdsnws/event/1/query?eventid=iscgem895680&format=geojson,,,,,reviewed,0,776,iscgem,895680,",iscgem895680,",",iscgem,",",origin,",,,,,mw,earthquake,"M 7.1 - 44 km WNW of Quimilí, Argentina",Point,"[-62.838, -27.507, 610]"
Feature,iscgem895457,7.07,"91 km SSE of Isangel, Vanuatu",-618619365960,1650997537256,,https://earthquake.usgs.gov/earthquakes/eventpage/iscgem895457,https://earthquake.usgs.gov/fdsnws/event/1/query?eventid=iscgem895457&format=geojson,,,7.103,,reviewed,0,769,iscgem,895457,",iscgem895457,",",iscgem,",",origin,shakemap,",,,,,mw,earthquake,"M 7.1 - 91 km SSE of Isangel, Vanuatu",Point,"[169.723, -20.253, 50]"
Feature,iscgem895264,7.7,"100 km SSE of Korsakov, Russia",-626103539300,1650997450550,,https://earthquake.usgs.gov/earthquakes/eventpage/iscgem895264,https://earthquake.usgs.gov/fdsnws/event/1/query?eventid=iscgem895264&format=geojson,,,5.071,,reviewed,0,912,iscgem,895264,",iscgem895264,",",iscgem,",",origin,shakemap,",,,,,mw,earthquake,"M 7.7 - 100 km SSE of Korsakov, Russia",Point,"[143.491, 45.882, 329]"
Feature,iscgem897130,7.21,"7 km N of Agbannawag, Philippines",-631400163400,1650998324935,,https://earthquake.usgs.gov/earthquakes/eventpage/iscgem897130,https://earthquake.usgs.gov/fdsnws/event/1/query?eventid=iscgem897130&format=geojson,,,6.805,,reviewed,0,800,iscgem,897130,",iscgem897130,",",iscgem,",",origin,shakemap,",,,,,mw,earthquake,"M 7.2 - 7 km N of Agbannawag, Philippines",Point,"[121.538, 17.439, 15]"
Feature,iscgem897095,7.58,"109 km SSE of Punta Arenas, Chile",-632393522340,1650998307654,,https://earthquake.usgs.gov/earthquakes/eventpage/iscgem897095,https://earthquake.usgs.gov/fdsnws/event/1/query?eventid=iscgem897095&format=geojson,,,7.742,,reviewed,0,884,iscgem,897095,",iscgem897095,",",iscgem,",",origin,shakemap,",,,,,mw,earthquake,"M 7.6 - 109 km SSE of Punta Arenas, Chile",Point,"[-70.057, -53.996, 10]"
Feature,iscgem897093,7.69,"123 km W of Río Grande, Argentina",-632423187760,1650998306205,,https://earthquake.usgs.gov/earthquakes/eventpage/iscgem897093,https://earthquake.usgs.gov/fdsnws/event/1/query?eventid=iscgem897093&format=geojson,,,7.862,,reviewed,0,910,iscgem,897093,",iscgem897093,",",iscgem,",",origin,shakemap,",,,,,mw,earthquake,"M 7.7 - 123 km W of Río Grande, Argentina",Point,"[-69.562, -53.972, 10]"
Feature,iscgem896940,7.21,"155 km WNW of Panguna, Papua New Guinea",-637469977340,1650998283878,,https://earthquake.usgs.gov/earthquakes/eventpage/iscgem896940,https://earthquake.usgs.gov/fdsnws/event/1/query?eventid=iscgem896940&format=geojson,,,,,reviewed,0,800,iscgem,896940,",iscgem896940,",",iscgem,",",origin,",,,,,mw,earthquake,"M 7.2 - 155 km WNW of Panguna, Papua New Guinea",Point,"[154.194, -5.773, 60.3]"
Feature,official19490822040118000_10,8.0,"171 km S of Hydaburg, Alaska",-642542322000,1650998249039,,https://earthquake.usgs.gov/earthquakes/eventpage/official19490822040118000_10,https://earthquake.usgs.gov/fdsnws/event/1/query?eventid=official19490822040118000_10&format=geojson,,,7.763,,reviewed,0,985,official,19490822040118000_10,",official19490822040118000_10,gsc19490822040112,iscgem896789,",",official,gsc,iscgem,",",general-header,impact-text,origin,shakemap,trump-origin,",,,,,mw,earthquake,"M 8.0 - 171 km S of Hydaburg, Alaska",Point,"[-133.015, 53.673, 10]"
Feature,iscgem896705,7.16,"9 km NNW of Karaburun, Turkey",-645094584520,1650998227129,,https://earthquake.usgs.gov/earthquakes/eventpage/iscgem896705,https://earthquake.usgs.gov/fdsnws/event/1/query?eventid=iscgem896705&format=geojson,,,6.679,,reviewed,0,789,iscgem,896705,",iscgem896705,",",iscgem,",",origin,shakemap,",,,,,mw,earthquake,"M 7.2 - 9 km NNW of Karaburun, Turkey",Point,"[26.48, 38.718, 15]"
Feature,iscgem896645,7.5,"43 km ENE of Rasht, Tajikistan",-646257978780,1650998214403,,https://earthquake.usgs.gov/earthquakes/eventpage/iscgem896645,https://earthquake.usgs.gov/fdsnws/event/1/query?eventid=iscgem896645&format=geojson,,,6.901,,reviewed,0,865,iscgem,896645,",iscgem896645,",",iscgem,",",ground-failure,impact-text,origin,shakemap,",,,,,mw,earthquake,"M 7.5 - 43 km ENE of Rasht, Tajikistan",Point,"[70.835, 39.178, 20]"
Feature,iscgem896626,7.1,"233 km NE of Saipan, Northern Mariana Islands",-646891365700,1650998208443,,https://earthquake.usgs.gov/earthquakes/eventpage/iscgem896626,https://earthquake.usgs.gov/fdsnws/event/1/query?eventid=iscgem896626&format=geojson,,,,,reviewed,0,776,iscgem,896626,",iscgem896626,",",iscgem,",",origin,",,,,,mw,earthquake,"M 7.1 - 233 km NE of Saipan, Northern Mariana Islands",Point,"[147.463, 16.529, 15]"
Feature,iscgem896480,7.01,"15 km SSW of Nacimiento, Chile",-653257850190,1650998133633,,https://earthquake.usgs.gov/earthquakes/eventpage/iscgem896480,https://earthquake.usgs.gov/fdsnws/event/1/query?eventid=iscgem896480&format=geojson,,,7.13,,reviewed,0,756,iscgem,896480,",iscgem896480,",",iscgem,",",origin,shakemap,",,,,,mw,earthquake,"M 7.0 - 15 km SSW of Nacimiento, Chile",Point,"[-72.713, -37.634, 57.7]"
Feature,iscgem896433,7.05,"86 km NNW of Tobelo, Indonesia",-655320350600,1650998117460,,https://earthquake.usgs.gov/earthquakes/eventpage/iscgem896433,https://earthquake.usgs.gov/fdsnws/event/1/query?eventid=iscgem896433&format=geojson,,,6.953,,reviewed,0,765,iscgem,896433,",iscgem896433,",",iscgem,",",origin,shakemap,",,,,,mw,earthquake,"M 7.1 - 86 km NNW of Tobelo, Indonesia",Point,"[127.657, 2.428, 60]"
Feature,iscgem896379,7.5,"35 km SSW of Jurm, Afghanistan",-657294028940,1650998088293,,https://earthquake.usgs.gov/earthquakes/eventpage/iscgem896379,https://earthquake.usgs.gov/fdsnws/event/1/query?eventid=iscgem896379&format=geojson,,,5.498,,reviewed,0,865,iscgem,896379,",iscgem896379,",",iscgem,",",origin,shakemap,",,,,,mw,earthquake,"M 7.5 - 35 km SSW of Jurm, Afghanistan",Point,"[70.698, 36.563, 228.7]"
Feature,iscgem896355,7.36,"110 km ENE of Kuqa, China",-658050708580,1650998060391,,https://earthquake.usgs.gov/earthquakes/eventpage/iscgem896355,https://earthquake.usgs.gov/fdsnws/event/1/query?eventid=iscgem896355&format=geojson,,,7.775,,reviewed,0,833,iscgem,896355,",iscgem896355,",",iscgem,",",origin,shakemap,",,,,,mw,earthquake,"M 7.4 - 110 km ENE of Kuqa, China",Point,"[84.237, 41.926, 10]"
Feature,iscgem897583,7.15,"14 km N of Ashgabat, Turkmenistan",-670218470690,1650998706805,,https://earthquake.usgs.gov/earthquakes/eventpage/iscgem897583,https://earthquake.usgs.gov/fdsnws/event/1/query?eventid=iscgem897583&format=geojson,,,7.715,,reviewed,0,787,iscgem,897583,",iscgem897583,",",iscgem,",",origin,shakemap,",,,,,mw,earthquake,"M 7.2 - 14 km N of Ashgabat, Turkmenistan",Point,"[58.364, 38.084, 15]"
Feature,iscgem897539,7.5,"110 km E of ‘Ohonua, Tonga",-672569445780,1650998686963,,https://earthquake.usgs.gov/earthquakes/eventpage/iscgem897539,https://earthquake.usgs.gov/fdsnws/event/1/query?eventid=iscgem897539&format=geojson,,,5.36,,reviewed,0,865,iscgem,897539,",iscgem897539,",",iscgem,",",origin,shakemap,",,,,,mw,earthquake,"M 7.5 - 110 km E of ‘Ohonua, Tonga",Point,"[-173.891, -21.222, 15]"
Feature,iscgem897515,7.0,"32 km SSE of Santa Clara, Argentina",-673811431620,1650998672466,,https://earthquake.usgs.gov/earthquakes/eventpage/iscgem897515,https://earthquake.usgs.gov/fdsnws/event/1/query?eventid=iscgem897515&format=geojson,,,6.733,,reviewed,0,754,iscgem,897515,",iscgem897515,",",iscgem,",",origin,shakemap,",,,,,mw,earthquake,"M 7.0 - 32 km SSE of Santa Clara, Argentina",Point,"[-64.54, -24.578, 30]"
Feature,iscgem897351,7.3,"151 km W of Kangding, China",-681756506000,1650998539153,,https://earthquake.usgs.gov/earthquakes/eventpage/iscgem897351,https://earthquake.usgs.gov/fdsnws/event/1/query?eventid=iscgem897351&format=geojson,,,6.376,,reviewed,0,820,iscgem,897351,",iscgem897351,",",iscgem,",",origin,shakemap,",,,,,mw,earthquake,"M 7.3 - 151 km W of Kangding, China",Point,"[100.391, 30.124, 55]"
Feature,iscgem897327,7.1,"90 km SE of King Cove, Alaska",-682651690780,1705523568346,,https://earthquake.usgs.gov/earthquakes/eventpage/iscgem897327,https://earthquake.usgs.gov/fdsnws/event/1/query?eventid=iscgem897327&format=geojson,,,5.828,,reviewed,0,776,iscgem,897327,",iscgem897327,ushis1623,",",iscgem,ushis,",",earthquake-name,impact-text,origin,shakemap,trump-origin,",,,,,mw,earthquake,"M 7.1 - 90 km SE of King Cove, Alaska",Point,"[-161.161, 54.593, 25]"
Feature,iscgem897321,7.0,"139 km ESE of Ishinomaki, Japan",-682902180830,1650998518449,,https://earthquake.usgs.gov/earthquakes/eventpage/iscgem897321,https://earthquake.usgs.gov/fdsnws/event/1/query?eventid=iscgem897321&format=geojson,,,,,reviewed,0,754,iscgem,897321,",iscgem897321,",",iscgem,",",origin,",,,,,mw,earthquake,"M 7.0 - 139 km ESE of Ishinomaki, Japan",Point,"[142.766, 37.921, 20]"
Feature,iscgem897286,7.13,"11 km WNW of Sánchez, Dominican Republic",-684646672060,1650998480455,,https://earthquake.usgs.gov/earthquakes/eventpage/iscgem897286,https://earthquake.usgs.gov/fdsnws/event/1/query?eventid=iscgem897286&format=geojson,,,6.866,,reviewed,0,782,iscgem,897286,",iscgem897286,",",iscgem,",",origin,shakemap,",,,,,mw,earthquake,"M 7.1 - 11 km WNW of Sánchez, Dominican Republic",Point,"[-69.716, 19.26, 15]"
Feature,iscgem897281,7.44,"67 km SSW of Shing?, Japan",-685007307930,1650998473778,,https://earthquake.usgs.gov/earthquakes/eventpage/iscgem897281,https://earthquake.usgs.gov/fdsnws/event/1/query?eventid=iscgem897281&format=geojson,,,6.505,,reviewed,0,852,iscgem,897281,",iscgem897281,",",iscgem,",",origin,shakemap,",,,,,mw,earthquake,"M 7.4 - 67 km SSW of Shing?, Japan",Point,"[135.74, 33.157, 15]"
Feature,iscgem897220,7.14,"176 km W of Davila, Philippines",-688920603810,1652136559751,,https://earthquake.usgs.gov/earthquakes/eventpage/iscgem897220,https://earthquake.usgs.gov/fdsnws/event/1/query?eventid=iscgem897220&format=geojson,,,,,reviewed,0,784,iscgem,897220,",iscgemsup897220,iscgem897220,",",iscgemsup,iscgem,",",origin,",,,,,mw,earthquake,"M 7.1 - 176 km W of Davila, Philippines",Point,"[118.926, 18.757, 15]"
Feature,iscgem897217,7.14,"124 km WNW of Ambon, Indonesia",-689122052670,1650998391783,,https://earthquake.usgs.gov/earthquakes/eventpage/iscgem897217,https://earthquake.usgs.gov/fdsnws/event/1/query?eventid=iscgem897217&format=geojson,,,6.614,,reviewed,0,784,iscgem,897217,",iscgem897217,",",iscgem,",",origin,shakemap,",,,,,mw,earthquake,"M 7.1 - 124 km WNW of Ambon, Indonesia",Point,"[127.181, -3.196, 15]"
Feature,iscgem897184,7.3,"15 km NNW of Karpathos, Greece",-690894101570,1650998362485,,https://earthquake.usgs.gov/earthquakes/eventpage/iscgem897184,https://earthquake.usgs.gov/fdsnws/event/1/query?eventid=iscgem897184&format=geojson,,,7.086,,reviewed,0,820,iscgem,897184,",iscgem897184,",",iscgem,",",origin,shakemap,",,,,,mw,earthquake,"M 7.3 - 15 km NNW of Karpathos, Greece",Point,"[27.158, 35.64, 15]"
Feature,iscgem897168,7.1,Fiji region,-692020889360,1650998355760,,https://earthquake.usgs.gov/earthquakes/eventpage/iscgem897168,https://earthquake.usgs.gov/fdsnws/event/1/query?eventid=iscgem897168&format=geojson,,,,,reviewed,0,776,iscgem,897168,",iscgem897168,",",iscgem,",",origin,",,,,,mw,earthquake,M 7.1 - Fiji region,Point,"[-178.557, -20.222, 595]"
Feature,iscgem897163,7.8,"3 km W of Buga, Philippines",-692259196290,1650998352260,,https://earthquake.usgs.gov/earthquakes/eventpage/iscgem897163,https://earthquake.usgs.gov/fdsnws/event/1/query?eventid=iscgem897163&format=geojson,,,7.822,,reviewed,0,936,iscgem,897163,",iscgem897163,",",iscgem,",",origin,shakemap,",,,,,mw,earthquake,"M 7.8 - 3 km W of Buga, Philippines",Point,"[122.235, 10.714, 15]"
Feature,iscgem898109,7.1,"72 km W of Rumoi, Japan",-699321045950,1650999138460,,https://earthquake.usgs.gov/earthquakes/eventpage/iscgem898109,https://earthquake.usgs.gov/fdsnws/event/1/query?eventid=iscgem898109&format=geojson,,,5.424,,reviewed,0,776,iscgem,898109,",iscgem898109,",",iscgem,",",origin,shakemap,",,,,,mw,earthquake,"M 7.1 - 72 km W of Rumoi, Japan",Point,"[140.738, 43.986, 15]"
Feature,iscgem898103,7.6,"23 km E of Santa Rosa, Peru",-699526862910,1650999136954,,https://earthquake.usgs.gov/earthquakes/eventpage/iscgem898103,https://earthquake.usgs.gov/fdsnws/event/1/query?eventid=iscgem898103&format=geojson,,,6.845,,reviewed,0,889,iscgem,898103,",iscgem898103,",",iscgem,",",origin,shakemap,",,,,,mw,earthquake,"M 7.6 - 23 km E of Santa Rosa, Peru",Point,"[-74.676, -10.96, 20]"
Feature,iscgem898078,7.07,Central Alaska,-700955409220,1650999128993,,https://earthquake.usgs.gov/earthquakes/eventpage/iscgem898078,https://earthquake.usgs.gov/fdsnws/event/1/query?eventid=iscgem898078&format=geojson,,,6.38,,reviewed,0,769,iscgem,898078,",iscgem898078,ushis1602,",",iscgem,ushis,",",impact-text,origin,shakemap,trump-origin,",,,,,mw,earthquake,M 7.1 - Central Alaska,Point,"[-148.569, 64.064, 26]"
Feature,iscgem898058,7.3,"4 km WNW of Koróni, Greece",-701755462510,1650999104540,,https://earthquake.usgs.gov/earthquakes/eventpage/iscgem898058,https://earthquake.usgs.gov/fdsnws/event/1/query?eventid=iscgem898058&format=geojson,,,6.954,,reviewed,0,820,iscgem,898058,",iscgem898058,",",iscgem,",",origin,shakemap,",,,,,mw,earthquake,"M 7.3 - 4 km WNW of Koróni, Greece",Point,"[21.916, 36.808, 15]"
Feature,iscgem897970,7.3,"73 km W of Shi Yomi, India",-707739395840,1650999014193,,https://earthquake.usgs.gov/earthquakes/eventpage/iscgem897970,https://earthquake.usgs.gov/fdsnws/event/1/query?eventid=iscgem897970&format=geojson,,,7.272,,reviewed,0,820,iscgem,897970,",iscgem897970,",",iscgem,",",origin,shakemap,",,,,,mw,earthquake,"M 7.3 - 73 km W of Shi Yomi, India",Point,"[93.628, 28.484, 20]"
Feature,iscgem897910,7.2,Mariana Islands region,-711217518910,1650998994444,,https://earthquake.usgs.gov/earthquakes/eventpage/iscgem897910,https://earthquake.usgs.gov/fdsnws/event/1/query?eventid=iscgem897910&format=geojson,,,,,reviewed,0,798,iscgem,897910,",iscgem897910,",",iscgem,",",origin,",,,,,mw,earthquake,M 7.2 - Mariana Islands region,Point,"[145.469, 21.57, 35]"
Feature,iscgem897893,7.0,Mariana Islands region,-711689700030,1650998970308,,https://earthquake.usgs.gov/earthquakes/eventpage/iscgem897893,https://earthquake.usgs.gov/fdsnws/event/1/query?eventid=iscgem897893&format=geojson,,,,,reviewed,0,754,iscgem,897893,",iscgem897893,",",iscgem,",",origin,",,,,,mw,earthquake,M 7.0 - Mariana Islands region,Point,"[145.474, 21.774, 35]"
Feature,iscgem897890,7.08,"128 km ESE of Laikit, Laikit II (Dimembe), Indonesia",-711817051990,1650998964723,,https://earthquake.usgs.gov/earthquakes/eventpage/iscgem897890,https://earthquake.usgs.gov/fdsnws/event/1/query?eventid=iscgem897890&format=geojson,,,6.361,,reviewed,0,771,iscgem,897890,",iscgem897890,",",iscgem,",",origin,shakemap,",,,,,mw,earthquake,"M 7.1 - 128 km ESE of Laikit, Laikit II (Dimembe), Indonesia",Point,"[126.079, 1.153, 15]"
Feature,iscgem897871,7.6,"138 km SW of Insrom, Indonesia",-713210462260,1650998932487,,https://earthquake.usgs.gov/earthquakes/eventpage/iscgem897871,https://earthquake.usgs.gov/fdsnws/event/1/query?eventid=iscgem897871&format=geojson,,,6.143,,reviewed,0,889,iscgem,897871,",iscgem897871,",",iscgem,",",origin,shakemap,",,,,,mw,earthquake,"M 7.6 - 138 km SW of Insrom, Indonesia",Point,"[135.017, -1.868, 15]"
Feature,iscgem897857,7.58,"82 km ENE of Gisborne, New Zealand",-714070398060,1650998913819,,https://earthquake.usgs.gov/earthquakes/eventpage/iscgem897857,https://earthquake.usgs.gov/fdsnws/event/1/query?eventid=iscgem897857&format=geojson,,,,,reviewed,0,884,iscgem,897857,",iscgem897857,",",iscgem,",",origin,",,,,,mw,earthquake,"M 7.6 - 82 km ENE of Gisborne, New Zealand",Point,"[178.909, -38.445, 25]"
Feature,iscgem897844,7.43,"92 km WSW of Kandrian, Papua New Guinea",-714972559680,1650998894299,,https://earthquake.usgs.gov/earthquakes/eventpage/iscgem897844,https://earthquake.usgs.gov/fdsnws/event/1/query?eventid=iscgem897844&format=geojson,,,5.533,,reviewed,0,849,iscgem,897844,",iscgem897844,",",iscgem,",",origin,shakemap,",,,,,mw,earthquake,"M 7.4 - 92 km WSW of Kandrian, Papua New Guinea",Point,"[148.758, -6.487, 35]"
Feature,iscgem897819,7.06,"142 km E of Shikotan, Russia",-716921059810,1650998875335,,https://earthquake.usgs.gov/earthquakes/eventpage/iscgem897819,https://earthquake.usgs.gov/fdsnws/event/1/query?eventid=iscgem897819&format=geojson,,,,,reviewed,0,767,iscgem,897819,",iscgem897819,",",iscgem,",",origin,",,,,,mw,earthquake,"M 7.1 - 142 km E of Shikotan, Russia",Point,"[148.482, 43.916, 30]"
Feature,iscgem897799,7.3,"195 km E of Biak, Indonesia",-717963643890,1650998850123,,https://earthquake.usgs.gov/earthquakes/eventpage/iscgem897799,https://earthquake.usgs.gov/fdsnws/event/1/query?eventid=iscgem897799&format=geojson,,,6.544,,reviewed,0,820,iscgem,897799,",iscgem897799,",",iscgem,",",origin,shakemap,",,,,,mw,earthquake,"M 7.3 - 195 km E of Biak, Indonesia",Point,"[137.839, -1.102, 15]"
Feature,iscgem897790,7.67,"46 km E of Gisborne, New Zealand",-718601259270,1650998843680,,https://earthquake.usgs.gov/earthquakes/eventpage/iscgem897790,https://earthquake.usgs.gov/fdsnws/event/1/query?eventid=iscgem897790&format=geojson,,,5.874,,reviewed,0,905,iscgem,897790,",iscgem897790,",",iscgem,",",origin,shakemap,",,,,,mw,earthquake,"M 7.7 - 46 km E of Gisborne, New Zealand",Point,"[178.533, -38.676, 15]"
Feature,iscgem897783,7.58,"Qinghai-Sichuan border region, China",-719336422280,1650998827787,,https://earthquake.usgs.gov/earthquakes/eventpage/iscgem897783,https://earthquake.usgs.gov/fdsnws/event/1/query?eventid=iscgem897783&format=geojson,,,7.484,,reviewed,0,884,iscgem,897783,",iscgem897783,",",iscgem,",",origin,shakemap,",,,,,mw,earthquake,"M 7.6 - Qinghai-Sichuan border region, China",Point,"[99.491, 33.498, 15]"
Feature,iscgem17264437,7.2,"134 km E of Shikotan, Russia",-726759672240,1650989075079,,https://earthquake.usgs.gov/earthquakes/eventpage/iscgem17264437,https://earthquake.usgs.gov/fdsnws/event/1/query?eventid=iscgem17264437&format=geojson,,,,,reviewed,0,798,iscgem,17264437,",iscgem17264437,",",iscgem,",",origin,",,,,,mw,earthquake,"M 7.2 - 134 km E of Shikotan, Russia",Point,"[148.376, 43.658, 20]"
Feature,iscgem898698,8.3,"68 km S of Shing?, Japan",-726813649350,1650999520211,,https://earthquake.usgs.gov/earthquakes/eventpage/iscgem898698,https://earthquake.usgs.gov/fdsnws/event/1/query?eventid=iscgem898698&format=geojson,,,7.088,,reviewed,0,1060,iscgem,898698,",iscgem898698,",",iscgem,",",impact-text,origin,shakemap,",,,,,mw,earthquake,"M 8.3 - 68 km S of Shing?, Japan",Point,"[135.905, 33.123, 15]"
Feature,iscgem898652,7.02,"40 km NE of Balkanabat, Turkmenistan",-730779130290,1650999504394,,https://earthquake.usgs.gov/earthquakes/eventpage/iscgem898652,https://earthquake.usgs.gov/fdsnws/event/1/query?eventid=iscgem898652&format=geojson,,,6.78,,reviewed,0,758,iscgem,898652,",iscgem898652,",",iscgem,",",origin,shakemap,",,,,,mw,earthquake,"M 7.0 - 40 km NE of Balkanabat, Turkmenistan",Point,"[54.638, 39.811, 37.9]"
Feature,iscgem898647,7.54,"34 km N of Kerben, Kyrgyzstan",-730963884490,1652136559023,,https://earthquake.usgs.gov/earthquakes/eventpage/iscgem898647,https://earthquake.usgs.gov/fdsnws/event/1/query?eventid=iscgem898647&format=geojson,,,7.504,,reviewed,0,875,iscgem,898647,",iscgemsup898647,iscgem898647,",",iscgemsup,iscgem,",",origin,shakemap,",,,,,mw,earthquake,"M 7.5 - 34 km N of Kerben, Kyrgyzstan",Point,"[71.82, 41.799, 25]"
Feature,iscgem898610,7.68,"152 km SE of Kokopo, Papua New Guinea",-733957073500,1650999453719,,https://earthquake.usgs.gov/earthquakes/eventpage/iscgem898610,https://earthquake.usgs.gov/fdsnws/event/1/query?eventid=iscgem898610&format=geojson,,,6.495,,reviewed,0,907,iscgem,898610,",iscgem898610,",",iscgem,",",origin,shakemap,",,,,,mw,earthquake,"M 7.7 - 152 km SE of Kokopo, Papua New Guinea",Point,"[153.34, -5.204, 50]"
Feature,iscgem898580,7.64,Myanmar,-735381574270,1650999443808,,https://earthquake.usgs.gov/earthquakes/eventpage/iscgem898580,https://earthquake.usgs.gov/fdsnws/event/1/query?eventid=iscgem898580&format=geojson,,,,,reviewed,0,898,iscgem,898580,",iscgem898580,",",iscgem,",",origin,",,,,,mw,earthquake,M 7.6 - Myanmar,Point,"[95.705, 23.532, 15]"
Feature,iscgemsup898579,7.07,"129 km ENE of Mawlaik, Myanmar",-735381755760,1652112437125,,https://earthquake.usgs.gov/earthquakes/eventpage/iscgemsup898579,https://earthquake.usgs.gov/fdsnws/event/1/query?eventid=iscgemsup898579&format=geojson,,,6.934,,reviewed,0,769,iscgemsup,898579,",iscgem898579,iscgemsup898579,",",iscgem,iscgemsup,",",origin,shakemap,",,,,,mw,earthquake,"M 7.1 - 129 km ENE of Mawlaik, Myanmar",Point,"[95.575, 24.104, 15]"
Feature,iscgem898498,7.76,"16 km NNW of Miches, Dominican Republic",-738742129680,1650999424691,,https://earthquake.usgs.gov/earthquakes/eventpage/iscgem898498,https://earthquake.usgs.gov/fdsnws/event/1/query?eventid=iscgem898498&format=geojson,,,8.195,,reviewed,0,926,iscgem,898498,",iscgem898498,",",iscgem,",",impact-text,origin,shakemap,",,,,,mw,earthquake,"M 7.8 - 16 km NNW of Miches, Dominican Republic",Point,"[-69.103, 19.124, 15]"
Feature,iscgem898434,7.5,"8 km NNW of Courtenay, Canada",-742373195570,1650999393988,,https://earthquake.usgs.gov/earthquakes/eventpage/iscgem898434,https://earthquake.usgs.gov/fdsnws/event/1/query?eventid=iscgem898434&format=geojson,,,6.864,,reviewed,0,865,iscgem,898434,",ushis1554,iscgem898434,",",ushis,iscgem,",",impact-text,origin,shakemap,",,,,,mw,earthquake,"M 7.5 - 8 km NNW of Courtenay, Canada",Point,"[-125.019, 49.765, 15]"
Feature,iscgem898375,7.06,"96 km ESE of Kokopo, Papua New Guinea",-746760966390,1650999323645,,https://earthquake.usgs.gov/earthquakes/eventpage/iscgem898375,https://earthquake.usgs.gov/fdsnws/event/1/query?eventid=iscgem898375&format=geojson,,,6.869,,reviewed,0,767,iscgem,898375,",iscgem898375,",",iscgem,",",origin,shakemap,",,,,,mw,earthquake,"M 7.1 - 96 km ESE of Kokopo, Papua New Guinea",Point,"[153.092, -4.623, 35]"
Feature,official19460401122901_30,8.6,"1946 Aleutian Islands (Unimak Island), Alaska Earthquake",-749561459000,1706529523534,,https://earthquake.usgs.gov/earthquakes/eventpage/official19460401122901_30,https://earthquake.usgs.gov/fdsnws/event/1/query?eventid=official19460401122901_30&format=geojson,,,6.757,,automatic,0,1138,official,19460401122901_30,",official19460401122901_30,iscgem898313,ushis1531,",",official,iscgem,ushis,",",earthquake-name,general-header,impact-text,origin,shakemap,trump-origin,",,,,,mw,earthquake,"M 8.6 - 1946 Aleutian Islands (Unimak Island), Alaska Earthquake",Point,"[-162.832, 53.492, 15]"
Feature,iscgem898209,7.07,"38 km ESE of Luganville, Vanuatu",-756964953800,1650999177856,,https://earthquake.usgs.gov/earthquakes/eventpage/iscgem898209,https://earthquake.usgs.gov/fdsnws/event/1/query?eventid=iscgem898209&format=geojson,,,6.382,,reviewed,0,769,iscgem,898209,",iscgem898209,",",iscgem,",",origin,shakemap,",,,,,mw,earthquake,"M 7.1 - 38 km ESE of Luganville, Vanuatu",Point,"[167.47, -15.691, 35]"
Feature,iscgem899246,7.46,"32 km SSW of Kimbe, Papua New Guinea",-757663862310,1650999886061,,https://earthquake.usgs.gov/earthquakes/eventpage/iscgem899246,https://earthquake.usgs.gov/fdsnws/event/1/query?eventid=iscgem899246&format=geojson,,,,,reviewed,0,856,iscgem,899246,",iscgem899246,",",iscgem,",",origin,",,,,,mw,earthquake,"M 7.5 - 32 km SSW of Kimbe, Papua New Guinea",Point,"[150.043, -5.826, 60]"
Feature,iscgem899231,7.1,"New Britain region, Papua New Guinea",-759452149120,1650999866596,,https://earthquake.usgs.gov/earthquakes/eventpage/iscgem899231,https://earthquake.usgs.gov/fdsnws/event/1/query?eventid=iscgem899231&format=geojson,,,6.09,,reviewed,0,776,iscgem,899231,",iscgem899231,",",iscgem,",",origin,shakemap,",,,,,mw,earthquake,"M 7.1 - New Britain region, Papua New Guinea",Point,"[150.18, -6.063, 55]"
Feature,iscgem899220,8.1,off the coast of Pakistan,-760327386270,1650999852987,,https://earthquake.usgs.gov/earthquakes/eventpage/iscgem899220,https://earthquake.usgs.gov/fdsnws/event/1/query?eventid=iscgem899220&format=geojson,,,7.056,,reviewed,0,1009,iscgem,899220,",iscgem899220,",",iscgem,",",origin,shakemap,",,,,,mw,earthquake,M 8.1 - off the coast of Pakistan,Point,"[63.675, 24.978, 15]"
Feature,iscgem899073,7.5,"173 km WSW of Riverton, New Zealand",-767841348710,1650999751330,,https://earthquake.usgs.gov/earthquakes/eventpage/iscgem899073,https://earthquake.usgs.gov/fdsnws/event/1/query?eventid=iscgem899073&format=geojson,,,,,reviewed,0,865,iscgem,899073,",iscgem899073,",",iscgem,",",origin,",,,,,mw,earthquake,"M 7.5 - 173 km WSW of Riverton, New Zealand",Point,"[165.955, -46.99, 20]"
Feature,iscgem898885,7.13,"149 km NNE of Ust’-Kamchatsk Staryy, Russia",-779923470150,1650999634036,,https://earthquake.usgs.gov/earthquakes/eventpage/iscgem898885,https://earthquake.usgs.gov/fdsnws/event/1/query?eventid=iscgem898885&format=geojson,,,6.26,,reviewed,0,782,iscgem,898885,",iscgem898885,",",iscgem,",",origin,shakemap,",,,,,mw,earthquake,"M 7.1 - 149 km NNE of Ust’-Kamchatsk Staryy, Russia",Point,"[163.664, 57.404, 35]"
Feature,iscgem898817,7.2,"Volcano Islands, Japan region",-783999930940,1650999578523,,https://earthquake.usgs.gov/earthquakes/eventpage/iscgem898817,https://earthquake.usgs.gov/fdsnws/event/1/query?eventid=iscgem898817&format=geojson,,,,,reviewed,0,798,iscgem,898817,",iscgem898817,",",iscgem,",",origin,",,,,,mw,earthquake,"M 7.2 - Volcano Islands, Japan region",Point,"[143.634, 25.699, 15]"
Feature,iscgem898801,7.17,"66 km ENE of Misawa, Japan",-785444521000,1650999567265,,https://earthquake.usgs.gov/earthquakes/eventpage/iscgem898801,https://earthquake.usgs.gov/fdsnws/event/1/query?eventid=iscgem898801&format=geojson,,,6.591,,reviewed,0,791,iscgem,898801,",iscgem898801,",",iscgem,",",origin,shakemap,",,,,,mw,earthquake,"M 7.2 - 66 km ENE of Misawa, Japan",Point,"[142.05, 41.019, 58.7]"
Feature,iscgem899647,8.1,"20 km E of Shing?, Japan",-791061854210,1651000146671,,https://earthquake.usgs.gov/earthquakes/eventpage/iscgem899647,https://earthquake.usgs.gov/fdsnws/event/1/query?eventid=iscgem899647&format=geojson,,,7.249,,reviewed,0,1009,iscgem,899647,",iscgem899647,",",iscgem,",",impact-text,origin,shakemap,",,,,,mw,earthquake,"M 8.1 - 20 km E of Shing?, Japan",Point,"[136.2, 33.73, 15]"
Feature,iscgem899627,7.2,"47 km NNW of Isangel, Vanuatu",-792184253290,1651000144315,,https://earthquake.usgs.gov/earthquakes/eventpage/iscgem899627,https://earthquake.usgs.gov/fdsnws/event/1/query?eventid=iscgem899627&format=geojson,,,6.269,,reviewed,0,798,iscgem,899627,",iscgem899627,",",iscgem,",",origin,shakemap,",,,,,mw,earthquake,"M 7.2 - 47 km NNW of Isangel, Vanuatu",Point,"[169.184, -19.127, 165]"
Feature,iscgem899619,7.14,"130 km SSE of Lata, Solomon Islands",-792848937870,1651000139169,,https://earthquake.usgs.gov/earthquakes/eventpage/iscgem899619,https://earthquake.usgs.gov/fdsnws/event/1/query?eventid=iscgem899619&format=geojson,,,5.671,,reviewed,0,784,iscgem,899619,",iscgem899619,",",iscgem,",",origin,shakemap,",,,,,mw,earthquake,"M 7.1 - 130 km SSE of Lata, Solomon Islands",Point,"[166.225, -11.823, 35]"
Feature,iscgem899567,7.0,southeast of the Loyalty Islands,-796458685260,1651000086892,,https://earthquake.usgs.gov/earthquakes/eventpage/iscgem899567,https://earthquake.usgs.gov/fdsnws/event/1/query?eventid=iscgem899567&format=geojson,,,,,reviewed,0,754,iscgem,899567,",iscgem899567,",",iscgem,",",origin,",,,,,mw,earthquake,M 7.0 - southeast of the Loyalty Islands,Point,"[171.768, -22.174, 120]"
Feature,iscgem899551,7.08,"85 km ENE of Petropavlovsk-Kamchatsky, Russia",-797514395600,1651000058937,,https://earthquake.usgs.gov/earthquakes/eventpage/iscgem899551,https://earthquake.usgs.gov/fdsnws/event/1/query?eventid=iscgem899551&format=geojson,,,6.616,,reviewed,0,771,iscgem,899551,",iscgem899551,",",iscgem,",",origin,shakemap,",,,,,mw,earthquake,"M 7.1 - 85 km ENE of Petropavlovsk-Kamchatsky, Russia",Point,"[159.75, 53.427, 35]"
Feature,iscgem899448,7.04,"70 km SW of Puerto Madero, Mexico",-805046464120,1650999997228,,https://earthquake.usgs.gov/earthquakes/eventpage/iscgem899448,https://earthquake.usgs.gov/fdsnws/event/1/query?eventid=iscgem899448&format=geojson,,,5.545,,reviewed,0,762,iscgem,899448,",iscgem899448,",",iscgem,",",origin,shakemap,",,,,,mw,earthquake,"M 7.0 - 70 km SW of Puerto Madero, Mexico",Point,"[-92.911, 14.295, 25]"
Feature,iscgem899390,7.26,"195 km E of Kavieng, Papua New Guinea",-807966109100,1650999983463,,https://earthquake.usgs.gov/earthquakes/eventpage/iscgem899390,https://earthquake.usgs.gov/fdsnws/event/1/query?eventid=iscgem899390&format=geojson,,,5.52,,reviewed,0,811,iscgem,899390,",iscgem899390,",",iscgem,",",origin,shakemap,",,,,,mw,earthquake,"M 7.3 - 195 km E of Kavieng, Papua New Guinea",Point,"[152.548, -2.475, 15]"
Feature,iscgem899389,7.3,Fiji region,-808008800640,1650999982090,,https://earthquake.usgs.gov/earthquakes/eventpage/iscgem899389,https://earthquake.usgs.gov/fdsnws/event/1/query?eventid=iscgem899389&format=geojson,,,,,reviewed,0,820,iscgem,899389,",iscgem899389,",",iscgem,",",origin,",,,,,mw,earthquake,M 7.3 - Fiji region,Point,"[-179.44, -21.578, 632.7]"
Feature,iscgem899365,7.6,"5 km SW of Manokwari, Indonesia",-810379307620,1650999975296,,https://earthquake.usgs.gov/earthquakes/eventpage/iscgem899365,https://earthquake.usgs.gov/fdsnws/event/1/query?eventid=iscgem899365&format=geojson,,,7.13,,reviewed,0,889,iscgem,899365,",iscgem899365,",",iscgem,",",origin,shakemap,",,,,,mw,earthquake,"M 7.6 - 5 km SW of Manokwari, Indonesia",Point,"[134.028, -0.901, 15]"
Feature,iscgem899329,7.28,"52 km ESE of Xinyuan, China",-814585622240,1650999959982,,https://earthquake.usgs.gov/earthquakes/eventpage/iscgem899329,https://earthquake.usgs.gov/fdsnws/event/1/query?eventid=iscgem899329&format=geojson,,,7.684,,reviewed,0,815,iscgem,899329,",iscgem899329,",",iscgem,",",origin,shakemap,",,,,,mw,earthquake,"M 7.3 - 52 km ESE of Xinyuan, China",Point,"[83.874, 43.293, 10]"
Feature,iscgem899313,7.36,"212 km E of Fuvahmulah, Maldives",-815383913640,1650999955546,,https://earthquake.usgs.gov/earthquakes/eventpage/iscgem899313,https://earthquake.usgs.gov/fdsnws/event/1/query?eventid=iscgem899313&format=geojson,,,,,reviewed,0,833,iscgem,899313,",iscgem899313,",",iscgem,",",origin,",,,,,mw,earthquake,"M 7.4 - 212 km E of Fuvahmulah, Maldives",Point,"[75.313, -0.015, 15]"
Feature,iscgem899277,7.6,"10 km WNW of Orta, Turkey",-817850239170,1650999914455,,https://earthquake.usgs.gov/earthquakes/eventpage/iscgem899277,https://earthquake.usgs.gov/fdsnws/event/1/query?eventid=iscgem899277&format=geojson,,,7.433,,reviewed,0,889,iscgem,899277,",iscgem899277,",",iscgem,",",origin,shakemap,",,,,,mw,earthquake,"M 7.6 - 10 km WNW of Orta, Turkey",Point,"[32.998, 40.66, 30]"
Feature,iscgem900139,7.15,"205 km SE of Kokopo, Papua New Guinea",-821249985050,1652136555298,,https://earthquake.usgs.gov/earthquakes/eventpage/iscgem900139,https://earthquake.usgs.gov/fdsnws/event/1/query?eventid=iscgem900139&format=geojson,,,5.014,,reviewed,0,787,iscgem,900139,",iscgemsup900139,iscgem900139,",",iscgemsup,iscgem,",",origin,shakemap,",,,,,mw,earthquake,"M 7.2 - 205 km SE of Kokopo, Papua New Guinea",Point,"[153.666, -5.57, 35]"
Feature,iscgem900102,7.5,"6 km SSE of Ilgaz, Turkey",-823570751440,1651000486525,,https://earthquake.usgs.gov/earthquakes/eventpage/iscgem900102,https://earthquake.usgs.gov/fdsnws/event/1/query?eventid=iscgem900102&format=geojson,,,7.378,,reviewed,0,865,iscgem,900102,",iscgem900102,",",iscgem,",",origin,shakemap,",,,,,mw,earthquake,"M 7.5 - 6 km SSE of Ilgaz, Turkey",Point,"[33.651, 40.867, 20]"
Feature,iscgem900076,7.65,"147 km E of Tual, Indonesia",-825348499580,1651000469518,,https://earthquake.usgs.gov/earthquakes/eventpage/iscgem900076,https://earthquake.usgs.gov/fdsnws/event/1/query?eventid=iscgem900076&format=geojson,,,6.914,,reviewed,0,900,iscgem,900076,",iscgem900076,",",iscgem,",",origin,shakemap,",,,,,mw,earthquake,"M 7.7 - 147 km E of Tual, Indonesia",Point,"[134.085, -5.546, 15]"
Feature,iscgem900054,7.18,"13 km W of Dergaon, India",-826526198780,1651000424597,,https://earthquake.usgs.gov/earthquakes/eventpage/iscgem900054,https://earthquake.usgs.gov/fdsnws/event/1/query?eventid=iscgem900054&format=geojson,,,6.747,,reviewed,0,793,iscgem,900054,",iscgem900054,",",iscgem,",",origin,shakemap,",,,,,mw,earthquake,"M 7.2 - 13 km W of Dergaon, India",Point,"[93.829, 26.705, 15]"
Feature,iscgem900000,7.03,"Kermadec Islands, New Zealand",-829932107800,1651000403340,,https://earthquake.usgs.gov/earthquakes/eventpage/iscgem900000,https://earthquake.usgs.gov/fdsnws/event/1/query?eventid=iscgem900000&format=geojson,,,,,reviewed,0,760,iscgem,900000,",iscgem900000,",",iscgem,",",origin,",,,,,mw,earthquake,"M 7.0 - Kermadec Islands, New Zealand",Point,"[-177.746, -30.139, 35]"
Feature,iscgem899991,7.0,"18 km ENE of Kurayoshi, Japan",-830272980210,1651000395494,,https://earthquake.usgs.gov/earthquakes/eventpage/iscgem899991,https://earthquake.usgs.gov/fdsnws/event/1/query?eventid=iscgem899991&format=geojson,,,6.748,,reviewed,0,754,iscgem,899991,",iscgem899991,",",iscgem,",",origin,shakemap,",,,,,mw,earthquake,"M 7.0 - 18 km ENE of Kurayoshi, Japan",Point,"[134.01, 35.473, 15]"
Feature,iscgem899985,7.52,Macquarie Island region,-830636309740,1651000392200,,https://earthquake.usgs.gov/earthquakes/eventpage/iscgem899985,https://earthquake.usgs.gov/fdsnws/event/1/query?eventid=iscgem899985&format=geojson,,,,,reviewed,0,870,iscgem,899985,",iscgem899985,",",iscgem,",",origin,",,,,,mw,earthquake,M 7.5 - Macquarie Island region,Point,"[158.761, -53.903, 10]"
Feature,iscgem899944,7.7,"45 km N of San Antonio, Puerto Rico",-834008262790,1651000362113,,https://earthquake.usgs.gov/earthquakes/eventpage/iscgem899944,https://earthquake.usgs.gov/fdsnws/event/1/query?eventid=iscgem899944&format=geojson,,,6.49,,reviewed,0,912,iscgem,899944,",iscgem899944,",",iscgem,",",origin,shakemap,",,,,,mw,earthquake,"M 7.7 - 45 km N of San Antonio, Puerto Rico",Point,"[-67.118, 18.907, 15]"
Feature,iscgem899940,7.44,"87 km SSW of Srandakan, Indonesia",-834484010110,1651000360568,,https://earthquake.usgs.gov/earthquakes/eventpage/iscgem899940,https://earthquake.usgs.gov/fdsnws/event/1/query?eventid=iscgem899940&format=geojson,,,5.995,,reviewed,0,852,iscgem,899940,",iscgem899940,",",iscgem,",",origin,shakemap,",,,,,mw,earthquake,"M 7.4 - 87 km SSW of Srandakan, Indonesia",Point,"[109.842, -8.621, 60]"
Feature,iscgem899875,7.31,"169 km ENE of Hachinohe, Japan",-837974897290,1651000303482,,https://earthquake.usgs.gov/earthquakes/eventpage/iscgem899875,https://earthquake.usgs.gov/fdsnws/event/1/query?eventid=iscgem899875&format=geojson,,,5.076,,reviewed,0,822,iscgem,899875,",iscgem899875,",",iscgem,",",origin,shakemap,",,,,,mw,earthquake,"M 7.3 - 169 km ENE of Hachinohe, Japan",Point,"[143.396, 41.003, 35]"
Feature,iscgem899872,7.73,"26 km S of Sijunjung, Indonesia",-838328021480,1651000297349,,https://earthquake.usgs.gov/earthquakes/eventpage/iscgem899872,https://earthquake.usgs.gov/fdsnws/event/1/query?eventid=iscgem899872&format=geojson,,,6.892,,reviewed,0,919,iscgem,899872,",iscgem899872,",",iscgem,",",origin,shakemap,",,,,,mw,earthquake,"M 7.7 - 26 km S of Sijunjung, Indonesia",Point,"[100.937, -0.938, 10]"
Feature,iscgem899871,7.38,"78 km NNW of Curup, Indonesia",-838351036720,1651000291970,,https://earthquake.usgs.gov/earthquakes/eventpage/iscgem899871,https://earthquake.usgs.gov/fdsnws/event/1/query?eventid=iscgem899871&format=geojson,,,6.839,,reviewed,0,838,iscgem,899871,",iscgem899871,",",iscgem,",",origin,shakemap,",,,,,mw,earthquake,"M 7.4 - 78 km NNW of Curup, Indonesia",Point,"[102.195, -2.84, 15]"
Feature,iscgem899851,7.76,"77 km E of Baculin, Philippines",-839551940720,1651000279784,,https://earthquake.usgs.gov/earthquakes/eventpage/iscgem899851,https://earthquake.usgs.gov/fdsnws/event/1/query?eventid=iscgem899851&format=geojson,,,6.47,,reviewed,0,926,iscgem,899851,",iscgem899851,",",iscgem,",",origin,shakemap,",,,,,mw,earthquake,"M 7.8 - 77 km E of Baculin, Philippines",Point,"[127.277, 7.371, 15]"
Feature,iscgem899838,7.36,"18 km ENE of Bagacay, Philippines",-841528846080,1652136553739,,https://earthquake.usgs.gov/earthquakes/eventpage/iscgem899838,https://earthquake.usgs.gov/fdsnws/event/1/query?eventid=iscgem899838&format=geojson,,,6.547,,reviewed,0,833,iscgem,899838,",iscgemsup899838,iscgem899838,",",iscgemsup,iscgem,",",origin,shakemap,",,,,,mw,earthquake,"M 7.4 - 18 km ENE of Bagacay, Philippines",Point,"[124.304, 13.02, 15]"
Feature,iscgem899802,7.13,"96 km ESE of Takahagi, Japan",-843383639690,1651000236698,,https://earthquake.usgs.gov/earthquakes/eventpage/iscgem899802,https://earthquake.usgs.gov/fdsnws/event/1/query?eventid=iscgem899802&format=geojson,,,4.459,,reviewed,0,782,iscgem,899802,",iscgem899802,",",iscgem,",",origin,shakemap,",,,,,mw,earthquake,"M 7.1 - 96 km ESE of Takahagi, Japan",Point,"[141.662, 36.301, 15]"
Feature,iscgem899789,8.1,"45 km NNW of Illapel, Chile",-843810761940,1651000220568,,https://earthquake.usgs.gov/earthquakes/eventpage/iscgem899789,https://earthquake.usgs.gov/fdsnws/event/1/query?eventid=iscgem899789&format=geojson,,,7.185,,reviewed,0,1009,iscgem,899789,",iscgem899789,",",iscgem,",",origin,shakemap,",,,,,mw,earthquake,"M 8.1 - 45 km NNW of Illapel, Chile",Point,"[-71.368, -31.262, 35]"
Feature,iscgem899723,7.4,"18 km SSW of Palos Blancos, Mexico",-847550351440,1651000189091,,https://earthquake.usgs.gov/earthquakes/eventpage/iscgem899723,https://earthquake.usgs.gov/fdsnws/event/1/query?eventid=iscgem899723&format=geojson,,,6.912,,reviewed,0,842,iscgem,899723,",iscgem899723,",",iscgem,",",origin,shakemap,",,,,,mw,earthquake,"M 7.4 - 18 km SSW of Palos Blancos, Mexico",Point,"[-101.37, 17.397, 20]"
Feature,iscgem900592,7.0,"13 km SE of Ayvac?k, Turkey",-853063010940,1651001000878,,https://earthquake.usgs.gov/earthquakes/eventpage/iscgem900592,https://earthquake.usgs.gov/fdsnws/event/1/query?eventid=iscgem900592&format=geojson,,,7.235,,reviewed,0,754,iscgem,900592,",iscgem900592,",",iscgem,",",origin,shakemap,",,,,,mw,earthquake,"M 7.0 - 13 km SE of Ayvac?k, Turkey",Point,"[36.744, 40.907, 10]"
Feature,iscgem900570,7.12,central Mid-Atlantic Ridge,-854976073200,1651000962725,,https://earthquake.usgs.gov/earthquakes/eventpage/iscgem900570,https://earthquake.usgs.gov/fdsnws/event/1/query?eventid=iscgem900570&format=geojson,,,,,reviewed,0,780,iscgem,900570,",iscgem900570,",",iscgem,",",origin,",,,,,mw,earthquake,M 7.1 - central Mid-Atlantic Ridge,Point,"[-35.553, 7.322, 10]"
Feature,iscgem900536,8.0,south of Africa,-856527511650,1651000932354,,https://earthquake.usgs.gov/earthquakes/eventpage/iscgem900536,https://earthquake.usgs.gov/fdsnws/event/1/query?eventid=iscgem900536&format=geojson,,,,,reviewed,0,985,iscgem,900536,",iscgem900536,",",iscgem,",",origin,",,,,,mw,earthquake,M 8.0 - south of Africa,Point,"[30.465, -49.885, 10]"
Feature,iscgem900504,7.27,"12 km SSW of Kipit, Philippines",-858299886340,1651000879215,,https://earthquake.usgs.gov/earthquakes/eventpage/iscgem900504,https://earthquake.usgs.gov/fdsnws/event/1/query?eventid=iscgem900504&format=geojson,,,6.188,,reviewed,0,813,iscgem,900504,",iscgem900504,",",iscgem,",",origin,shakemap,",,,,,mw,earthquake,"M 7.3 - 12 km SSW of Kipit, Philippines",Point,"[122.47, 7.95, 35]"
Feature,iscgem900444,8.1,"21 km NNE of Minas de Marcona, Peru",-863226568800,1651000818139,,https://earthquake.usgs.gov/earthquakes/eventpage/iscgem900444,https://earthquake.usgs.gov/fdsnws/event/1/query?eventid=iscgem900444&format=geojson,,,7.107,,reviewed,0,1009,iscgem,900444,",iscgem900444,",",iscgem,",",impact-text,origin,shakemap,",,,,,mw,earthquake,"M 8.1 - 21 km NNE of Minas de Marcona, Peru",Point,"[-75.025, -15.041, 30]"
Feature,iscgem900408,7.7,"26 km SSW of La Gomera, Guatemala",-864778977090,1651000797103,,https://earthquake.usgs.gov/earthquakes/eventpage/iscgem900408,https://earthquake.usgs.gov/fdsnws/event/1/query?eventid=iscgem900408&format=geojson,,,6.945,,reviewed,0,912,iscgem,900408,",iscgem900408,",",iscgem,",",impact-text,origin,shakemap,",,,,,mw,earthquake,"M 7.7 - 26 km SSW of La Gomera, Guatemala",Point,"[-91.162, 13.863, 35]"
Feature,iscgem900380,7.06,"87 km SSE of Antofagasta, Chile",-867344656200,1651000760871,,https://earthquake.usgs.gov/earthquakes/eventpage/iscgem900380,https://earthquake.usgs.gov/fdsnws/event/1/query?eventid=iscgem900380&format=geojson,,,6.76,,reviewed,0,767,iscgem,900380,",iscgem900380,",",iscgem,",",origin,shakemap,",,,,,mw,earthquake,"M 7.1 - 87 km SSE of Antofagasta, Chile",Point,"[-70.04, -24.373, 35]"
Feature,iscgem900349,7.0,"25 km SE of Masterton, New Zealand",-868538609910,1651000747388,,https://earthquake.usgs.gov/earthquakes/eventpage/iscgem900349,https://earthquake.usgs.gov/fdsnws/event/1/query?eventid=iscgem900349&format=geojson,,,6.876,,reviewed,0,754,iscgem,900349,",iscgem900349,",",iscgem,",",origin,shakemap,",,,,,mw,earthquake,"M 7.0 - 25 km SE of Masterton, New Zealand",Point,"[175.834, -41.149, 15]"
Feature,iscgem900329,7.0,"233 km ESE of Saipan, Northern Mariana Islands",-869431806990,1651000715316,,https://earthquake.usgs.gov/earthquakes/eventpage/iscgem900329,https://earthquake.usgs.gov/fdsnws/event/1/query?eventid=iscgem900329&format=geojson,,,,,reviewed,0,754,iscgem,900329,",iscgem900329,",",iscgem,",",origin,",,,,,mw,earthquake,"M 7.0 - 233 km ESE of Saipan, Northern Mariana Islands",Point,"[147.841, 14.628, 15]"
Feature,iscgem900274,7.8,"12 km SE of Pedernales, Ecuador",-872113592990,1651000653976,,https://earthquake.usgs.gov/earthquakes/eventpage/iscgem900274,https://earthquake.usgs.gov/fdsnws/event/1/query?eventid=iscgem900274&format=geojson,,,7.282,,reviewed,0,936,iscgem,900274,",iscgem900274,",",iscgem,",",origin,shakemap,",,,,,mw,earthquake,"M 7.8 - 12 km SE of Pedernales, Ecuador",Point,"[-79.982, -0.014, 20]"
Feature,iscgem900244,7.63,"18 km WSW of Tayaman, Philippines",-875175572220,1651000631518,,https://earthquake.usgs.gov/earthquakes/eventpage/iscgem900244,https://earthquake.usgs.gov/fdsnws/event/1/query?eventid=iscgem900244&format=geojson,,,6.635,,reviewed,0,896,iscgem,900244,",iscgem900244,",",iscgem,",",origin,shakemap,",,,,,mw,earthquake,"M 7.6 - 18 km WSW of Tayaman, Philippines",Point,"[120.423, 13.144, 15]"
Feature,iscgem900233,7.02,"122 km SSE of Koshima, Japan",-876703153060,1651000629242,,https://earthquake.usgs.gov/earthquakes/eventpage/iscgem900233,https://earthquake.usgs.gov/fdsnws/event/1/query?eventid=iscgem900233&format=geojson,,,,,reviewed,0,758,iscgem,900233,",iscgem900233,",",iscgem,",",origin,",,,,,mw,earthquake,"M 7.0 - 122 km SSE of Koshima, Japan",Point,"[130.834, 29.164, 25]"
Feature,iscgem900176,7.06,"96 km SSW of Nabire, Indonesia",-881317848780,1651000597442,,https://earthquake.usgs.gov/earthquakes/eventpage/iscgem900176,https://earthquake.usgs.gov/fdsnws/event/1/query?eventid=iscgem900176&format=geojson,,,6.743,,reviewed,0,767,iscgem,900176,",iscgem900176,",",iscgem,",",origin,shakemap,",,,,,mw,earthquake,"M 7.1 - 96 km SSW of Nabire, Indonesia",Point,"[135.102, -4.138, 17.5]"
Feature,iscgem901124,7.22,"18 km NNW of Yujing, Taiwan",-884925616360,1651001566390,,https://earthquake.usgs.gov/earthquakes/eventpage/iscgem901124,https://earthquake.usgs.gov/fdsnws/event/1/query?eventid=iscgem901124&format=geojson,,,6.868,,reviewed,0,802,iscgem,901124,",iscgem901124,",",iscgem,",",origin,shakemap,",,,,,mw,earthquake,"M 7.2 - 18 km NNW of Yujing, Taiwan",Point,"[120.419, 23.29, 15]"
Feature,iscgem901107,7.47,"70 km WSW of Golfito, Costa Rica",-885870776800,1651001538253,,https://earthquake.usgs.gov/earthquakes/eventpage/iscgem901107,https://earthquake.usgs.gov/fdsnws/event/1/query?eventid=iscgem901107&format=geojson,,,6.88,,reviewed,0,858,iscgem,901107,",iscgem901107,",",iscgem,",",origin,shakemap,",,,,,mw,earthquake,"M 7.5 - 70 km WSW of Golfito, Costa Rica",Point,"[-83.694, 8.329, 20]"
Feature,iscgem901098,7.84,Azores-Cape St. Vincent Ridge,-886744562500,1652136552231,,https://earthquake.usgs.gov/earthquakes/eventpage/iscgem901098,https://earthquake.usgs.gov/fdsnws/event/1/query?eventid=iscgem901098&format=geojson,,,,,reviewed,0,946,iscgem,901098,",iscgemsup901098,iscgem901098,",",iscgemsup,iscgem,",",origin,",,,,,mw,earthquake,M 7.8 - Azores-Cape St. Vincent Ridge,Point,"[-18.966, 37.301, 10]"
Feature,iscgem901083,8.02,"41 km E of Takanabe, Japan",-887354007600,1651001502432,,https://earthquake.usgs.gov/earthquakes/eventpage/iscgem901083,https://earthquake.usgs.gov/fdsnws/event/1/query?eventid=iscgem901083&format=geojson,,,6.961,,reviewed,0,990,iscgem,901083,",iscgem901083,",",iscgem,",",origin,shakemap,",,,,,mw,earthquake,"M 8.0 - 41 km E of Takanabe, Japan",Point,"[131.944, 32.129, 35]"
Feature,iscgem901068,7.43,"33 km NW of Gorontalo, Indonesia",-888193351160,1651001489625,,https://earthquake.usgs.gov/earthquakes/eventpage/iscgem901068,https://earthquake.usgs.gov/fdsnws/event/1/query?eventid=iscgem901068&format=geojson,,,7.049,,reviewed,0,849,iscgem,901068,",iscgem901068,",",iscgem,",",origin,shakemap,",,,,,mw,earthquake,"M 7.4 - 33 km NW of Gorontalo, Indonesia",Point,"[122.835, 0.731, 35]"
Feature,iscgem901006,7.1,"Kermadec Islands, New Zealand",-892779644990,1651001410578,,https://earthquake.usgs.gov/earthquakes/eventpage/iscgem901006,https://earthquake.usgs.gov/fdsnws/event/1/query?eventid=iscgem901006&format=geojson,,,,,reviewed,0,776,iscgem,901006,",iscgem901006,",",iscgem,",",origin,",,,,,mw,earthquake,"M 7.1 - Kermadec Islands, New Zealand",Point,"[-177.851, -29.115, 70]"
Feature,iscgem900934,7.19,"Kermadec Islands, New Zealand",-896703509800,1651001350952,,https://earthquake.usgs.gov/earthquakes/eventpage/iscgem900934,https://earthquake.usgs.gov/fdsnws/event/1/query?eventid=iscgem900934&format=geojson,,,,,reviewed,0,795,iscgem,900934,",iscgem900934,",",iscgem,",",origin,",,,,,mw,earthquake,"M 7.2 - Kermadec Islands, New Zealand",Point,"[-177.597, -29.781, 35]"
Feature,iscgem900863,7.96,"43 km N of Bamboo Flat, India",-899899675240,1651001265722,,https://earthquake.usgs.gov/earthquakes/eventpage/iscgem900863,https://earthquake.usgs.gov/fdsnws/event/1/query?eventid=iscgem900863&format=geojson,,,7.276,,reviewed,0,975,iscgem,900863,",iscgem900863,",",iscgem,",",origin,shakemap,",,,,,mw,earthquake,"M 8.0 - 43 km N of Bamboo Flat, India",Point,"[92.65, 12.084, 20]"
Feature,iscgem900815,7.39,"54 km ESE of Lata, Solomon Islands",-903389701440,1651001224862,,https://earthquake.usgs.gov/earthquakes/eventpage/iscgem900815,https://earthquake.usgs.gov/fdsnws/event/1/query?eventid=iscgem900815&format=geojson,,,,,reviewed,0,840,iscgem,900815,",iscgem900815,",",iscgem,",",origin,",,,,,mw,earthquake,"M 7.4 - 54 km ESE of Lata, Solomon Islands",Point,"[166.279, -10.837, 35]"
Feature,iscgem900764,7.6,"21 km ESE of Coalcomán de Vázquez Pallares, Mexico",-906094203320,1651001152810,,https://earthquake.usgs.gov/earthquakes/eventpage/iscgem900764,https://earthquake.usgs.gov/fdsnws/event/1/query?eventid=iscgem900764&format=geojson,,,7.001,,reviewed,0,889,iscgem,900764,",iscgem900764,",",iscgem,",",origin,shakemap,",,,,,mw,earthquake,"M 7.6 - 21 km ESE of Coalcomán de Vázquez Pallares, Mexico",Point,"[-102.989, 18.68, 30]"
Feature,iscgem900622,7.19,"New Britain region, Papua New Guinea",-914052735510,1651001019823,,https://earthquake.usgs.gov/earthquakes/eventpage/iscgem900622,https://earthquake.usgs.gov/fdsnws/event/1/query?eventid=iscgem900622&format=geojson,,,6.806,,reviewed,0,795,iscgem,900622,",iscgem900622,",",iscgem,",",origin,shakemap,",,,,,mw,earthquake,"M 7.2 - New Britain region, Papua New Guinea",Point,"[151.94, -4.251, 15]"
Feature,iscgem901750,7.7,Mariana Islands region,-915434535210,1651002053783,,https://earthquake.usgs.gov/earthquakes/eventpage/iscgem901750,https://earthquake.usgs.gov/fdsnws/event/1/query?eventid=iscgem901750&format=geojson,,,,,reviewed,0,912,iscgem,901750,",iscgem901750,",",iscgem,",",origin,",,,,,mw,earthquake,M 7.7 - Mariana Islands region,Point,"[147.462, 18.204, 15]"
Feature,iscgem901696,7.74,"13 km ESE of Comand?u, Romania",-919635648880,1651001977883,,https://earthquake.usgs.gov/earthquakes/eventpage/iscgem901696,https://earthquake.usgs.gov/fdsnws/event/1/query?eventid=iscgem901696&format=geojson,,,6.806,,reviewed,0,922,iscgem,901696,",iscgem901696,",",iscgem,",",origin,shakemap,",,,,,mw,earthquake,"M 7.7 - 13 km ESE of Comand?u, Romania",Point,"[26.426, 45.72, 150]"
Feature,iscgem901628,7.21,"Near the coast of Tarapaca, Chile",-922809899250,1651001892470,,https://earthquake.usgs.gov/earthquakes/eventpage/iscgem901628,https://earthquake.usgs.gov/fdsnws/event/1/query?eventid=iscgem901628&format=geojson,,,6.68,,reviewed,0,800,iscgem,901628,",iscgem901628,",",iscgem,",",origin,shakemap,",,,,,mw,earthquake,"M 7.2 - Near the coast of Tarapaca, Chile",Point,"[-70.425, -19.978, 35]"
Feature,iscgem901515,7.5,"137 km WSW of Rishiri Town, Japan",-928313495080,1651001780303,,https://earthquake.usgs.gov/earthquakes/eventpage/iscgem901515,https://earthquake.usgs.gov/fdsnws/event/1/query?eventid=iscgem901515&format=geojson,,,4.931,,reviewed,0,865,iscgem,901515,",iscgem901515,",",iscgem,",",origin,shakemap,",,,,,mw,earthquake,"M 7.5 - 137 km WSW of Rishiri Town, Japan",Point,"[139.678, 44.561, 15]"
Feature,iscgem901374,8.2,"21 km SE of Huacho, Peru",-934269960660,1651001714769,,https://earthquake.usgs.gov/earthquakes/eventpage/iscgem901374,https://earthquake.usgs.gov/fdsnws/event/1/query?eventid=iscgem901374&format=geojson,,,7.533,,reviewed,0,1034,iscgem,901374,",iscgem901374,",",iscgem,",",origin,shakemap,",,,,,mw,earthquake,"M 8.2 - 21 km SE of Huacho, Peru",Point,"[-77.438, -11.217, 45]"
Feature,iscgem901283,7.05,"24 km E of Attu Station, Alaska",-937588609510,1651001668858,,https://earthquake.usgs.gov/earthquakes/eventpage/iscgem901283,https://earthquake.usgs.gov/fdsnws/event/1/query?eventid=iscgem901283&format=geojson,,,,,reviewed,0,765,iscgem,901283,",ushis1286,iscgem901283,",",ushis,iscgem,",",impact-text,origin,trump-origin,",,,,,mw,earthquake,"M 7.1 - 24 km E of Attu Station, Alaska",Point,"[173.551, 52.849, 30]"
Feature,iscgem901282,7.04,"80 km SSE of Attu Station, Alaska",-937590732230,1651001667781,,https://earthquake.usgs.gov/earthquakes/eventpage/iscgem901282,https://earthquake.usgs.gov/fdsnws/event/1/query?eventid=iscgem901282&format=geojson,,,,,reviewed,0,762,iscgem,901282,",ushis1285,iscgem901282,",",ushis,iscgem,",",impact-text,origin,trump-origin,",,,,,mw,earthquake,"M 7.0 - 80 km SSE of Attu Station, Alaska",Point,"[173.778, 52.224, 30]"
Feature,iscgem901160,7.5,Mariana Islands region,-945384303580,1651001601961,,https://earthquake.usgs.gov/earthquakes/eventpage/iscgem901160,https://earthquake.usgs.gov/fdsnws/event/1/query?eventid=iscgem901160&format=geojson,,,,,reviewed,0,865,iscgem,901160,",iscgem901160,",",iscgem,",",origin,",,,,,mw,earthquake,M 7.5 - Mariana Islands region,Point,"[148.059, 17.139, 15]"
Feature,iscgem902291,7.8,"20 km NNE of Erzincan, Turkey",-947203356180,1650919893901,,https://earthquake.usgs.gov/earthquakes/eventpage/iscgem902291,https://earthquake.usgs.gov/fdsnws/event/1/query?eventid=iscgem902291&format=geojson,,,7.907,,reviewed,0,936,iscgem,902291,",iscgem902291,",",iscgem,",",impact-text,origin,shakemap,",,,,,mw,earthquake,"M 7.8 - 20 km NNE of Erzincan, Turkey",Point,"[39.586, 39.907, 20]"
Feature,iscgem902275,8.1,"68 km SSW of Gorontalo, Indonesia",-947645954990,1650919866181,,https://earthquake.usgs.gov/earthquakes/eventpage/iscgem902275,https://earthquake.usgs.gov/fdsnws/event/1/query?eventid=iscgem902275&format=geojson,,,6.995,,reviewed,0,1009,iscgem,902275,",iscgem902275,",",iscgem,",",origin,shakemap,",,,,,mw,earthquake,"M 8.1 - 68 km SSW of Gorontalo, Indonesia",Point,"[122.793, -0.018, 150]"
Feature,iscgem902274,7.59,"4 km WNW of Atenas, Costa Rica",-947646307070,1650919860330,,https://earthquake.usgs.gov/earthquakes/eventpage/iscgem902274,https://earthquake.usgs.gov/fdsnws/event/1/query?eventid=iscgem902274&format=geojson,,,,,reviewed,0,886,iscgem,902274,",iscgem902274,",",iscgem,",",origin,",,,,,mw,earthquake,"M 7.6 - 4 km WNW of Atenas, Costa Rica",Point,"[-84.412, 9.99, 25]"
Feature,iscgem902187,7.41,"off the east coast of Honshu, Japan",-953875680760,1650919798178,,https://earthquake.usgs.gov/earthquakes/eventpage/iscgem902187,https://earthquake.usgs.gov/fdsnws/event/1/query?eventid=iscgem902187&format=geojson,,,,,reviewed,0,845,iscgem,902187,",iscgem902187,",",iscgem,",",origin,",,,,,mw,earthquake,"M 7.4 - off the east coast of Honshu, Japan",Point,"[143.07, 38.513, 20]"
Feature,iscgem902140,7.24,"238 km SSE of Attu Station, Alaska",-956663712420,1650919768147,,https://earthquake.usgs.gov/earthquakes/eventpage/iscgem902140,https://earthquake.usgs.gov/fdsnws/event/1/query?eventid=iscgem902140&format=geojson,,,,,reviewed,0,806,iscgem,902140,",iscgem902140,",",iscgem,",",origin,",,,,,mw,earthquake,"M 7.2 - 238 km SSE of Attu Station, Alaska",Point,"[174.959, 50.999, 15]"
Feature,iscgem901929,7.19,"92 km NNE of San Luis, Mexico",-967805105980,1652136547501,,https://earthquake.usgs.gov/earthquakes/eventpage/iscgem901929,https://earthquake.usgs.gov/fdsnws/event/1/query?eventid=iscgem901929&format=geojson,,,7.487,,reviewed,0,795,iscgem,901929,",iscgemsup901929,iscgem901929,",",iscgemsup,iscgem,",",origin,shakemap,",,,,,mw,earthquake,"M 7.2 - 92 km NNE of San Luis, Mexico",Point,"[-113.513, 29.241, 10]"
Feature,iscgem901919,7.19,"28 km W of Tenn?, Japan",-967917690140,1650919530835,,https://earthquake.usgs.gov/earthquakes/eventpage/iscgem901919,https://earthquake.usgs.gov/fdsnws/event/1/query?eventid=iscgem901919&format=geojson,,,6.788,,reviewed,0,795,iscgem,901919,",iscgem901919,",",iscgem,",",origin,shakemap,",,,,,mw,earthquake,"M 7.2 - 28 km W of Tenn?, Japan",Point,"[139.637, 39.93, 10]"
Feature,iscgem901916,7.83,"23 km SSE of Malango, Solomon Islands",-968015069350,1650919529195,,https://earthquake.usgs.gov/earthquakes/eventpage/iscgem901916,https://earthquake.usgs.gov/fdsnws/event/1/query?eventid=iscgem901916&format=geojson,,,7.123,,reviewed,0,943,iscgem,901916,",iscgem901916,",",iscgem,",",origin,shakemap,",,,,,mw,earthquake,"M 7.8 - 23 km SSE of Malango, Solomon Islands",Point,"[159.829, -9.881, 15]"
Feature,iscgem901907,7.0,"155 km SSW of Sovetskaya Gavan’, Russia",-968787052780,1650919521493,,https://earthquake.usgs.gov/earthquakes/eventpage/iscgem901907,https://earthquake.usgs.gov/fdsnws/event/1/query?eventid=iscgem901907&format=geojson,,,3.092,,reviewed,0,754,iscgem,901907,",iscgem901907,",",iscgem,",",origin,shakemap,",,,,,mw,earthquake,"M 7.0 - 155 km SSW of Sovetskaya Gavan’, Russia",Point,"[139.637, 47.643, 530]"
Feature,iscgem901902,7.42,"Atacama, Chile",-969039435880,1650919519726,,https://earthquake.usgs.gov/earthquakes/eventpage/iscgem901902,https://earthquake.usgs.gov/fdsnws/event/1/query?eventid=iscgem901902&format=geojson,,,7.154,,reviewed,0,847,iscgem,901902,",iscgem901902,",",iscgem,",",origin,shakemap,",,,,,mw,earthquake,"M 7.4 - Atacama, Chile",Point,"[-70.875, -27.218, 35]"
Feature,iscgem901890,7.06,"48 km SSW of Isangel, Vanuatu",-970125436010,1650919504696,,https://earthquake.usgs.gov/earthquakes/eventpage/iscgem901890,https://earthquake.usgs.gov/fdsnws/event/1/query?eventid=iscgem901890&format=geojson,,,5.897,,reviewed,0,767,iscgem,901890,",iscgem901890,",",iscgem,",",origin,shakemap,",,,,,mw,earthquake,"M 7.1 - 48 km SSW of Isangel, Vanuatu",Point,"[169.055, -19.924, 30]"
Feature,iscgem901866,7.5,South Indian Ocean,-971477325090,1650919470486,,https://earthquake.usgs.gov/earthquakes/eventpage/iscgem901866,https://earthquake.usgs.gov/fdsnws/event/1/query?eventid=iscgem901866&format=geojson,,,,,reviewed,0,865,iscgem,901866,",iscgem901866,",",iscgem,",",origin,",,,,,mw,earthquake,M 7.5 - South Indian Ocean,Point,"[89.324, -1.272, 15]"
Feature,iscgem901797,7.82,"85 km S of Panguna, Papua New Guinea",-975793289590,1650919375192,,https://earthquake.usgs.gov/earthquakes/eventpage/iscgem901797,https://earthquake.usgs.gov/fdsnws/event/1/query?eventid=iscgem901797&format=geojson,,,6.773,,reviewed,0,941,iscgem,901797,",iscgem901797,",",iscgem,",",origin,shakemap,",,,,,mw,earthquake,"M 7.8 - 85 km S of Panguna, Papua New Guinea",Point,"[155.388, -7.086, 35]"
Feature,iscgem901785,7.85,"26 km WNW of San Carlos, Chile",-976220865040,1650919353042,,https://earthquake.usgs.gov/earthquakes/eventpage/iscgem901785,https://earthquake.usgs.gov/fdsnws/event/1/query?eventid=iscgem901785&format=geojson,,,7.205,,reviewed,0,948,iscgem,901785,",iscgem901785,",",iscgem,",",origin,shakemap,",,,,,mw,earthquake,"M 7.9 - 26 km WNW of San Carlos, Chile",Point,"[-72.213, -36.296, 35]"
Feature,iscgem902871,7.0,"15 km WNW of Te Anau, New Zealand",-979627105940,1650920660229,,https://earthquake.usgs.gov/earthquakes/eventpage/iscgem902871,https://earthquake.usgs.gov/fdsnws/event/1/query?eventid=iscgem902871&format=geojson,,,6.609,,reviewed,0,754,iscgem,902871,",iscgem902871,",",iscgem,",",origin,shakemap,",,,,,mw,earthquake,"M 7.0 - 15 km WNW of Te Anau, New Zealand",Point,"[167.526, -45.371, 100]"
Feature,iscgem902854,7.02,"113 km ESE of Yujing, Taiwan",-980470747030,1650920622663,,https://earthquake.usgs.gov/earthquakes/eventpage/iscgem902854,https://earthquake.usgs.gov/fdsnws/event/1/query?eventid=iscgem902854&format=geojson,,,6.276,,reviewed,0,758,iscgem,902854,",iscgem902854,",",iscgem,",",origin,shakemap,",,,,,mw,earthquake,"M 7.0 - 113 km ESE of Yujing, Taiwan",Point,"[121.52, 22.841, 15]"
Feature,iscgem902835,7.04,"99 km E of Iwaki, Japan",-981063008650,1650920579893,,https://earthquake.usgs.gov/earthquakes/eventpage/iscgem902835,https://earthquake.usgs.gov/fdsnws/event/1/query?eventid=iscgem902835&format=geojson,,,4.608,,reviewed,0,762,iscgem,902835,",iscgem902835,",",iscgem,",",origin,shakemap,",,,,,mw,earthquake,"M 7.0 - 99 km E of Iwaki, Japan",Point,"[142.002, 37.036, 30]"
Feature,iscgem902790,7.11,"200 km ESE of Iwaki, Japan",-982459708880,1650920508483,,https://earthquake.usgs.gov/earthquakes/eventpage/iscgem902790,https://earthquake.usgs.gov/fdsnws/event/1/query?eventid=iscgem902790&format=geojson,,,3.967,,reviewed,0,778,iscgem,902790,",iscgem902790,",",iscgem,",",origin,shakemap,",,,,,mw,earthquake,"M 7.1 - 200 km ESE of Iwaki, Japan",Point,"[143.02, 36.482, 35]"
Feature,official19381110201849000_35,8.23,Alaska Peninsula,-982726871000,1650920470765,,https://earthquake.usgs.gov/earthquakes/eventpage/official19381110201849000_35,https://earthquake.usgs.gov/fdsnws/event/1/query?eventid=official19381110201849000_35&format=geojson,,,6.814,,reviewed,0,1042,official,19381110201849000_35,",official19381110201849000_35,iscgem902774,ushis1220,",",official,iscgem,ushis,",",general-header,impact-text,origin,shakemap,trump-origin,",,,,,mw,earthquake,M 8.2 - Alaska Peninsula,Point,"[-158.181, 55.178, 35]"
Feature,iscgem902752,7.6,"141 km ESE of Namie, Japan",-983067672780,1650920439900,,https://earthquake.usgs.gov/earthquakes/eventpage/iscgem902752,https://earthquake.usgs.gov/fdsnws/event/1/query?eventid=iscgem902752&format=geojson,,,5.447,,reviewed,0,889,iscgem,902752,",iscgem902752,",",iscgem,",",origin,shakemap,",,,,,mw,earthquake,"M 7.6 - 141 km ESE of Namie, Japan",Point,"[142.485, 37.009, 25]"
Feature,iscgem902745,7.7,"116 km E of Namie, Japan",-983113564700,1650920435008,,https://earthquake.usgs.gov/earthquakes/eventpage/iscgem902745,https://earthquake.usgs.gov/fdsnws/event/1/query?eventid=iscgem902745&format=geojson,,,5.864,,reviewed,0,912,iscgem,902745,",iscgem902745,",",iscgem,",",origin,shakemap,",,,,,mw,earthquake,"M 7.7 - 116 km E of Namie, Japan",Point,"[142.305, 37.382, 30]"
Feature,iscgem902741,7.7,"116 km ESE of Namie, Japan",-983192981900,1650920428483,,https://earthquake.usgs.gov/earthquakes/eventpage/iscgem902741,https://earthquake.usgs.gov/fdsnws/event/1/query?eventid=iscgem902741&format=geojson,,,5.888,,reviewed,0,912,iscgem,902741,",iscgem902741,",",iscgem,",",origin,shakemap,",,,,,mw,earthquake,"M 7.7 - 116 km ESE of Namie, Japan",Point,"[142.241, 37.147, 35]"
Feature,iscgem902740,7.8,"105 km E of Iwaki, Japan",-983200595770,1650920427142,,https://earthquake.usgs.gov/earthquakes/eventpage/iscgem902740,https://earthquake.usgs.gov/fdsnws/event/1/query?eventid=iscgem902740&format=geojson,,,6.18,,reviewed,0,936,iscgem,902740,",iscgem902740,",",iscgem,",",origin,shakemap,",,,,,mw,earthquake,"M 7.8 - 105 km E of Iwaki, Japan",Point,"[142.065, 36.971, 35]"
Feature,iscgem902719,7.16,"70 km SE of Maumere, Indonesia",-984606029810,1650918387446,,https://earthquake.usgs.gov/earthquakes/eventpage/iscgem902719,https://earthquake.usgs.gov/fdsnws/event/1/query?eventid=iscgem902719&format=geojson,,,6.924,,reviewed,0,789,iscgem,902719,",iscgem902719,",",iscgem,",",origin,shakemap,",,,,,mw,earthquake,"M 7.2 - 70 km SE of Maumere, Indonesia",Point,"[122.726, -8.996, 66]"
Feature,iscgem902710,7.22,"182 km WNW of Tobelo, Indonesia",-985403512990,1650920378179,,https://earthquake.usgs.gov/earthquakes/eventpage/iscgem902710,https://earthquake.usgs.gov/fdsnws/event/1/query?eventid=iscgem902710&format=geojson,,,4.643,,reviewed,0,802,iscgem,902710,",iscgem902710,",",iscgem,",",origin,shakemap,",,,,,mw,earthquake,"M 7.2 - 182 km WNW of Tobelo, Indonesia",Point,"[126.514, 2.4, 15]"
Feature,iscgem902664,7.09,"21 km SSW of Hualien City, Taiwan",-988315000190,1650920286567,,https://earthquake.usgs.gov/earthquakes/eventpage/iscgem902664,https://earthquake.usgs.gov/fdsnws/event/1/query?eventid=iscgem902664&format=geojson,,,6.851,,reviewed,0,773,iscgem,902664,",iscgem902664,",",iscgem,",",origin,shakemap,",,,,,mw,earthquake,"M 7.1 - 21 km SSW of Hualien City, Taiwan",Point,"[121.506, 23.807, 15]"
Feature,iscgem902629,7.02,"31 km SE of Falam, Myanmar",-990214318530,1650920203005,,https://earthquake.usgs.gov/earthquakes/eventpage/iscgem902629,https://earthquake.usgs.gov/fdsnws/event/1/query?eventid=iscgem902629&format=geojson,,,7.008,,reviewed,0,758,iscgem,902629,",iscgem902629,",",iscgem,",",origin,shakemap,",,,,,mw,earthquake,"M 7.0 - 31 km SE of Falam, Myanmar",Point,"[93.912, 22.723, 75]"
Feature,iscgem902546,7.03,"22 km ESE of Kemin, Kyrgyzstan",-995069363370,1650918379489,,https://earthquake.usgs.gov/earthquakes/eventpage/iscgem902546,https://earthquake.usgs.gov/fdsnws/event/1/query?eventid=iscgem902546&format=geojson,,,7.197,,reviewed,0,760,iscgem,902546,",iscgem902546,",",iscgem,",",origin,shakemap,",,,,,mw,earthquake,"M 7.0 - 22 km ESE of Kemin, Kyrgyzstan",Point,"[75.947, 42.717, 15]"
Feature,iscgem902539,7.6,"78 km S of Naze, Japan",-995492681460,1650920117139,,https://earthquake.usgs.gov/earthquakes/eventpage/iscgem902539,https://earthquake.usgs.gov/fdsnws/event/1/query?eventid=iscgem902539&format=geojson,,,6.544,,reviewed,0,889,iscgem,902539,",iscgem902539,",",iscgem,",",origin,shakemap,",,,,,mw,earthquake,"M 7.6 - 78 km S of Naze, Japan",Point,"[129.476, 27.659, 20]"
Feature,iscgem902525,7.66,"35 km N of Hirara, Japan",-995983576400,1650920104419,,https://earthquake.usgs.gov/earthquakes/eventpage/iscgem902525,https://earthquake.usgs.gov/fdsnws/event/1/query?eventid=iscgem902525&format=geojson,,,6.662,,reviewed,0,903,iscgem,902525,",iscgem902525,",",iscgem,",",origin,shakemap,",,,,,mw,earthquake,"M 7.7 - 35 km N of Hirara, Japan",Point,"[125.308, 25.125, 20]"
Feature,iscgem902524,7.08,"170 km WNW of Ambon, Indonesia",-996036289680,1650920102859,,https://earthquake.usgs.gov/earthquakes/eventpage/iscgem902524,https://earthquake.usgs.gov/fdsnws/event/1/query?eventid=iscgem902524&format=geojson,,,6.766,,reviewed,0,771,iscgem,902524,",iscgem902524,",",iscgem,",",origin,shakemap,",,,,,mw,earthquake,"M 7.1 - 170 km WNW of Ambon, Indonesia",Point,"[126.75, -3.146, 15]"
Feature,iscgem902508,7.03,"72 km SW of Isangel, Vanuatu",-996917407080,1650920094785,,https://earthquake.usgs.gov/earthquakes/eventpage/iscgem902508,https://earthquake.usgs.gov/fdsnws/event/1/query?eventid=iscgem902508&format=geojson,,,5.427,,reviewed,0,760,iscgem,902508,",iscgem902508,",",iscgem,",",origin,shakemap,",,,,,mw,earthquake,"M 7.0 - 72 km SW of Isangel, Vanuatu",Point,"[168.78, -19.99, 35]"
Feature,iscgem902499,7.07,"41 km W of Pagsanahan Norte, Philippines",-997544288920,1650920081051,,https://earthquake.usgs.gov/earthquakes/eventpage/iscgem902499,https://earthquake.usgs.gov/fdsnws/event/1/query?eventid=iscgem902499&format=geojson,,,6.234,,reviewed,0,769,iscgem,902499,",iscgem902499,",",iscgem,",",origin,shakemap,",,,,,mw,earthquake,"M 7.1 - 41 km W of Pagsanahan Norte, Philippines",Point,"[120.058, 17.987, 15]"
Feature,iscgem902498,7.7,"69 km ESE of Kitaibaraki, Japan",-997548089500,1650920080083,,https://earthquake.usgs.gov/earthquakes/eventpage/iscgem902498,https://earthquake.usgs.gov/fdsnws/event/1/query?eventid=iscgem902498&format=geojson,,,6.495,,reviewed,0,912,iscgem,902498,",iscgem902498,",",iscgem,",",origin,shakemap,",,,,,mw,earthquake,"M 7.7 - 69 km ESE of Kitaibaraki, Japan",Point,"[141.459, 36.534, 15]"
Feature,iscgem902493,7.7,"120 km NE of Palu, Indonesia",-997858272680,1650920073185,,https://earthquake.usgs.gov/earthquakes/eventpage/iscgem902493,https://earthquake.usgs.gov/fdsnws/event/1/query?eventid=iscgem902493&format=geojson,,,6.599,,reviewed,0,912,iscgem,902493,",iscgem902493,",",iscgem,",",origin,shakemap,",,,,,mw,earthquake,"M 7.7 - 120 km NE of Palu, Indonesia",Point,"[120.537, -0.045, 35]"
Feature,iscgem902481,7.55,"48 km NW of Finschhafen, Papua New Guinea",-998468453740,1650920049265,,https://earthquake.usgs.gov/earthquakes/eventpage/iscgem902481,https://earthquake.usgs.gov/fdsnws/event/1/query?eventid=iscgem902481&format=geojson,,,7.198,,reviewed,0,877,iscgem,902481,",iscgem902481,",",iscgem,",",origin,shakemap,",,,,,mw,earthquake,"M 7.6 - 48 km NW of Finschhafen, Papua New Guinea",Point,"[147.561, -6.222, 35]"
Feature,official19380201190422_30,8.5,"141 km WNW of Tual, Indonesia",-1007096138000,1650919962236,,https://earthquake.usgs.gov/earthquakes/eventpage/official19380201190422_30,https://earthquake.usgs.gov/fdsnws/event/1/query?eventid=official19380201190422_30&format=geojson,,,6.962,,automatic,0,1112,official,19380201190422_30,",iscgem902352,official19380201190422_30,",",iscgem,official,",",general-header,impact-text,origin,shakemap,trump-origin,",,,,,mw,earthquake,"M 8.5 - 141 km WNW of Tual, Indonesia",Point,"[131.614, -5.045, 25]"
Feature,iscgem903401,7.4,"3 km W of Huixtepec, Mexico",-1010572916540,1650921543992,,https://earthquake.usgs.gov/earthquakes/eventpage/iscgem903401,https://earthquake.usgs.gov/fdsnws/event/1/query?eventid=iscgem903401&format=geojson,,,6.941,,reviewed,0,842,iscgem,903401,",iscgem903401,",",iscgem,",",origin,shakemap,",,,,,mw,earthquake,"M 7.4 - 3 km W of Huixtepec, Mexico",Point,"[-98.338, 16.656, 25]"
Feature,iscgem903210,7.64,"6 km E of Tignoan, Philippines",-1021377638580,1650921359361,,https://earthquake.usgs.gov/earthquakes/eventpage/iscgem903210,https://earthquake.usgs.gov/fdsnws/event/1/query?eventid=iscgem903210&format=geojson,,,6.784,,reviewed,0,898,iscgem,903210,",iscgem903210,",",iscgem,",",origin,shakemap,",,,,,mw,earthquake,"M 7.6 - 6 km E of Tignoan, Philippines",Point,"[121.675, 14.569, 15]"
Feature,iscgem903200,7.1,"205 km NNE of Gili Air, Indonesia",-1022195043300,1650921334538,,https://earthquake.usgs.gov/earthquakes/eventpage/iscgem903200,https://earthquake.usgs.gov/fdsnws/event/1/query?eventid=iscgem903200&format=geojson,,,2.625,,reviewed,0,776,iscgem,903200,",iscgem903200,",",iscgem,",",origin,shakemap,",,,,,mw,earthquake,"M 7.1 - 205 km NNE of Gili Air, Indonesia",Point,"[116.479, -6.538, 610]"
Feature,iscgem903173,7.12,Central Alaska,-1023864627730,1650921302083,,https://earthquake.usgs.gov/earthquakes/eventpage/iscgem903173,https://earthquake.usgs.gov/fdsnws/event/1/query?eventid=iscgem903173&format=geojson,,,7.745,,reviewed,0,780,iscgem,903173,",iscgem903173,ushis1176,",",iscgem,ushis,",",impact-text,origin,shakemap,trump-origin,",,,,,mw,earthquake,M 7.1 - Central Alaska,Point,"[-146.82, 64.626, 10]"
Feature,iscgem903121,7.11,"55 km SW of Santiago de Cao, Peru",-1026550014830,1650920873763,,https://earthquake.usgs.gov/earthquakes/eventpage/iscgem903121,https://earthquake.usgs.gov/fdsnws/event/1/query?eventid=iscgem903121&format=geojson,,,6.033,,reviewed,0,778,iscgem,903121,",iscgem903121,",",iscgem,",",origin,shakemap,",,,,,mw,earthquake,"M 7.1 - 55 km SW of Santiago de Cao, Peru",Point,"[-79.628, -8.276, 30]"
Feature,iscgem903042,7.3,"227 km WNW of Haveluloto, Tonga",-1032296301910,1650920852394,,https://earthquake.usgs.gov/earthquakes/eventpage/iscgem903042,https://earthquake.usgs.gov/fdsnws/event/1/query?eventid=iscgem903042&format=geojson,,,,,reviewed,0,820,iscgem,903042,",iscgem903042,",",iscgem,",",origin,",,,,,mw,earthquake,"M 7.3 - 227 km WNW of Haveluloto, Tonga",Point,"[-177.315, -20.596, 330]"
Feature,iscgem902955,7.44,"170 km ESE of Kuril’sk, Russia",-1036947437760,1650920765836,,https://earthquake.usgs.gov/earthquakes/eventpage/iscgem902955,https://earthquake.usgs.gov/fdsnws/event/1/query?eventid=iscgem902955&format=geojson,,,5.135,,reviewed,0,852,iscgem,902955,",iscgem902955,",",iscgem,",",origin,shakemap,",,,,,mw,earthquake,"M 7.4 - 170 km ESE of Kuril’sk, Russia",Point,"[149.733, 44.447, 30]"
Feature,iscgem902922,7.21,"76 km E of Kirakira, Solomon Islands",-1039281954430,1650920741120,,https://earthquake.usgs.gov/earthquakes/eventpage/iscgem902922,https://earthquake.usgs.gov/fdsnws/event/1/query?eventid=iscgem902922&format=geojson,,,5.901,,reviewed,0,800,iscgem,902922,",iscgem902922,",",iscgem,",",origin,shakemap,",,,,,mw,earthquake,"M 7.2 - 76 km E of Kirakira, Solomon Islands",Point,"[162.615, -10.371, 15]"
Feature,iscgem902908,7.81,"Southern Qinghai, China",-1040812757220,1705523490899,,https://earthquake.usgs.gov/earthquakes/eventpage/iscgem902908,https://earthquake.usgs.gov/fdsnws/event/1/query?eventid=iscgem902908&format=geojson,,,7.74,,reviewed,0,938,iscgem,902908,",iscgem902908,",",iscgem,",",earthquake-name,origin,shakemap,",,,,,mw,earthquake,"M 7.8 - Southern Qinghai, China",Point,"[97.761, 35.331, 15]"
Feature,iscgem903937,7.32,"61 km ESE of Ust’-Kamchatsk Staryy, Russia",-1045567706970,1650922207760,,https://earthquake.usgs.gov/earthquakes/eventpage/iscgem903937,https://earthquake.usgs.gov/fdsnws/event/1/query?eventid=iscgem903937&format=geojson,,,6.449,,reviewed,0,824,iscgem,903937,",iscgem903937,",",iscgem,",",origin,shakemap,",,,,,mw,earthquake,"M 7.3 - 61 km ESE of Ust’-Kamchatsk Staryy, Russia",Point,"[163.386, 56.017, 20]"
Feature,iscgem903917,7.25,"83 km E of Ishinomaki, Japan",-1046488442570,1650922165255,,https://earthquake.usgs.gov/earthquakes/eventpage/iscgem903917,https://earthquake.usgs.gov/fdsnws/event/1/query?eventid=iscgem903917&format=geojson,,,5.84,,reviewed,0,809,iscgem,903917,",iscgem903917,",",iscgem,",",origin,shakemap,",,,,,mw,earthquake,"M 7.3 - 83 km E of Ishinomaki, Japan",Point,"[142.235, 38.279, 35]"
Feature,iscgem903844,7.06,"86 km WSW of Pangkalan Brandan, Indonesia",-1050361092850,1650922053337,,https://earthquake.usgs.gov/earthquakes/eventpage/iscgem903844,https://earthquake.usgs.gov/fdsnws/event/1/query?eventid=iscgem903844&format=geojson,,,6.663,,reviewed,0,767,iscgem,903844,",iscgem903844,",",iscgem,",",origin,shakemap,",,,,,mw,earthquake,"M 7.1 - 86 km WSW of Pangkalan Brandan, Indonesia",Point,"[97.578, 3.681, 20]"
Feature,iscgem903796,7.13,"51 km E of Hengchun, Taiwan",-1052759305130,1652136546019,,https://earthquake.usgs.gov/earthquakes/eventpage/iscgem903796,https://earthquake.usgs.gov/fdsnws/event/1/query?eventid=iscgem903796&format=geojson,,,6.189,,reviewed,0,782,iscgem,903796,",iscgemsup903796,iscgem903796,",",iscgemsup,iscgem,",",origin,shakemap,",,,,,mw,earthquake,"M 7.1 - 51 km E of Hengchun, Taiwan",Point,"[121.24, 21.963, 15]"
Feature,iscgem903742,7.52,"83 km NNE of Taltal, Chile",-1056199661470,1650921907602,,https://earthquake.usgs.gov/earthquakes/eventpage/iscgem903742,https://earthquake.usgs.gov/fdsnws/event/1/query?eventid=iscgem903742&format=geojson,,,7.194,,reviewed,0,870,iscgem,903742,",iscgem903742,",",iscgem,",",origin,shakemap,",,,,,mw,earthquake,"M 7.5 - 83 km NNE of Taltal, Chile",Point,"[-70.155, -24.718, 35]"
Feature,iscgem903716,7.46,"253 km SE of Vilyuchinsk, Russia",-1057308798540,1650921869582,,https://earthquake.usgs.gov/earthquakes/eventpage/iscgem903716,https://earthquake.usgs.gov/fdsnws/event/1/query?eventid=iscgem903716&format=geojson,,,,,reviewed,0,856,iscgem,903716,",iscgem903716,",",iscgem,",",origin,",,,,,mw,earthquake,"M 7.5 - 253 km SE of Vilyuchinsk, Russia",Point,"[160.811, 51.197, 15]"
Feature,iscgem903573,7.27,"61 km NW of Gizo, Solomon Islands",-1063565562990,1650921705998,,https://earthquake.usgs.gov/earthquakes/eventpage/iscgem903573,https://earthquake.usgs.gov/fdsnws/event/1/query?eventid=iscgem903573&format=geojson,,,6.839,,reviewed,0,813,iscgem,903573,",iscgem903573,",",iscgem,",",origin,shakemap,",,,,,mw,earthquake,"M 7.3 - 61 km NW of Gizo, Solomon Islands",Point,"[156.508, -7.656, 20]"
Feature,iscgem903538,7.75,"161 km SE of Sarangani, Philippines",-1065131432460,1650921682654,,https://earthquake.usgs.gov/earthquakes/eventpage/iscgem903538,https://earthquake.usgs.gov/fdsnws/event/1/query?eventid=iscgem903538&format=geojson,,,6.882,,reviewed,0,924,iscgem,903538,",iscgem903538,",",iscgem,",",origin,shakemap,",,,,,mw,earthquake,"M 7.8 - 161 km SE of Sarangani, Philippines",Point,"[126.379, 4.264, 35]"
Feature,iscgem903478,7.13,"152 km NNE of Tual, Indonesia",-1069067581260,1650921618928,,https://earthquake.usgs.gov/earthquakes/eventpage/iscgem903478,https://earthquake.usgs.gov/fdsnws/event/1/query?eventid=iscgem903478&format=geojson,,,6.185,,reviewed,0,782,iscgem,903478,",iscgem903478,",",iscgem,",",origin,shakemap,",,,,,mw,earthquake,"M 7.1 - 152 km NNE of Tual, Indonesia",Point,"[133.32, -4.374, 15]"
Feature,iscgem904721,7.6,"212 km W of Pariaman, Indonesia",-1073337868720,1650922839785,,https://earthquake.usgs.gov/earthquakes/eventpage/iscgem904721,https://earthquake.usgs.gov/fdsnws/event/1/query?eventid=iscgem904721&format=geojson,,,6.964,,reviewed,0,889,iscgem,904721,",iscgem904721,",",iscgem,",",origin,shakemap,",,,,,mw,earthquake,"M 7.6 - 212 km W of Pariaman, Indonesia",Point,"[98.242, -0.278, 30]"
Feature,iscgem904697,7.6,"56 km W of Kirakira, Solomon Islands",-1074444725860,1650922789977,,https://earthquake.usgs.gov/earthquakes/eventpage/iscgem904697,https://earthquake.usgs.gov/fdsnws/event/1/query?eventid=iscgem904697&format=geojson,,,6.904,,reviewed,0,889,iscgem,904697,",iscgem904697,",",iscgem,",",origin,shakemap,",,,,,mw,earthquake,"M 7.6 - 56 km W of Kirakira, Solomon Islands",Point,"[161.411, -10.367, 35]"
Feature,iscgem904696,7.31,"4 km SSW of Puerto Madero, Mexico",-1074477273780,1652136543745,,https://earthquake.usgs.gov/earthquakes/eventpage/iscgem904696,https://earthquake.usgs.gov/fdsnws/event/1/query?eventid=iscgem904696&format=geojson,,,6.7,,reviewed,0,822,iscgem,904696,",iscgemsup904696,iscgem904696,",",iscgemsup,iscgem,",",origin,shakemap,",,,,,mw,earthquake,"M 7.3 - 4 km SSW of Puerto Madero, Mexico",Point,"[-92.438, 14.688, 35]"
Feature,iscgem904591,7.19,"192 km ENE of Miyako, Japan",-1079480880320,1650922656416,,https://earthquake.usgs.gov/earthquakes/eventpage/iscgem904591,https://earthquake.usgs.gov/fdsnws/event/1/query?eventid=iscgem904591&format=geojson,,,4.052,,reviewed,0,795,iscgem,904591,",iscgem904591,",",iscgem,",",origin,shakemap,",,,,,mw,earthquake,"M 7.2 - 192 km ENE of Miyako, Japan",Point,"[144.06, 40.232, 15]"
Feature,iscgem904577,7.12,"136 km ENE of Miyako, Japan",-1079939676360,1650922633592,,https://earthquake.usgs.gov/earthquakes/eventpage/iscgem904577,https://earthquake.usgs.gov/fdsnws/event/1/query?eventid=iscgem904577&format=geojson,,,4.447,,reviewed,0,780,iscgem,904577,",iscgem904577,",",iscgem,",",origin,shakemap,",,,,,mw,earthquake,"M 7.1 - 136 km ENE of Miyako, Japan",Point,"[143.378, 40.176, 15]"
Feature,iscgem904529,7.02,"55 km NNW of Ambunti, Papua New Guinea",-1081881409190,1650922584637,,https://earthquake.usgs.gov/earthquakes/eventpage/iscgem904529,https://earthquake.usgs.gov/fdsnws/event/1/query?eventid=iscgem904529&format=geojson,,,6.285,,reviewed,0,758,iscgem,904529,",iscgem904529,",",iscgem,",",origin,shakemap,",,,,,mw,earthquake,"M 7.0 - 55 km NNW of Ambunti, Papua New Guinea",Point,"[142.642, -3.743, 35]"
Feature,iscgem904528,7.83,"New Guinea, Papua New Guinea",-1081894396540,1650920922578,,https://earthquake.usgs.gov/earthquakes/eventpage/iscgem904528,https://earthquake.usgs.gov/fdsnws/event/1/query?eventid=iscgem904528&format=geojson,,,6.967,,reviewed,0,943,iscgem,904528,",iscgem904528,",",iscgem,",",origin,shakemap,",,,,,mw,earthquake,"M 7.8 - New Guinea, Papua New Guinea",Point,"[141.379, -3.868, 30]"
Feature,iscgem904513,7.46,"42 km SSW of Shikotan, Russia",-1082627756640,1650922549569,,https://earthquake.usgs.gov/earthquakes/eventpage/iscgem904513,https://earthquake.usgs.gov/fdsnws/event/1/query?eventid=iscgem904513&format=geojson,,,6.433,,reviewed,0,856,iscgem,904513,",iscgem904513,",",iscgem,",",origin,shakemap,",,,,,mw,earthquake,"M 7.5 - 42 km SSW of Shikotan, Russia",Point,"[146.618, 43.424, 35]"
Feature,iscgem904497,7.09,"66 km ENE of Hengchun, Taiwan",-1083277336230,1650922544952,,https://earthquake.usgs.gov/earthquakes/eventpage/iscgem904497,https://earthquake.usgs.gov/fdsnws/event/1/query?eventid=iscgem904497&format=geojson,,,5.894,,reviewed,0,773,iscgem,904497,",iscgem904497,",",iscgem,",",origin,shakemap,",,,,,mw,earthquake,"M 7.1 - 66 km ENE of Hengchun, Taiwan",Point,"[121.284, 22.331, 15]"
Feature,iscgem904464,7.14,southeast of the Loyalty Islands,-1084832122580,1650922528678,,https://earthquake.usgs.gov/earthquakes/eventpage/iscgem904464,https://earthquake.usgs.gov/fdsnws/event/1/query?eventid=iscgem904464&format=geojson,,,,,reviewed,0,784,iscgem,904464,",iscgem904464,",",iscgem,",",origin,",,,,,mw,earthquake,M 7.1 - southeast of the Loyalty Islands,Point,"[171.468, -22.308, 20]"
Feature,iscgem904448,7.0,"40 km NE of Meulaboh, Indonesia",-1086043794130,1650922521349,,https://earthquake.usgs.gov/earthquakes/eventpage/iscgem904448,https://earthquake.usgs.gov/fdsnws/event/1/query?eventid=iscgem904448&format=geojson,,,6.681,,reviewed,0,754,iscgem,904448,",iscgem904448,",",iscgem,",",origin,shakemap,",,,,,mw,earthquake,"M 7.0 - 40 km NE of Meulaboh, Indonesia",Point,"[96.406, 4.381, 25]"
Feature,iscgem904311,7.61,"17 km WSW of Kalat, Pakistan",-1091586422890,1650922413034,,https://earthquake.usgs.gov/earthquakes/eventpage/iscgem904311,https://earthquake.usgs.gov/fdsnws/event/1/query?eventid=iscgem904311&format=geojson,,,6.775,,reviewed,0,891,iscgem,904311,",iscgem904311,",",iscgem,",",origin,shakemap,",,,,,mw,earthquake,"M 7.6 - 17 km WSW of Kalat, Pakistan",Point,"[66.436, 28.958, 25]"
Feature,iscgem904224,7.05,"14 km N of Taichung, Taiwan",-1095040679040,1650920915683,,https://earthquake.usgs.gov/earthquakes/eventpage/iscgem904224,https://earthquake.usgs.gov/fdsnws/event/1/query?eventid=iscgem904224&format=geojson,,,7.7,,reviewed,0,765,iscgem,904224,",iscgem904224,",",iscgem,",",origin,shakemap,",,,,,mw,earthquake,"M 7.1 - 14 km N of Taichung, Taiwan",Point,"[120.686, 24.277, 15]"
Feature,iscgem905307,7.32,"200 km NW of Dêqên, China",-1105999338710,1650923430194,,https://earthquake.usgs.gov/earthquakes/eventpage/iscgem905307,https://earthquake.usgs.gov/fdsnws/event/1/query?eventid=iscgem905307&format=geojson,,,7.541,,reviewed,0,824,iscgem,905307,",iscgem905307,",",iscgem,",",origin,shakemap,",,,,,mw,earthquake,"M 7.3 - 200 km NW of Dêqên, China",Point,"[89.157, 31.162, 15]"
Feature,iscgem905294,7.04,"102 km SW of Barra de Navidad, Mexico",-1107294883180,1650923400876,,https://earthquake.usgs.gov/earthquakes/eventpage/iscgem905294,https://earthquake.usgs.gov/fdsnws/event/1/query?eventid=iscgem905294&format=geojson,,,4.996,,reviewed,0,762,iscgem,905294,",iscgem905294,",",iscgem,",",origin,shakemap,",,,,,mw,earthquake,"M 7.0 - 102 km SW of Barra de Navidad, Mexico",Point,"[-105.307, 18.494, 15]"
Feature,iscgem905065,7.3,"45 km SSE of Lata, Solomon Islands",-1118684498620,1650923198847,,https://earthquake.usgs.gov/earthquakes/eventpage/iscgem905065,https://earthquake.usgs.gov/fdsnws/event/1/query?eventid=iscgem905065&format=geojson,,,,,reviewed,0,820,iscgem,905065,",iscgem905065,",",iscgem,",",origin,",,,,,mw,earthquake,"M 7.3 - 45 km SSE of Lata, Solomon Islands",Point,"[165.967, -11.099, 15]"
Feature,iscgem905046,7.7,"138 km SSE of Lata, Solomon Islands",-1118895579850,1650923176829,,https://earthquake.usgs.gov/earthquakes/eventpage/iscgem905046,https://earthquake.usgs.gov/fdsnws/event/1/query?eventid=iscgem905046&format=geojson,,,6.653,,reviewed,0,912,iscgem,905046,",iscgem905046,",",iscgem,",",origin,shakemap,",,,,,mw,earthquake,"M 7.7 - 138 km SSE of Lata, Solomon Islands",Point,"[166.413, -11.818, 10]"
Feature,iscgem905037,7.5,"44 km ESE of Burica, Panama",-1118960608620,1650923163240,,https://earthquake.usgs.gov/earthquakes/eventpage/iscgem905037,https://earthquake.usgs.gov/fdsnws/event/1/query?eventid=iscgem905037&format=geojson,,,6.484,,reviewed,0,865,iscgem,905037,",iscgem905037,",",iscgem,",",origin,shakemap,",,,,,mw,earthquake,"M 7.5 - 44 km ESE of Burica, Panama",Point,"[-82.513, 7.853, 30]"
Feature,iscgem904890,7.17,"12 km E of Kinablangan, Philippines",-1127007877490,1650923056496,,https://earthquake.usgs.gov/earthquakes/eventpage/iscgem904890,https://earthquake.usgs.gov/fdsnws/event/1/query?eventid=iscgem904890&format=geojson,,,6.75,,reviewed,0,791,iscgem,904890,",iscgem904890,",",iscgem,",",origin,shakemap,",,,,,mw,earthquake,"M 7.2 - 12 km E of Kinablangan, Philippines",Point,"[126.662, 7.689, 35]"
Feature,iscgem904858,7.02,"119 km SE of Honiara, Solomon Islands",-1128945327540,1650923021671,,https://earthquake.usgs.gov/earthquakes/eventpage/iscgem904858,https://earthquake.usgs.gov/fdsnws/event/1/query?eventid=iscgem904858&format=geojson,,,6.173,,reviewed,0,758,iscgem,904858,",iscgem904858,",",iscgem,",",origin,shakemap,",,,,,mw,earthquake,"M 7.0 - 119 km SE of Honiara, Solomon Islands",Point,"[160.819, -10.082, 15]"
Feature,iscgem904826,7.2,"39 km SE of Palmerston North, New Zealand",-1130588025430,1650922993640,,https://earthquake.usgs.gov/earthquakes/eventpage/iscgem904826,https://earthquake.usgs.gov/fdsnws/event/1/query?eventid=iscgem904826&format=geojson,,,6.781,,reviewed,0,798,iscgem,904826,",iscgem904826,",",iscgem,",",origin,shakemap,",,,,,mw,earthquake,"M 7.2 - 39 km SE of Palmerston North, New Zealand",Point,"[175.954, -40.6, 15]"
Feature,iscgem904819,7.03,"61 km ENE of Kimbe, Papua New Guinea",-1131010690960,1650922977912,,https://earthquake.usgs.gov/earthquakes/eventpage/iscgem904819,https://earthquake.usgs.gov/fdsnws/event/1/query?eventid=iscgem904819&format=geojson,,,6.706,,reviewed,0,760,iscgem,904819,",iscgem904819,",",iscgem,",",origin,shakemap,",,,,,mw,earthquake,"M 7.0 - 61 km ENE of Kimbe, Papua New Guinea",Point,"[150.649, -5.346, 15]"
Feature,iscgem904813,7.5,"Volcano Islands, Japan region",-1131384971440,1650922969790,,https://earthquake.usgs.gov/earthquakes/eventpage/iscgem904813,https://earthquake.usgs.gov/fdsnws/event/1/query?eventid=iscgem904813&format=geojson,,,,,reviewed,0,865,iscgem,904813,",iscgem904813,",",iscgem,",",origin,",,,,,mw,earthquake,"M 7.5 - Volcano Islands, Japan region",Point,"[144.009, 23.105, 35]"
Feature,iscgem904793,7.5,"113 km W of Cabittaogan, Philippines",-1132257620900,1650922947958,,https://earthquake.usgs.gov/earthquakes/eventpage/iscgem904793,https://earthquake.usgs.gov/fdsnws/event/1/query?eventid=iscgem904793&format=geojson,,,5.205,,reviewed,0,865,iscgem,904793,",iscgem904793,",",iscgem,",",origin,shakemap,",,,,,mw,earthquake,"M 7.5 - 113 km W of Cabittaogan, Philippines",Point,"[119.292, 17.496, 15]"
Feature,iscgem904745,8.0,Nepal,-1134832594180,1650922868852,,https://earthquake.usgs.gov/earthquakes/eventpage/iscgem904745,https://earthquake.usgs.gov/fdsnws/event/1/query?eventid=iscgem904745&format=geojson,,,7.289,,reviewed,0,985,iscgem,904745,",iscgem904745,",",iscgem,",",impact-text,origin,shakemap,",,,,,mw,earthquake,M 8.0 - Nepal,Point,"[86.941, 27.275, 15]"
Feature,iscgem905919,7.44,Baffin Bay,-1139618304520,1650924009101,,https://earthquake.usgs.gov/earthquakes/eventpage/iscgem905919,https://earthquake.usgs.gov/fdsnws/event/1/query?eventid=iscgem905919&format=geojson,,,,,reviewed,0,852,iscgem,905919,",iscgem905919,",",iscgem,",",origin,",,,,,mw,earthquake,M 7.4 - Baffin Bay,Point,"[-70.072, 73.148, 15]"
Feature,iscgem905786,7.46,South Sandwich Islands region,-1146879612670,1650923918190,,https://earthquake.usgs.gov/earthquakes/eventpage/iscgem905786,https://earthquake.usgs.gov/fdsnws/event/1/query?eventid=iscgem905786&format=geojson,,,,,reviewed,0,856,iscgem,905786,",iscgem905786,",",iscgem,",",origin,",,,,,mw,earthquake,M 7.5 - South Sandwich Islands region,Point,"[-27.086, -60.251, 35]"
Feature,iscgem905779,7.38,"101 km WNW of Jiangyou, China",-1147190967220,1650923911498,,https://earthquake.usgs.gov/earthquakes/eventpage/iscgem905779,https://earthquake.usgs.gov/fdsnws/event/1/query?eventid=iscgem905779&format=geojson,,,7.095,,reviewed,0,838,iscgem,905779,",iscgem905779,",",iscgem,",",origin,shakemap,",,,,,mw,earthquake,"M 7.4 - 101 km WNW of Jiangyou, China",Point,"[103.669, 31.957, 15]"
Feature,iscgem905657,7.52,"48 km SW of Kotabumi, Indonesia",-1152497109930,1650923756427,,https://earthquake.usgs.gov/earthquakes/eventpage/iscgem905657,https://earthquake.usgs.gov/fdsnws/event/1/query?eventid=iscgem905657&format=geojson,,,6.836,,reviewed,0,870,iscgem,905657,",iscgem905657,",",iscgem,",",origin,shakemap,",,,,,mw,earthquake,"M 7.5 - 48 km SW of Kotabumi, Indonesia",Point,"[104.63, -5.183, 20]"
Feature,iscgem905646,7.25,"110 km ESE of Ishinomaki, Japan",-1153016543260,1650923747192,,https://earthquake.usgs.gov/earthquakes/eventpage/iscgem905646,https://earthquake.usgs.gov/fdsnws/event/1/query?eventid=iscgem905646&format=geojson,,,5.421,,reviewed,0,809,iscgem,905646,",iscgem905646,",",iscgem,",",origin,shakemap,",,,,,mw,earthquake,"M 7.3 - 110 km ESE of Ishinomaki, Japan",Point,"[142.484, 38.083, 30]"
Feature,official19330302173100_30,8.4,"1933 Sanriku (Sanriku-oki) Earthquake, Japan",-1162362540000,1650923517876,,https://earthquake.usgs.gov/earthquakes/eventpage/official19330302173100_30,https://earthquake.usgs.gov/fdsnws/event/1/query?eventid=official19330302173100_30&format=geojson,,,4.795,,automatic,0,1086,official,19330302173100_30,",iscgem905420,official19330302173100_30,",",iscgem,official,",",general-header,impact-text,origin,shakemap,trump-origin,",,,,,mw,earthquake,"M 8.4 - 1933 Sanriku (Sanriku-oki) Earthquake, Japan",Point,"[144.59, 39.209, 15]"
Feature,iscgem905405,7.28,"34 km S of Iquique, Chile",-1163001040510,1650923514418,,https://earthquake.usgs.gov/earthquakes/eventpage/iscgem905405,https://earthquake.usgs.gov/fdsnws/event/1/query?eventid=iscgem905405&format=geojson,,,7.029,,reviewed,0,815,iscgem,905405,",iscgem905405,",",iscgem,",",origin,shakemap,",,,,,mw,earthquake,"M 7.3 - 34 km S of Iquique, Chile",Point,"[-70.192, -20.521, 35]"
Feature,iscgem905360,7.13,Southwest Indian Ridge,-1165811925800,1705523466322,,https://earthquake.usgs.gov/earthquakes/eventpage/iscgem905360,https://earthquake.usgs.gov/fdsnws/event/1/query?eventid=iscgem905360&format=geojson,,,,,reviewed,0,782,iscgem,905360,",iscgem905360,",",iscgem,",",earthquake-name,origin,",,,,,mw,earthquake,M 7.1 - Southwest Indian Ridge,Point,"[57.677, -33.983, 10]"
Feature,iscgem906530,7.84,"108 km WSW of Laojunmiao, China",-1168206929700,1650924619257,,https://earthquake.usgs.gov/earthquakes/eventpage/iscgem906530,https://earthquake.usgs.gov/fdsnws/event/1/query?eventid=iscgem906530&format=geojson,,,7.578,,reviewed,0,946,iscgem,906530,",iscgem906530,",",iscgem,",",origin,shakemap,",,,,,mw,earthquake,"M 7.8 - 108 km WSW of Laojunmiao, China",Point,"[96.562, 39.462, 15]"
Feature,iscgem906454,7.1,"88 km SSE of Kamenka, Russia",-1171825980400,1655252692585,,https://earthquake.usgs.gov/earthquakes/eventpage/iscgem906454,https://earthquake.usgs.gov/fdsnws/event/1/query?eventid=iscgem906454&format=geojson,,,,,reviewed,0,776,iscgem,906454,",iscgem906454,",",iscgem,",",general-header,origin,",,,,,mb,earthquake,"M 7.1 - 88 km SSE of Kamenka, Russia",Point,"[136.619, 43.794, 320]"
Feature,iscgem906247,7.7,"12 km NNE of La Central, Mexico",-1184238029450,1650924416900,,https://earthquake.usgs.gov/earthquakes/eventpage/iscgem906247,https://earthquake.usgs.gov/fdsnws/event/1/query?eventid=iscgem906247&format=geojson,,,7.122,,reviewed,0,912,iscgem,906247,",iscgem906247,",",iscgem,",",origin,shakemap,",,,,,mw,earthquake,"M 7.7 - 12 km NNE of La Central, Mexico",Point,"[-104.383, 19.242, 25]"
Feature,iscgem906234,7.8,"7 km E of Los Tepames, Mexico",-1184593647070,1650924391965,,https://earthquake.usgs.gov/earthquakes/eventpage/iscgem906234,https://earthquake.usgs.gov/fdsnws/event/1/query?eventid=iscgem906234&format=geojson,,,6.961,,reviewed,0,936,iscgem,906234,",iscgem906234,",",iscgem,",",origin,shakemap,",,,,,mw,earthquake,"M 7.8 - 7 km E of Los Tepames, Mexico",Point,"[-103.551, 19.087, 15]"
Feature,iscgem906183,8.1,"4 km ENE of Tonaya, Mexico",-1185888181920,1650924310769,,https://earthquake.usgs.gov/earthquakes/eventpage/iscgem906183,https://earthquake.usgs.gov/fdsnws/event/1/query?eventid=iscgem906183&format=geojson,,,7.028,,reviewed,0,1009,iscgem,906183,",iscgem906183,",",iscgem,",",origin,shakemap,",,,,,mw,earthquake,"M 8.1 - 4 km ENE of Tonaya, Mexico",Point,"[-103.931, 19.795, 35]"
Feature,iscgem906153,7.09,"12 km S of Conchagua, El Salvador",-1187012996320,1650924261343,,https://earthquake.usgs.gov/earthquakes/eventpage/iscgem906153,https://earthquake.usgs.gov/fdsnws/event/1/query?eventid=iscgem906153&format=geojson,,,6.792,,reviewed,0,773,iscgem,906153,",iscgem906153,",",iscgem,",",origin,shakemap,",,,,,mw,earthquake,"M 7.1 - 12 km S of Conchagua, El Salvador",Point,"[-87.862, 13.198, 15]"
Feature,iscgem906146,7.7,"148 km SE of Tondano, Indonesia",-1187606936160,1650924252558,,https://earthquake.usgs.gov/earthquakes/eventpage/iscgem906146,https://earthquake.usgs.gov/fdsnws/event/1/query?eventid=iscgem906146&format=geojson,,,5.567,,reviewed,0,912,iscgem,906146,",iscgem906146,",",iscgem,",",origin,shakemap,",,,,,mw,earthquake,"M 7.7 - 148 km SE of Tondano, Indonesia",Point,"[125.884, 0.386, 15]"
Feature,iscgem907108,7.93,"58 km ESE of Takanabe, Japan",-1204379815770,1650925432223,,https://earthquake.usgs.gov/earthquakes/eventpage/iscgem907108,https://earthquake.usgs.gov/fdsnws/event/1/query?eventid=iscgem907108&format=geojson,,,6.493,,reviewed,0,967,iscgem,907108,",iscgem907108,",",iscgem,",",origin,shakemap,",,,,,mw,earthquake,"M 7.9 - 58 km ESE of Takanabe, Japan",Point,"[132.043, 31.884, 35]"
Feature,iscgem907065,7.84,"116 km NW of Kirakira, Solomon Islands",-1206402002140,1650925380902,,https://earthquake.usgs.gov/earthquakes/eventpage/iscgem907065,https://earthquake.usgs.gov/fdsnws/event/1/query?eventid=iscgem907065&format=geojson,,,6.793,,reviewed,0,946,iscgem,907065,",iscgem907065,",",iscgem,",",origin,shakemap,",,,,,mw,earthquake,"M 7.8 - 116 km NW of Kirakira, Solomon Islands",Point,"[161.151, -9.734, 15]"
Feature,iscgem907054,7.83,"108 km SW of Kirakira, Solomon Islands",-1206938798120,1650925370930,,https://earthquake.usgs.gov/earthquakes/eventpage/iscgem907054,https://earthquake.usgs.gov/fdsnws/event/1/query?eventid=iscgem907054&format=geojson,,,6.309,,reviewed,0,943,iscgem,907054,",iscgem907054,",",iscgem,",",origin,shakemap,",,,,,mw,earthquake,"M 7.8 - 108 km SW of Kirakira, Solomon Islands",Point,"[161.195, -11.118, 15]"
Feature,iscgem907033,7.34,"161 km S of Bengkulu, Indonesia",-1207677606800,1650925361734,,https://earthquake.usgs.gov/earthquakes/eventpage/iscgem907033,https://earthquake.usgs.gov/fdsnws/event/1/query?eventid=iscgem907033&format=geojson,,,6.808,,reviewed,0,829,iscgem,907033,",iscgem907033,",",iscgem,",",origin,shakemap,",,,,,mw,earthquake,"M 7.3 - 161 km S of Bengkulu, Indonesia",Point,"[102.266, -5.263, 35]"
Feature,iscgem906971,7.2,"14 km SSE of Mach, Pakistan",-1210149158230,1652136539711,,https://earthquake.usgs.gov/earthquakes/eventpage/iscgem906971,https://earthquake.usgs.gov/fdsnws/event/1/query?eventid=iscgem906971&format=geojson,,,6.818,,reviewed,0,798,iscgem,906971,",iscgemsup906971,iscgem906971,",",iscgemsup,iscgem,",",origin,shakemap,",,,,,mw,earthquake,"M 7.2 - 14 km SSE of Mach, Pakistan",Point,"[67.391, 29.745, 10]"
Feature,iscgem906951,7.25,"148 km ESE of Altay, China",-1210930735170,1650925244040,,https://earthquake.usgs.gov/earthquakes/eventpage/iscgem906951,https://earthquake.usgs.gov/fdsnws/event/1/query?eventid=iscgem906951&format=geojson,,,7.518,,reviewed,0,809,iscgem,906951,",iscgem906951,",",iscgem,",",origin,shakemap,",,,,,mw,earthquake,"M 7.3 - 148 km ESE of Altay, China",Point,"[89.898, 47.254, 10]"
Feature,iscgem906933,7.9,"172 km SE of Altay, China",-1211596874840,1650925211590,,https://earthquake.usgs.gov/earthquakes/eventpage/iscgem906933,https://earthquake.usgs.gov/fdsnws/event/1/query?eventid=iscgem906933&format=geojson,,,7.948,,reviewed,0,960,iscgem,906933,",iscgem906933,",",iscgem,",",origin,shakemap,",,,,,mw,earthquake,"M 7.9 - 172 km SE of Altay, China",Point,"[89.888, 46.858, 10]"
Feature,iscgem906921,7.08,"43 km SW of Aitape, Papua New Guinea",-1211924896280,1650925193744,,https://earthquake.usgs.gov/earthquakes/eventpage/iscgem906921,https://earthquake.usgs.gov/fdsnws/event/1/query?eventid=iscgem906921&format=geojson,,,6.495,,reviewed,0,771,iscgem,906921,",iscgem906921,",",iscgem,",",origin,shakemap,",,,,,mw,earthquake,"M 7.1 - 43 km SW of Aitape, Papua New Guinea",Point,"[142.031, -3.366, 35]"
Feature,iscgem906785,7.22,Azores-Cape St. Vincent Ridge,-1218749828130,1650925040387,,https://earthquake.usgs.gov/earthquakes/eventpage/iscgem906785,https://earthquake.usgs.gov/fdsnws/event/1/query?eventid=iscgem906785&format=geojson,,,,,reviewed,0,802,iscgem,906785,",iscgem906785,",",iscgem,",",origin,",,,,,mw,earthquake,M 7.2 - Azores-Cape St. Vincent Ridge,Point,"[-16.165, 37.742, 10]"
Feature,iscgem906680,7.2,"37 km S of San Antonio, Chile",-1224172655410,1650924900137,,https://earthquake.usgs.gov/earthquakes/eventpage/iscgem906680,https://earthquake.usgs.gov/fdsnws/event/1/query?eventid=iscgem906680&format=geojson,,,7.06,,reviewed,0,798,iscgem,906680,",iscgem906680,",",iscgem,",",origin,shakemap,",,,,,mw,earthquake,"M 7.2 - 37 km S of San Antonio, Chile",Point,"[-71.556, -33.926, 35]"
Feature,iscgem906664,7.92,"78 km E of Hachinohe, Japan",-1224965459790,1650924873875,,https://earthquake.usgs.gov/earthquakes/eventpage/iscgem906664,https://earthquake.usgs.gov/fdsnws/event/1/query?eventid=iscgem906664&format=geojson,,,6.692,,reviewed,0,965,iscgem,906664,",iscgem906664,",",iscgem,",",origin,shakemap,",,,,,mw,earthquake,"M 7.9 - 78 km E of Hachinohe, Japan",Point,"[142.422, 40.591, 35]"
Feature,iscgem906628,7.3,"40 km E of Waiouru, New Zealand",-1227047553260,1650924802894,,https://earthquake.usgs.gov/earthquakes/eventpage/iscgem906628,https://earthquake.usgs.gov/fdsnws/event/1/query?eventid=iscgem906628&format=geojson,,,6.769,,reviewed,0,820,iscgem,906628,",iscgem906628,",",iscgem,",",origin,shakemap,",,,,,mw,earthquake,"M 7.3 - 40 km E of Waiouru, New Zealand",Point,"[176.129, -39.421, 45]"
Feature,iscgem906621,7.02,"164 km SSW of Pagar Alam, Indonesia",-1227288325930,1650924797125,,https://earthquake.usgs.gov/earthquakes/eventpage/iscgem906621,https://earthquake.usgs.gov/fdsnws/event/1/query?eventid=iscgem906621&format=geojson,,,6.44,,reviewed,0,758,iscgem,906621,",iscgem906621,",",iscgem,",",origin,shakemap,",,,,,mw,earthquake,"M 7.0 - 164 km SSW of Pagar Alam, Indonesia",Point,"[102.594, -5.356, 35]"
Feature,iscgem906607,7.4,"47 km WSW of Hastings, New Zealand",-1227921187750,1650924775570,,https://earthquake.usgs.gov/earthquakes/eventpage/iscgem906607,https://earthquake.usgs.gov/fdsnws/event/1/query?eventid=iscgem906607&format=geojson,,,6.807,,reviewed,0,842,iscgem,906607,",iscgem906607,",",iscgem,",",origin,shakemap,",,,,,mw,earthquake,"M 7.4 - 47 km WSW of Hastings, New Zealand",Point,"[176.316, -39.741, 35]"
Feature,iscgem906597,7.2,"265 km S of Merizo Village, Guam",-1228358148620,1650924762277,,https://earthquake.usgs.gov/earthquakes/eventpage/iscgem906597,https://earthquake.usgs.gov/fdsnws/event/1/query?eventid=iscgem906597&format=geojson,,,,,reviewed,0,798,iscgem,906597,",iscgem906597,",",iscgem,",",origin,",,,,,mw,earthquake,"M 7.2 - 265 km S of Merizo Village, Guam",Point,"[144.461, 10.873, 15]"
Feature,iscgem906595,7.58,"37 km S of Sarupathar, India",-1228449039990,1650924755328,,https://earthquake.usgs.gov/earthquakes/eventpage/iscgem906595,https://earthquake.usgs.gov/fdsnws/event/1/query?eventid=iscgem906595&format=geojson,,,6.921,,reviewed,0,884,iscgem,906595,",iscgem906595,",",iscgem,",",origin,shakemap,",,,,,mw,earthquake,"M 7.6 - 37 km S of Sarupathar, India",Point,"[96.764, 25.872, 15]"
Feature,iscgem906564,7.6,"5 km SSW of San Miguel Suchixtepec, Mexico",-1229551751970,1650924684263,,https://earthquake.usgs.gov/earthquakes/eventpage/iscgem906564,https://earthquake.usgs.gov/fdsnws/event/1/query?eventid=iscgem906564&format=geojson,,,6.844,,reviewed,0,889,iscgem,906564,",iscgem906564,",",iscgem,",",origin,shakemap,",,,,,mw,earthquake,"M 7.6 - 5 km SSW of San Miguel Suchixtepec, Mexico",Point,"[-96.486, 16.049, 35]"
Feature,iscgem907777,7.52,"36 km SSW of Pyu, Myanmar",-1233205692790,1650926104420,,https://earthquake.usgs.gov/earthquakes/eventpage/iscgem907777,https://earthquake.usgs.gov/fdsnws/event/1/query?eventid=iscgem907777&format=geojson,,,7.787,,reviewed,0,870,iscgem,907777,",iscgem907777,",",iscgem,",",origin,shakemap,",,,,,mw,earthquake,"M 7.5 - 36 km SSW of Pyu, Myanmar",Point,"[96.336, 18.17, 10]"
Feature,iscgem907664,7.2,"Pagan region, Northern Mariana Islands",-1236656689310,1650926014393,,https://earthquake.usgs.gov/earthquakes/eventpage/iscgem907664,https://earthquake.usgs.gov/fdsnws/event/1/query?eventid=iscgem907664&format=geojson,,,,,reviewed,0,798,iscgem,907664,",iscgem907664,",",iscgem,",",origin,",,,,,mw,earthquake,"M 7.2 - Pagan region, Northern Mariana Islands",Point,"[146.688, 18.448, 25]"
Feature,iscgem907354,7.1,"10 km SSW of Salm?s, Iran",-1251422732650,1650925679791,,https://earthquake.usgs.gov/earthquakes/eventpage/iscgem907354,https://earthquake.usgs.gov/fdsnws/event/1/query?eventid=iscgem907354&format=geojson,,,7.57,,reviewed,0,776,iscgem,907354,",iscgem907354,",",iscgem,",",origin,shakemap,",,,,,mw,earthquake,"M 7.1 - 10 km SSW of Salm?s, Iran",Point,"[44.727, 38.108, 15]"
Feature,iscgem907352,7.43,"41 km SW of Nyaunglebin, Myanmar",-1251540838690,1650925676360,,https://earthquake.usgs.gov/earthquakes/eventpage/iscgem907352,https://earthquake.usgs.gov/fdsnws/event/1/query?eventid=iscgem907352&format=geojson,,,6.422,,reviewed,0,849,iscgem,907352,",iscgem907352,",",iscgem,",",origin,shakemap,",,,,,mw,earthquake,"M 7.4 - 41 km SW of Nyaunglebin, Myanmar",Point,"[96.406, 17.733, 35]"
Feature,iscgem908419,7.86,"93 km NW of Attu Station, Alaska",-1263560478190,1650926814130,,https://earthquake.usgs.gov/earthquakes/eventpage/iscgem908419,https://earthquake.usgs.gov/fdsnws/event/1/query?eventid=iscgem908419&format=geojson,,,,,reviewed,0,950,iscgem,908419,",ushis828,iscgem908419,",",ushis,iscgem,",",impact-text,origin,trump-origin,",,,,,mw,earthquake,"M 7.9 - 93 km NW of Attu Station, Alaska",Point,"[172.202, 53.439, 20]"
Feature,iscgem908394,7.2,"256 km S of Saint-Pierre, Saint Pierre and Miquelon",-1266031679770,1650926788127,,https://earthquake.usgs.gov/earthquakes/eventpage/iscgem908394,https://earthquake.usgs.gov/fdsnws/event/1/query?eventid=iscgem908394&format=geojson,,,5.731,,reviewed,0,798,iscgem,908394,",iscgem908394,",",iscgem,",",origin,shakemap,",,,,,mw,earthquake,"M 7.2 - 256 km S of Saint-Pierre, Saint Pierre and Miquelon",Point,"[-55.987, 44.475, 10]"
Feature,iscgem908389,7.05,"State of Yap, Federated States of Micronesia",-1266296970970,1650926778533,,https://earthquake.usgs.gov/earthquakes/eventpage/iscgem908389,https://earthquake.usgs.gov/fdsnws/event/1/query?eventid=iscgem908389&format=geojson,,,,,reviewed,0,765,iscgem,908389,",iscgem908389,",",iscgem,",",origin,",,,,,mw,earthquake,"M 7.1 - State of Yap, Federated States of Micronesia",Point,"[142.746, 7.568, 10]"
Feature,iscgem908198,7.33,"88 km WSW of Adak, Alaska",-1277606202050,1650926504898,,https://earthquake.usgs.gov/earthquakes/eventpage/iscgem908198,https://earthquake.usgs.gov/fdsnws/event/1/query?eventid=iscgem908198&format=geojson,,,,,reviewed,0,827,iscgem,908198,",ushis809,iscgem908198,",",ushis,iscgem,",",impact-text,origin,trump-origin,",,,,,mw,earthquake,"M 7.3 - 88 km WSW of Adak, Alaska",Point,"[-177.746, 51.479, 35]"
Feature,iscgem908189,7.01,"114 km WSW of Adak, Alaska",-1277804450380,1650926495585,,https://earthquake.usgs.gov/earthquakes/eventpage/iscgem908189,https://earthquake.usgs.gov/fdsnws/event/1/query?eventid=iscgem908189&format=geojson,,,,,reviewed,0,756,iscgem,908189,",ushis805,iscgem908189,",",ushis,iscgem,",",impact-text,origin,trump-origin,",,,,,mw,earthquake,"M 7.0 - 114 km WSW of Adak, Alaska",Point,"[-178.153, 51.459, 35]"
Feature,iscgem908171,8.1,South Sandwich Islands region,-1278501166070,1650926483999,,https://earthquake.usgs.gov/earthquakes/eventpage/iscgem908171,https://earthquake.usgs.gov/fdsnws/event/1/query?eventid=iscgem908171&format=geojson,,,,,reviewed,0,1009,iscgem,908171,",iscgem908171,",",iscgem,",",origin,",,,,,mw,earthquake,M 8.1 - South Sandwich Islands region,Point,"[-29.345, -55.373, 15]"
Feature,iscgem908150,7.3,"68 km S of Wakefield, New Zealand",-1279415545890,1650926445536,,https://earthquake.usgs.gov/earthquakes/eventpage/iscgem908150,https://earthquake.usgs.gov/fdsnws/event/1/query?eventid=iscgem908150&format=geojson,,,6.757,,reviewed,0,820,iscgem,908150,",iscgem908150,",",iscgem,",",ground-failure,origin,shakemap,",,,,,mw,earthquake,"M 7.3 - 68 km S of Wakefield, New Zealand",Point,"[173.208, -42.001, 20]"
Feature,iscgem908140,7.21,"5 km ESE of Veruela, Philippines",-1279722916440,1650926432617,,https://earthquake.usgs.gov/earthquakes/eventpage/iscgem908140,https://earthquake.usgs.gov/fdsnws/event/1/query?eventid=iscgem908140&format=geojson,,,6.646,,reviewed,0,800,iscgem,908140,",iscgem908140,",",iscgem,",",origin,shakemap,",,,,,mw,earthquake,"M 7.2 - 5 km ESE of Veruela, Philippines",Point,"[126, 8.053, 35]"
Feature,iscgem908101,7.48,"262 km W of Port McNeill, Canada",-1281230391600,1650921025498,,https://earthquake.usgs.gov/earthquakes/eventpage/iscgem908101,https://earthquake.usgs.gov/fdsnws/event/1/query?eventid=iscgem908101&format=geojson,,,4.943,,reviewed,0,861,iscgem,908101,",iscgem908101,",",iscgem,",",origin,shakemap,",,,,,mw,earthquake,"M 7.5 - 262 km W of Port McNeill, Canada",Point,"[-130.722, 51.103, 15]"
Feature,iscgem908052,7.2,"40 km SSE of Baharly, Turkmenistan",-1283415743710,1650926374857,,https://earthquake.usgs.gov/earthquakes/eventpage/iscgem908052,https://earthquake.usgs.gov/fdsnws/event/1/query?eventid=iscgem908052&format=geojson,,,7.609,,reviewed,0,798,iscgem,908052,",iscgem908052,",",iscgem,",",origin,shakemap,",,,,,mw,earthquake,"M 7.2 - 40 km SSE of Baharly, Turkmenistan",Point,"[57.642, 38.107, 10]"
Feature,iscgem907935,7.0,"30 km NW of Amberley, New Zealand",-1288012166850,1650926241419,,https://earthquake.usgs.gov/earthquakes/eventpage/iscgem907935,https://earthquake.usgs.gov/fdsnws/event/1/query?eventid=iscgem907935&format=geojson,,,6.621,,reviewed,0,754,iscgem,907935,",iscgem907935,",",iscgem,",",origin,shakemap,",,,,,mw,earthquake,"M 7.0 - 30 km NW of Amberley, New Zealand",Point,"[172.438, -42.986, 20]"
Feature,iscgem907930,7.8,"234 km SSW of Nikolski, Alaska",-1288218317570,1650926237851,,https://earthquake.usgs.gov/earthquakes/eventpage/iscgem907930,https://earthquake.usgs.gov/fdsnws/event/1/query?eventid=iscgem907930&format=geojson,,,4.176,,reviewed,0,936,iscgem,907930,",iscgem907930,ushis797,",",iscgem,ushis,",",impact-text,origin,shakemap,trump-origin,",,,,,mw,earthquake,"M 7.8 - 234 km SSW of Nikolski, Alaska",Point,"[-169.786, 50.906, 15]"
Feature,iscgem907911,7.04,northern Mid-Atlantic Ridge,-1289272689500,1705523455465,,https://earthquake.usgs.gov/earthquakes/eventpage/iscgem907911,https://earthquake.usgs.gov/fdsnws/event/1/query?eventid=iscgem907911&format=geojson,,,,,reviewed,0,762,iscgem,907911,",iscgem907911,",",iscgem,",",earthquake-name,origin,",,,,,mw,earthquake,M 7.0 - northern Mid-Atlantic Ridge,Point,"[-42.016, 10.657, 10]"
Feature,iscgem907874,7.03,off the coast of Central America,-1291778595990,1650926188549,,https://earthquake.usgs.gov/earthquakes/eventpage/iscgem907874,https://earthquake.usgs.gov/fdsnws/event/1/query?eventid=iscgem907874&format=geojson,,,4.822,,reviewed,0,760,iscgem,907874,",iscgem907874,",",iscgem,",",origin,shakemap,",,,,,mw,earthquake,M 7.0 - off the coast of Central America,Point,"[-90.697, 12.944, 15]"
Feature,iscgem909023,7.42,"10 km ESE of Basak, Philippines",-1294921360600,1652136537190,,https://earthquake.usgs.gov/earthquakes/eventpage/iscgem909023,https://earthquake.usgs.gov/fdsnws/event/1/query?eventid=iscgem909023&format=geojson,,,6.888,,reviewed,0,847,iscgem,909023,",iscgemsup909023,iscgem909023,",",iscgemsup,iscgem,",",origin,shakemap,",,,,,mw,earthquake,"M 7.4 - 10 km ESE of Basak, Philippines",Point,"[124.245, 6.707, 25]"
Feature,iscgem908989,7.23,"47 km NW of Cauquenes, Chile",-1296416373930,1650927572657,,https://earthquake.usgs.gov/earthquakes/eventpage/iscgem908989,https://earthquake.usgs.gov/fdsnws/event/1/query?eventid=iscgem908989&format=geojson,,,6.879,,reviewed,0,804,iscgem,908989,",iscgem908989,",",iscgem,",",origin,shakemap,",,,,,mw,earthquake,"M 7.2 - 47 km NW of Cauquenes, Chile",Point,"[-72.74, -35.712, 30]"
Feature,iscgem908986,7.7,"30 km NNE of Constitución, Chile",-1296503622400,1650927556733,,https://earthquake.usgs.gov/earthquakes/eventpage/iscgem908986,https://earthquake.usgs.gov/fdsnws/event/1/query?eventid=iscgem908986&format=geojson,,,7.254,,reviewed,0,912,iscgem,908986,",iscgem908986,",",iscgem,",",origin,shakemap,",,,,,mw,earthquake,"M 7.7 - 30 km NNE of Constitución, Chile",Point,"[-72.267, -35.084, 35]"
Feature,iscgem908971,7.03,"64 km NNE of Antofagasta, Chile",-1297394687520,1650921121223,,https://earthquake.usgs.gov/earthquakes/eventpage/iscgem908971,https://earthquake.usgs.gov/fdsnws/event/1/query?eventid=iscgem908971&format=geojson,,,6.65,,reviewed,0,760,iscgem,908971,",iscgem908971,",",iscgem,",",origin,shakemap,",,,,,mw,earthquake,"M 7.0 - 64 km NNE of Antofagasta, Chile",Point,"[-70.057, -23.157, 45]"
Feature,iscgem908920,7.51,"6 km WSW of San Miguel Panixtlahuaca, Mexico",-1301086725270,1650927468222,,https://earthquake.usgs.gov/earthquakes/eventpage/iscgem908920,https://earthquake.usgs.gov/fdsnws/event/1/query?eventid=iscgem908920&format=geojson,,,6.962,,reviewed,0,868,iscgem,908920,",iscgem908920,",",iscgem,",",origin,shakemap,",,,,,mw,earthquake,"M 7.5 - 6 km WSW of San Miguel Panixtlahuaca, Mexico",Point,"[-97.434, 16.233, 25]"
Feature,iscgem908823,7.36,"40 km S of Corralero, Mexico",-1306733621890,1650927327421,,https://earthquake.usgs.gov/earthquakes/eventpage/iscgem908823,https://earthquake.usgs.gov/fdsnws/event/1/query?eventid=iscgem908823&format=geojson,,,6.595,,reviewed,0,833,iscgem,908823,",iscgem908823,",",iscgem,",",origin,shakemap,",,,,,mw,earthquake,"M 7.4 - 40 km S of Corralero, Mexico",Point,"[-98.229, 15.877, 20]"
Feature,iscgem908792,7.09,"15 km SSW of Huabal, Peru",-1308200090740,1650927294579,,https://earthquake.usgs.gov/earthquakes/eventpage/iscgem908792,https://earthquake.usgs.gov/fdsnws/event/1/query?eventid=iscgem908792&format=geojson,,,,,reviewed,0,773,iscgem,908792,",iscgem908792,",",iscgem,",",origin,",,,,,mw,earthquake,"M 7.1 - 15 km SSW of Huabal, Peru",Point,"[-78.982, -5.732, 35]"
Feature,iscgem908762,7.07,Vanuatu region,-1309828217830,1650927254910,,https://earthquake.usgs.gov/earthquakes/eventpage/iscgem908762,https://earthquake.usgs.gov/fdsnws/event/1/query?eventid=iscgem908762&format=geojson,,,,,reviewed,0,769,iscgem,908762,",iscgem908762,",",iscgem,",",origin,",,,,,mw,earthquake,M 7.1 - Vanuatu region,Point,"[170.902, -15.833, 15]"
Feature,iscgem908754,7.0,"52 km NE of Chenega, Alaska",-1310542361490,1650927238839,,https://earthquake.usgs.gov/earthquakes/eventpage/iscgem908754,https://earthquake.usgs.gov/fdsnws/event/1/query?eventid=iscgem908754&format=geojson,,,6.462,,reviewed,0,754,iscgem,908754,",ushis788,iscgem908754,",",ushis,iscgem,",",impact-text,origin,shakemap,trump-origin,",,,,,mw,earthquake,"M 7.0 - 52 km NE of Chenega, Alaska",Point,"[-147.291, 60.373, 15]"
Feature,iscgem908744,7.99,"15 km ESE of San Gabriel Mixtepec, Mexico",-1310935227630,1650927221680,,https://earthquake.usgs.gov/earthquakes/eventpage/iscgem908744,https://earthquake.usgs.gov/fdsnws/event/1/query?eventid=iscgem908744&format=geojson,,,7.256,,reviewed,0,982,iscgem,908744,",iscgem908744,",",iscgem,",",origin,shakemap,",,,,,mw,earthquake,"M 8.0 - 15 km ESE of San Gabriel Mixtepec, Mexico",Point,"[-96.944, 16.065, 20]"
Feature,iscgem908698,7.34,"79 km ENE of Miyako, Japan",-1312726171230,1650921079077,,https://earthquake.usgs.gov/earthquakes/eventpage/iscgem908698,https://earthquake.usgs.gov/fdsnws/event/1/query?eventid=iscgem908698&format=geojson,,,5.696,,reviewed,0,829,iscgem,908698,",iscgem908698,",",iscgem,",",origin,shakemap,",,,,,mw,earthquake,"M 7.3 - 79 km ENE of Miyako, Japan",Point,"[142.822, 39.875, 35]"
Feature,iscgem908668,7.28,"23 km N of Bellavista, Peru",-1313804711960,1650927129394,,https://earthquake.usgs.gov/earthquakes/eventpage/iscgem908668,https://earthquake.usgs.gov/fdsnws/event/1/query?eventid=iscgem908668&format=geojson,,,,,reviewed,0,815,iscgem,908668,",iscgem908668,",",iscgem,",",origin,",,,,,mw,earthquake,"M 7.3 - 23 km N of Bellavista, Peru",Point,"[-78.658, -5.449, 10]"
Feature,iscgem908608,7.1,"3 km W of Brezovo, Bulgaria",-1316061423100,1650927093431,,https://earthquake.usgs.gov/earthquakes/eventpage/iscgem908608,https://earthquake.usgs.gov/fdsnws/event/1/query?eventid=iscgem908608&format=geojson,,,7.522,,reviewed,0,776,iscgem,908608,",iscgem908608,",",iscgem,",",origin,shakemap,",,,,,mw,earthquake,"M 7.1 - 3 km W of Brezovo, Bulgaria",Point,"[25.044, 42.351, 10]"
Feature,iscgem908596,7.1,"9 km S of Stara Zagora, Bulgaria",-1316444399980,1650927071079,,https://earthquake.usgs.gov/earthquakes/eventpage/iscgem908596,https://earthquake.usgs.gov/fdsnws/event/1/query?eventid=iscgem908596&format=geojson,,,7.774,,reviewed,0,776,iscgem,908596,",iscgem908596,",",iscgem,",",origin,shakemap,",,,,,mw,earthquake,"M 7.1 - 9 km S of Stara Zagora, Bulgaria",Point,"[25.641, 42.351, 10]"
Feature,iscgem908573,7.0,"289 km SE of Shing?, Japan",-1317840835110,1650927040585,,https://earthquake.usgs.gov/earthquakes/eventpage/iscgem908573,https://earthquake.usgs.gov/fdsnws/event/1/query?eventid=iscgem908573&format=geojson,,,,,reviewed,0,754,iscgem,908573,",iscgem908573,",",iscgem,",",origin,",,,,,mw,earthquake,"M 7.0 - 289 km SE of Shing?, Japan",Point,"[137.946, 31.712, 405]"
Feature,iscgem908552,7.44,"8 km ENE of Santiago Xanica, Mexico",-1318448575410,1650927004383,,https://earthquake.usgs.gov/earthquakes/eventpage/iscgem908552,https://earthquake.usgs.gov/fdsnws/event/1/query?eventid=iscgem908552&format=geojson,,,7.051,,reviewed,0,852,iscgem,908552,",iscgem908552,",",iscgem,",",origin,shakemap,",,,,,mw,earthquake,"M 7.4 - 8 km ENE of Santiago Xanica, Mexico",Point,"[-96.155, 16.037, 15]"
Feature,iscgem908538,7.56,"274 km ESE of Tadine, New Caledonia",-1318964334150,1652136533988,,https://earthquake.usgs.gov/earthquakes/eventpage/iscgem908538,https://earthquake.usgs.gov/fdsnws/event/1/query?eventid=iscgem908538&format=geojson,,,,,reviewed,0,879,iscgem,908538,",iscgemsup908538,iscgem908538,",",iscgemsup,iscgem,",",origin,",,,,,mw,earthquake,"M 7.6 - 274 km ESE of Tadine, New Caledonia",Point,"[170.395, -22.36, 10]"
Feature,iscgem908528,7.7,South Indian Ocean,-1319522069240,1650926957727,,https://earthquake.usgs.gov/earthquakes/eventpage/iscgem908528,https://earthquake.usgs.gov/fdsnws/event/1/query?eventid=iscgem908528&format=geojson,,,,,reviewed,0,912,iscgem,908528,",iscgem908528,",",iscgem,",",origin,",,,,,mw,earthquake,M 7.7 - South Indian Ocean,Point,"[88.463, -2.347, 15]"
Feature,iscgem16960058,7.19,"83 km SSE of Atlasovo, Russia",-1325741967980,1650918905495,,https://earthquake.usgs.gov/earthquakes/eventpage/iscgem16960058,https://earthquake.usgs.gov/fdsnws/event/1/query?eventid=iscgem16960058&format=geojson,,,6.502,,reviewed,0,795,iscgem,16960058,",iscgem16960058,",",iscgem,",",origin,shakemap,",,,,,mw,earthquake,"M 7.2 - 83 km SSE of Atlasovo, Russia",Point,"[160.343, 54.969, 15]"
Feature,iscgem909648,7.04,"12 km S of Puerto Cisnes, Chile",-1328921246340,1650928336274,,https://earthquake.usgs.gov/earthquakes/eventpage/iscgem909648,https://earthquake.usgs.gov/fdsnws/event/1/query?eventid=iscgem909648&format=geojson,,,6.815,,reviewed,0,762,iscgem,909648,",iscgem909648,",",iscgem,",",origin,shakemap,",,,,,mw,earthquake,"M 7.0 - 12 km S of Puerto Cisnes, Chile",Point,"[-72.686, -44.861, 15]"
Feature,iscgem909582,7.24,"31 km SSW of Pelican, Alaska",-1331366403750,1650928248908,,https://earthquake.usgs.gov/earthquakes/eventpage/iscgem909582,https://earthquake.usgs.gov/fdsnws/event/1/query?eventid=iscgem909582&format=geojson,,,7.133,,reviewed,0,806,iscgem,909582,",iscgem909582,ushis774,",",iscgem,ushis,",",impact-text,origin,shakemap,",,,,,mw,earthquake,"M 7.2 - 31 km SSW of Pelican, Alaska",Point,"[-136.485, 57.711, 10]"
Feature,iscgem909456,7.01,"125 km ESE of Katsuura, Japan",-1337142724250,1650928078215,,https://earthquake.usgs.gov/earthquakes/eventpage/iscgem909456,https://earthquake.usgs.gov/fdsnws/event/1/query?eventid=iscgem909456&format=geojson,,,4.261,,reviewed,0,756,iscgem,909456,",iscgem909456,",",iscgem,",",origin,shakemap,",,,,,mw,earthquake,"M 7.0 - 125 km ESE of Katsuura, Japan",Point,"[141.489, 34.552, 20]"
Feature,iscgem909442,7.05,"61 km ENE of Sorong, Indonesia",-1337862227700,1650928065575,,https://earthquake.usgs.gov/earthquakes/eventpage/iscgem909442,https://earthquake.usgs.gov/fdsnws/event/1/query?eventid=iscgem909442&format=geojson,,,6.502,,reviewed,0,765,iscgem,909442,",iscgem909442,",",iscgem,",",origin,shakemap,",,,,,mw,earthquake,"M 7.1 - 61 km ENE of Sorong, Indonesia",Point,"[131.737, -0.599, 15]"
Feature,iscgem909429,7.0,"114 km E of Namie, Japan",-1338259622540,1650928043860,,https://earthquake.usgs.gov/earthquakes/eventpage/iscgem909429,https://earthquake.usgs.gov/fdsnws/event/1/query?eventid=iscgem909429&format=geojson,,,4.934,,reviewed,0,754,iscgem,909429,",iscgem909429,",",iscgem,",",origin,shakemap,",,,,,mw,earthquake,"M 7.0 - 114 km E of Namie, Japan",Point,"[142.289, 37.579, 35]"
Feature,iscgem909316,7.49,"273 km WSW of Tual, Indonesia",-1343753272360,1650927934129,,https://earthquake.usgs.gov/earthquakes/eventpage/iscgem909316,https://earthquake.usgs.gov/fdsnws/event/1/query?eventid=iscgem909316&format=geojson,,,5.797,,reviewed,0,863,iscgem,909316,",iscgem909316,",",iscgem,",",origin,shakemap,",,,,,mw,earthquake,"M 7.5 - 273 km WSW of Tual, Indonesia",Point,"[130.561, -6.763, 35]"
Feature,iscgem909273,7.7,"31 km SSW of Wuwei, China",-1344734829820,1650927921131,,https://earthquake.usgs.gov/earthquakes/eventpage/iscgem909273,https://earthquake.usgs.gov/fdsnws/event/1/query?eventid=iscgem909273&format=geojson,,,7.488,,reviewed,0,912,iscgem,909273,",iscgem909273,",",iscgem,",",impact-text,origin,shakemap,",,,,,mw,earthquake,"M 7.7 - 31 km SSW of Wuwei, China",Point,"[102.493, 37.666, 15]"
Feature,iscgem909128,7.0,"15 km E of Toyooka, Japan",-1351348338010,1650927795414,,https://earthquake.usgs.gov/earthquakes/eventpage/iscgem909128,https://earthquake.usgs.gov/fdsnws/event/1/query?eventid=iscgem909128&format=geojson,,,6.516,,reviewed,0,754,iscgem,909128,",iscgem909128,",",iscgem,",",impact-text,origin,shakemap,",,,,,mw,earthquake,"M 7.0 - 15 km E of Toyooka, Japan",Point,"[134.994, 35.559, 10]"
Feature,iscgem909124,7.02,"199 km SSW of Katabu, Indonesia",-1351724089660,1650927791839,,https://earthquake.usgs.gov/earthquakes/eventpage/iscgem909124,https://earthquake.usgs.gov/fdsnws/event/1/query?eventid=iscgem909124&format=geojson,,,4.991,,reviewed,0,758,iscgem,909124,",iscgem909124,",",iscgem,",",origin,shakemap,",,,,,mw,earthquake,"M 7.0 - 199 km SSW of Katabu, Indonesia",Point,"[122.012, -6.668, 15]"
Feature,iscgem909092,7.03,Kuril Islands,-1353018273870,1650927758318,,https://earthquake.usgs.gov/earthquakes/eventpage/iscgem909092,https://earthquake.usgs.gov/fdsnws/event/1/query?eventid=iscgem909092&format=geojson,,,,,reviewed,0,760,iscgem,909092,",iscgem909092,",",iscgem,",",origin,",,,,,mw,earthquake,M 7.0 - Kuril Islands,Point,"[153.581, 46.551, 15]"
Feature,iscgem909067,7.09,"84 km SW of Port-Vila, Vanuatu",-1355007252980,1650927705835,,https://earthquake.usgs.gov/earthquakes/eventpage/iscgem909067,https://earthquake.usgs.gov/fdsnws/event/1/query?eventid=iscgem909067&format=geojson,,,5.076,,reviewed,0,773,iscgem,909067,",iscgem909067,",",iscgem,",",origin,shakemap,",,,,,mw,earthquake,"M 7.1 - 84 km SW of Port-Vila, Vanuatu",Point,"[167.756, -18.284, 30]"
Feature,iscgem910191,7.56,"158 km WSW of Abepura, Indonesia",-1362773714380,1650928871543,,https://earthquake.usgs.gov/earthquakes/eventpage/iscgem910191,https://earthquake.usgs.gov/fdsnws/event/1/query?eventid=iscgem910191&format=geojson,,,6.947,,reviewed,0,879,iscgem,910191,",iscgem910191,",",iscgem,",",origin,shakemap,",,,,,mw,earthquake,"M 7.6 - 158 km WSW of Abepura, Indonesia",Point,"[139.239, -2.885, 35]"
Feature,iscgem910139,7.47,north of Macquarie Island,-1364703716400,1650928803612,,https://earthquake.usgs.gov/earthquakes/eventpage/iscgem910139,https://earthquake.usgs.gov/fdsnws/event/1/query?eventid=iscgem910139&format=geojson,,,,,reviewed,0,858,iscgem,910139,",iscgem910139,",",iscgem,",",origin,",,,,,mw,earthquake,M 7.5 - north of Macquarie Island,Point,"[159.493, -50.291, 10]"
Feature,iscgem910107,7.09,"33 km WNW of Malango, Solomon Islands",-1366178447880,1650928781896,,https://earthquake.usgs.gov/earthquakes/eventpage/iscgem910107,https://earthquake.usgs.gov/fdsnws/event/1/query?eventid=iscgem910107&format=geojson,,,6.651,,reviewed,0,773,iscgem,910107,",iscgem910107,",",iscgem,",",origin,shakemap,",,,,,mw,earthquake,"M 7.1 - 33 km WNW of Malango, Solomon Islands",Point,"[159.465, -9.531, 15]"
Feature,iscgem910100,7.1,"138 km SSE of Pundong, Indonesia",-1366723531910,1650928767230,,https://earthquake.usgs.gov/earthquakes/eventpage/iscgem910100,https://earthquake.usgs.gov/fdsnws/event/1/query?eventid=iscgem910100&format=geojson,,,4.845,,reviewed,0,776,iscgem,910100,",iscgem910100,",",iscgem,",",origin,shakemap,",,,,,mw,earthquake,"M 7.1 - 138 km SSE of Pundong, Indonesia",Point,"[110.63, -9.169, 35]"
Feature,iscgem910072,7.04,southeast of the Loyalty Islands,-1368123314130,1650928713947,,https://earthquake.usgs.gov/earthquakes/eventpage/iscgem910072,https://earthquake.usgs.gov/fdsnws/event/1/query?eventid=iscgem910072&format=geojson,,,,,reviewed,0,762,iscgem,910072,",iscgem910072,",",iscgem,",",origin,",,,,,mw,earthquake,M 7.0 - southeast of the Loyalty Islands,Point,"[172.219, -23.098, 20]"
Feature,iscgem909810,7.32,"34 km WNW of Kirakira, Solomon Islands",-1379777248300,1650928549034,,https://earthquake.usgs.gov/earthquakes/eventpage/iscgem909810,https://earthquake.usgs.gov/fdsnws/event/1/query?eventid=iscgem909810&format=geojson,,,6.75,,reviewed,0,824,iscgem,909810,",iscgem909810,",",iscgem,",",origin,shakemap,",,,,,mw,earthquake,"M 7.3 - 34 km WNW of Kirakira, Solomon Islands",Point,"[161.623, -10.358, 15]"
Feature,iscgem909794,7.1,"110 km SE of Gizo, Solomon Islands",-1381151481370,1650928513354,,https://earthquake.usgs.gov/earthquakes/eventpage/iscgem909794,https://earthquake.usgs.gov/fdsnws/event/1/query?eventid=iscgem909794&format=geojson,,,6.327,,reviewed,0,776,iscgem,909794,",iscgem909794,",",iscgem,",",origin,shakemap,",,,,,mw,earthquake,"M 7.1 - 110 km SE of Gizo, Solomon Islands",Point,"[157.462, -8.894, 15]"
Feature,iscgem909737,7.13,"113 km SSW of Puerto El Triunfo, El Salvador",-1385196118180,1650921159460,,https://earthquake.usgs.gov/earthquakes/eventpage/iscgem909737,https://earthquake.usgs.gov/fdsnws/event/1/query?eventid=iscgem909737&format=geojson,,,5.217,,reviewed,0,782,iscgem,909737,",iscgem909737,",",iscgem,",",origin,shakemap,",,,,,mw,earthquake,"M 7.1 - 113 km SSW of Puerto El Triunfo, El Salvador",Point,"[-88.801, 12.292, 20]"
Feature,iscgem909720,7.48,"62 km SW of Malango, Solomon Islands",-1386458614580,1650928407127,,https://earthquake.usgs.gov/earthquakes/eventpage/iscgem909720,https://earthquake.usgs.gov/fdsnws/event/1/query?eventid=iscgem909720&format=geojson,,,6.01,,reviewed,0,861,iscgem,909720,",iscgem909720,",",iscgem,",",origin,shakemap,",,,,,mw,earthquake,"M 7.5 - 62 km SW of Malango, Solomon Islands",Point,"[159.281, -10.059, 15]"
Feature,iscgem910734,7.24,"23 km NNW of Bugko, Philippines",-1392723909070,1650929292948,,https://earthquake.usgs.gov/earthquakes/eventpage/iscgem910734,https://earthquake.usgs.gov/fdsnws/event/1/query?eventid=iscgem910734&format=geojson,,,6.571,,reviewed,0,806,iscgem,910734,",iscgem910734,",",iscgem,",",origin,shakemap,",,,,,mw,earthquake,"M 7.2 - 23 km NNW of Bugko, Philippines",Point,"[124.719, 12.734, 20]"
Feature,iscgem910733,7.27,"60 km WNW of Sorong, Indonesia",-1392977364310,1650929291806,,https://earthquake.usgs.gov/earthquakes/eventpage/iscgem910733,https://earthquake.usgs.gov/fdsnws/event/1/query?eventid=iscgem910733&format=geojson,,,7.108,,reviewed,0,813,iscgem,910733,",iscgem910733,",",iscgem,",",origin,shakemap,",,,,,mw,earthquake,"M 7.3 - 60 km WNW of Sorong, Indonesia",Point,"[130.803, -0.585, 15]"
Feature,iscgem910710,7.11,northern Mid-Atlantic Ridge,-1395382761880,1650929281876,,https://earthquake.usgs.gov/earthquakes/eventpage/iscgem910710,https://earthquake.usgs.gov/fdsnws/event/1/query?eventid=iscgem910710&format=geojson,,,,,reviewed,0,778,iscgem,910710,",iscgem910710,",",iscgem,",",origin,",,,,,mw,earthquake,M 7.1 - northern Mid-Atlantic Ridge,Point,"[-42.279, 10.702, 10]"
Feature,iscgem910653,7.02,"Komandorskiye Ostrova, Russia region",-1400154748220,1650929260220,,https://earthquake.usgs.gov/earthquakes/eventpage/iscgem910653,https://earthquake.usgs.gov/fdsnws/event/1/query?eventid=iscgem910653&format=geojson,,,,,reviewed,0,758,iscgem,910653,",iscgem910653,",",iscgem,",",origin,",,,,,mw,earthquake,"M 7.0 - Komandorskiye Ostrova, Russia region",Point,"[167.198, 55.291, 15]"
Feature,iscgem910532,7.04,"61 km W of Angoram, Papua New Guinea",-1406283577730,1650921191902,,https://earthquake.usgs.gov/earthquakes/eventpage/iscgem910532,https://earthquake.usgs.gov/fdsnws/event/1/query?eventid=iscgem910532&format=geojson,,,6.673,,reviewed,0,762,iscgem,910532,",iscgem910532,",",iscgem,",",origin,shakemap,",,,,,mw,earthquake,"M 7.0 - 61 km W of Angoram, Papua New Guinea",Point,"[143.515, -4.121, 25]"
Feature,iscgem910473,7.13,"129 km WNW of Ternate, Indonesia",-1409467093530,1650929124787,,https://earthquake.usgs.gov/earthquakes/eventpage/iscgem910473,https://earthquake.usgs.gov/fdsnws/event/1/query?eventid=iscgem910473&format=geojson,,,,,reviewed,0,782,iscgem,910473,",iscgem910473,",",iscgem,",",origin,",,,,,mw,earthquake,"M 7.1 - 129 km WNW of Ternate, Indonesia",Point,"[126.303, 1.223, 15]"
Feature,iscgem910450,7.13,"43 km ESE of Hengchun, Taiwan",-1410926839620,1650929105063,,https://earthquake.usgs.gov/earthquakes/eventpage/iscgem910450,https://earthquake.usgs.gov/fdsnws/event/1/query?eventid=iscgem910450&format=geojson,,,6.239,,reviewed,0,782,iscgem,910450,",iscgem910450,",",iscgem,",",origin,shakemap,",,,,,mw,earthquake,"M 7.1 - 43 km ESE of Hengchun, Taiwan",Point,"[121.096, 21.786, 15]"
Feature,iscgem910440,7.04,South Indian Ocean,-1411391872420,1650929103724,,https://earthquake.usgs.gov/earthquakes/eventpage/iscgem910440,https://earthquake.usgs.gov/fdsnws/event/1/query?eventid=iscgem910440&format=geojson,,,,,reviewed,0,762,iscgem,910440,",iscgem910440,",",iscgem,",",origin,",,,,,mw,earthquake,M 7.0 - South Indian Ocean,Point,"[58.728, -34.565, 10]"
Feature,iscgem910423,7.18,"113 km SSE of Port-Vila, Vanuatu",-1413127081060,1650929095631,,https://earthquake.usgs.gov/earthquakes/eventpage/iscgem910423,https://earthquake.usgs.gov/fdsnws/event/1/query?eventid=iscgem910423&format=geojson,,,6.23,,reviewed,0,793,iscgem,910423,",iscgem910423,",",iscgem,",",origin,shakemap,",,,,,mw,earthquake,"M 7.2 - 113 km SSE of Port-Vila, Vanuatu",Point,"[168.57, -18.735, 35]"
Feature,iscgem910330,7.24,Kuril Islands,-1418558043220,1650929046950,,https://earthquake.usgs.gov/earthquakes/eventpage/iscgem910330,https://earthquake.usgs.gov/fdsnws/event/1/query?eventid=iscgem910330&format=geojson,,,,,reviewed,0,806,iscgem,910330,",iscgem910330,",",iscgem,",",origin,",,,,,mw,earthquake,M 7.2 - Kuril Islands,Point,"[153.743, 47.918, 35]"
Feature,iscgem911077,7.19,"70 km E of Aras-asan, Philippines",-1430772900140,1650929570693,,https://earthquake.usgs.gov/earthquakes/eventpage/iscgem911077,https://earthquake.usgs.gov/fdsnws/event/1/query?eventid=iscgem911077&format=geojson,,,5.694,,reviewed,0,795,iscgem,911077,",iscgem911077,",",iscgem,",",origin,shakemap,",,,,,mw,earthquake,"M 7.2 - 70 km E of Aras-asan, Philippines",Point,"[126.942, 8.982, 15]"
Feature,iscgem911061,7.13,"67 km ENE of Kashima-shi, Japan",-1432101439750,1650929539126,,https://earthquake.usgs.gov/earthquakes/eventpage/iscgem911061,https://earthquake.usgs.gov/fdsnws/event/1/query?eventid=iscgem911061&format=geojson,,,5.705,,reviewed,0,782,iscgem,911061,",iscgem911061,",",iscgem,",",origin,shakemap,",,,,,mw,earthquake,"M 7.1 - 67 km ENE of Kashima-shi, Japan",Point,"[141.34, 36.199, 15]"
Feature,iscgem911040,7.14,north of Macquarie Island,-1433963080090,1650929507135,,https://earthquake.usgs.gov/earthquakes/eventpage/iscgem911040,https://earthquake.usgs.gov/fdsnws/event/1/query?eventid=iscgem911040&format=geojson,,,,,reviewed,0,784,iscgem,911040,",iscgem911040,",",iscgem,",",origin,",,,,,mw,earthquake,M 7.1 - north of Macquarie Island,Point,"[159.224, -49.382, 15]"
Feature,iscgemsup911023,7.26,"southern Xinjiang, China",-1435032913830,1652118793926,,https://earthquake.usgs.gov/earthquakes/eventpage/iscgemsup911023,https://earthquake.usgs.gov/fdsnws/event/1/query?eventid=iscgemsup911023&format=geojson,,,7.767,,reviewed,0,811,iscgemsup,911023,",iscgem911023,iscgemsup911023,",",is,iscgemsup,",",origin,shakemap,",,,,,mw,earthquake,"M 7.3 - southern Xinjiang, China",Point,"[83.486, 37.141, 10]"
Feature,iscgem911007,7.32,"southern Xinjiang, China",-1435778387340,1650929473326,,https://earthquake.usgs.gov/earthquakes/eventpage/iscgem911007,https://earthquake.usgs.gov/fdsnws/event/1/query?eventid=iscgem911007&format=geojson,,,7.535,,reviewed,0,824,iscgem,911007,",iscgem911007,",",iscgem,",",origin,shakemap,",,,,,mw,earthquake,"M 7.3 - southern Xinjiang, China",Point,"[84.186, 36.981, 10]"
Feature,iscgem910998,7.65,Macquarie Island region,-1436394146650,1650929472205,,https://earthquake.usgs.gov/earthquakes/eventpage/iscgem910998,https://earthquake.usgs.gov/fdsnws/event/1/query?eventid=iscgem910998&format=geojson,,,,,reviewed,0,900,iscgem,910998,",iscgem910998,",",iscgem,",",origin,",,,,,mw,earthquake,M 7.7 - Macquarie Island region,Point,"[158.481, -56.191, 10]"
Feature,iscgem910936,7.1,Fiji region,-1440918489820,1650929454214,,https://earthquake.usgs.gov/earthquakes/eventpage/iscgem910936,https://earthquake.usgs.gov/fdsnws/event/1/query?eventid=iscgem910936&format=geojson,,,,,reviewed,0,776,iscgem,910936,",iscgem910936,",",iscgem,",",origin,",,,,,mw,earthquake,M 7.1 - Fiji region,Point,"[-178.738, -21.236, 535]"
Feature,iscgem910911,8.12,"6 km E of Tibanbang, Philippines",-1442648362510,1650929434272,,https://earthquake.usgs.gov/earthquakes/eventpage/iscgem910911,https://earthquake.usgs.gov/fdsnws/event/1/query?eventid=iscgem910911&format=geojson,,,7.079,,reviewed,0,1014,iscgem,910911,",iscgem910911,",",iscgem,",",origin,shakemap,",,,,,mw,earthquake,"M 8.1 - 6 km E of Tibanbang, Philippines",Point,"[126.167, 6.625, 15]"
Feature,iscgem911721,7.18,"101 km NE of Naze, Japan",-1456540316600,1650929955257,,https://earthquake.usgs.gov/earthquakes/eventpage/iscgem911721,https://earthquake.usgs.gov/fdsnws/event/1/query?eventid=iscgem911721&format=geojson,,,4.985,,reviewed,0,793,iscgem,911721,",iscgem911721,",",iscgem,",",origin,shakemap,",,,,,mw,earthquake,"M 7.2 - 101 km NE of Naze, Japan",Point,"[130.311, 28.926, 35]"
Feature,iscgem911676,7.41,"193 km W of Sorong, Indonesia",-1459110621790,1650929935471,,https://earthquake.usgs.gov/earthquakes/eventpage/iscgem911676,https://earthquake.usgs.gov/fdsnws/event/1/query?eventid=iscgem911676&format=geojson,,,7.275,,reviewed,0,845,iscgem,911676,",iscgem911676,",",iscgem,",",origin,shakemap,",,,,,mw,earthquake,"M 7.4 - 193 km W of Sorong, Indonesia",Point,"[129.554, -1.211, 15]"
Feature,iscgem911591,7.85,"5 km E of Tateyama, Japan",-1462137198280,1650929869332,,https://earthquake.usgs.gov/earthquakes/eventpage/iscgem911591,https://earthquake.usgs.gov/fdsnws/event/1/query?eventid=iscgem911591&format=geojson,,,6.988,,reviewed,0,948,iscgem,911591,",iscgem911591,",",iscgem,",",origin,shakemap,",,,,,mw,earthquake,"M 7.9 - 5 km E of Tateyama, Japan",Point,"[139.928, 34.985, 15]"
Feature,iscgem911526,7.96,"5 km SSE of ?iso, Japan",-1462222884730,1692904640785,,https://earthquake.usgs.gov/earthquakes/eventpage/iscgem911526,https://earthquake.usgs.gov/fdsnws/event/1/query?eventid=iscgem911526&format=geojson,,,8.539,,reviewed,0,975,iscgem,911526,",atlas19230901025800,atlas19230901025837,iscgem911526,",",atlas,atlas,iscgem,",",associate,ground-failure,impact-text,origin,shakemap,trump-shakemap,",,,,,mw,earthquake,"M 8.0 - 5 km SSE of ?iso, Japan",Point,"[139.344, 35.274, 15]"
Feature,iscgem911446,7.37,"22 km N of Nishinoomote, Japan",-1466513178410,1652136531539,,https://earthquake.usgs.gov/earthquakes/eventpage/iscgem911446,https://earthquake.usgs.gov/fdsnws/event/1/query?eventid=iscgem911446&format=geojson,,,6.428,,reviewed,0,836,iscgem,911446,",iscgemsup911446,iscgem911446,",",iscgemsup,iscgem,",",origin,shakemap,",,,,,mw,earthquake,"M 7.4 - 22 km N of Nishinoomote, Japan",Point,"[131.032, 30.93, 35]"
Feature,iscgem911420,7.26,"99 km E of Lashio, Myanmar",-1468343720200,1650929766038,,https://earthquake.usgs.gov/earthquakes/eventpage/iscgem911420,https://earthquake.usgs.gov/fdsnws/event/1/query?eventid=iscgem911420&format=geojson,,,7.319,,reviewed,0,811,iscgem,911420,",iscgem911420,",",iscgem,",",origin,shakemap,",,,,,mw,earthquake,"M 7.3 - 99 km E of Lashio, Myanmar",Point,"[98.711, 22.817, 25]"
Feature,iscgem911391,7.22,"64 km ENE of Hasaki, Japan",-1470119713430,1650929749410,,https://earthquake.usgs.gov/earthquakes/eventpage/iscgem911391,https://earthquake.usgs.gov/fdsnws/event/1/query?eventid=iscgem911391&format=geojson,,,5.554,,reviewed,0,802,iscgem,911391,",iscgem911391,",",iscgem,",",origin,shakemap,",,,,,mw,earthquake,"M 7.2 - 64 km ENE of Hasaki, Japan",Point,"[141.501, 35.936, 15]"
Feature,iscgem911354,7.0,"113 km ESE of Chignik, Alaska",-1472542391520,1650929731251,,https://earthquake.usgs.gov/earthquakes/eventpage/iscgem911354,https://earthquake.usgs.gov/fdsnws/event/1/query?eventid=iscgem911354&format=geojson,,,,,reviewed,0,754,iscgem,911354,",ushis690,iscgem911354,",",ushis,iscgem,",",impact-text,origin,trump-origin,",,,,,mw,earthquake,"M 7.0 - 113 km ESE of Chignik, Alaska",Point,"[-156.771, 55.84, 25]"
Feature,iscgem911322,7.0,"184 km NW of Kangding, China",-1476098382970,1650929703917,,https://earthquake.usgs.gov/earthquakes/eventpage/iscgem911322,https://earthquake.usgs.gov/fdsnws/event/1/query?eventid=iscgem911322&format=geojson,,,7.484,,reviewed,0,754,iscgem,911322,",iscgem911322,",",iscgem,",",origin,shakemap,",,,,,mw,earthquake,"M 7.0 - 184 km NW of Kangding, China",Point,"[100.75, 31.295, 15]"
Feature,iscgem911301,7.18,"5 km NW of Kadingilan, Philippines",-1477984285940,1650929686826,,https://earthquake.usgs.gov/earthquakes/eventpage/iscgem911301,https://earthquake.usgs.gov/fdsnws/event/1/query?eventid=iscgem911301&format=geojson,,,6.753,,reviewed,0,793,iscgem,911301,",iscgem911301,",",iscgem,",",origin,shakemap,",,,,,mw,earthquake,"M 7.2 - 5 km NW of Kadingilan, Philippines",Point,"[124.873, 7.641, 15]"
Feature,iscgem911296,7.38,"97 km SSE of Ust’-Kamchatsk Staryy, Russia",-1478535915380,1650929685446,,https://earthquake.usgs.gov/earthquakes/eventpage/iscgem911296,https://earthquake.usgs.gov/fdsnws/event/1/query?eventid=iscgem911296&format=geojson,,,5.622,,reviewed,0,838,iscgem,911296,",iscgem911296,",",iscgem,",",origin,shakemap,",,,,,mw,earthquake,"M 7.4 - 97 km SSE of Ust’-Kamchatsk Staryy, Russia",Point,"[163.241, 55.461, 15]"
Feature,iscgem911273,7.3,"77 km ESE of Mil’kovo, Russia",-1480310221480,1650929677375,,https://earthquake.usgs.gov/earthquakes/eventpage/iscgem911273,https://earthquake.usgs.gov/fdsnws/event/1/query?eventid=iscgem911273&format=geojson,,,,,reviewed,0,820,iscgem,911273,",iscgem911273,",",iscgem,",",origin,",,,,,mw,earthquake,"M 7.3 - 77 km ESE of Mil’kovo, Russia",Point,"[159.656, 54.354, 15]"
Feature,official19230203160150_30,8.4,"121 km ESE of Mil’kovo, Russia",-1480319890000,1650929676060,,https://earthquake.usgs.gov/earthquakes/eventpage/official19230203160150_30,https://earthquake.usgs.gov/fdsnws/event/1/query?eventid=official19230203160150_30&format=geojson,,,7.172,,automatic,0,1086,official,19230203160150_30,",iscgem911271,official19230203160150_30,",",iscgem,official,",",general-header,origin,shakemap,trump-origin,",,,,,mw,earthquake,"M 8.4 - 121 km ESE of Mil’kovo, Russia",Point,"[160.472, 54.486, 15]"
Feature,iscgem911270,7.27,"163 km ENE of Petropavlovsk-Kamchatsky, Russia",-1480445531720,1650929674750,,https://earthquake.usgs.gov/earthquakes/eventpage/iscgem911270,https://earthquake.usgs.gov/fdsnws/event/1/query?eventid=iscgem911270&format=geojson,,,6.157,,reviewed,0,813,iscgem,911270,",iscgem911270,",",iscgem,",",origin,shakemap,",,,,,mw,earthquake,"M 7.3 - 163 km ENE of Petropavlovsk-Kamchatsky, Russia",Point,"[160.813, 53.739, 35]"
Feature,iscgem911261,7.12,"The 1923 Humboldt County, California Earthquake",-1481381738700,1707688628820,,https://earthquake.usgs.gov/earthquakes/eventpage/iscgem911261,https://earthquake.usgs.gov/fdsnws/event/1/query?eventid=iscgem911261&format=geojson,,,5.241,,reviewed,0,780,iscgem,911261,",iscgem911261,ushis685,",",iscgem,ushis,",",earthquake-name,impact-text,origin,shakemap,trump-origin,",,,,,mw,earthquake,"M 7.1 - The 1923 Humboldt County, California Earthquake",Point,"[-125.034, 40.482, 15]"
Feature,official19221111043251_30,8.5,"94 km ENE of Vallenar, Chile",-1487618829000,1650930148127,,https://earthquake.usgs.gov/earthquakes/eventpage/official19221111043251_30,https://earthquake.usgs.gov/fdsnws/event/1/query?eventid=official19221111043251_30&format=geojson,,,7.45,,automatic,0,1112,official,19221111043251_30,",iscgem912062,official19221111043251_30,",",iscgem,official,",",general-header,impact-text,origin,shakemap,trump-origin,",,,,,mw,earthquake,"M 8.5 - 94 km ENE of Vallenar, Chile",Point,"[-69.852, -28.293, 70]"
Feature,iscgem912037,7.21,"35 km N of El Cardo, Peru",-1490260202560,1650930131432,,https://earthquake.usgs.gov/earthquakes/eventpage/iscgem912037,https://earthquake.usgs.gov/fdsnws/event/1/query?eventid=iscgem912037&format=geojson,,,,,reviewed,0,800,iscgem,912037,",iscgem912037,",",iscgem,",",origin,",,,,,mw,earthquake,"M 7.2 - 35 km N of El Cardo, Peru",Point,"[-72.705, -16.287, 75]"
Feature,iscgem911999,7.69,"50 km SSE of Yilan, Taiwan",-1493700232580,1650930105422,,https://earthquake.usgs.gov/earthquakes/eventpage/iscgem911999,https://earthquake.usgs.gov/fdsnws/event/1/query?eventid=iscgem911999&format=geojson,,,6.808,,reviewed,0,910,iscgem,911999,",iscgem911999,",",iscgem,",",origin,shakemap,",,,,,mw,earthquake,"M 7.7 - 50 km SSE of Yilan, Taiwan",Point,"[122, 24.364, 20]"
Feature,iscgem911923,7.0,"111 km SSW of Altata, Mexico",-1500750736880,1650930060067,,https://earthquake.usgs.gov/earthquakes/eventpage/iscgem911923,https://earthquake.usgs.gov/fdsnws/event/1/query?eventid=iscgem911923&format=geojson,,,5.348,,reviewed,0,754,iscgem,911923,",iscgem911923,",",iscgem,",",origin,shakemap,",,,,,mw,earthquake,"M 7.0 - 111 km SSW of Altata, Mexico",Point,"[-108.5, 23.768, 10]"
Feature,iscgem911811,7.41,"123 km W of Big Lagoon, California",-1512124948560,1650929992742,,https://earthquake.usgs.gov/earthquakes/eventpage/iscgem911811,https://earthquake.usgs.gov/fdsnws/event/1/query?eventid=iscgem911811&format=geojson,,,4.969,,reviewed,0,845,iscgem,911811,",iscgem911811,ushis674,",",iscgem,ushis,",",impact-text,origin,shakemap,trump-origin,",,,,,mw,earthquake,"M 7.4 - 123 km W of Big Lagoon, California",Point,"[-125.608, 41.189, 15]"
Feature,iscgem911801,7.9,"143 km ESE of San Antonio del Estrecho, Peru",-1513368571900,1650929981293,,https://earthquake.usgs.gov/earthquakes/eventpage/iscgem911801,https://earthquake.usgs.gov/fdsnws/event/1/query?eventid=iscgem911801&format=geojson,,,3.748,,reviewed,0,960,iscgem,911801,",iscgem911801,",",iscgem,",",origin,shakemap,",,,,,mw,earthquake,"M 7.9 - 143 km ESE of San Antonio del Estrecho, Peru",Point,"[-71.438, -2.853, 475]"
Feature,iscgem912389,7.3,"130 km W of Puerto Nariño, Colombia",-1515918632870,1650921270026,,https://earthquake.usgs.gov/earthquakes/eventpage/iscgem912389,https://earthquake.usgs.gov/fdsnws/event/1/query?eventid=iscgem912389&format=geojson,,,2.801,,reviewed,0,820,iscgem,912389,",iscgem912389,",",iscgem,",",origin,shakemap,",,,,,mw,earthquake,"M 7.3 - 130 km W of Puerto Nariño, Colombia",Point,"[-71.52, -3.918, 540]"
Feature,iscgem912367,7.8,"71 km SSW of Jurm, Afghanistan",-1518751396630,1650930324244,,https://earthquake.usgs.gov/earthquakes/eventpage/iscgem912367,https://earthquake.usgs.gov/fdsnws/event/1/query?eventid=iscgem912367&format=geojson,,,5.437,,reviewed,0,936,iscgem,912367,",iscgem912367,",",iscgem,",",origin,shakemap,",,,,,mw,earthquake,"M 7.8 - 71 km SSW of Jurm, Afghanistan",Point,"[70.674, 36.236, 240]"
Feature,iscgem912362,7.44,"62 km E of Baculin, Philippines",-1519104221660,1650930317286,,https://earthquake.usgs.gov/earthquakes/eventpage/iscgem912362,https://earthquake.usgs.gov/fdsnws/event/1/query?eventid=iscgem912362&format=geojson,,,5.611,,reviewed,0,852,iscgem,912362,",iscgem912362,",",iscgem,",",origin,shakemap,",,,,,mw,earthquake,"M 7.4 - 62 km E of Baculin, Philippines",Point,"[127.151, 7.452, 15]"
Feature,iscgem912341,7.02,"143 km NNW of Sola, Vanuatu",-1521486101850,1650921268480,,https://earthquake.usgs.gov/earthquakes/eventpage/iscgem912341,https://earthquake.usgs.gov/fdsnws/event/1/query?eventid=iscgem912341&format=geojson,,,6.0,,reviewed,0,758,iscgem,912341,",iscgem912341,",",iscgem,",",origin,shakemap,",,,,,mw,earthquake,"M 7.0 - 143 km NNW of Sola, Vanuatu",Point,"[166.945, -12.724, 35]"
Feature,iscgem912309,7.58,"233 km S of Pundong, Indonesia",-1524427094940,1650930276636,,https://earthquake.usgs.gov/earthquakes/eventpage/iscgem912309,https://earthquake.usgs.gov/fdsnws/event/1/query?eventid=iscgem912309&format=geojson,,,,,reviewed,0,884,iscgem,912309,",iscgem912309,",",iscgem,",",origin,",,,,,mw,earthquake,"M 7.6 - 233 km S of Pundong, Indonesia",Point,"[110.653, -10.046, 15]"
Feature,iscgem912192,7.2,"7 km SW of El Viejo, Nicaragua",-1538842231220,1650930195890,,https://earthquake.usgs.gov/earthquakes/eventpage/iscgem912192,https://earthquake.usgs.gov/fdsnws/event/1/query?eventid=iscgem912192&format=geojson,,,6.857,,reviewed,0,798,iscgem,912192,",iscgem912192,",",iscgem,",",origin,shakemap,",,,,,mw,earthquake,"M 7.2 - 7 km SW of El Viejo, Nicaragua",Point,"[-87.216, 12.61, 65]"
Feature,iscgem912172,7.39,"103 km ESE of Neiafu, Tonga",-1541309782930,1650930178421,,https://earthquake.usgs.gov/earthquakes/eventpage/iscgem912172,https://earthquake.usgs.gov/fdsnws/event/1/query?eventid=iscgem912172&format=geojson,,,,,reviewed,0,840,iscgem,912172,",iscgem912172,",",iscgem,",",origin,",,,,,mw,earthquake,"M 7.4 - 103 km ESE of Neiafu, Tonga",Point,"[-173.037, -18.904, 15]"
Feature,iscgem912158,7.11,"32 km NE of Chajul, Guatemala",-1543333039380,1650930171318,,https://earthquake.usgs.gov/earthquakes/eventpage/iscgem912158,https://earthquake.usgs.gov/fdsnws/event/1/query?eventid=iscgem912158&format=geojson,,,6.743,,reviewed,0,778,iscgem,912158,",iscgem912158,",",iscgem,",",origin,shakemap,",,,,,mw,earthquake,"M 7.1 - 32 km NE of Chajul, Guatemala",Point,"[-90.791, 15.662, 15]"
Feature,iscgem912687,7.94,"125 km E of Baiyin, China",-1547639647600,1650930604713,,https://earthquake.usgs.gov/earthquakes/eventpage/iscgem912687,https://earthquake.usgs.gov/fdsnws/event/1/query?eventid=iscgem912687&format=geojson,,,8.072,,reviewed,0,970,iscgem,912687,",iscgem912687,",",iscgem,",",ground-failure,impact-text,origin,shakemap,",,,,,mw,earthquake,"M 7.9 - 125 km E of Baiyin, China",Point,"[105.554, 36.358, 15]"
Feature,iscgem912683,7.29,"50 km SSW of Carahue, Chile",-1548185650230,1650930593813,,https://earthquake.usgs.gov/earthquakes/eventpage/iscgem912683,https://earthquake.usgs.gov/fdsnws/event/1/query?eventid=iscgem912683&format=geojson,,,6.788,,reviewed,0,818,iscgem,912683,",iscgem912683,",",iscgem,",",origin,shakemap,",,,,,mw,earthquake,"M 7.3 - 50 km SSW of Carahue, Chile",Point,"[-73.462, -39.102, 25]"
Feature,iscgem912640,7.08,"147 km E of Kuril’sk, Russia",-1552751299340,1650930560866,,https://earthquake.usgs.gov/earthquakes/eventpage/iscgem912640,https://earthquake.usgs.gov/fdsnws/event/1/query?eventid=iscgem912640&format=geojson,,,,,reviewed,0,771,iscgem,912640,",iscgem912640,",",iscgem,",",origin,",,,,,mw,earthquake,"M 7.1 - 147 km E of Kuril’sk, Russia",Point,"[149.741, 45.39, 60]"
Feature,iscgem912618,8.09,"97 km WSW of Isangel, Vanuatu",-1555147256600,1650930505897,,https://earthquake.usgs.gov/earthquakes/eventpage/iscgem912618,https://earthquake.usgs.gov/fdsnws/event/1/query?eventid=iscgem912618&format=geojson,,,6.272,,reviewed,0,1007,iscgem,912618,",iscgem912618,",",iscgem,",",origin,shakemap,",,,,,mw,earthquake,"M 8.1 - 97 km WSW of Isangel, Vanuatu",Point,"[168.478, -19.982, 25]"
Feature,iscgem912573,7.03,"32 km NW of Fiambalá, Argentina",-1559275357910,1650930451464,,https://earthquake.usgs.gov/earthquakes/eventpage/iscgem912573,https://earthquake.usgs.gov/fdsnws/event/1/query?eventid=iscgem912573&format=geojson,,,6.411,,reviewed,0,760,iscgem,912573,",iscgem912573,",",iscgem,",",origin,shakemap,",,,,,mw,earthquake,"M 7.0 - 32 km NW of Fiambalá, Argentina",Point,"[-67.867, -27.475, 15]"
Feature,iscgem912519,8.23,"47 km SE of Hualien City, Taiwan",-1564429104830,1650930413529,,https://earthquake.usgs.gov/earthquakes/eventpage/iscgem912519,https://earthquake.usgs.gov/fdsnws/event/1/query?eventid=iscgem912519&format=geojson,,,6.898,,reviewed,0,1042,iscgem,912519,",official19200605042135000_20,iscgem912519,",",official,iscgem,",",general-header,origin,shakemap,",,,,,mw,earthquake,"M 8.2 - 47 km SE of Hualien City, Taiwan",Point,"[121.954, 23.688, 20]"
Feature,iscgem912419,7.81,"74 km SSW of Kokopo, Papua New Guinea",-1575117455640,1650930345085,,https://earthquake.usgs.gov/earthquakes/eventpage/iscgem912419,https://earthquake.usgs.gov/fdsnws/event/1/query?eventid=iscgem912419&format=geojson,,,7.066,,reviewed,0,938,iscgem,912419,",iscgem912419,",",iscgem,",",origin,shakemap,",,,,,mw,earthquake,"M 7.8 - 74 km SSW of Kokopo, Papua New Guinea",Point,"[152.017, -4.967, 35]"
Feature,iscgem913021,7.4,"122 km ENE of Hengchun, Taiwan",-1578885745820,1650930870351,,https://earthquake.usgs.gov/earthquakes/eventpage/iscgem913021,https://earthquake.usgs.gov/fdsnws/event/1/query?eventid=iscgem913021&format=geojson,,,5.739,,reviewed,0,842,iscgem,913021,",iscgem913021,",",iscgem,",",origin,shakemap,",,,,,mw,earthquake,"M 7.4 - 122 km ENE of Hengchun, Taiwan",Point,"[121.787, 22.529, 20]"
Feature,iscgem913005,7.0,"3 km ESE of Soma, Turkey",-1581645919000,1650930862653,,https://earthquake.usgs.gov/earthquakes/eventpage/iscgem913005,https://earthquake.usgs.gov/fdsnws/event/1/query?eventid=iscgem913005&format=geojson,,,7.037,,reviewed,0,754,iscgem,913005,",iscgem913005,",",iscgem,",",origin,shakemap,",,,,,mw,earthquake,"M 7.0 - 3 km ESE of Soma, Turkey",Point,"[27.652, 39.176, 10]"
Feature,iscgem912906,7.0,"114 km NW of Ambon, Indonesia",-1588702556900,1650930798253,,https://earthquake.usgs.gov/earthquakes/eventpage/iscgem912906,https://earthquake.usgs.gov/fdsnws/event/1/query?eventid=iscgem912906&format=geojson,,,6.1,,reviewed,0,754,iscgem,912906,",iscgem912906,",",iscgem,",",origin,shakemap,",,,,,mw,earthquake,"M 7.0 - 114 km NW of Ambon, Indonesia",Point,"[127.391, -3.028, 15]"
Feature,iscgem912783,8.15,"183 km ESE of Kokopo, Papua New Guinea",-1598588326990,1650930707226,,https://earthquake.usgs.gov/earthquakes/eventpage/iscgem912783,https://earthquake.usgs.gov/fdsnws/event/1/query?eventid=iscgem912783&format=geojson,,,6.525,,reviewed,0,1022,iscgem,912783,",iscgem912783,",",iscgem,",",origin,shakemap,",,,,,mw,earthquake,"M 8.2 - 183 km ESE of Kokopo, Papua New Guinea",Point,"[153.859, -4.806, 35]"
Feature,iscgem912777,7.71,"277 km SSE of Kushiro, Japan",-1598915276680,1652136525816,,https://earthquake.usgs.gov/earthquakes/eventpage/iscgem912777,https://earthquake.usgs.gov/fdsnws/event/1/query?eventid=iscgem912777&format=geojson,,,,,reviewed,0,915,iscgem,912777,",iscgemsup912777,iscgem912777,",",iscgemsup,iscgem,",",origin,",,,,,mw,earthquake,"M 7.7 - 277 km SSE of Kushiro, Japan",Point,"[145.626, 40.655, 15]"
Feature,iscgem912773,8.1,"166 km ENE of Neiafu, Tonga",-1599151363030,1650930696229,,https://earthquake.usgs.gov/earthquakes/eventpage/iscgem912773,https://earthquake.usgs.gov/fdsnws/event/1/query?eventid=iscgem912773&format=geojson,,,,,reviewed,0,1009,iscgem,912773,",iscgem912773,",",iscgem,",",origin,",,,,,mw,earthquake,"M 8.1 - 166 km ENE of Neiafu, Tonga",Point,"[-172.442, -18.322, 25]"
Feature,iscgem912761,7.18,"Kermadec Islands, New Zealand",-1600259870290,1650930682780,,https://earthquake.usgs.gov/earthquakes/eventpage/iscgem912761,https://earthquake.usgs.gov/fdsnws/event/1/query?eventid=iscgem912761&format=geojson,,,,,reviewed,0,793,iscgem,912761,",iscgem912761,",",iscgem,",",origin,",,,,,mw,earthquake,"M 7.2 - Kermadec Islands, New Zealand",Point,"[-177.991, -30.58, 35]"
Feature,iscgem912735,7.18,"13 km ENE of Trevelin, Argentina",-1604232884810,1650930674383,,https://earthquake.usgs.gov/earthquakes/eventpage/iscgem912735,https://earthquake.usgs.gov/fdsnws/event/1/query?eventid=iscgem912735&format=geojson,,,6.822,,reviewed,0,793,iscgem,912735,",iscgem912735,",",iscgem,",",origin,shakemap,",,,,,mw,earthquake,"M 7.2 - 13 km ENE of Trevelin, Argentina",Point,"[-71.306, -43.038, 15]"
Feature,iscgem912734,7.28,"Off the coast of Los Lagos, Chile",-1604262804390,1650930673426,,https://earthquake.usgs.gov/earthquakes/eventpage/iscgem912734,https://earthquake.usgs.gov/fdsnws/event/1/query?eventid=iscgem912734&format=geojson,,,,,reviewed,0,815,iscgem,912734,",iscgem912734,",",iscgem,",",origin,",,,,,mw,earthquake,"M 7.3 - Off the coast of Los Lagos, Chile",Point,"[-78.294, -43.814, 15]"
Feature,iscgem912700,7.8,Fiji region,-1609448365540,1650930638192,,https://earthquake.usgs.gov/earthquakes/eventpage/iscgem912700,https://earthquake.usgs.gov/fdsnws/event/1/query?eventid=iscgem912700&format=geojson,,,4.215,,reviewed,0,936,iscgem,912700,",iscgem912700,",",iscgem,",",origin,shakemap,",,,,,mw,earthquake,M 7.8 - Fiji region,Point,"[-178.08, -19.318, 485]"
Feature,iscgem912699,7.21,"22 km ESE of Bobon, Philippines",-1609453569740,1650930632849,,https://earthquake.usgs.gov/earthquakes/eventpage/iscgem912699,https://earthquake.usgs.gov/fdsnws/event/1/query?eventid=iscgem912699&format=geojson,,,6.276,,reviewed,0,800,iscgem,912699,",iscgem912699,",",iscgem,",",origin,shakemap,",,,,,mw,earthquake,"M 7.2 - 22 km ESE of Bobon, Philippines",Point,"[126.526, 6.808, 35]"
Feature,iscgem913362,8.01,"60 km W of Diego de Almagro, Chile",-1611835928690,1650931070315,,https://earthquake.usgs.gov/earthquakes/eventpage/iscgem913362,https://earthquake.usgs.gov/fdsnws/event/1/query?eventid=iscgem913362&format=geojson,,,7.233,,reviewed,0,987,iscgem,913362,",iscgem913362,",",iscgem,",",origin,shakemap,",,,,,mw,earthquake,"M 8.0 - 60 km W of Diego de Almagro, Chile",Point,"[-70.65, -26.462, 40]"
Feature,iscgem913359,7.06,northern Mid-Atlantic Ridge,-1612015945840,1650931069222,,https://earthquake.usgs.gov/earthquakes/eventpage/iscgem913359,https://earthquake.usgs.gov/fdsnws/event/1/query?eventid=iscgem913359&format=geojson,,,,,reviewed,0,767,iscgem,913359,",iscgem913359,",",iscgem,",",origin,",,,,,mw,earthquake,M 7.1 - northern Mid-Atlantic Ridge,Point,"[-43.625, 11.466, 10]"
Feature,iscgem913336,7.83,east of the Kuril Islands,-1614108110320,1650931039152,,https://earthquake.usgs.gov/earthquakes/eventpage/iscgem913336,https://earthquake.usgs.gov/fdsnws/event/1/query?eventid=iscgem913336&format=geojson,,,,,reviewed,0,943,iscgem,913336,",iscgem913336,",",iscgem,",",origin,",,,,,mw,earthquake,M 7.8 - east of the Kuril Islands,Point,"[151.993, 44.83, 15]"
Feature,iscgem913330,7.24,"185 km NW of Kavieng, Papua New Guinea",-1615099999890,1650921277122,,https://earthquake.usgs.gov/earthquakes/eventpage/iscgem913330,https://earthquake.usgs.gov/fdsnws/event/1/query?eventid=iscgem913330&format=geojson,,,7.58,,reviewed,0,806,iscgem,913330,",iscgem913330,",",iscgem,",",origin,shakemap,",,,,,mw,earthquake,"M 7.2 - 185 km NW of Kavieng, Papua New Guinea",Point,"[149.511, -1.505, 15]"
Feature,iscgem913306,7.1,"24 km NNW of San Antonio, Puerto Rico",-1616492718340,1650931023321,,https://earthquake.usgs.gov/earthquakes/eventpage/iscgem913306,https://earthquake.usgs.gov/fdsnws/event/1/query?eventid=iscgem913306&format=geojson,,,8.588,,reviewed,0,776,iscgem,913306,",iscgem913306,atlas19181011141442,",",iscgem,atlas,",",ground-failure,impact-text,origin,shakemap,trump-shakemap,",,,,,mw,earthquake,"M 7.1 - 24 km NNW of San Antonio, Puerto Rico",Point,"[-67.189, 18.7, 15]"
Feature,iscgem913260,8.1,east of the Kuril Islands,-1619419412890,1650931012651,,https://earthquake.usgs.gov/earthquakes/eventpage/iscgem913260,https://earthquake.usgs.gov/fdsnws/event/1/query?eventid=iscgem913260&format=geojson,,,6.357,,reviewed,0,1009,iscgem,913260,",iscgem913260,",",iscgem,",",origin,shakemap,",,,,,mw,earthquake,M 8.1 - east of the Kuril Islands,Point,"[152.32, 44.998, 15]"
Feature,iscgem913230,8.3,"75 km SSW of Malisbeng, Philippines",-1621424495170,1650930973515,,https://earthquake.usgs.gov/earthquakes/eventpage/iscgem913230,https://earthquake.usgs.gov/fdsnws/event/1/query?eventid=iscgem913230&format=geojson,,,7.223,,reviewed,0,1060,iscgem,913230,",iscgem913230,",",iscgem,",",origin,shakemap,",,,,,mw,earthquake,"M 8.3 - 75 km SSW of Malisbeng, Philippines",Point,"[123.994, 5.538, 20]"
Feature,iscgem913196,7.14,"24 km N of Kishorganj, Bangladesh",-1624714671510,1650930956636,,https://earthquake.usgs.gov/earthquakes/eventpage/iscgem913196,https://earthquake.usgs.gov/fdsnws/event/1/query?eventid=iscgem913196&format=geojson,,,7.726,,reviewed,0,784,iscgem,913196,",iscgem913196,",",iscgem,",",origin,shakemap,",,,,,mw,earthquake,"M 7.1 - 24 km N of Kishorganj, Bangladesh",Point,"[90.801, 24.656, 15]"
Feature,iscgem913192,7.58,"50 km N of Wewak, Papua New Guinea",-1625159271880,1650930954435,,https://earthquake.usgs.gov/earthquakes/eventpage/iscgem913192,https://earthquake.usgs.gov/fdsnws/event/1/query?eventid=iscgem913192&format=geojson,,,6.652,,reviewed,0,884,iscgem,913192,",iscgem913192,",",iscgem,",",origin,shakemap,",,,,,mw,earthquake,"M 7.6 - 50 km N of Wewak, Papua New Guinea",Point,"[143.573, -3.094, 15]"
Feature,iscgem913151,7.01,"41 km SSW of Heroica Guaymas, Mexico",-1628683339980,1652136521856,,https://earthquake.usgs.gov/earthquakes/eventpage/iscgem913151,https://earthquake.usgs.gov/fdsnws/event/1/query?eventid=iscgem913151&format=geojson,,,7.79,,reviewed,0,756,iscgem,913151,",iscgemsup913151,iscgem913151,",",iscgemsup,iscgem,",",origin,shakemap,",,,,,mw,earthquake,"M 7.0 - 41 km SSW of Heroica Guaymas, Mexico",Point,"[-111.087, 27.58, 10]"
Feature,iscgem913146,7.26,central Mid-Atlantic Ridge,-1628933033500,1650930930694,,https://earthquake.usgs.gov/earthquakes/eventpage/iscgem913146,https://earthquake.usgs.gov/fdsnws/event/1/query?eventid=iscgem913146&format=geojson,,,,,reviewed,0,811,iscgem,913146,",iscgem913146,",",iscgem,",",origin,",,,,,mw,earthquake,M 7.3 - central Mid-Atlantic Ridge,Point,"[-34.906, 7.409, 15]"
Feature,iscgem913072,7.37,"7 km S of Huanggang, China",-1637257963480,1650930919328,,https://earthquake.usgs.gov/earthquakes/eventpage/iscgem913072,https://earthquake.usgs.gov/fdsnws/event/1/query?eventid=iscgem913072&format=geojson,,,8.157,,reviewed,0,836,iscgem,913072,",iscgem913072,",",iscgem,",",origin,shakemap,",,,,,mw,earthquake,"M 7.4 - 7 km S of Huanggang, China",Point,"[117.004, 23.609, 15]"
Feature,iscgem913745,7.18,"31 km S of San Francisco Cozoaltepec, Mexico",-1641172160120,1650931279900,,https://earthquake.usgs.gov/earthquakes/eventpage/iscgem913745,https://earthquake.usgs.gov/fdsnws/event/1/query?eventid=iscgem913745&format=geojson,,,6.713,,reviewed,0,793,iscgem,913745,",iscgem913745,",",iscgem,",",origin,shakemap,",,,,,mw,earthquake,"M 7.2 - 31 km S of San Francisco Cozoaltepec, Mexico",Point,"[-96.755, 15.533, 20]"
Feature,iscgem913701,7.5,"Kermadec Islands, New Zealand",-1644957624240,1650931244968,,https://earthquake.usgs.gov/earthquakes/eventpage/iscgem913701,https://earthquake.usgs.gov/fdsnws/event/1/query?eventid=iscgem913701&format=geojson,,,,,reviewed,0,865,iscgem,913701,",iscgem913701,",",iscgem,",",origin,",,,,,mw,earthquake,"M 7.5 - Kermadec Islands, New Zealand",Point,"[-177.839, -29.849, 35]"
Feature,iscgem913647,7.05,"5 km SE of Castilla La Nueva, Colombia",-1651580615440,1650931227197,,https://earthquake.usgs.gov/earthquakes/eventpage/iscgem913647,https://earthquake.usgs.gov/fdsnws/event/1/query?eventid=iscgem913647&format=geojson,,,,,reviewed,0,765,iscgem,913647,",iscgem913647,",",iscgem,",",origin,",,,,,mw,earthquake,"M 7.1 - 5 km SE of Castilla La Nueva, Colombia",Point,"[-73.649, 3.792, 15]"
Feature,iscgem913586,7.45,"93 km SW of Aitape, Papua New Guinea",-1654394848360,1650931185893,,https://earthquake.usgs.gov/earthquakes/eventpage/iscgem913586,https://earthquake.usgs.gov/fdsnws/event/1/query?eventid=iscgem913586&format=geojson,,,6.839,,reviewed,0,854,iscgem,913586,",iscgem913586,",",iscgem,",",origin,shakemap,",,,,,mw,earthquake,"M 7.5 - 93 km SW of Aitape, Papua New Guinea",Point,"[141.729, -3.705, 35]"
Feature,iscgem913585,7.11,"169 km SE of Shizunai-furukawach?, Japan",-1654421256600,1650931179027,,https://earthquake.usgs.gov/earthquakes/eventpage/iscgem913585,https://earthquake.usgs.gov/fdsnws/event/1/query?eventid=iscgem913585&format=geojson,,,,,reviewed,0,778,iscgem,913585,",iscgem913585,",",iscgem,",",origin,",,,,,mw,earthquake,"M 7.1 - 169 km SE of Shizunai-furukawach?, Japan",Point,"[143.747, 41.208, 15]"
Feature,iscgem913557,7.32,"120 km ENE of Hirara, Japan",-1656631292270,1650931158526,,https://earthquake.usgs.gov/earthquakes/eventpage/iscgem913557,https://earthquake.usgs.gov/fdsnws/event/1/query?eventid=iscgem913557&format=geojson,,,,,reviewed,0,824,iscgem,913557,",iscgem913557,",",iscgem,",",origin,",,,,,mw,earthquake,"M 7.3 - 120 km ENE of Hirara, Japan",Point,"[126.432, 25.157, 35]"
Feature,iscgem913548,8.0,"120 km NNE of Hihifo, Tonga",-1657303815610,1650931152746,,https://earthquake.usgs.gov/earthquakes/eventpage/iscgem913548,https://earthquake.usgs.gov/fdsnws/event/1/query?eventid=iscgem913548&format=geojson,,,,,reviewed,0,985,iscgem,913548,",iscgem913548,",",iscgem,",",origin,",,,,,mw,earthquake,"M 8.0 - 120 km NNE of Hihifo, Tonga",Point,"[-173.27, -14.996, 15]"
Feature,iscgem913517,7.4,"54 km SE of Sand Point, Alaska",-1659539547960,1650931134581,,https://earthquake.usgs.gov/earthquakes/eventpage/iscgem913517,https://earthquake.usgs.gov/fdsnws/event/1/query?eventid=iscgem913517&format=geojson,,,,,reviewed,0,842,iscgem,913517,",ushis614,iscgem913517,",",ushis,iscgem,",",associate,impact-text,origin,trump-origin,",,,,,mw,earthquake,"M 7.4 - 54 km SE of Sand Point, Alaska",Point,"[-159.883, 54.995, 35]"
Feature,iscgem913497,7.13,"261 km S of Merizo Village, Guam",-1661414707870,1650931112707,,https://earthquake.usgs.gov/earthquakes/eventpage/iscgem913497,https://earthquake.usgs.gov/fdsnws/event/1/query?eventid=iscgem913497&format=geojson,,,,,reviewed,0,782,iscgem,913497,",iscgem913497,",",iscgem,",",origin,",,,,,mw,earthquake,"M 7.1 - 261 km S of Merizo Village, Guam",Point,"[144.408, 10.913, 15]"
Feature,iscgem913483,8.2,Kermadec Islands region,-1662096819640,1650931106605,,https://earthquake.usgs.gov/earthquakes/eventpage/iscgem913483,https://earthquake.usgs.gov/fdsnws/event/1/query?eventid=iscgem913483&format=geojson,,,,,reviewed,0,1034,iscgem,913483,",iscgem913483,",",iscgem,",",origin,",,,,,mw,earthquake,M 8.2 - Kermadec Islands region,Point,"[-176.653, -31.195, 15]"
Feature,iscgem913414,7.05,"84 km SW of Niquero, Cuba",-1668141010050,1650931087797,,https://earthquake.usgs.gov/earthquakes/eventpage/iscgem913414,https://earthquake.usgs.gov/fdsnws/event/1/query?eventid=iscgem913414&format=geojson,,,,,reviewed,0,765,iscgem,913414,",iscgem913414,",",iscgem,",",origin,",,,,,mw,earthquake,"M 7.1 - 84 km SW of Niquero, Cuba",Point,"[-78.144, 19.496, 15]"
Feature,iscgem913404,7.98,"43 km E of Ust’-Kamchatsk Staryy, Russia",-1670015659220,1652136520243,,https://earthquake.usgs.gov/earthquakes/eventpage/iscgem913404,https://earthquake.usgs.gov/fdsnws/event/1/query?eventid=iscgem913404&format=geojson,,,7.061,,reviewed,0,980,iscgem,913404,",iscgemsup913404,iscgem913404,",",iscgemsup,iscgem,",",origin,shakemap,",,,,,mw,earthquake,"M 8.0 - 43 km E of Ust’-Kamchatsk Staryy, Russia",Point,"[163.174, 56.154, 20]"
Feature,iscgem913864,7.36,"156 km SE of Severo-Kuril’sk, Russia",-1677832138900,1650931386498,,https://earthquake.usgs.gov/earthquakes/eventpage/iscgem913864,https://earthquake.usgs.gov/fdsnws/event/1/query?eventid=iscgem913864&format=geojson,,,,,reviewed,0,833,iscgem,913864,",iscgem913864,",",iscgem,",",origin,",,,,,mw,earthquake,"M 7.4 - 156 km SE of Severo-Kuril’sk, Russia",Point,"[157.886, 49.831, 15]"
Feature,iscgem913818,7.08,"48 km NNW of Suncho Corral, Argentina",-1689215237890,1650931355171,,https://earthquake.usgs.gov/earthquakes/eventpage/iscgem913818,https://earthquake.usgs.gov/fdsnws/event/1/query?eventid=iscgem913818&format=geojson,,,,,reviewed,0,771,iscgem,913818,",iscgem913818,",",iscgem,",",origin,",,,,,mw,earthquake,"M 7.1 - 48 km NNW of Suncho Corral, Argentina",Point,"[-63.541, -27.509, 600]"
Feature,iscgem913794,7.14,"6 km WNW of Siquirres, Costa Rica",-1694275069060,1650931348825,,https://earthquake.usgs.gov/earthquakes/eventpage/iscgem913794,https://earthquake.usgs.gov/fdsnws/event/1/query?eventid=iscgem913794&format=geojson,,,,,reviewed,0,784,iscgem,913794,",iscgem913794,",",iscgem,",",origin,",,,,,mw,earthquake,"M 7.1 - 6 km WNW of Siquirres, Costa Rica",Point,"[-83.564, 10.11, 15]"
Feature,iscgem913790,7.01,"208 km SE of Katsuura, Japan",-1694521719830,1650931342150,,https://earthquake.usgs.gov/earthquakes/eventpage/iscgem913790,https://earthquake.usgs.gov/fdsnws/event/1/query?eventid=iscgem913790&format=geojson,,,,,reviewed,0,756,iscgem,913790,",iscgem913790,",",iscgem,",",origin,",,,,,mw,earthquake,"M 7.0 - 208 km SE of Katsuura, Japan",Point,"[141.759, 33.7, 15]"
Feature,iscgem913783,7.15,South Indian Ocean,-1695738832200,1650931339551,,https://earthquake.usgs.gov/earthquakes/eventpage/iscgem913783,https://earthquake.usgs.gov/fdsnws/event/1/query?eventid=iscgem913783&format=geojson,,,,,reviewed,0,787,iscgem,913783,",iscgem913783,",",iscgem,",",origin,",,,,,mw,earthquake,M 7.2 - South Indian Ocean,Point,"[54.766, -31.851, 10]"
Feature,iscgem913768,7.26,"204 km WSW of Sámara, Costa Rica",-1699155537360,1650931325539,,https://earthquake.usgs.gov/earthquakes/eventpage/iscgem913768,https://earthquake.usgs.gov/fdsnws/event/1/query?eventid=iscgem913768&format=geojson,,,,,reviewed,0,811,iscgem,913768,",iscgem913768,",",iscgem,",",origin,",,,,,mw,earthquake,"M 7.3 - 204 km WSW of Sámara, Costa Rica",Point,"[-87.336, 9.451, 15]"
Feature,iscgem913761,7.05,"Rat Islands, Aleutian Islands, Alaska",-1700964504260,1650931311004,,https://earthquake.usgs.gov/earthquakes/eventpage/iscgem913761,https://earthquake.usgs.gov/fdsnws/event/1/query?eventid=iscgem913761&format=geojson,,,,,reviewed,0,765,iscgem,913761,",ushis584,iscgem913761,",",ushis,iscgem,",",associate,impact-text,origin,trump-origin,",,,,,mw,earthquake,"M 7.1 - Rat Islands, Aleutian Islands, Alaska",Point,"[179.032, 50.785, 15]"
Feature,iscgem913758,7.41,"152 km ESE of Koshima, Japan",-1701447808090,1650931299572,,https://earthquake.usgs.gov/earthquakes/eventpage/iscgem913758,https://earthquake.usgs.gov/fdsnws/event/1/query?eventid=iscgem913758&format=geojson,,,,,reviewed,0,845,iscgem,913758,",iscgem913758,",",iscgem,",",origin,",,,,,mw,earthquake,"M 7.4 - 152 km ESE of Koshima, Japan",Point,"[131.875, 29.51, 15]"
Feature,iscgem913755,7.0,"18 km W of Do?an?ar, Turkey",-1702141486420,1650931297181,,https://earthquake.usgs.gov/earthquakes/eventpage/iscgem913755,https://earthquake.usgs.gov/fdsnws/event/1/query?eventid=iscgem913755&format=geojson,,,7.452,,reviewed,0,754,iscgem,913755,",iscgem913755,",",iscgem,",",origin,shakemap,",,,,,mw,earthquake,"M 7.0 - 18 km W of Do?an?ar, Turkey",Point,"[37.312, 40.201, 15]"
Feature,iscgem913750,7.66,"36 km NNE of Nabire, Indonesia",-1703086752950,1650931290565,,https://earthquake.usgs.gov/earthquakes/eventpage/iscgem913750,https://earthquake.usgs.gov/fdsnws/event/1/query?eventid=iscgem913750&format=geojson,,,7.33,,reviewed,0,903,iscgem,913750,",iscgem913750,",",iscgem,",",origin,shakemap,",,,,,mw,earthquake,"M 7.7 - 36 km NNE of Nabire, Indonesia",Point,"[135.676, -3.076, 25]"
Feature,iscgem913749,7.0,"27 km NE of Nabire, Indonesia",-1703094084820,1650921281293,,https://earthquake.usgs.gov/earthquakes/eventpage/iscgem913749,https://earthquake.usgs.gov/fdsnws/event/1/query?eventid=iscgem913749&format=geojson,,,6.728,,reviewed,0,754,iscgem,913749,",iscgem913749,",",iscgem,",",origin,shakemap,",,,,,mw,earthquake,"M 7.0 - 27 km NE of Nabire, Indonesia",Point,"[135.699, -3.206, 25]"
Feature,iscgem913746,7.96,"60 km SE of Kokopo, Papua New Guinea",-1704105551080,1650931285319,,https://earthquake.usgs.gov/earthquakes/eventpage/iscgem913746,https://earthquake.usgs.gov/fdsnws/event/1/query?eventid=iscgem913746&format=geojson,,,7.085,,reviewed,0,975,iscgem,913746,",iscgem913746,",",iscgem,",",origin,shakemap,",,,,,mw,earthquake,"M 8.0 - 60 km SE of Kokopo, Papua New Guinea",Point,"[152.626, -4.756, 35]"
Feature,iscgem913949,7.6,"119 km SE of Kamaishi, Japan",-1709397366400,1652136518023,,https://earthquake.usgs.gov/earthquakes/eventpage/iscgem913949,https://earthquake.usgs.gov/fdsnws/event/1/query?eventid=iscgem913949&format=geojson,,,4.458,,reviewed,0,889,iscgem,913949,",iscgemsup913949,iscgem913949,",",iscgemsup,iscgem,",",origin,shakemap,",,,,,mw,earthquake,"M 7.6 - 119 km SE of Kamaishi, Japan",Point,"[143.004, 38.66, 30]"
Feature,iscgem913939,7.7,"12 km NW of Chalatenango, El Salvador",-1714171150900,1650931526446,,https://earthquake.usgs.gov/earthquakes/eventpage/iscgem913939,https://earthquake.usgs.gov/fdsnws/event/1/query?eventid=iscgem913939&format=geojson,,,,,reviewed,0,912,iscgem,913939,",iscgem913939,",",iscgem,",",origin,",,,,,mw,earthquake,"M 7.7 - 12 km NW of Chalatenango, El Salvador",Point,"[-89.007, 14.126, 15]"
Feature,iscgem913925,7.34,"233 km SE of Atlasovo, Russia",-1717453708010,1650931503571,,https://earthquake.usgs.gov/earthquakes/eventpage/iscgem913925,https://earthquake.usgs.gov/fdsnws/event/1/query?eventid=iscgem913925&format=geojson,,,,,reviewed,0,829,iscgem,913925,",iscgem913925,",",iscgem,",",origin,",,,,,mw,earthquake,"M 7.3 - 233 km SE of Atlasovo, Russia",Point,"[162.089, 54.05, 20]"
Feature,iscgem913898,7.83,"266 km SSW of Severo-Kuril’sk, Russia",-1725303589740,1650931438342,,https://earthquake.usgs.gov/earthquakes/eventpage/iscgem913898,https://earthquake.usgs.gov/fdsnws/event/1/query?eventid=iscgem913898&format=geojson,,,,,reviewed,0,943,iscgem,913898,",iscgem913898,",",iscgem,",",origin,",,,,,mw,earthquake,"M 7.8 - 266 km SSW of Severo-Kuril’sk, Russia",Point,"[155, 48.392, 30]"
Feature,iscgem913884,7.21,"98 km SSW of Ishigaki, Japan",-1730610048900,1650931421223,,https://earthquake.usgs.gov/earthquakes/eventpage/iscgem913884,https://earthquake.usgs.gov/fdsnws/event/1/query?eventid=iscgem913884&format=geojson,,,5.442,,reviewed,0,800,iscgem,913884,",iscgem913884,",",iscgem,",",origin,shakemap,",,,,,mw,earthquake,"M 7.2 - 98 km SSW of Ishigaki, Japan",Point,"[123.668, 23.582, 20]"
Feature,iscgem914014,7.48,"273 km N of Tobelo, Indonesia",-1741714874440,1650931661555,,https://earthquake.usgs.gov/earthquakes/eventpage/iscgem914014,https://earthquake.usgs.gov/fdsnws/event/1/query?eventid=iscgem914014&format=geojson,,,4.722,,reviewed,0,861,iscgem,914014,",iscgem914014,",",iscgem,",",origin,shakemap,",,,,,mw,earthquake,"M 7.5 - 273 km N of Tobelo, Indonesia",Point,"[128.022, 4.206, 35]"
Feature,iscgem914008,7.06,"15 km WSW of Burdur, Turkey",-1743385973490,1650931656026,,https://earthquake.usgs.gov/earthquakes/eventpage/iscgem914008,https://earthquake.usgs.gov/fdsnws/event/1/query?eventid=iscgem914008&format=geojson,,,7.003,,reviewed,0,767,iscgem,914008,",iscgem914008,",",iscgem,",",origin,shakemap,",,,,,mw,earthquake,"M 7.1 - 15 km WSW of Burdur, Turkey",Point,"[30.125, 37.666, 15]"
Feature,iscgem914007,7.04,"92 km E of Beauséjour, Guadeloupe",-1743403070060,1650931653584,,https://earthquake.usgs.gov/earthquakes/eventpage/iscgem914007,https://earthquake.usgs.gov/fdsnws/event/1/query?eventid=iscgem914007&format=geojson,,,,,reviewed,0,762,iscgem,914007,",iscgem914007,",",iscgem,",",origin,",,,,,mw,earthquake,"M 7.0 - 92 km E of Beauséjour, Guadeloupe",Point,"[-60.212, 16.275, 15]"
Feature,iscgem914001,7.42,"160 km WNW of Hami, China",-1748567896480,1650931646832,,https://earthquake.usgs.gov/earthquakes/eventpage/iscgem914001,https://earthquake.usgs.gov/fdsnws/event/1/query?eventid=iscgem914001&format=geojson,,,7.634,,reviewed,0,847,iscgem,914001,",iscgem914001,",",iscgem,",",origin,shakemap,",,,,,mw,earthquake,"M 7.4 - 160 km WNW of Hami, China",Point,"[91.616, 43.227, 15]"
Feature,iscgem913990,7.55,"73 km WSW of Bengkulu, Indonesia",-1752036754960,1650931628775,,https://earthquake.usgs.gov/earthquakes/eventpage/iscgem913990,https://earthquake.usgs.gov/fdsnws/event/1/query?eventid=iscgem913990&format=geojson,,,6.587,,reviewed,0,877,iscgem,913990,",iscgem913990,",",iscgem,",",origin,shakemap,",,,,,mw,earthquake,"M 7.6 - 73 km WSW of Bengkulu, Indonesia",Point,"[101.638, -4.012, 35]"
Feature,iscgem913984,8.15,"130 km SE of Biak, Indonesia",-1754645833370,1650931610128,,https://earthquake.usgs.gov/earthquakes/eventpage/iscgem913984,https://earthquake.usgs.gov/fdsnws/event/1/query?eventid=iscgem913984&format=geojson,,,7.084,,reviewed,0,1022,iscgem,913984,",iscgem913984,",",iscgem,",",origin,shakemap,",,,,,mw,earthquake,"M 8.2 - 130 km SE of Biak, Indonesia",Point,"[136.944, -1.98, 15]"
Feature,iscgem913978,7.29,"128 km SE of Kirakira, Solomon Islands",-1758526181300,1650931602890,,https://earthquake.usgs.gov/earthquakes/eventpage/iscgem913978,https://earthquake.usgs.gov/fdsnws/event/1/query?eventid=iscgem913978&format=geojson,,,,,reviewed,0,818,iscgem,913978,",iscgem913978,",",iscgem,",",origin,",,,,,mw,earthquake,"M 7.3 - 128 km SE of Kirakira, Solomon Islands",Point,"[162.725, -11.3, 15]"
Feature,iscgem913977,7.2,"127 km SW of La Esperanza (El Zapotal), Mexico",-1759619935600,1650921289800,,https://earthquake.usgs.gov/earthquakes/eventpage/iscgem913977,https://earthquake.usgs.gov/fdsnws/event/1/query?eventid=iscgem913977&format=geojson,,,,,reviewed,0,798,iscgem,913977,",iscgem913977,",",iscgem,",",origin,",,,,,mw,earthquake,"M 7.2 - 127 km SW of La Esperanza (El Zapotal), Mexico",Point,"[-93.976, 14.608, 15]"
Feature,iscgem913972,7.04,"13 km ESE of Yokote, Japan",-1760932793450,1650931592587,,https://earthquake.usgs.gov/earthquakes/eventpage/iscgem913972,https://earthquake.usgs.gov/fdsnws/event/1/query?eventid=iscgem913972&format=geojson,,,,,reviewed,0,762,iscgem,913972,",iscgem913972,",",iscgem,",",origin,",,,,,mw,earthquake,"M 7.0 - 13 km ESE of Yokote, Japan",Point,"[140.698, 39.284, 15]"
Feature,iscgem913964,7.69,"103 km NW of Constitución, Chile",-1764707033450,1650931585010,,https://earthquake.usgs.gov/earthquakes/eventpage/iscgem913964,https://earthquake.usgs.gov/fdsnws/event/1/query?eventid=iscgem913964&format=geojson,,,,,reviewed,0,910,iscgem,913964,",iscgem913964,",",iscgem,",",origin,",,,,,mw,earthquake,"M 7.7 - 103 km NW of Constitución, Chile",Point,"[-73.309, -34.763, 15]"
Feature,iscgem914088,7.73,"37 km SSW of Atico, Peru",-1779932723050,1650931778063,,https://earthquake.usgs.gov/earthquakes/eventpage/iscgem914088,https://earthquake.usgs.gov/fdsnws/event/1/query?eventid=iscgem914088&format=geojson,,,6.912,,reviewed,0,919,iscgem,914088,",iscgem914088,",",iscgem,",",origin,shakemap,",,,,,mw,earthquake,"M 7.7 - 37 km SSW of Atico, Peru",Point,"[-73.738, -16.534, 25]"
Feature,iscgem914087,7.03,"285 km S of Severo-Kuril’sk, Russia",-1780382936060,1650931776723,,https://earthquake.usgs.gov/earthquakes/eventpage/iscgem914087,https://earthquake.usgs.gov/fdsnws/event/1/query?eventid=iscgem914087&format=geojson,,,,,reviewed,0,760,iscgem,914087,",iscgem914087,",",iscgem,",",origin,",,,,,mw,earthquake,"M 7.0 - 285 km S of Severo-Kuril’sk, Russia",Point,"[156.059, 48.108, 15]"
Feature,iscgem914078,7.79,"111 km SSE of Pangai, Tonga",-1783537361710,1650931756499,,https://earthquake.usgs.gov/earthquakes/eventpage/iscgem914078,https://earthquake.usgs.gov/fdsnws/event/1/query?eventid=iscgem914078&format=geojson,,,,,reviewed,0,934,iscgem,914078,",iscgem914078,",",iscgem,",",origin,",,,,,mw,earthquake,"M 7.8 - 111 km SSE of Pangai, Tonga",Point,"[-173.808, -20.68, 25]"
Feature,iscgem914073,7.36,"97 km SW of Rabaul, Papua New Guinea",-1785845567750,1650931748618,,https://earthquake.usgs.gov/earthquakes/eventpage/iscgem914073,https://earthquake.usgs.gov/fdsnws/event/1/query?eventid=iscgem914073&format=geojson,,,6.801,,reviewed,0,833,iscgem,914073,",iscgem914073,",",iscgem,",",origin,shakemap,",,,,,mw,earthquake,"M 7.4 - 97 km SW of Rabaul, Papua New Guinea",Point,"[151.512, -4.789, 15]"
Feature,iscgem914068,7.04,"176 km ESE of San Jose Village, Northern Mariana Islands",-1786917064690,1650931738208,,https://earthquake.usgs.gov/earthquakes/eventpage/iscgem914068,https://earthquake.usgs.gov/fdsnws/event/1/query?eventid=iscgem914068&format=geojson,,,,,reviewed,0,762,iscgem,914068,",iscgem914068,",",iscgem,",",origin,",,,,,mw,earthquake,"M 7.0 - 176 km ESE of San Jose Village, Northern Mariana Islands",Point,"[147.09, 14.257, 15]"
Feature,iscgem914060,7.19,"70 km ENE of La Paz, Philippines",-1788847406070,1650931713279,,https://earthquake.usgs.gov/earthquakes/eventpage/iscgem914060,https://earthquake.usgs.gov/fdsnws/event/1/query?eventid=iscgem914060&format=geojson,,,,,reviewed,0,795,iscgem,914060,",iscgem914060,",",iscgem,",",origin,",,,,,mw,earthquake,"M 7.2 - 70 km ENE of La Paz, Philippines",Point,"[126.843, 9.265, 15]"
Feature,iscgem914053,7.21,"29 km ESE of Takanabe, Japan",-1789924771360,1650931704833,,https://earthquake.usgs.gov/earthquakes/eventpage/iscgem914053,https://earthquake.usgs.gov/fdsnws/event/1/query?eventid=iscgem914053&format=geojson,,,,,reviewed,0,800,iscgem,914053,",iscgem914053,",",iscgem,",",origin,",,,,,mw,earthquake,"M 7.2 - 29 km ESE of Takanabe, Japan",Point,"[131.795, 32.033, 35]"
Feature,iscgem914043,7.88,"47 km ESE of Kalbay, Philippines",-1792509294630,1650931692063,,https://earthquake.usgs.gov/earthquakes/eventpage/iscgem914043,https://earthquake.usgs.gov/fdsnws/event/1/query?eventid=iscgem914043&format=geojson,,,6.066,,reviewed,0,955,iscgem,914043,",iscgem914043,",",iscgem,",",origin,shakemap,",,,,,mw,earthquake,"M 7.9 - 47 km ESE of Kalbay, Philippines",Point,"[125.891, 5.544, 15]"
Feature,iscgem914029,7.11,"156 km NW of Gorontalo, Indonesia",-1797849781010,1650931678709,,https://earthquake.usgs.gov/earthquakes/eventpage/iscgem914029,https://earthquake.usgs.gov/fdsnws/event/1/query?eventid=iscgem914029&format=geojson,,,,,reviewed,0,778,iscgem,914029,",iscgem914029,",",iscgem,",",origin,",,,,,mw,earthquake,"M 7.1 - 156 km NW of Gorontalo, Indonesia",Point,"[121.928, 1.373, 35]"
Feature,iscgem16958217,7.08,"4 km ENE of Karluk, Alaska",-1803485978500,1650918862863,,https://earthquake.usgs.gov/earthquakes/eventpage/iscgem16958217,https://earthquake.usgs.gov/fdsnws/event/1/query?eventid=iscgem16958217&format=geojson,,,,,reviewed,0,771,iscgem,16958217,",ushis541,iscgem16958217,",",ushis,iscgem,",",impact-text,origin,",,,,,mw,earthquake,"M 7.1 - 4 km ENE of Karluk, Alaska",Point,"[-154.389, 57.592, 35]"
Feature,iscgem16958211,7.64,"245 km E of Melekeok Village, Palau",-1806808116250,1650918858739,,https://earthquake.usgs.gov/earthquakes/eventpage/iscgem16958211,https://earthquake.usgs.gov/fdsnws/event/1/query?eventid=iscgem16958211&format=geojson,,,,,reviewed,0,898,iscgem,16958211,",iscgem16958211,",",iscgem,",",origin,",,,,,mw,earthquake,"M 7.6 - 245 km E of Melekeok Village, Palau",Point,"[136.855, 7.301, 15]"
Feature,iscgem16958206,7.49,"210 km SSE of Sarangani, Philippines",-1810529283680,1650918855783,,https://earthquake.usgs.gov/earthquakes/eventpage/iscgem16958206,https://earthquake.usgs.gov/fdsnws/event/1/query?eventid=iscgem16958206&format=geojson,,,,,reviewed,0,863,iscgem,16958206,",iscgem16958206,",",iscgem,",",origin,",,,,,mw,earthquake,"M 7.5 - 210 km SSE of Sarangani, Philippines",Point,"[125.973, 3.568, 35]"
Feature,iscgem16958205,7.23,"25 km SE of Malkara, Turkey",-1811284257940,1650918854406,,https://earthquake.usgs.gov/earthquakes/eventpage/iscgem16958205,https://earthquake.usgs.gov/fdsnws/event/1/query?eventid=iscgem16958205&format=geojson,,,7.55,,reviewed,0,804,iscgem,16958205,",iscgem16958205,",",iscgem,",",origin,shakemap,",,,,,mw,earthquake,"M 7.2 - 25 km SE of Malkara, Turkey",Point,"[27.121, 40.73, 15]"
Feature,iscgem16958199,7.27,"46 km ESE of Denali Park, Alaska",-1814112140250,1701937516019,,https://earthquake.usgs.gov/earthquakes/eventpage/iscgem16958199,https://earthquake.usgs.gov/fdsnws/event/1/query?eventid=iscgem16958199&format=geojson,,,,,reviewed,0,813,iscgem,16958199,",iscgem16958199,ushis535,",",iscgem,ushis,",",associate,impact-text,origin,",,,,,mw,earthquake,"M 7.3 - 46 km ESE of Denali Park, Alaska",Point,"[-148.03, 63.604, 10]"
Feature,iscgem16958191,7.88,"32 km NW of Taunggyi, Myanmar",-1818020156020,1652136516451,,https://earthquake.usgs.gov/earthquakes/eventpage/iscgem16958191,https://earthquake.usgs.gov/fdsnws/event/1/query?eventid=iscgem16958191&format=geojson,,,6.861,,reviewed,0,955,iscgem,16958191,",iscgemsup16958191,iscgem16958191,",",iscgemsup,iscgem,",",origin,shakemap,",,,,,mw,earthquake,"M 7.9 - 32 km NW of Taunggyi, Myanmar",Point,"[96.859, 21.031, 15]"
Feature,iscgem16958175,7.51,"25 km S of Tetitlán, Mexico",-1831697132890,1650918822878,,https://earthquake.usgs.gov/earthquakes/eventpage/iscgem16958175,https://earthquake.usgs.gov/fdsnws/event/1/query?eventid=iscgem16958175&format=geojson,,,6.766,,reviewed,0,868,iscgem,16958175,",iscgem16958175,",",iscgem,",",origin,shakemap,",,,,,mw,earthquake,"M 7.5 - 25 km S of Tetitlán, Mexico",Point,"[-100.665, 16.932, 30]"
Feature,ushis523,7.1,"253 km WSW of Adak, Alaska",-1839530040000,1528145024000,,https://earthquake.usgs.gov/earthquakes/eventpage/ushis523,https://earthquake.usgs.gov/fdsnws/event/1/query?eventid=ushis523&format=geojson,,,,,reviewed,0,776,ushis,523,",ushis523,",",ushis,",",impact-text,origin,",,,,,ms,earthquake,"M 7.1 - 253 km WSW of Adak, Alaska",Point,"[180, 51, None]"
Feature,iscgem16958156,7.83,"State of Yap, Federated States of Micronesia",-1842225522830,1650918792203,,https://earthquake.usgs.gov/earthquakes/eventpage/iscgem16958156,https://earthquake.usgs.gov/fdsnws/event/1/query?eventid=iscgem16958156&format=geojson,,,,,reviewed,0,943,iscgem,16958156,",iscgem16958156,",",iscgem,",",origin,",,,,,mw,earthquake,"M 7.8 - State of Yap, Federated States of Micronesia",Point,"[137.021, 7.273, 15]"
Feature,iscgem16958154,7.7,"74 km ENE of Barcelona, Philippines",-1845316341890,1650918790784,,https://earthquake.usgs.gov/earthquakes/eventpage/iscgem16958154,https://earthquake.usgs.gov/fdsnws/event/1/query?eventid=iscgem16958154&format=geojson,,,6.103,,reviewed,0,912,iscgem,16958154,",iscgem16958154,",",iscgem,",",origin,shakemap,",,,,,mw,earthquake,"M 7.7 - 74 km ENE of Barcelona, Philippines",Point,"[127.029, 8.488, 15]"
Feature,iscgem16958149,7.9,"108 km NW of Naze, Japan",-1847612041720,1650918787318,,https://earthquake.usgs.gov/earthquakes/eventpage/iscgem16958149,https://earthquake.usgs.gov/fdsnws/event/1/query?eventid=iscgem16958149&format=geojson,,,7.104,,reviewed,0,960,iscgem,16958149,",iscgem16958149,",",iscgem,",",origin,shakemap,",,,,,mw,earthquake,"M 7.9 - 108 km NW of Naze, Japan",Point,"[128.803, 29.141, 150]"
Feature,iscgem16958148,7.6,"19 km W of Arteaga, Mexico",-1848315430680,1650918785696,,https://earthquake.usgs.gov/earthquakes/eventpage/iscgem16958148,https://earthquake.usgs.gov/fdsnws/event/1/query?eventid=iscgem16958148&format=geojson,,,7.004,,reviewed,0,889,iscgem,16958148,",iscgem16958148,",",iscgem,",",origin,shakemap,",,,,,mw,earthquake,"M 7.6 - 19 km W of Arteaga, Mexico",Point,"[-102.471, 18.362, 30]"
Feature,iscgem16958143,7.38,"128 km SSW of Tarauacá, Brazil",-1851775665040,1650918782303,,https://earthquake.usgs.gov/earthquakes/eventpage/iscgem16958143,https://earthquake.usgs.gov/fdsnws/event/1/query?eventid=iscgem16958143&format=geojson,,,,,reviewed,0,838,iscgem,16958143,",iscgem16958143,",",iscgem,",",origin,",,,,,mw,earthquake,"M 7.4 - 128 km SSW of Tarauacá, Brazil",Point,"[-71.267, -9.207, 560]"
Feature,iscgem16958134,7.23,"120 km W of Murghob, Tajikistan",-1857705530570,1650918755932,,https://earthquake.usgs.gov/earthquakes/eventpage/iscgem16958134,https://earthquake.usgs.gov/fdsnws/event/1/query?eventid=iscgem16958134&format=geojson,,,6.737,,reviewed,0,804,iscgem,16958134,",iscgem16958134,",",iscgem,",",origin,shakemap,",,,,,mw,earthquake,"M 7.2 - 120 km W of Murghob, Tajikistan",Point,"[72.596, 38.289, 15]"
Feature,iscgem16958130,8.02,"The 1911 Kemin Earthquake, Kyrgyzstan",-1861662850700,1666225609931,,https://earthquake.usgs.gov/earthquakes/eventpage/iscgem16958130,https://earthquake.usgs.gov/fdsnws/event/1/query?eventid=iscgem16958130&format=geojson,,,7.533,,reviewed,0,990,iscgem,16958130,",iscgem16958130,",",iscgem,",",impact-text,origin,shakemap,",,,,,mw,earthquake,"M 8.0 - The 1911 Kemin Earthquake, Kyrgyzstan",Point,"[76.808, 42.919, 20]"
Feature,iscgem16958127,7.61,"101 km SE of Sarangani, Philippines",-1863249304150,1650918735623,,https://earthquake.usgs.gov/earthquakes/eventpage/iscgem16958127,https://earthquake.usgs.gov/fdsnws/event/1/query?eventid=iscgem16958127&format=geojson,,,5.8,,reviewed,0,891,iscgem,16958127,",iscgem16958127,",",iscgem,",",origin,shakemap,",,,,,mw,earthquake,"M 7.6 - 101 km SE of Sarangani, Philippines",Point,"[126.017, 4.668, 15]"
Feature,iscgem16958123,7.46,"47 km ESE of Kirakira, Solomon Islands",-1863786793220,1650918723136,,https://earthquake.usgs.gov/earthquakes/eventpage/iscgem16958123,https://earthquake.usgs.gov/fdsnws/event/1/query?eventid=iscgem16958123&format=geojson,,,,,reviewed,0,856,iscgem,16958123,",iscgem16958123,",",iscgem,",",origin,",,,,,mw,earthquake,"M 7.5 - 47 km ESE of Kirakira, Solomon Islands",Point,"[162.292, -10.68, 35]"
Feature,iscgem914215,7.18,"56 km N of Port-Olry, Vanuatu",-1865013520910,1650931822309,,https://earthquake.usgs.gov/earthquakes/eventpage/iscgem914215,https://earthquake.usgs.gov/fdsnws/event/1/query?eventid=iscgem914215&format=geojson,,,,,reviewed,0,793,iscgem,914215,",iscgem914215,",",iscgem,",",origin,",,,,,mw,earthquake,"M 7.2 - 56 km N of Port-Olry, Vanuatu",Point,"[167.057, -14.532, 35]"
Feature,iscgem914214,7.22,South Sandwich Islands region,-1865929107550,1650931816629,,https://earthquake.usgs.gov/earthquakes/eventpage/iscgem914214,https://earthquake.usgs.gov/fdsnws/event/1/query?eventid=iscgem914214&format=geojson,,,,,reviewed,0,802,iscgem,914214,",iscgem914214,",",iscgem,",",origin,",,,,,mw,earthquake,M 7.2 - South Sandwich Islands region,Point,"[-23.942, -59.11, 15]"
Feature,iscgem16958113,7.41,"47 km WSW of Norsup, Vanuatu",-1866477480050,1650918715317,,https://earthquake.usgs.gov/earthquakes/eventpage/iscgem16958113,https://earthquake.usgs.gov/fdsnws/event/1/query?eventid=iscgem16958113&format=geojson,,,6.472,,reviewed,0,845,iscgem,16958113,",iscgem16958113,",",iscgem,",",origin,shakemap,",,,,,mw,earthquake,"M 7.4 - 47 km WSW of Norsup, Vanuatu",Point,"[167.013, -16.273, 20]"
Feature,ushis511,7.0,"Rat Islands, Aleutian Islands, Alaska",-1871765202000,1528145024000,,https://earthquake.usgs.gov/earthquakes/eventpage/ushis511,https://earthquake.usgs.gov/fdsnws/event/1/query?eventid=ushis511&format=geojson,,,,,reviewed,0,754,ushis,511,",ushis511,",",ushis,",",impact-text,origin,",,,,,ms,earthquake,"M 7.0 - Rat Islands, Aleutian Islands, Alaska",Point,"[179.38, 50.75, None]"
Feature,iscgem16958107,7.02,"101 km S of Adak, Alaska",-1871765203020,1650918708510,,https://earthquake.usgs.gov/earthquakes/eventpage/iscgem16958107,https://earthquake.usgs.gov/fdsnws/event/1/query?eventid=iscgem16958107&format=geojson,,,,,reviewed,0,758,iscgem,16958107,",iscgem16958107,",",iscgem,",",origin,",,,,,mw,earthquake,"M 7.0 - 101 km S of Adak, Alaska",Point,"[-176.351, 50.978, 35]"
Feature,iscgem16958094,7.1,"Kermadec Islands, New Zealand",-1877951685140,1705518663946,,https://earthquake.usgs.gov/earthquakes/eventpage/iscgem16958094,https://earthquake.usgs.gov/fdsnws/event/1/query?eventid=iscgem16958094&format=geojson,,,,,reviewed,0,776,iscgem,16958094,",iscgem16958094,",",iscgem,",",earthquake-name,origin,",,,,,mw,earthquake,"M 7.1 - Kermadec Islands, New Zealand",Point,"[-177.099, -30.907, 35]"
Feature,iscgem16958089,7.84,"28 km ESE of Isangel, Vanuatu",-1879090157060,1650918679754,,https://earthquake.usgs.gov/earthquakes/eventpage/iscgem16958089,https://earthquake.usgs.gov/fdsnws/event/1/query?eventid=iscgem16958089&format=geojson,,,7.621,,reviewed,0,946,iscgem,16958089,",iscgem16958089,",",iscgem,",",origin,shakemap,",,,,,mw,earthquake,"M 7.8 - 28 km ESE of Isangel, Vanuatu",Point,"[169.547, -19.601, 100]"
Feature,iscgem16958084,7.15,"268 km SE of Kuril’sk, Russia",-1881250557900,1650918676043,,https://earthquake.usgs.gov/earthquakes/eventpage/iscgem16958084,https://earthquake.usgs.gov/fdsnws/event/1/query?eventid=iscgem16958084&format=geojson,,,,,reviewed,0,787,iscgem,16958084,",iscgem16958084,",",iscgem,",",origin,",,,,,mw,earthquake,"M 7.2 - 268 km SE of Kuril’sk, Russia",Point,"[150.109, 43.418, 15]"
Feature,iscgem16958079,8.1,"163 km NW of Hirara, Japan",-1884728255200,1650918668146,,https://earthquake.usgs.gov/earthquakes/eventpage/iscgem16958079,https://earthquake.usgs.gov/fdsnws/event/1/query?eventid=iscgem16958079&format=geojson,,,5.929,,reviewed,0,1009,iscgem,16958079,",iscgem16958079,",",iscgem,",",origin,shakemap,",,,,,mw,earthquake,"M 8.1 - 163 km NW of Hirara, Japan",Point,"[124.304, 25.967, 235]"
Feature,iscgemsup16958078,7.11,Drake Passage,-1885700217990,1652109248001,,https://earthquake.usgs.gov/earthquakes/eventpage/iscgemsup16958078,https://earthquake.usgs.gov/fdsnws/event/1/query?eventid=iscgemsup16958078&format=geojson,,,,,reviewed,0,778,iscgemsup,16958078,",iscgemsup16958078,",",iscgemsup,",",origin,",,,,,mw,earthquake,M 7.1 - Drake Passage,Point,"[-65.477, -58.317, 10]"
Feature,iscgem16958060,7.01,"98 km SSE of Inarajan Village, Guam",-1895358674980,1650918647427,,https://earthquake.usgs.gov/earthquakes/eventpage/iscgem16958060,https://earthquake.usgs.gov/fdsnws/event/1/query?eventid=iscgem16958060&format=geojson,,,,,reviewed,0,756,iscgem,16958060,",iscgem16958060,",",iscgem,",",origin,",,,,,mw,earthquake,"M 7.0 - 98 km SSE of Inarajan Village, Guam",Point,"[144.951, 12.408, 15]"
Feature,iscgemsup16958062,7.04,"84 km SE of Honiara, Solomon Islands",-1895387151760,1652109221356,,https://earthquake.usgs.gov/earthquakes/eventpage/iscgemsup16958062,https://earthquake.usgs.gov/fdsnws/event/1/query?eventid=iscgemsup16958062&format=geojson,,,,,reviewed,0,762,iscgemsup,16958062,",iscgemsup16958062,",",iscgemsup,",",origin,",,,,,mw,earthquake,"M 7.0 - 84 km SE of Honiara, Solomon Islands",Point,"[160.485, -9.986, 35]"
Feature,iscgem16958056,7.07,"66 km SSW of Nuxco, Mexico",-1898775398230,1650918636321,,https://earthquake.usgs.gov/earthquakes/eventpage/iscgem16958056,https://earthquake.usgs.gov/fdsnws/event/1/query?eventid=iscgem16958056&format=geojson,,,,,reviewed,0,769,iscgem,16958056,",iscgem16958056,",",iscgem,",",origin,",,,,,mw,earthquake,"M 7.1 - 66 km SSW of Nuxco, Mexico",Point,"[-100.966, 16.643, 10]"
Feature,iscgem16958054,7.16,"58 km SW of Bhag, Pakistan",-1899677900340,1650918634583,,https://earthquake.usgs.gov/earthquakes/eventpage/iscgem16958054,https://earthquake.usgs.gov/fdsnws/event/1/query?eventid=iscgem16958054&format=geojson,,,6.832,,reviewed,0,789,iscgem,16958054,",iscgem16958054,",",iscgem,",",origin,shakemap,",,,,,mw,earthquake,"M 7.2 - 58 km SW of Bhag, Pakistan",Point,"[67.404, 28.668, 15]"
Feature,iscgem16958045,7.5,"27 km SSE of San Andrés Playa Encantada (El Podrido), Mexico",-1906808888030,1650918611296,,https://earthquake.usgs.gov/earthquakes/eventpage/iscgem16958045,https://earthquake.usgs.gov/fdsnws/event/1/query?eventid=iscgem16958045&format=geojson,,,6.812,,reviewed,0,865,iscgem,16958045,",iscgem16958045,",",iscgem,",",origin,shakemap,",,,,,mw,earthquake,"M 7.5 - 27 km SSE of San Andrés Playa Encantada (El Podrido), Mexico",Point,"[-99.529, 16.463, 20]"
Feature,iscgem16958043,7.7,"52 km ESE of Farkh?r, Afghanistan",-1908757328580,1650918606125,,https://earthquake.usgs.gov/earthquakes/eventpage/iscgem16958043,https://earthquake.usgs.gov/fdsnws/event/1/query?eventid=iscgem16958043&format=geojson,,,5.607,,reviewed,0,912,iscgem,16958043,",iscgem16958043,",",iscgem,",",origin,shakemap,",,,,,mw,earthquake,"M 7.7 - 52 km ESE of Farkh?r, Afghanistan",Point,"[70.357, 36.324, 200]"
Feature,iscgem16958039,7.48,"50 km WNW of Diego de Almagro, Chile",-1911320002670,1650918307690,,https://earthquake.usgs.gov/earthquakes/eventpage/iscgem16958039,https://earthquake.usgs.gov/fdsnws/event/1/query?eventid=iscgem16958039&format=geojson,,,,,reviewed,0,861,iscgem,16958039,",iscgem16958039,",",iscgem,",",origin,",,,,,mw,earthquake,"M 7.5 - 50 km WNW of Diego de Almagro, Chile",Point,"[-70.502, -26.154, 35]"
Feature,iscgem16958038,7.58,"76 km SSW of Sungai Penuh, Indonesia",-1911705556350,1650918604786,,https://earthquake.usgs.gov/earthquakes/eventpage/iscgem16958038,https://earthquake.usgs.gov/fdsnws/event/1/query?eventid=iscgem16958038&format=geojson,,,,,reviewed,0,884,iscgem,16958038,",iscgem16958038,",",iscgem,",",origin,",,,,,mw,earthquake,"M 7.6 - 76 km SSW of Sungai Penuh, Indonesia",Point,"[101.188, -2.713, 35]"
Feature,iscgem16958028,7.06,"65 km ENE of Wewak, Papua New Guinea",-1914923826080,1650918602075,,https://earthquake.usgs.gov/earthquakes/eventpage/iscgem16958028,https://earthquake.usgs.gov/fdsnws/event/1/query?eventid=iscgem16958028&format=geojson,,,,,reviewed,0,767,iscgem,16958028,",iscgem16958028,",",iscgem,",",origin,",,,,,mw,earthquake,"M 7.1 - 65 km ENE of Wewak, Papua New Guinea",Point,"[144.171, -3.315, 15]"
Feature,ushis484,7.0,"155 km SE of Attu Station, Alaska",-1916367840000,1528145024000,,https://earthquake.usgs.gov/earthquakes/eventpage/ushis484,https://earthquake.usgs.gov/fdsnws/event/1/query?eventid=ushis484&format=geojson,,,,,reviewed,0,754,ushis,484,",ushis484,",",ushis,",",impact-text,origin,",,,,,ms,earthquake,"M 7.0 - 155 km SE of Attu Station, Alaska",Point,"[175, 52, None]"
Feature,iscgemsup16958020,7.01,"167 km WSW of Attu Station, Alaska",-1916367908270,1652109170619,,https://earthquake.usgs.gov/earthquakes/eventpage/iscgemsup16958020,https://earthquake.usgs.gov/fdsnws/event/1/query?eventid=iscgemsup16958020&format=geojson,,,,,reviewed,0,756,iscgemsup,16958020,",iscgemsup16958020,",",iscgemsup,",",origin,",,,,,mw,earthquake,"M 7.0 - 167 km WSW of Attu Station, Alaska",Point,"[170.919, 52.244, 35]"
Feature,iscgem16958018,7.11,"150 km ESE of Hasaki, Japan",-1918805460150,1650918591529,,https://earthquake.usgs.gov/earthquakes/eventpage/iscgem16958018,https://earthquake.usgs.gov/fdsnws/event/1/query?eventid=iscgem16958018&format=geojson,,,4.589,,reviewed,0,778,iscgem,16958018,",iscgem16958018,",",iscgem,",",origin,shakemap,",,,,,mw,earthquake,"M 7.1 - 150 km ESE of Hasaki, Japan",Point,"[142.387, 35.267, 15]"
Feature,iscgem609601749,7.03,"82 km ENE of Hasaki, Japan",-1918860081180,1650918977091,,https://earthquake.usgs.gov/earthquakes/eventpage/iscgem609601749,https://earthquake.usgs.gov/fdsnws/event/1/query?eventid=iscgem609601749&format=geojson,,,,,reviewed,0,760,iscgem,609601749,",iscgem609601749,",",iscgem,",",origin,",,,,,mw,earthquake,"M 7.0 - 82 km ENE of Hasaki, Japan",Point,"[141.719, 35.897, 15]"
Feature,iscgem16958011,7.3,"43 km NW of Del?j?n, Iran",-1923081090900,1652136511487,,https://earthquake.usgs.gov/earthquakes/eventpage/iscgem16958011,https://earthquake.usgs.gov/fdsnws/event/1/query?eventid=iscgem16958011&format=geojson,,,7.547,,reviewed,0,820,iscgem,16958011,",iscgemsup16958011,iscgem16958011,",",iscgemsup,iscgem,",",origin,shakemap,",,,,,mw,earthquake,"M 7.3 - 43 km NW of Del?j?n, Iran",Point,"[50.396, 34.306, 15]"
Feature,iscgem16958009,7.09,"7 km SE of Alì Terme, Italy",-1925321972450,1650918587882,,https://earthquake.usgs.gov/earthquakes/eventpage/iscgem16958009,https://earthquake.usgs.gov/fdsnws/event/1/query?eventid=iscgem16958009&format=geojson,,,6.896,,reviewed,0,773,iscgem,16958009,",iscgem16958009,",",iscgem,",",impact-text,origin,shakemap,",,,,,mw,earthquake,"M 7.1 - 7 km SE of Alì Terme, Italy",Point,"[15.487, 37.965, 15]"
Feature,iscgem16958007,7.18,"64 km NNE of Sarupathar, India",-1926673504040,1650918586706,,https://earthquake.usgs.gov/earthquakes/eventpage/iscgem16958007,https://earthquake.usgs.gov/fdsnws/event/1/query?eventid=iscgem16958007&format=geojson,,,6.719,,reviewed,0,793,iscgem,16958007,",iscgem16958007,",",iscgem,",",origin,shakemap,",,,,,mw,earthquake,"M 7.2 - 64 km NNE of Sarupathar, India",Point,"[97.117, 26.72, 15]"
Feature,iscgem16958006,7.23,"159 km ENE of Kuril’sk, Russia",-1929804629570,1650918585449,,https://earthquake.usgs.gov/earthquakes/eventpage/iscgem16958006,https://earthquake.usgs.gov/fdsnws/event/1/query?eventid=iscgem16958006&format=geojson,,,,,reviewed,0,804,iscgem,16958006,",iscgem16958006,",",iscgem,",",origin,",,,,,mw,earthquake,"M 7.2 - 159 km ENE of Kuril’sk, Russia",Point,"[149.844, 45.599, 15]"
Feature,iscgem16957997,7.04,"246 km NNW of Rikaze, China",-1936533994680,1652136510766,,https://earthquake.usgs.gov/earthquakes/eventpage/iscgem16957997,https://earthquake.usgs.gov/fdsnws/event/1/query?eventid=iscgem16957997&format=geojson,,,7.383,,reviewed,0,762,iscgem,16957997,",iscgemsup16957997,iscgem16957997,",",iscgemsup,iscgem,",",origin,shakemap,",,,,,mw,earthquake,"M 7.0 - 246 km NNW of Rikaze, China",Point,"[87.679, 31.209, 15]"
Feature,iscgemsup16957996,7.42,Falkland Islands region,-1936790465510,1652109153822,,https://earthquake.usgs.gov/earthquakes/eventpage/iscgemsup16957996,https://earthquake.usgs.gov/fdsnws/event/1/query?eventid=iscgemsup16957996&format=geojson,,,,,reviewed,0,847,iscgemsup,16957996,",iscgemsup16957996,",",iscgemsup,",",origin,",,,,,mw,earthquake,M 7.4 - Falkland Islands region,Point,"[-56.837, -53.96, 10]"
Feature,iscgem16957992,7.26,"108 km SE of Tondano, Indonesia",-1945791732830,1650918577212,,https://earthquake.usgs.gov/earthquakes/eventpage/iscgem16957992,https://earthquake.usgs.gov/fdsnws/event/1/query?eventid=iscgem16957992&format=geojson,,,,,reviewed,0,811,iscgem,16957992,",iscgem16957992,",",iscgem,",",origin,",,,,,mw,earthquake,"M 7.3 - 108 km SE of Tondano, Indonesia",Point,"[125.487, 0.513, 35]"
Feature,iscgem16957988,7.18,"15 km SSW of Colonia Luces en el Mar, Mexico",-1949170356290,1650918574887,,https://earthquake.usgs.gov/earthquakes/eventpage/iscgem16957988,https://earthquake.usgs.gov/fdsnws/event/1/query?eventid=iscgem16957988&format=geojson,,,,,reviewed,0,793,iscgem,16957988,",iscgem16957988,",",iscgem,",",origin,",,,,,mw,earthquake,"M 7.2 - 15 km SSW of Colonia Luces en el Mar, Mexico",Point,"[-100.054, 16.79, 25]"
Feature,iscgem16957987,7.46,"6 km S of Copala, Mexico",-1949187389700,1650918573681,,https://earthquake.usgs.gov/earthquakes/eventpage/iscgem16957987,https://earthquake.usgs.gov/fdsnws/event/1/query?eventid=iscgem16957987&format=geojson,,,,,reviewed,0,856,iscgem,16957987,",iscgem16957987,",",iscgem,",",origin,",,,,,mw,earthquake,"M 7.5 - 6 km S of Copala, Mexico",Point,"[-98.986, 16.546, 25]"
Feature,iscgemsup16957985,7.11,"5 km N of Capoocan, Philippines",-1951076541010,1652109148274,,https://earthquake.usgs.gov/earthquakes/eventpage/iscgemsup16957985,https://earthquake.usgs.gov/fdsnws/event/1/query?eventid=iscgemsup16957985&format=geojson,,,,,reviewed,0,778,iscgemsup,16957985,",iscgemsup16957985,",",iscgemsup,",",origin,",,,,,mw,earthquake,"M 7.1 - 5 km N of Capoocan, Philippines",Point,"[124.647, 11.343, 15]"
Feature,iscgem16957982,7.22,"108 km E of Hengchun, Taiwan",-1955737523820,1650918566059,,https://earthquake.usgs.gov/earthquakes/eventpage/iscgem16957982,https://earthquake.usgs.gov/fdsnws/event/1/query?eventid=iscgem16957982&format=geojson,,,,,reviewed,0,802,iscgem,16957982,",iscgem16957982,",",iscgem,",",origin,",,,,,mw,earthquake,"M 7.2 - 108 km E of Hengchun, Taiwan",Point,"[121.788, 22.074, 15]"
Feature,iscgem16957981,7.29,"92 km SW of San Juan del Sur, Nicaragua",-1956767584260,1650918564859,,https://earthquake.usgs.gov/earthquakes/eventpage/iscgem16957981,https://earthquake.usgs.gov/fdsnws/event/1/query?eventid=iscgem16957981&format=geojson,,,,,reviewed,0,818,iscgem,16957981,",iscgem16957981,",",iscgem,",",origin,",,,,,mw,earthquake,"M 7.3 - 92 km SW of San Juan del Sur, Nicaragua",Point,"[-86.49, 10.679, 35]"
Feature,iscgem16957975,7.44,"45 km SE of Panjakent, Tajikistan",-1962819365730,1650918559949,,https://earthquake.usgs.gov/earthquakes/eventpage/iscgem16957975,https://earthquake.usgs.gov/fdsnws/event/1/query?eventid=iscgem16957975&format=geojson,,,6.799,,reviewed,0,852,iscgem,16957975,",iscgem16957975,",",iscgem,",",origin,shakemap,",,,,,mw,earthquake,"M 7.4 - 45 km SE of Panjakent, Tajikistan",Point,"[67.999, 39.216, 20]"
Feature,iscgem914271,7.44,"69 km SSW of La Libertad, Mexico",-1963216957240,1650931829409,,https://earthquake.usgs.gov/earthquakes/eventpage/iscgem914271,https://earthquake.usgs.gov/fdsnws/event/1/query?eventid=iscgem914271&format=geojson,,,,,reviewed,0,852,iscgem,914271,",iscgem914271,",",iscgem,",",origin,",,,,,mw,earthquake,"M 7.4 - 69 km SSW of La Libertad, Mexico",Point,"[-113.059, 29.379, 15]"
Feature,iscgem16957972,7.1,"157 km E of Lakatoro, Vanuatu",-1963647134340,1650918554524,,https://earthquake.usgs.gov/earthquakes/eventpage/iscgem16957972,https://earthquake.usgs.gov/fdsnws/event/1/query?eventid=iscgem16957972&format=geojson,,,,,reviewed,0,776,iscgem,16957972,",iscgem16957972,",",iscgem,",",origin,",,,,,mw,earthquake,"M 7.1 - 157 km E of Lakatoro, Vanuatu",Point,"[168.892, -16.149, 15]"
Feature,iscgem16957971,7.37,"151 km S of Attu Station, Alaska",-1967011109160,1650918552840,,https://earthquake.usgs.gov/earthquakes/eventpage/iscgem16957971,https://earthquake.usgs.gov/fdsnws/event/1/query?eventid=iscgem16957971&format=geojson,,,,,reviewed,0,836,iscgem,16957971,",iscgem16957971,",",iscgem,",",origin,",,,,,mw,earthquake,"M 7.4 - 151 km S of Attu Station, Alaska",Point,"[172.814, 51.505, 15]"
Feature,ushis467,7.4,"235 km W of Attu Station, Alaska",-1967011140000,1528145024000,,https://earthquake.usgs.gov/earthquakes/eventpage/ushis467,https://earthquake.usgs.gov/fdsnws/event/1/query?eventid=ushis467&format=geojson,,,,,reviewed,0,842,ushis,467,",ushis467,",",ushis,",",impact-text,origin,",,,,,ms,earthquake,"M 7.4 - 235 km W of Attu Station, Alaska",Point,"[169.73, 52.59, None]"
Feature,iscgem16957968,7.06,"10 km W of Bigaan, Philippines",-1970821297040,1650918551472,,https://earthquake.usgs.gov/earthquakes/eventpage/iscgem16957968,https://earthquake.usgs.gov/fdsnws/event/1/query?eventid=iscgem16957968&format=geojson,,,,,reviewed,0,767,iscgem,16957968,",iscgem16957968,",",iscgem,",",origin,",,,,,mw,earthquake,"M 7.1 - 10 km W of Bigaan, Philippines",Point,"[126.188, 8.316, 35]"
Feature,iscgem610548690,7.17,"116 km SW of Corinto, Nicaragua",-1972464671250,1650919284964,,https://earthquake.usgs.gov/earthquakes/eventpage/iscgem610548690,https://earthquake.usgs.gov/fdsnws/event/1/query?eventid=iscgem610548690&format=geojson,,,,,reviewed,0,791,iscgem,610548690,",iscgem610548690,",",iscgem,",",origin,",,,,,mw,earthquake,"M 7.2 - 116 km SW of Corinto, Nicaragua",Point,"[-87.847, 11.663, 15]"
Feature,iscgem914265,7.65,Sea of Okhotsk,-1975658273020,1650931827503,,https://earthquake.usgs.gov/earthquakes/eventpage/iscgem914265,https://earthquake.usgs.gov/fdsnws/event/1/query?eventid=iscgem914265&format=geojson,,,,,reviewed,0,900,iscgem,914265,",iscgem914265,",",iscgem,",",origin,",,,,,mw,earthquake,M 7.7 - Sea of Okhotsk,Point,"[150.453, 51.086, 550]"
Feature,iscgemsup16957957,7.26,"49 km NNE of Angoram, Papua New Guinea",-1977226990980,1652109136958,,https://earthquake.usgs.gov/earthquakes/eventpage/iscgemsup16957957,https://earthquake.usgs.gov/fdsnws/event/1/query?eventid=iscgemsup16957957&format=geojson,,,,,reviewed,0,811,iscgemsup,16957957,",iscgemsup16957957,",",iscgemsup,",",origin,",,,,,mw,earthquake,"M 7.3 - 49 km NNE of Angoram, Papua New Guinea",Point,"[144.242, -3.648, 30]"
Feature,iscgemsup16957952,7.44,"70 km NE of Sabang Indan, Philippines",-1978819645420,1652109135461,,https://earthquake.usgs.gov/earthquakes/eventpage/iscgemsup16957952,https://earthquake.usgs.gov/fdsnws/event/1/query?eventid=iscgemsup16957952&format=geojson,,,,,reviewed,0,852,iscgemsup,16957952,",iscgemsup16957952,",",iscgemsup,",",origin,",,,,,mw,earthquake,"M 7.4 - 70 km NE of Sabang Indan, Philippines",Point,"[123.382, 14.67, 15]"
Feature,iscgem16957953,7.52,"7 km N of Luklukan, Philippines",-1978830006480,1650918511309,,https://earthquake.usgs.gov/earthquakes/eventpage/iscgem16957953,https://earthquake.usgs.gov/fdsnws/event/1/query?eventid=iscgem16957953&format=geojson,,,,,reviewed,0,870,iscgem,16957953,",iscgem16957953,",",iscgem,",",origin,",,,,,mw,earthquake,"M 7.5 - 7 km N of Luklukan, Philippines",Point,"[122.72, 14.39, 15]"
Feature,iscgem16957951,7.8,"2 km NW of Teojomulco, Mexico",-1979142694650,1650918505890,,https://earthquake.usgs.gov/earthquakes/eventpage/iscgem16957951,https://earthquake.usgs.gov/fdsnws/event/1/query?eventid=iscgem16957951&format=geojson,,,7.126,,reviewed,0,936,iscgem,16957951,",iscgem16957951,",",iscgem,",",origin,shakemap,",,,,,mw,earthquake,"M 7.8 - 2 km NW of Teojomulco, Mexico",Point,"[-97.246, 16.606, 30]"
Feature,iscgem16957943,8.2,"97 km WNW of Sinabang, Indonesia",-1987872046820,1650918499516,,https://earthquake.usgs.gov/earthquakes/eventpage/iscgem16957943,https://earthquake.usgs.gov/fdsnws/event/1/query?eventid=iscgem16957943&format=geojson,,,4.602,,reviewed,0,1034,iscgem,16957943,",iscgem16957943,",",iscgem,",",origin,shakemap,",,,,,mw,earthquake,"M 8.2 - 97 km WNW of Sinabang, Indonesia",Point,"[95.53, 2.681, 25]"
Feature,iscgem16957942,7.3,"85 km ESE of Neiafu, Tonga",-1988021031150,1650918493529,,https://earthquake.usgs.gov/earthquakes/eventpage/iscgem16957942,https://earthquake.usgs.gov/fdsnws/event/1/query?eventid=iscgem16957942&format=geojson,,,,,reviewed,0,820,iscgem,16957942,",iscgem16957942,",",iscgem,",",origin,",,,,,mw,earthquake,"M 7.3 - 85 km ESE of Neiafu, Tonga",Point,"[-173.306, -19.071, 30]"
Feature,ushis464,7.3,"19 km ESE of Akhiok, Alaska",-1988865480000,1528145024000,,https://earthquake.usgs.gov/earthquakes/eventpage/ushis464,https://earthquake.usgs.gov/fdsnws/event/1/query?eventid=ushis464&format=geojson,,,,,reviewed,0,820,ushis,464,",ushis464,",",ushis,",",impact-text,origin,",,,,,ms,earthquake,"M 7.3 - 19 km ESE of Akhiok, Alaska",Point,"[-153.9, 56.85, None]"
Feature,iscgem16957938,7.03,"153 km SE of Halibut Cove, Alaska",-1988865507470,1650918482520,,https://earthquake.usgs.gov/earthquakes/eventpage/iscgem16957938,https://earthquake.usgs.gov/fdsnws/event/1/query?eventid=iscgem16957938&format=geojson,,,,,reviewed,0,760,iscgem,16957938,",iscgem16957938,",",iscgem,",",origin,",,,,,mw,earthquake,"M 7.0 - 153 km SE of Halibut Cove, Alaska",Point,"[-149.472, 58.556, 15]"
Feature,iscgem16957935,7.95,"95 km WSW of Shihezi, China",-1988948327200,1650918480767,,https://earthquake.usgs.gov/earthquakes/eventpage/iscgem16957935,https://earthquake.usgs.gov/fdsnws/event/1/query?eventid=iscgem16957935&format=geojson,,,7.845,,reviewed,0,972,iscgem,16957935,",iscgem16957935,",",iscgem,",",origin,shakemap,",,,,,mw,earthquake,"M 8.0 - 95 km WSW of Shihezi, China",Point,"[84.93, 43.988, 15]"
Feature,iscgem16957934,7.23,"108 km SE of Neiafu, Tonga",-1989269121340,1650918479816,,https://earthquake.usgs.gov/earthquakes/eventpage/iscgem16957934,https://earthquake.usgs.gov/fdsnws/event/1/query?eventid=iscgem16957934&format=geojson,,,,,reviewed,0,804,iscgem,16957934,",iscgem16957934,",",iscgem,",",origin,",,,,,mw,earthquake,"M 7.2 - 108 km SE of Neiafu, Tonga",Point,"[-173.156, -19.229, 35]"
Feature,iscgem16957931,7.37,northwest of Australia,-1991839295670,1650918472799,,https://earthquake.usgs.gov/earthquakes/eventpage/iscgem16957931,https://earthquake.usgs.gov/fdsnws/event/1/query?eventid=iscgem16957931&format=geojson,,,,,reviewed,0,836,iscgem,16957931,",iscgem16957931,",",iscgem,",",origin,",,,,,mw,earthquake,M 7.4 - northwest of Australia,Point,"[108.498, -21.244, 10]"
Feature,iscgem16957930,7.21,southeast of the Loyalty Islands,-1992234151140,1650918471746,,https://earthquake.usgs.gov/earthquakes/eventpage/iscgem16957930,https://earthquake.usgs.gov/fdsnws/event/1/query?eventid=iscgem16957930&format=geojson,,,,,reviewed,0,800,iscgem,16957930,",iscgem16957930,",",iscgem,",",origin,",,,,,mw,earthquake,M 7.2 - southeast of the Loyalty Islands,Point,"[171.614, -22.539, 35]"
Feature,iscgem16957929,7.1,"24 km SSW of Tirmiz, Uzbekistan",-1994059001480,1652136509989,,https://earthquake.usgs.gov/earthquakes/eventpage/iscgem16957929,https://earthquake.usgs.gov/fdsnws/event/1/query?eventid=iscgem16957929&format=geojson,,,6.976,,reviewed,0,776,iscgem,16957929,",iscgemsup16957929,iscgem16957929,",",iscgemsup,iscgem,",",origin,shakemap,",,,,,mw,earthquake,"M 7.1 - 24 km SSW of Tirmiz, Uzbekistan",Point,"[67.132, 37.032, 35]"
Feature,iscgem16957924,7.63,"38 km NW of Finschhafen, Papua New Guinea",-1996006088180,1650918468921,,https://earthquake.usgs.gov/earthquakes/eventpage/iscgem16957924,https://earthquake.usgs.gov/fdsnws/event/1/query?eventid=iscgem16957924&format=geojson,,,,,reviewed,0,896,iscgem,16957924,",iscgem16957924,",",iscgem,",",origin,",,,,,mw,earthquake,"M 7.6 - 38 km NW of Finschhafen, Papua New Guinea",Point,"[147.589, -6.321, 35]"
Feature,iscgem16957920,8.0,"57 km NNE of Lae, Papua New Guinea",-1997510116330,1652136509131,,https://earthquake.usgs.gov/earthquakes/eventpage/iscgem16957920,https://earthquake.usgs.gov/fdsnws/event/1/query?eventid=iscgem16957920&format=geojson,,,7.155,,reviewed,0,985,iscgem,16957920,",iscgemsup16957920,iscgem16957920,",",iscgemsup,iscgem,",",origin,shakemap,",,,,,mw,earthquake,"M 8.0 - 57 km NNE of Lae, Papua New Guinea",Point,"[147.216, -6.252, 35]"
Feature,iscgem16957919,7.29,"190 km SE of Hasaki, Japan",-1998104851880,1650918459573,,https://earthquake.usgs.gov/earthquakes/eventpage/iscgem16957919,https://earthquake.usgs.gov/fdsnws/event/1/query?eventid=iscgem16957919&format=geojson,,,,,reviewed,0,818,iscgem,16957919,",iscgem16957919,",",iscgem,",",origin,",,,,,mw,earthquake,"M 7.3 - 190 km SE of Hasaki, Japan",Point,"[142.542, 34.745, 15]"
Feature,iscgem16957916,7.13,"132 km NNE of Wewak, Papua New Guinea",-1999187930200,1650918440973,,https://earthquake.usgs.gov/earthquakes/eventpage/iscgem16957916,https://earthquake.usgs.gov/fdsnws/event/1/query?eventid=iscgem16957916&format=geojson,,,,,reviewed,0,782,iscgem,16957916,",iscgem16957916,",",iscgem,",",origin,",,,,,mw,earthquake,"M 7.1 - 132 km NNE of Wewak, Papua New Guinea",Point,"[144.187, -2.489, 15]"
Feature,iscgemsup16957911,8.2,"16 km WNW of La Ligua, Chile",-1999984795750,1652109118830,,https://earthquake.usgs.gov/earthquakes/eventpage/iscgemsup16957911,https://earthquake.usgs.gov/fdsnws/event/1/query?eventid=iscgemsup16957911&format=geojson,,,7.16,,reviewed,0,1034,iscgemsup,16957911,",iscgemsup16957911,",",iscgemsup,",",origin,shakemap,",,,,,mw,earthquake,"M 8.2 - 16 km WNW of La Ligua, Chile",Point,"[-71.4, -32.4, 35]"
Feature,iscgem16957912,8.3,"Rat Islands, Aleutian Islands, Alaska",-1999986529500,1650918429982,,https://earthquake.usgs.gov/earthquakes/eventpage/iscgem16957912,https://earthquake.usgs.gov/fdsnws/event/1/query?eventid=iscgem16957912&format=geojson,,,,,reviewed,0,1060,iscgem,16957912,",ushis461,iscgem16957912,",",ushis,iscgem,",",associate,impact-text,origin,trump-origin,",,,,,mw,earthquake,"M 8.3 - Rat Islands, Aleutian Islands, Alaska",Point,"[178.18, 51.853, 110]"
Feature,iscgem16957908,7.09,"71 km NE of San Vicente, Philippines",-2005043843500,1650918306057,,https://earthquake.usgs.gov/earthquakes/eventpage/iscgem16957908,https://earthquake.usgs.gov/fdsnws/event/1/query?eventid=iscgem16957908&format=geojson,,,,,reviewed,0,773,iscgem,16957908,",iscgem16957908,",",iscgem,",",origin,",,,,,mw,earthquake,"M 7.1 - 71 km NE of San Vicente, Philippines",Point,"[122.582, 19.008, 15]"
Feature,iscgem16957907,7.84,"230 km W of Abepura, Indonesia",-2006623749420,1650918300735,,https://earthquake.usgs.gov/earthquakes/eventpage/iscgem16957907,https://earthquake.usgs.gov/fdsnws/event/1/query?eventid=iscgem16957907&format=geojson,,,,,reviewed,0,946,iscgem,16957907,",iscgem16957907,",",iscgem,",",origin,",,,,,mw,earthquake,"M 7.8 - 230 km W of Abepura, Indonesia",Point,"[138.56, -2.495, 35]"
Feature,official19060418131226300_12,7.9,"The 1906 San Francisco, California Earthquake",-2010394053700,1707179092068,,https://earthquake.usgs.gov/earthquakes/eventpage/official19060418131226300_12,https://earthquake.usgs.gov/fdsnws/event/1/query?eventid=official19060418131226300_12&format=geojson,,,8.997,,reviewed,0,960,official,19060418131226300_12,",official19060418131226300_12,iscgem16957905,ushis450,",",official,iscgem,ushis,",",earthquake-name,general-header,general-link,impact-text,origin,shakemap,trump-origin,",,,,,mw,earthquake,"M 7.9 - The 1906 San Francisco, California Earthquake",Point,"[-122.55, 37.75, 11.7]"
Feature,iscgemsup610548636,7.12,southeast of the Loyalty Islands,-2010772943570,1652109843478,,https://earthquake.usgs.gov/earthquakes/eventpage/iscgemsup610548636,https://earthquake.usgs.gov/fdsnws/event/1/query?eventid=iscgemsup610548636&format=geojson,,,,,reviewed,0,780,iscgemsup,610548636,",iscgemsup610548636,",",iscgemsup,",",origin,",,,,,mw,earthquake,M 7.1 - southeast of the Loyalty Islands,Point,"[171.324, -22.291, 35]"
Feature,iscgem16957902,7.29,"61 km NNW of La Paz, Mexico",-2011055826050,1650918289639,,https://earthquake.usgs.gov/earthquakes/eventpage/iscgem16957902,https://earthquake.usgs.gov/fdsnws/event/1/query?eventid=iscgem16957902&format=geojson,,,,,reviewed,0,818,iscgem,16957902,",iscgem16957902,",",iscgem,",",origin,",,,,,mw,earthquake,"M 7.3 - 61 km NNW of La Paz, Mexico",Point,"[-110.436, 24.684, 15]"
Feature,iscgem16957885,7.3,"41 km ESE of Malango, Solomon Islands",-2015445604370,1650918283757,,https://earthquake.usgs.gov/earthquakes/eventpage/iscgem16957885,https://earthquake.usgs.gov/fdsnws/event/1/query?eventid=iscgem16957885&format=geojson,,,,,reviewed,0,820,iscgem,16957885,",iscgem16957885,",",iscgem,",",origin,",,,,,mw,earthquake,"M 7.3 - 41 km ESE of Malango, Solomon Islands",Point,"[160.04, -9.899, 15]"
Feature,official19060131153610_30,8.8,1906 Ecuador-Colombia Earthquake,-2017038230000,1652136506808,,https://earthquake.usgs.gov/earthquakes/eventpage/official19060131153610_30,https://earthquake.usgs.gov/fdsnws/event/1/query?eventid=official19060131153610_30&format=geojson,,,7.079,,reviewed,0,1191,official,19060131153610_30,",iscgemsup16957884,official19060131153610_30,iscgem16957884,",",iscgemsup,official,iscgem,",",general-header,impact-text,origin,shakemap,trump-origin,",,,,,mw,earthquake,M 8.8 - 1906 Ecuador-Colombia Earthquake,Point,"[-79.369, 0.955, 20]"
Feature,iscgem16957883,7.4,"50 km SSW of ?yama, Japan",-2017908626430,1650918275887,,https://earthquake.usgs.gov/earthquakes/eventpage/iscgem16957883,https://earthquake.usgs.gov/fdsnws/event/1/query?eventid=iscgem16957883&format=geojson,,,4.905,,reviewed,0,842,iscgem,16957883,",iscgem16957883,",",iscgem,",",origin,shakemap,",,,,,mw,earthquake,"M 7.4 - 50 km SSW of ?yama, Japan",Point,"[138.025, 34.175, 300]"
Feature,iscgem16957878,7.24,Aegean Sea,-2024272428160,1650918270989,,https://earthquake.usgs.gov/earthquakes/eventpage/iscgem16957878,https://earthquake.usgs.gov/fdsnws/event/1/query?eventid=iscgem16957878&format=geojson,,,,,reviewed,0,806,iscgem,16957878,",iscgem16957878,",",iscgem,",",origin,",,,,,mw,earthquake,M 7.2 - Aegean Sea,Point,"[24.627, 40.092, 15]"
Feature,iscgem16957874,7.16,"58 km ENE of Lospalos, Timor Leste",-2027765271110,1650918265349,,https://earthquake.usgs.gov/earthquakes/eventpage/iscgem16957874,https://earthquake.usgs.gov/fdsnws/event/1/query?eventid=iscgem16957874&format=geojson,,,,,reviewed,0,789,iscgem,16957874,",iscgem16957874,",",iscgem,",",origin,",,,,,mw,earthquake,"M 7.2 - 58 km ENE of Lospalos, Timor Leste",Point,"[127.465, -8.277, 35]"
Feature,iscgem16957872,7.84,"off the east coast of the Kamchatka Peninsula, Russia",-2028995859040,1650918259950,,https://earthquake.usgs.gov/earthquakes/eventpage/iscgem16957872,https://earthquake.usgs.gov/fdsnws/event/1/query?eventid=iscgem16957872&format=geojson,,,,,reviewed,0,946,iscgem,16957872,",iscgem16957872,",",iscgem,",",origin,",,,,,mw,earthquake,"M 7.8 - off the east coast of the Kamchatka Peninsula, Russia",Point,"[163.952, 55.751, 15]"
Feature,ushis441,7.4,"188 km E of Atka, Alaska",-2028995880000,1528145024000,,https://earthquake.usgs.gov/earthquakes/eventpage/ushis441,https://earthquake.usgs.gov/fdsnws/event/1/query?eventid=ushis441&format=geojson,,,,,reviewed,0,842,ushis,441,",ushis441,",",ushis,",",impact-text,origin,",,,,,ms,earthquake,"M 7.4 - 188 km E of Atka, Alaska",Point,"[-171.45, 52.06, None]"
Feature,iscgem16957871,7.19,"5 km W of San Nicolò, Italy",-2029616217590,1650918258050,,https://earthquake.usgs.gov/earthquakes/eventpage/iscgem16957871,https://earthquake.usgs.gov/fdsnws/event/1/query?eventid=iscgem16957871&format=geojson,,,6.907,,reviewed,0,795,iscgem,16957871,",iscgem16957871,",",iscgem,",",origin,shakemap,",,,,,mw,earthquake,"M 7.2 - 5 km W of San Nicolò, Italy",Point,"[15.784, 38.636, 15]"
Feature,iscgem16957865,8.33,"121 km WNW of Tosontsengel, Mongolia",-2033673215990,1650918256627,,https://earthquake.usgs.gov/earthquakes/eventpage/iscgem16957865,https://earthquake.usgs.gov/fdsnws/event/1/query?eventid=iscgem16957865&format=geojson,,,8.012,,reviewed,0,1068,iscgem,16957865,",iscgem16957865,",",iscgem,",",origin,shakemap,",,,,,mw,earthquake,"M 8.3 - 121 km WNW of Tosontsengel, Mongolia",Point,"[96.843, 49.292, 15]"
Feature,iscgem16957859,7.95,"106 km N of Tosontsengel, Mongolia",-2034857960210,1650918245886,,https://earthquake.usgs.gov/earthquakes/eventpage/iscgem16957859,https://earthquake.usgs.gov/fdsnws/event/1/query?eventid=iscgem16957859&format=geojson,,,7.985,,reviewed,0,972,iscgem,16957859,",official19050709094039000_15,iscgem16957859,",",official,iscgem,",",general-header,origin,shakemap,",,,,,mw,earthquake,"M 8.0 - 106 km N of Tosontsengel, Mongolia",Point,"[98.483, 49.709, 15]"
Feature,iscgem914292,7.67,"217 km ESE of Kamaishi, Japan",-2035093153070,1650931830983,,https://earthquake.usgs.gov/earthquakes/eventpage/iscgem914292,https://earthquake.usgs.gov/fdsnws/event/1/query?eventid=iscgem914292&format=geojson,,,,,reviewed,0,905,iscgem,914292,",iscgem914292,",",iscgem,",",origin,",,,,,mw,earthquake,"M 7.7 - 217 km ESE of Kamaishi, Japan",Point,"[144.119, 38.417, 15]"
Feature,iscgem16957851,7.15,"99 km WNW of Kavieng, Papua New Guinea",-2039336072780,1650918233053,,https://earthquake.usgs.gov/earthquakes/eventpage/iscgem16957851,https://earthquake.usgs.gov/fdsnws/event/1/query?eventid=iscgem16957851&format=geojson,,,,,reviewed,0,787,iscgem,16957851,",iscgem16957851,",",iscgem,",",origin,",,,,,mw,earthquake,"M 7.2 - 99 km WNW of Kavieng, Papua New Guinea",Point,"[149.949, -2.282, 15]"
Feature,iscgem16957848,7.9,"10 km WNW of Kyelang, India",-2043184200770,1650918227590,,https://earthquake.usgs.gov/earthquakes/eventpage/iscgem16957848,https://earthquake.usgs.gov/fdsnws/event/1/query?eventid=iscgem16957848&format=geojson,,,7.141,,reviewed,0,960,iscgem,16957848,",iscgem16957848,",",iscgem,",",origin,shakemap,",,,,,mw,earthquake,"M 7.9 - 10 km WNW of Kyelang, India",Point,"[76.916, 32.597, 20]"
Feature,iscgem16957847,7.18,"238 km WSW of Adak, Alaska",-2044297275700,1650918222155,,https://earthquake.usgs.gov/earthquakes/eventpage/iscgem16957847,https://earthquake.usgs.gov/fdsnws/event/1/query?eventid=iscgem16957847&format=geojson,,,,,reviewed,0,793,iscgem,16957847,",iscgem16957847,",",iscgem,",",origin,",,,,,mw,earthquake,"M 7.2 - 238 km WSW of Adak, Alaska",Point,"[-179.859, 51.145, 35]"
Feature,ushis434,7.0,"207 km SSE of Attu Station, Alaska",-2044297320000,1528145024000,,https://earthquake.usgs.gov/earthquakes/eventpage/ushis434,https://earthquake.usgs.gov/fdsnws/event/1/query?eventid=ushis434&format=geojson,,,,,reviewed,0,754,ushis,434,",ushis434,",",ushis,",",impact-text,origin,",,,,,ms,earthquake,"M 7.0 - 207 km SSE of Attu Station, Alaska",Point,"[174.83, 51.28, None]"
Feature,iscgemsup16957844,7.36,south of Tonga,-2044569739760,1652109019244,,https://earthquake.usgs.gov/earthquakes/eventpage/iscgemsup16957844,https://earthquake.usgs.gov/fdsnws/event/1/query?eventid=iscgemsup16957844&format=geojson,,,,,reviewed,0,833,iscgemsup,16957844,",iscgemsup16957844,",",iscgemsup,",",origin,",,,,,mw,earthquake,M 7.4 - south of Tonga,Point,"[-173.399, -24.363, 15]"
Feature,iscgem16957840,7.01,"152 km NW of Kimbe, Papua New Guinea",-2045781757970,1650918208950,,https://earthquake.usgs.gov/earthquakes/eventpage/iscgem16957840,https://earthquake.usgs.gov/fdsnws/event/1/query?eventid=iscgem16957840&format=geojson,,,,,reviewed,0,756,iscgem,16957840,",iscgem16957840,",",iscgem,",",origin,",,,,,mw,earthquake,"M 7.0 - 152 km NW of Kimbe, Papua New Guinea",Point,"[149.105, -4.635, 15]"
Feature,iscgem16957838,7.33,"207 km E of Sola, Vanuatu",-2046972304200,1650918202986,,https://earthquake.usgs.gov/earthquakes/eventpage/iscgem16957838,https://earthquake.usgs.gov/fdsnws/event/1/query?eventid=iscgem16957838&format=geojson,,,,,reviewed,0,827,iscgem,16957838,",iscgem16957838,",",iscgem,",",origin,",,,,,mw,earthquake,"M 7.3 - 207 km E of Sola, Vanuatu",Point,"[169.457, -14.123, 15]"
Feature,iscgem16957836,7.26,"62 km S of Bhamo, Myanmar",-2047119532180,1650918201748,,https://earthquake.usgs.gov/earthquakes/eventpage/iscgem16957836,https://earthquake.usgs.gov/fdsnws/event/1/query?eventid=iscgem16957836&format=geojson,,,,,reviewed,0,811,iscgem,16957836,",iscgem16957836,",",iscgem,",",origin,",,,,,mw,earthquake,"M 7.3 - 62 km S of Bhamo, Myanmar",Point,"[97.17, 23.689, 15]"
Feature,iscgem16957835,7.59,"5 km WNW of Adak, Alaska",-2047389205510,1650918191557,,https://earthquake.usgs.gov/earthquakes/eventpage/iscgem16957835,https://earthquake.usgs.gov/fdsnws/event/1/query?eventid=iscgem16957835&format=geojson,,,,,reviewed,0,886,iscgem,16957835,",iscgem16957835,",",iscgem,",",origin,",,,,,mw,earthquake,"M 7.6 - 5 km WNW of Adak, Alaska",Point,"[-176.702, 51.89, 35]"
Feature,ushis433,7.3,"184 km SW of Adak, Alaska",-2047389240000,1528145024000,,https://earthquake.usgs.gov/earthquakes/eventpage/ushis433,https://earthquake.usgs.gov/fdsnws/event/1/query?eventid=ushis433&format=geojson,,,,,reviewed,0,820,ushis,433,",ushis433,",",ushis,",",impact-text,origin,",,,,,ms,earthquake,"M 7.3 - 184 km SW of Adak, Alaska",Point,"[-178.55, 50.73, None]"
Feature,iscgemsup610548595,7.0,New Caledonia,-2047487779700,1652109763420,,https://earthquake.usgs.gov/earthquakes/eventpage/iscgemsup610548595,https://earthquake.usgs.gov/fdsnws/event/1/query?eventid=iscgemsup610548595&format=geojson,,,,,reviewed,0,754,iscgemsup,610548595,",iscgemsup610548595,",",iscgemsup,",",origin,",,,,,mw,earthquake,M 7.0 - New Caledonia,Point,"[162.523, -17.221, 15]"
Feature,iscgemsup16957833,7.42,"177 km SW of Kavieng, Papua New Guinea",-2050137560680,1652109004661,,https://earthquake.usgs.gov/earthquakes/eventpage/iscgemsup16957833,https://earthquake.usgs.gov/fdsnws/event/1/query?eventid=iscgemsup16957833&format=geojson,,,,,reviewed,0,847,iscgemsup,16957833,",iscgemsup16957833,",",iscgemsup,",",origin,",,,,,mw,earthquake,"M 7.4 - 177 km SW of Kavieng, Papua New Guinea",Point,"[149.551, -3.586, 15]"
Feature,iscgem16957832,7.29,"53 km SSE of Quepos, Costa Rica",-2052238539560,1650918185862,,https://earthquake.usgs.gov/earthquakes/eventpage/iscgem16957832,https://earthquake.usgs.gov/fdsnws/event/1/query?eventid=iscgem16957832&format=geojson,,,,,reviewed,0,818,iscgem,16957832,",iscgem16957832,",",iscgem,",",origin,",,,,,mw,earthquake,"M 7.3 - 53 km SSE of Quepos, Costa Rica",Point,"[-84.042, 8.962, 10]"
Feature,iscgem16957826,7.09,"150 km WNW of Kangding, China",-2061893799150,1650918180657,,https://earthquake.usgs.gov/earthquakes/eventpage/iscgem16957826,https://earthquake.usgs.gov/fdsnws/event/1/query?eventid=iscgem16957826&format=geojson,,,,,reviewed,0,773,iscgem,16957826,",iscgem16957826,",",iscgem,",",origin,",,,,,mw,earthquake,"M 7.1 - 150 km WNW of Kangding, China",Point,"[100.608, 30.684, 15]"
Feature,ushis431,7.3,"21 km S of Ester, Alaska",-2062116240000,1528145024000,,https://earthquake.usgs.gov/earthquakes/eventpage/ushis431,https://earthquake.usgs.gov/fdsnws/event/1/query?eventid=ushis431&format=geojson,,,,,reviewed,0,820,ushis,431,",ushis431,",",ushis,",",impact-text,origin,",,,,,ms,earthquake,"M 7.3 - 21 km S of Ester, Alaska",Point,"[-148.08, 64.66, None]"
Feature,iscgem16957819,7.7,"115 km ESE of Petropavlovsk-Kamchatsky, Russia",-2067562761280,1650918168406,,https://earthquake.usgs.gov/earthquakes/eventpage/iscgem16957819,https://earthquake.usgs.gov/fdsnws/event/1/query?eventid=iscgem16957819&format=geojson,,,6.76,,reviewed,0,912,iscgem,16957819,",iscgem16957819,",",iscgem,",",origin,shakemap,",,,,,mw,earthquake,"M 7.7 - 115 km ESE of Petropavlovsk-Kamchatsky, Russia",Point,"[160.277, 52.763, 30]"
Feature,iscgem16957820,7.5,"274 km SE of Petropavlovsk-Kamchatsky, Russia",-2067585260860,1652136504972,,https://earthquake.usgs.gov/earthquakes/eventpage/iscgem16957820,https://earthquake.usgs.gov/fdsnws/event/1/query?eventid=iscgem16957820&format=geojson,,,4.207,,reviewed,0,865,iscgem,16957820,",iscgemsup16957820,iscgem16957820,",",iscgemsup,iscgem,",",origin,shakemap,",,,,,mw,earthquake,"M 7.5 - 274 km SE of Petropavlovsk-Kamchatsky, Russia",Point,"[161.638, 51.424, 15]"
Feature,iscgem16957813,7.02,"7 km SE of Stara Kresna, Bulgaria",-2074685639120,1650984871433,,https://earthquake.usgs.gov/earthquakes/eventpage/iscgem16957813,https://earthquake.usgs.gov/fdsnws/event/1/query?eventid=iscgem16957813&format=geojson,,,,,reviewed,0,758,iscgem,16957813,",iscgem16957813,",",iscgem,",",origin,",,,,,mw,earthquake,"M 7.0 - 7 km SE of Stara Kresna, Bulgaria",Point,"[23.249, 41.758, 15]"
Feature,ushis411,7.0,"153 km SE of Adak, Alaska",-2112940500000,1528145024000,,https://earthquake.usgs.gov/earthquakes/eventpage/ushis411,https://earthquake.usgs.gov/fdsnws/event/1/query?eventid=ushis411&format=geojson,,,,,reviewed,0,754,ushis,411,",ushis411,",",ushis,",",impact-text,origin,",,,,,ms,earthquake,"M 7.0 - 153 km SE of Adak, Alaska",Point,"[-175.16, 50.85, None]"
Feature,ushis400,7.0,"113 km ESE of Nikolski, Alaska",-2145897570000,1528145024000,,https://earthquake.usgs.gov/earthquakes/eventpage/ushis400,https://earthquake.usgs.gov/fdsnws/event/1/query?eventid=ushis400&format=geojson,,,,,reviewed,0,754,ushis,400,",ushis400,",",ushis,",",impact-text,origin,",,,,,ms,earthquake,"M 7.0 - 113 km ESE of Nikolski, Alaska",Point,"[-167.45, 52.38, None]"
Feature,ushis399,7.1,"221 km SW of Nikolski, Alaska",-2145970650000,1528145024000,,https://earthquake.usgs.gov/earthquakes/eventpage/ushis399,https://earthquake.usgs.gov/fdsnws/event/1/query?eventid=ushis399&format=geojson,,,,,reviewed,0,776,ushis,399,",ushis399,",",ushis,",",impact-text,origin,",,,,,ms,earthquake,"M 7.1 - 221 km SW of Nikolski, Alaska",Point,"[-171.02, 51.45, None]"
Feature,ushis397,7.0,south of Alaska,-2146008360000,1528145024000,,https://earthquake.usgs.gov/earthquakes/eventpage/ushis397,https://earthquake.usgs.gov/fdsnws/event/1/query?eventid=ushis397&format=geojson,,,,,reviewed,0,754,ushis,397,",ushis397,",",ushis,",",impact-text,origin,",,,,,ms,earthquake,M 7.0 - south of Alaska,Point,"[-160, 52, None]"
Feature,official19001009122400000,7.86,"Kodiak Island region, Alaska",-2184665760000,1707179663351,,https://earthquake.usgs.gov/earthquakes/eventpage/official19001009122400000,https://earthquake.usgs.gov/fdsnws/event/1/query?eventid=official19001009122400000&format=geojson,,,,,reviewed,0,950,official,19001009122400000,",official19001009122400000,ushis391,",",official,ushis,",",associate,earthquake-name,general-header,impact-text,origin,trump-origin,",,,,,mw,earthquake,"M 7.9 - Kodiak Island region, Alaska",Point,"[-152.42, 58.39, None]"
