id,place,magnitude,time,latitude,longitude,depth
ci40689744,"15 km E of Coso Junction, CA",0.98,2024-03-19 01:19:18.430,36.0318333,-117.7833333,1.97
nc74019696,"7 km WNW of Cobb, CA",1.03,2024-03-19 01:18:06.010,38.8353348,-122.8065033,2.21
nc74019681,"7 km WNW of The Geysers, CA",1.08,2024-03-19 00:58:56.830,38.8125,-122.8256683,1.9
nc74019676,"7 km WNW of The Geysers, CA",1.08,2024-03-19 00:58:31.810,38.8123322,-122.8259964,1.86
us6000mjpj,"67 km WNW of Nushki, Pakistan",5.4,2024-03-19 00:35:19.577,29.7645,65.3645,10.0
nc74019661,"5 km WNW of The Geysers, CA",0.88,2024-03-19 00:35:09.700,38.7996674,-122.8101654,1.98
nc74019656,"5 km WNW of The Geysers, CA",0.99,2024-03-19 00:32:41.020,38.7996674,-122.8105011,1.99
ci40689728,"5 km NW of Boron, CA",1.52,2024-03-19 00:18:38.020,35.031,-117.683,-0.81
ci40689712,"6 km NW of Castaic, CA",1.39,2024-03-19 00:16:42.480,34.5233333,-118.667,18.29
nc74019641,"10 km WNW of The Geysers, CA",0.27,2024-03-19 00:03:54.410,38.8250008,-122.8536682,2.14
pr71443313,"3 km SSW of Guánica, Puerto Rico",2.44,2024-03-19 00:01:29.780,17.9446666666667,-66.9203333333333,9.55
tx2024fmnh,"66 km NNE of Van Horn, Texas",2.0,2024-03-19 00:01:23.390,31.584,-104.534,0.0686
ak0243mngidq,"85 km WSW of Elfin Cove, Alaska",2.8,2024-03-19 00:00:43.662,57.9448,-137.7062,2.4
nc74019631,"14 km WNW of Pinnacles, CA",2.84,2024-03-18 23:57:53.160,36.5983315,-121.2795029,1.95
nc74019636,"12 km NW of Pinnacles, CA",3.36,2024-03-18 23:57:26.960,36.6133347,-121.2360001,9.47
nc74019611,"6 km NW of The Geysers, CA",1.65,2024-03-18 23:51:50.040,38.8131676,-122.8153305,0.6
ak0243ldvp06,"66 km ESE of Denali National Park, Alaska",1.3,2024-03-18 23:45:04.542,63.2208,-150.5972,117.9
nc74019601,"7 km NW of The Geysers, CA",0.24,2024-03-18 23:33:23.760,38.8236656,-122.8089981,11.32
nc74019596,"2 km NW of Alamo, CA",1.9,2024-03-18 23:33:12.250,37.8600006,-122.0506668,7.94
ak0243ldsp8s,"39 km ESE of Pedro Bay, Alaska",2.1,2024-03-18 23:31:07.960,59.6214,-153.4922,121.2
nn00874995,"62 km S of Kingston, Nevada",1.3,2024-03-18 23:14:19.090,38.6469,-117.1529,0.0
nn00874991,"28 km SE of Alamo, Nevada",3.1,2024-03-18 23:11:41.357,37.1766,-114.9466,9.5
pr2024078000,"74 km SE of Punta Cana, Dominican Republic",3.55,2024-03-18 23:05:02.250,18.085,-67.9348,119.0
ak0243ldmwn9,"5 km E of Fox, Alaska",1.6,2024-03-18 23:04:05.796,64.9522,-147.507,0.0
nc74019586,"7 km NW of The Geysers, CA",0.76,2024-03-18 22:57:17.070,38.8181648,-122.8233337,2.06
ci40689672,"14 km ENE of Borrego Springs, CA",1.04,2024-03-18 22:53:27.320,33.3108333,-116.2426667,5.19
uw61990361,"7 km SSW of Shelton, Washington",1.7363100051879883,2024-03-18 22:49:13.860,47.147499084472656,-123.12249755859375,-0.150000005960464
ak0243ldase9,"14 km SSE of Beaver, Alaska",1.2,2024-03-18 22:47:50.690,66.2388,-147.3068,0.0
uw61990356,"9 km S of Princeton, Canada",1.98,2024-03-18 22:14:35.580,49.37416666666667,-120.52316666666667,-0.51
ci40689656,"17 km W of Searles Valley, CA",1.37,2024-03-18 22:13:25.220,35.7758333,-117.5963333,7.67
ak0243ld1jfg,"17 km WSW of Nenana, Alaska",0.9,2024-03-18 22:04:35.486,64.4782,-149.3984,13.4
ci40689640,"18 km SSW of Searles Valley, CA",0.79,2024-03-18 22:03:26.340,35.6133333,-117.4471667,8.12
ci40689632,"6 km SE of Bonita, CA",1.34,2024-03-18 21:55:07.190,32.6213333,-116.9805,-0.43
us6000mjnm,"55 km SE of La Tirana, Chile",4.1,2024-03-18 21:52:28.736,-20.7238,-69.3227,90.148
ak0243lcftrq,"36 km SE of Denali National Park, Alaska",1.7,2024-03-18 21:03:04.517,63.3493,-151.1397,20.9
ci40689584,"11 km SW of Corona, CA",1.29,2024-03-18 20:57:54.760,33.795,-117.6418333,4.38
tx2024fmhe,"56 km S of Whites City, New Mexico",1.8,2024-03-18 20:56:04.490,31.662,-104.373,5.4939
ak0243lc3pvn,"15 km WNW of Kalifornsky, Alaska",1.6,2024-03-18 20:46:56.035,60.4619,-151.5566,68.2
nc74019551,"2 km NE of Oakland, CA",1.57,2024-03-18 20:46:37.430,37.8088341,-122.2118301,7.79
uu80062966,"14 km NE of Milford, Utah",0.1,2024-03-18 20:25:32.940,38.4918333333333,-112.899166666667,3.44
us6000mjnc,"111 km SSE of Semnan, Iran",4.3,2024-03-18 20:23:25.379,34.6183,53.7515,10.0
hv74140737,"12 km SSE of Volcano, Hawaii",2.31,2024-03-18 20:22:47.970,19.3333333333333,-155.191833333333,2.4
nc74019531,"9 km WNW of Cobb, CA",1.1,2024-03-18 20:17:10.290,38.8380013,-122.822998,1.69
ak0243lbvrkv,"75 km ESE of Denali National Park, Alaska",2.0,2024-03-18 20:09:45.592,63.1727,-150.46,33.2
us6000mjn5,"70 km ESE of Kaktovik, Alaska",2.7,2024-03-18 20:07:01.519,69.788,-142.0801,7.665
uu80062956,"14 km NE of Milford, Utah",-0.26,2024-03-18 20:04:53.600,38.492,-112.900166666667,3.47
ci40689432,"13 km ENE of Ridgecrest, CA",1.46,2024-03-18 19:59:38.970,35.6625,-117.5405,9.6
ci40689416,"10 km NNE of Borrego Springs, CA",0.91,2024-03-18 19:54:45.810,33.3396667,-116.33,11.92
nc74019526,"5 km WNW of Cobb, CA",0.8,2024-03-18 19:54:08.210,38.8349991,-122.7761688,0.65
nc74019521,"5 km NW of The Geysers, CA",1.07,2024-03-18 19:48:05.370,38.8111649,-122.7991638,3.13
ci40689400,"12 km SE of Tehachapi, CA",1.14,2024-03-18 19:41:43.290,35.0623333,-118.3481667,-0.93
ci40689368,"9 km WSW of Anza, CA",0.55,2024-03-18 19:33:36.830,33.518,-116.7573333,4.37
ak0243lbdsc1,"102 km WNW of Yakutat, Alaska",2.0,2024-03-18 19:25:57.292,59.9914,-141.3181,1.3
pr71443293,"2 km WNW of Santo Domingo, Puerto Rico",1.85,2024-03-18 19:13:16.870,18.0758333333333,-66.7738333333333,7.99
uw61990316,"3 km WSW of Kalama, Washington",1.27,2024-03-18 19:12:20.520,45.99633333333333,-122.88516666666666,-0.42
uw61990311,"4 km SW of Farmington, Washington",1.9100000000000001,2024-03-18 18:59:08.870,47.056666666666665,-117.079,-0.77
ak0243lazbzc,"4 km WSW of Healy, Alaska",1.4,2024-03-18 18:58:13.523,63.8358,-149.0517,6.7
ci40689328,"7 km S of Mojave, CA",1.2,2024-03-18 18:52:51.200,34.9893333,-118.1801667,-0.84
tx2024fmcz,"33 km NW of Toyah, Texas",1.8,2024-03-18 18:49:33.262,31.557,-104.011,6.405
ak0243lawzgx,"20 km NNW of Chickaloon, Alaska",1.8,2024-03-18 18:47:18.258,61.9756,-148.5635,38.6
ci40689312,"6 km NNW of Lakeside, CA",1.48,2024-03-18 18:40:20.750,32.9121667,-116.9433333,-0.18
ak0243lauvzv,"50 km WNW of Anchor Point, Alaska",2.1,2024-03-18 18:37:40.112,59.92,-152.688,97.4
nc74019491,"7 km WNW of Cobb, CA",0.73,2024-03-18 18:37:10.690,38.8359985,-122.7985001,2.49
nc74019486,"6 km ESE of Santa Venetia, CA",0.5,2024-03-18 18:32:51.050,37.9775,-122.4606667,-0.03
ak0243lat6il,"5 km S of Salcha, Alaska",1.6,2024-03-18 18:29:43.331,64.4759,-146.8958,6.1
us6000mjmr,"17 km ESE of Kastrí, Greece",4.0,2024-03-18 18:26:15.456,34.7978,24.2684,42.968
nc74019476,"8 km NW of The Geysers, CA",0.77,2024-03-18 18:05:38.840,38.8325005,-122.8150024,1.73
nc74019471,"10 km WNW of The Geysers, CA",0.77,2024-03-18 18:01:03.880,38.8248329,-122.8536682,2.28
ci40689232,"10 km SW of Valencia, CA",1.88,2024-03-18 17:59:23.150,34.3771667,-118.6365,11.38
nc74019466,"6 km WNW of Cobb, CA",1.26,2024-03-18 17:56:14.780,38.8349991,-122.7900009,1.82
ak0243labtm0,"48 km NW of Valdez, Alaska",1.6,2024-03-18 17:48:44.562,61.3837,-147.0837,14.5
ci37633892,"10 km S of Idyllwild, CA",0.62,2024-03-18 17:46:32.080,33.6491667,-116.7185,13.99
us6000mjm8,"123 km SSE of Kuril’sk, Russia",4.7,2024-03-18 17:46:31.409,44.1725,148.3612,50.528
ci37633900,"10 km S of Idyllwild, CA",0.62,2024-03-18 17:46:28.910,33.6516667,-116.7375,14.69
ci40689208,"10 km S of Idyllwild, CA",0.39,2024-03-18 17:46:26.850,33.6506667,-116.711,15.1
us6000mjlf,"107 km NNW of Piti Village, Guam",4.6,2024-03-18 17:37:19.117,14.2985,144.191,12.575
ak0243la8t6r,"16 km NNW of Two Rivers, Alaska",1.0,2024-03-18 17:34:39.392,65.0059,-147.2086,0.0
nc74019451,"8 km NW of The Geysers, CA",0.44,2024-03-18 17:34:18.690,38.8349991,-122.8201675,2.58
nc74019446,"26 km ENE of Alum Rock, CA",0.88,2024-03-18 17:29:59.670,37.4608333,-121.5606667,8.72
tx2024flzv,"59 km S of Whites City, New Mexico",1.9,2024-03-18 17:13:39.177,31.645,-104.319,4.6314
ak0243la3p5j,"66 km ESE of Halibut Cove, Alaska",2.6,2024-03-18 17:10:54.550,59.3805,-150.1391,45.1
ci37633884,"16 km SSW of Searles Valley, CA",0.12,2024-03-18 17:10:01.110,35.643,-117.4908333,9.79
ci40689144,"16 km SSW of Searles Valley, CA",0.36,2024-03-18 17:09:55.500,35.6305,-117.4675,7.94
nc74019431,"6 km NW of The Geysers, CA",1.08,2024-03-18 17:06:44.000,38.8144989,-122.7983322,1.86
ci40689120,"15 km SSW of Olancha, CA",1.24,2024-03-18 17:06:18.780,36.1511667,-118.0613333,3.61
nc74019416,"7 km WNW of Cobb, CA",0.44,2024-03-18 16:47:28.760,38.8370018,-122.7986679,2.06
ak0243l9oghi,"29 km S of Livengood, Alaska",1.1,2024-03-18 16:39:43.583,65.2595,-148.5449,9.2
nc74019406,"1 km E of The Geysers, CA",0.89,2024-03-18 16:14:37.760,38.7783318,-122.7416687,0.52
uw61990261,"16 km W of Tsawwassen, Canada",1.3900000000000001,2024-03-18 16:14:30.320,48.989333333333335,-123.29866666666666,52.43
us6000mjl9,"13 km ESE of Kaseda-shirakame, Japan",4.4,2024-03-18 16:12:34.465,31.3595,130.4424,131.087
nc74019396,"2 km ENE of The Geysers, CA",1.08,2024-03-18 15:43:24.210,38.7828331,-122.7389984,-0.83
nc74019391,"8 km WNW of Cobb, CA",0.39,2024-03-18 15:41:35.340,38.8441658,-122.8164978,1.97
mb90043338,"3 km SSE of Lincoln, Montana",2.11,2024-03-18 15:36:17.720,46.931,-112.659166666667,8.82
ci40689040,"6 km NE of Anza, CA",0.51,2024-03-18 15:32:01.150,33.595,-116.6393333,12.41
ak0243l918r0,"24 km WSW of Karluk, Alaska",2.0,2024-03-18 15:31:12.440,57.476,-154.8257,75.5
nc74019381,"8 km NW of The Geysers, CA",0.26,2024-03-18 15:26:49.230,38.831501,-122.8176651,1.64
nc74019376,"8 km NW of The Geysers, CA",0.31,2024-03-18 15:09:35.250,38.8251648,-122.8303299,1.86
ci40689024,"16 km SSW of Searles Valley, CA",0.24,2024-03-18 15:01:22.840,35.6483333,-117.4928333,9.75
pr71443258,"5 km SE of Maria Antonia, Puerto Rico",2.29,2024-03-18 14:51:06.800,17.9406666666667,-66.8503333333333,11.78
ci40688984,"16 km ENE of Thousand Palms, CA",1.13,2024-03-18 14:46:04.790,33.8928333,-116.2445,5.16
uu80062951,"15 km NE of Milford, Utah",-0.58,2024-03-18 14:39:03.390,38.4941666666667,-112.889166666667,1.7
hv74140527,"9 km NE of Pāhala, Hawaii",1.86000001,2024-03-18 14:31:37.630,19.2671661376953,-155.414993286133,33.8400001525879
uw61990251,"3 km NNW of North Sultan, Washington",0.48,2024-03-18 14:26:47.900,47.91266666666667,-121.8195,4.16
ci40688928,"13 km N of Warner Springs, CA",0.57,2024-03-18 14:26:02.040,33.4013333,-116.6376667,6.54
uw61990241,"8 km NNE of Ashford, Washington",0.23,2024-03-18 13:43:07.940,46.829166666666666,-122.00683333333333,7.47
nc74019361,"9 km WNW of The Geysers, CA",0.62,2024-03-18 13:42:18.010,38.7961655,-122.8626633,7.27
ak0243l7vyru,"71 km SE of New Allakaket, Alaska",1.9,2024-03-18 13:38:54.184,66.0255,-151.6908,11.5
nc74019356,"3 km SW of Anderson Springs, CA",1.07,2024-03-18 13:34:07.570,38.7548332,-122.7171631,1.79
ak0243l7ugm3,"94 km NNW of Karluk, Alaska",1.2,2024-03-18 13:31:52.272,58.3987,-154.7754,4.0
ci40688880,"8 km SSW of Idyllwild, CA",0.95,2024-03-18 13:17:55.170,33.6668333,-116.7371667,14.47
us6000mjkm,"6 km WSW of Maneromango, Tanzania",4.4,2024-03-18 13:14:23.939,-7.22,38.7315,10.0
nc74019336,"4 km WNW of Mammoth Lakes, CA",0.78,2024-03-18 13:09:10.280,37.6469994,-119.0218353,-0.29
nc74019341,"24 km NE of King City, CA",1.18,2024-03-18 13:08:01.390,36.3403333,-120.9193333,7.42
hv74140472,"12 km SE of Waimea, Hawaii",1.82,2024-03-18 13:06:27.750,19.9425,-155.591,11.7
ak0243l7od4l,"22 km SSW of Susitna, Alaska",2.2,2024-03-18 13:03:07.783,61.3582,-150.6596,45.6
uw61990231,"23 km ENE of Ashford, Washington",-0.35000000000000003,2024-03-18 12:58:35.460,46.85883333333334,-121.75833333333334,2.22
nn00874982,"47 km ENE of Fort Bidwell, California",1.9,2024-03-18 12:55:19.137,41.9507,-119.5958,13.6
mb90043318,"5 km N of Smiths Ferry, Idaho",1.5,2024-03-18 12:51:20.420,44.35,-116.100833333333,3.67
nc74019331,"16 km NNE of Shingletown, CA",1.69,2024-03-18 12:44:50.950,40.6171667,-121.8068333,13.07
ak0243l7bkok,"33 km N of Petersville, Alaska",1.5,2024-03-18 12:43:40.368,62.793,-150.752,97.6
nc74019326,"7 km NW of The Geysers, CA",1.08,2024-03-18 12:35:18.370,38.8236656,-122.8059998,1.61
nc74019316,"8 km NW of The Geysers, CA",1.08,2024-03-18 12:02:43.660,38.8171654,-122.8290024,8.62
ak0243l6tcp4,"53 km WSW of Cantwell, Alaska",1.4,2024-03-18 11:58:38.801,63.1442,-149.866,75.6
ci40688856,"13 km NE of Ridgecrest, CA",0.67,2024-03-18 11:32:37.840,35.7021667,-117.5748333,4.96
nc74019311,"10 km NW of The Geysers, CA",0.38,2024-03-18 11:25:18.330,38.838501,-122.8359985,1.9
ci40688848,"37 km N of Yucca Valley, CA",1.67,2024-03-18 11:25:11.200,34.4446667,-116.4835,1.7
ci40688840,"38 km N of Yucca Valley, CA",1.2,2024-03-18 11:15:08.570,34.4586667,-116.4571667,3.92
nc74019306,"4 km NNW of The Geysers, CA",1.29,2024-03-18 11:09:09.640,38.8083344,-122.7721634,0.72
us6000mjkb,"Volcano Islands, Japan region",5.3,2024-03-18 11:04:37.888,24.288,142.8454,10.0
nc74019301,"26 km NNW of San Simeon, CA",1.44,2024-03-18 10:55:31.370,35.8608333,-121.3003333,5.14
nc74019296,"4 km WSW of Pacifica, CA",1.58,2024-03-18 10:52:55.680,37.6068344,-122.5286636,2.65
nn00874960,"57 km SW of Rachel, Nevada",0.7,2024-03-18 10:49:11.023,37.2547,-116.1637,6.0
nn00874964,"57 km SW of Rachel, Nevada",0.2,2024-03-18 10:44:37.818,37.2583,-116.1685,5.6
nc74019291,"2 km WSW of Danville, CA",0.51,2024-03-18 10:44:29.520,37.8143333,-122.0218333,8.67
nn00874963,"57 km SW of Rachel, Nevada",0.2,2024-03-18 10:38:05.073,37.2572,-116.174,5.2
nc74019286,"10 km NW of The Geysers, CA",1.2,2024-03-18 10:37:43.020,38.8373337,-122.8353348,2.06
nc74019281,"7 km NW of The Geysers, CA",0.76,2024-03-18 10:35:16.700,38.8258324,-122.8059998,1.55
nn00874979,"46 km ESE of Beatty, Nevada",-0.3,2024-03-18 10:33:19.815,36.7531,-116.2745,8.9
ci40688832,"15 km SSW of Searles Valley, CA",0.66,2024-03-18 10:31:36.740,35.6438333,-117.4641667,7.55
ci40688824,"12 km NNW of Ocotillo, CA",1.21,2024-03-18 10:23:29.520,32.8346667,-116.0353333,8.97
ci40688816,"12 km NNW of Ocotillo, CA",0.9,2024-03-18 10:21:27.130,32.8341667,-116.0363333,9.58
nn00874962,"57 km SW of Rachel, Nevada",0.4,2024-03-18 10:20:49.657,37.255,-116.1688,5.5
nn00874961,"57 km SW of Rachel, Nevada",0.1,2024-03-18 10:20:32.224,37.2536,-116.1664,6.0
ak0243l5yevv,"44 km SE of Denali National Park, Alaska",1.5,2024-03-18 10:14:03.796,63.2863,-151.0498,8.9
us6000mjk7,"80 km WSW of Puerto Cortés, Costa Rica",4.5,2024-03-18 10:08:56.060,8.5745,-84.1483,11.836
nc74019276,"10 km NW of The Geysers, CA",0.8,2024-03-18 10:05:36.260,38.838501,-122.8324966,1.57
nn00874951,"46 km ESE of Beatty, Nevada",0.0,2024-03-18 10:05:01.189,36.7504,-116.279,8.8
nc74019266,"9 km NW of The Geysers, CA",2.12,2024-03-18 10:00:36.970,38.8356667,-122.8320007,2.15
nc74019261,"2 km NW of Alamo, CA",1.38,2024-03-18 09:58:29.460,37.8618317,-122.0465012,7.96
nn00874950,"46 km ESE of Beatty, Nevada",-0.1,2024-03-18 09:56:42.288,36.7531,-116.2761,8.7
uw61990221,"5 km NNE of Verlot, Washington",0.77,2024-03-18 09:56:27.680,48.13516666666666,-121.7495,3.84
nc74019256,"6 km NW of The Geysers, CA",0.44,2024-03-18 09:56:16.780,38.8105011,-122.8148346,3.2
ci40688808,"5 km WNW of Aguanga, CA",1.5,2024-03-18 09:49:32.060,33.4631667,-116.915,13.83
nc74019251,"7 km WNW of The Geysers, CA",1.07,2024-03-18 09:42:37.700,38.8133316,-122.8273315,1.86
nc74019246,"9 km NW of The Geysers, CA",2.17,2024-03-18 09:41:13.010,38.8348351,-122.8321686,2.34
us6000mjk4,"133 km E of Bitung, Indonesia",4.9,2024-03-18 09:35:16.448,1.5389,126.3267,46.59
ci40688800,"13 km WNW of Anza, CA",0.09,2024-03-18 09:33:23.460,33.5978333,-116.8075,6.89
nn00874969,"57 km SW of Rachel, Nevada",0.1,2024-03-18 09:32:50.367,37.2547,-116.1643,5.7
nc74019241,"21 km NE of San Ardo, CA",0.96,2024-03-18 09:27:59.480,36.176,-120.764,7.47
hv74140362,"13 km E of Pāhala, Hawaii",1.82,2024-03-18 09:26:17.930,19.2048333333333,-155.352666666667,34.01
us6000mjk0,"38 km E of La Tirana, Chile",4.4,2024-03-18 09:23:31.171,-20.3844,-69.2914,126.55
pr71443243,"0 km NNE of Magas Arriba, Puerto Rico",2.11,2024-03-18 08:57:57.420,18.0241666666667,-66.766,14.6
nn00874967,"56 km SW of Rachel, Nevada",0.2,2024-03-18 08:41:08.139,37.2553,-116.1617,6.4
ci40688784,"23 km N of Borrego Springs, CA",0.83,2024-03-18 08:40:09.700,33.4648333,-116.4046667,5.61
ci40688776,"23 km N of Borrego Springs, CA",0.85,2024-03-18 08:40:06.670,33.4595,-116.401,10.24
hv74140337,"2 km NNE of Fern Forest, Hawaii",1.87,2024-03-18 08:36:56.030,19.4818333333333,-155.126833333333,12.65
ak0243l4vgdw,"40 km SW of Covenant Life, Alaska",1.9,2024-03-18 08:32:27.407,59.1496,-136.499,0.0
nn00874966,"57 km SW of Rachel, Nevada",0.2,2024-03-18 08:29:49.314,37.2529,-116.1658,5.5
nn00874958,"57 km SW of Rachel, Nevada",0.2,2024-03-18 08:27:22.886,37.254,-116.1647,5.7
nn00874949,"46 km ESE of Beatty, Nevada",-0.1,2024-03-18 08:25:49.922,36.7492,-116.2822,9.3
nn00874978,"46 km ESE of Beatty, Nevada",-0.2,2024-03-18 08:23:38.203,36.7534,-116.2756,8.9
ci40688768,"24 km ESE of Julian, CA",1.68,2024-03-18 08:21:23.240,33.0026667,-116.3616667,10.81
nn00874977,"46 km ESE of Beatty, Nevada",-0.4,2024-03-18 08:15:33.080,36.7527,-116.2795,9.2
us6000mjjw,West Chile Rise,4.5,2024-03-18 08:15:00.976,-40.8024,-89.8627,10.0
pr71443233,"5 km SW of La Parguera, Puerto Rico",2.59,2024-03-18 08:10:29.410,17.937,-67.0841666666667,12.03
ci40688752,"12 km SW of Searles Valley, CA",0.73,2024-03-18 08:08:52.410,35.6936667,-117.4966667,9.5
nn00874947,"46 km ESE of Beatty, Nevada",0.8,2024-03-18 08:05:46.019,36.7505,-116.2794,9.2
ak0243l4posp,"37 km SE of King Salmon, Alaska",1.5,2024-03-18 08:05:37.057,58.481,-156.1554,177.1
nn00874957,"56 km SW of Rachel, Nevada",0.1,2024-03-18 08:05:22.598,37.2584,-116.1676,5.6
nc74019231,"8 km WNW of Cobb, CA",1.21,2024-03-18 08:03:26.470,38.8396683,-122.8089981,1.98
nn00874976,"46 km ESE of Beatty, Nevada",-0.3,2024-03-18 08:03:20.992,36.7497,-116.2788,9.1
nn00874986,"11 km ENE of Spanish Springs, Nevada",-0.1,2024-03-18 08:01:29.037,39.6804,-119.5815,15.5
pr71443223,"6 km SW of La Parguera, Puerto Rico",2.55,2024-03-18 08:00:11.670,17.9306666666667,-67.0865,12.06
nn00874956,"57 km SW of Rachel, Nevada",0.3,2024-03-18 07:58:33.521,37.2588,-116.1736,5.4
nc74019226,"1 km E of The Geysers, CA",0.78,2024-03-18 07:58:16.670,38.776165,-122.7444992,1.56
nn00874946,"46 km ESE of Beatty, Nevada",0.3,2024-03-18 07:58:03.731,36.7473,-116.279,9.1
nn00874985,"57 km SW of Rachel, Nevada",0.5,2024-03-18 07:56:58.290,37.2547,-116.1776,4.5
nn00874945,"57 km SW of Rachel, Nevada",0.5,2024-03-18 07:56:44.639,37.2483,-116.1647,5.3
nn00874955,"56 km SW of Rachel, Nevada",-0.2,2024-03-18 07:52:01.665,37.2625,-116.1666,5.8
nc74019221,"6 km W of Cobb, CA",0.51,2024-03-18 07:51:00.680,38.8263321,-122.7979965,1.81
nc74019216,"10 km NW of The Geysers, CA",0.76,2024-03-18 07:44:21.470,38.8391685,-122.8379974,1.63
ak0243l4ccz7,"43 km SE of Denali National Park, Alaska",1.5,2024-03-18 07:43:18.598,63.2769,-151.0907,0.0
nn00874943,"46 km ESE of Beatty, Nevada",0.5,2024-03-18 07:29:28.126,36.7503,-116.2779,8.9
nn00874942,"46 km ESE of Beatty, Nevada",0.3,2024-03-18 07:23:37.043,36.7484,-116.2786,9.1
uw61990211,"12 km ENE of Sunnyslope, Washington",0.25,2024-03-18 07:23:26.510,47.536833333333334,-120.1935,12.41
nn00874941,"46 km ESE of Beatty, Nevada",0.0,2024-03-18 07:22:05.339,36.7523,-116.2761,8.8
nc74019211,"10 km NW of The Geysers, CA",0.32,2024-03-18 07:20:08.940,38.8388329,-122.8383331,1.88
nc74019201,"7 km W of Cobb, CA",1.08,2024-03-18 07:14:20.660,38.8300018,-122.803833,1.6
ak0243l453n6,"59 km SE of Egegik, Alaska",1.9,2024-03-18 07:09:31.709,57.8967,-156.5602,0.0
nc74019196,"1 km E of The Geysers, CA",1.52,2024-03-18 07:06:21.970,38.7788315,-122.7440033,-0.27
ak0243l448fn,"39 km W of Nanwalek, Alaska",1.9,2024-03-18 07:05:27.232,59.4085,-152.6166,67.8
pr71443218,"3 km S of Guánica, Puerto Rico",2.23,2024-03-18 07:04:21.720,17.9358333333333,-66.9068333333333,14.73
ak0243l434p8,"45 km SSW of Manley Hot Springs, Alaska",1.4,2024-03-18 07:00:12.281,64.6195,-150.949,11.0
ci40688744,"21 km WNW of Searles Valley, CA",1.71,2024-03-18 06:53:35.310,35.8065,-117.6301667,7.66
nn00874981,"44 km ENE of Fort Bidwell, California",1.9,2024-03-18 06:49:03.941,41.9974,-119.6479,0.0
us6000mjje,"57 km W of Paramonga, Peru",4.3,2024-03-18 06:45:53.934,-10.6081,-78.3559,44.935
ak0243l3pht2,"44 km WSW of Skwentna, Alaska",1.5,2024-03-18 06:36:50.300,61.8352,-152.1684,10.8
uw61990206,"5 km NW of Dash Point, Washington",1.33,2024-03-18 06:36:19.940,47.349333333333334,-122.48316666666666,20.08
nc74019186,"10 km NE of Morgan Hill, CA",0.93,2024-03-18 06:34:59.790,37.1826667,-121.559,6.33
nc74019181,"14 km ESE of Lake Pillsbury, CA",2.31,2024-03-18 06:30:23.020,39.3468323,-122.8106689,3.29
mb90043308,"22 km WNW of Stanley, Idaho",1.92,2024-03-18 06:20:24.280,44.3075,-115.189666666667,8.85
ci40688728,"18 km WSW of El Centro, CA",1.69,2024-03-18 06:12:05.580,32.6981667,-115.7203333,10.26
mb90043298,"16 km NNE of Stanley, Idaho",2.53,2024-03-18 06:10:17.730,44.3441666666667,-114.825166666667,8.45
nc74019176,"4 km W of Cobb, CA",1.49,2024-03-18 06:09:31.110,38.8216667,-122.7665024,1.7
ci40688720,"8 km SE of Valle Vista, CA",0.85,2024-03-18 06:06:16.230,33.7081667,-116.8258333,16.16
ak0243l3hqku,"27 km SW of Petersville, Alaska",1.8,2024-03-18 06:00:31.507,62.3575,-151.2164,80.8
ak0243l38w44,"129 km WNW of Arctic Village, Alaska",1.6,2024-03-18 05:59:04.204,68.7848,-148.1535,0.0
ak0243l38qbm,"52 km W of Happy Valley, Alaska",1.8,2024-03-18 05:58:29.146,60.0197,-152.6669,99.7
ci40688704,"15 km SW of Lone Pine, CA",1.42,2024-03-18 05:29:04.380,36.499,-118.2011667,9.95
tx2024flcg,"31 km NNW of Toyah, Texas",1.6,2024-03-18 05:18:42.355,31.574,-103.94,7.4841
nc74019171,"1 km N of The Geysers, CA",0.76,2024-03-18 04:48:14.530,38.7886658,-122.75383,0.22
nn00874975,"57 km SW of Rachel, Nevada",-0.2,2024-03-18 04:32:49.466,37.2506,-116.1635,5.8
hv74140232,"11 km ENE of Pāhala, Hawaii",1.74,2024-03-18 04:28:52.760,19.2611666666667,-155.383333333333,30.57
ak0243l2ge6d,"18 km WSW of Hope, Alaska",1.8,2024-03-18 04:26:08.053,60.8457,-149.9388,33.0
nc74019166,"3 km W of Cobb, CA",0.27,2024-03-18 04:25:06.700,38.8246651,-122.7613297,1.84
nn00874974,"58 km SW of Rachel, Nevada",-0.3,2024-03-18 04:24:41.688,37.2441,-116.1742,6.1
nn00874973,"57 km SW of Rachel, Nevada",-0.1,2024-03-18 04:22:36.506,37.2517,-116.1642,5.3
nn00874972,"57 km SW of Rachel, Nevada",0.3,2024-03-18 04:21:31.633,37.2564,-116.1668,6.1
ci40688688,"12 km ESE of Ocotillo, CA",0.66,2024-03-18 04:15:40.540,32.6808333,-115.8796667,5.51
us6000mjj2,"134 km ENE of Maumere, Indonesia",4.5,2024-03-18 04:13:13.812,-8.046,123.2912,263.485
hv74140222,"12 km ENE of Pāhala, Hawaii",1.93,2024-03-18 04:10:21.530,19.2638333333333,-155.376666666667,30.93
nc74019161,"0 km W of The Geysers, CA",0.79,2024-03-18 04:09:31.270,38.777832,-122.7608337,4.43
ak0243l20jc3,"26 km NNW of Willow, Alaska",1.6,2024-03-18 03:52:09.958,61.9494,-150.2888,2.9
ak0243l1tbyt,"87 km SE of Pope-Vannoy Landing, Alaska",2.0,2024-03-18 03:18:48.539,58.9693,-153.4643,59.2
ak0243l1s07w,"11 km W of Fishhook, Alaska",1.4,2024-03-18 03:12:29.728,61.7489,-149.4493,0.0
ci40688672,"5 km S of Idyllwild, CA",0.82,2024-03-18 03:11:15.660,33.6956667,-116.7265,17.5
nc74019151,"11 km NNE of Bella Vista, CA",1.46,2024-03-18 03:07:59.900,40.735,-122.1858333,8.55
ak0243l1gmqy,"6 km W of Happy Valley, Alaska",1.6,2024-03-18 02:59:22.987,59.9427,-151.8392,28.3
us6000mjiv,"7 km WNW of Healdton, Oklahoma",2.9,2024-03-18 02:55:05.617,34.2583,-97.5589,8.646
se60501763,"7 km ESE of Elgin, South Carolina",1.93,2024-03-18 02:47:50.760,34.1526666666667,-80.72,2.93
ak0243l1a9l2,"52 km E of Pedro Bay, Alaska",2.0,2024-03-18 02:29:53.026,59.754,-153.1797,105.9
nn00874936,"46 km NW of Indian Springs, Nevada",0.7,2024-03-18 02:08:24.609,36.8863,-116.007,7.3
nn00874938,"14 km SSE of Sierraville, California",0.5,2024-03-18 01:55:51.998,39.4628,-120.3142,11.0
nc74019126,"5 km NNW of Shasta Lake, CA",1.49,2024-03-18 01:51:01.660,40.7251663,-122.3864975,8.03
nc74019121,"7 km WNW of Cobb, CA",0.37,2024-03-18 01:50:43.390,38.8353348,-122.8073349,2.18
ci40688648,"22 km SW of Ocotillo Wells, CA",1.55,2024-03-18 01:44:05.340,33.0131667,-116.3096667,9.78
us6000mjip,"240 km NNE of Nagqu, China",4.0,2024-03-18 01:25:02.337,33.5213,92.9062,10.0
nc74019106,"7 km WNW of Cobb, CA",0.67,2024-03-18 01:20:36.230,38.8371658,-122.8058319,1.73
us6000mjim,"120 km S of Akureyri, Iceland",4.7,2024-03-18 00:45:46.646,64.6081,-17.7972,10.0
ak0243l05j5j,"10 km NW of Four Mile Road, Alaska",1.2,2024-03-18 00:39:48.058,64.6609,-149.305,17.9
ak0243l05460,"72 km NNE of Lake Minchumina, Alaska",1.5,2024-03-18 00:37:53.698,64.5189,-152.0237,4.5
uw61990171,"23 km SSW of Packwood, Washington",0.96,2024-03-18 00:23:50.980,46.41733333333333,-121.79266666666666,8.98
hv74140082,"7 km SW of Volcano, Hawaii",1.77,2024-03-18 00:20:14.850,19.3921666666667,-155.280833333333,1.78
nc74019091,"6 km WNW of Cobb, CA",1.07,2024-03-18 00:19:01.470,38.8354988,-122.7948303,2.01
us6000mjij,"55 km N of Lae, Papua New Guinea",5.1,2024-03-18 00:18:04.750,-6.2343,146.9049,94.506
ak0243kzxm5t,"52 km WNW of Happy Valley, Alaska",1.9,2024-03-18 00:02:54.577,60.0529,-152.6504,95.5
ak0243jqcfof,"4 km E of Fox, Alaska",1.6,2024-03-17 23:45:46.577,64.9512,-147.5191,0.0
us6000mjif,"209 km SE of Pondaguitan, Philippines",4.8,2024-03-17 23:41:40.673,4.9092,127.3873,120.527
hv74140062,"14 km S of Fern Forest, Hawaii",2.15,2024-03-17 23:36:41.800,19.3338333333333,-155.127,6.27
us6000mji0,"96 km SSW of Severo-Kuril’sk, Russia",4.1,2024-03-17 23:31:20.024,49.8907,155.5395,117.202
nc74019086,"9 km WNW of Cobb, CA",0.78,2024-03-17 23:31:17.480,38.8458328,-122.8243332,1.95
ci40688616,"4 km NNW of Boron, CA",1.21,2024-03-17 23:17:58.260,35.032,-117.6676667,-0.79
tx2024fkqd,"55 km S of Whites City, New Mexico",1.7,2024-03-17 23:10:29.819,31.679,-104.425,7.0227
tx2024fkps,"16 km NNW of Toyah, Texas",1.7,2024-03-17 22:58:15.149,31.441,-103.88,5.2026
us6000mjht,"Izu Islands, Japan region",4.0,2024-03-17 22:51:36.559,30.0697,137.4908,502.917
nc74019071,"8 km WNW of Cobb, CA",0.71,2024-03-17 22:42:29.460,38.8381653,-122.8075027,3.81
nc74019066,"4 km SW of Rio Dell, CA",1.43,2024-03-17 22:36:48.390,40.467,-124.138,7.28
hv74139987,"5 km S of Pāhala, Hawaii",2.42,2024-03-17 22:36:06.250,19.1546669006348,-155.473831176758,31.2800006866455
nc74019046,"4 km NW of Cobb, CA",1.36,2024-03-17 22:12:21.530,38.8494987,-122.7614975,0.71
us6000mjhr,"259 km NNE of Nagqu, China",4.0,2024-03-17 22:05:54.170,33.6366,93.1122,10.0
us6000mjhq,"11 km E of Cowles, Nebraska",2.5,2024-03-17 22:00:43.934,40.1841,-98.3088,9.672
ak0243jp8azl,"16 km NW of Susitna, Alaska",2.1,2024-03-17 21:58:22.419,61.6433,-150.7386,55.5
hv74139912,"3 km SE of Pāhala, Hawaii",1.74,2024-03-17 21:27:04.540,19.1813333333333,-155.4555,31.0
nm60574156,"5 km SE of Marston, Missouri",1.38,2024-03-17 21:23:37.790,36.4863333333333,-89.5618333333333,9.25
ak0243jozicz,"24 km NW of Petersville, Alaska",1.6,2024-03-17 21:17:18.918,62.6265,-151.1448,0.0
uw61990156,"37 km NNE of Amboy, Washington",0.55,2024-03-17 21:13:28.560,46.19466666666667,-122.19333333333333,-1.78
nc74019026,"3 km NW of The Geysers, CA",0.26,2024-03-17 21:13:00.610,38.793499,-122.7841644,4.06
us6000mjhl,"63 km ENE of Mohr, Iran",4.9,2024-03-17 21:03:44.497,27.7728,53.4775,10.0
ak0243jokdjv,"12 km ENE of Nikolaevsk, Alaska",1.6,2024-03-17 20:46:58.199,59.8502,-151.4021,42.6
ci40688592,"6 km SSE of Cabazon, CA",0.78,2024-03-17 20:40:21.490,33.8723333,-116.7598333,15.88
ci40688576,"6 km S of Lytle Creek, CA",1.35,2024-03-17 20:33:08.600,34.2088333,-117.4971667,4.61
ak0243joh4tl,"46 km WNW of Ninilchik, Alaska",1.9,2024-03-17 20:31:45.375,60.1409,-152.4863,99.8
uu80062941,"14 km NE of Milford, Utah",0.11,2024-03-17 20:18:03.420,38.4958333333333,-112.897666666667,3.28
ci40688552,"11 km SW of Corona, CA",1.68,2024-03-17 20:06:24.120,33.7878333,-117.6408333,3.93
ak0243joapj9,"68 km WNW of Ninilchik, Alaska",1.9,2024-03-17 20:01:48.277,60.3172,-152.7841,114.2
ci40688544,"3 km ENE of Westmorland, CA",1.26,2024-03-17 19:48:08.750,33.051,-115.593,9.46
nc74019006,"28 km E of Alum Rock, CA",1.94,2024-03-17 19:36:11.320,37.3896675,-121.5091629,7.79
ak0243jnwoe4,"43 km WNW of Ninilchik, Alaska",2.0,2024-03-17 19:36:01.247,60.1768,-152.4011,97.5
nc74019001,"7 km WNW of Cobb, CA",0.58,2024-03-17 19:32:49.860,38.8373337,-122.8021698,1.98
us6000mjh7,"82 km SE of Sarangani, Philippines",4.5,2024-03-17 19:31:15.005,4.9181,126.0304,104.447
ak0243jnv2ba,"12 km NNW of Two Rivers, Alaska",1.4,2024-03-17 19:28:48.549,64.9749,-147.1364,6.0
nn00874935,"49 km ESE of Beatty, Nevada",-0.1,2024-03-17 19:13:37.861,36.7986,-116.2228,4.6
ci40688536,"6 km S of Lytle Creek, CA",1.05,2024-03-17 19:10:27.690,34.2065,-117.499,4.35
us6000mjh3,"4 km SW of Yachimata, Japan",4.5,2024-03-17 18:50:20.510,35.6284,140.2774,52.185
ak0243jndmyt,"22 km NNW of Sterling, Alaska",1.3,2024-03-17 18:47:18.133,60.7361,-150.8756,67.1
ci40688520,"20 km ESE of Ridgecrest, CA",0.68,2024-03-17 18:44:18.870,35.525,-117.4898333,6.71
nn00874931,"54 km E of Fallon Station, Nevada",1.5,2024-03-17 18:44:09.638,39.4359,-118.087,13.0
nc74018996,"9 km NE of Alum Rock, CA",1.01,2024-03-17 18:32:54.960,37.4261667,-121.7648333,10.38
nc74018991,"9 km WNW of Cobb, CA",0.93,2024-03-17 18:18:31.630,38.841835,-122.8266678,1.81
ak0243jn5r7t,"43 km SW of Cantwell, Alaska",1.7,2024-03-17 18:10:40.730,63.0947,-149.5229,79.0
ak0243jn5a50,"49 km NW of Beluga, Alaska",1.7,2024-03-17 18:08:19.402,61.4214,-151.7907,33.7
ak0243jmtwn2,"57 km SSE of Kokhanok, Alaska",1.4,2024-03-17 17:55:12.303,58.9801,-154.3252,113.5
nc74018986,"2 km ESE of Pacheco, CA",1.75,2024-03-17 17:41:26.510,37.9716682,-122.0511703,15.2
ak0243jmpekg,"8 km NE of Houston, Alaska",2.4,2024-03-17 17:34:11.848,61.6844,-149.7096,6.8
nc74018981,"7 km NW of The Geysers, CA",1.08,2024-03-17 17:33:33.250,38.8154984,-122.8198318,2.37
us6000mjgw,"Pagan region, Northern Mariana Islands",4.4,2024-03-17 17:30:36.459,18.0068,145.5892,259.95
us6000mjgu,"12 km ENE of Tomioka, Japan",4.2,2024-03-17 17:25:18.600,37.373,141.1519,55.006
ak0243jmnh44,"40 km SSW of Glacier View, Alaska",1.0,2024-03-17 17:25:11.725,61.4724,-147.9711,19.1
ak0243jmluwc,"69 km ESE of Denali National Park, Alaska",1.3,2024-03-17 17:17:57.245,63.202,-150.5634,32.1
uu80062931,"9 km NE of Howell, Utah",1.25,2024-03-17 17:16:01.360,41.8453333333333,-112.346166666667,5.16
ci40688496,"13 km WNW of Ocotillo Wells, CA",1.14,2024-03-17 17:14:30.520,33.1968333,-116.2543333,10.71
ak0243jml44w,"47 km NNW of Paxson, Alaska",1.6,2024-03-17 17:14:10.401,63.4696,-146.0606,5.5
ak0243jmkzff,"26 km NNW of Ninilchik, Alaska",1.7,2024-03-17 17:13:49.391,60.2592,-151.8775,71.3
ci40688488,"4 km SE of Loma Linda, CA",0.97,2024-03-17 16:57:34.130,34.0206667,-117.2301667,16.02
ak0243jm8rxq,"64 km N of Petersville, Alaska",1.6,2024-03-17 16:56:54.035,63.068,-150.6102,119.0
ak0243jm6toy,"31 km S of Denali National Park, Alaska",1.3,2024-03-17 16:47:43.215,63.2623,-151.6421,12.3
pr71443193,"48 km NW of San Antonio, Puerto Rico",3.05,2024-03-17 16:43:49.020,18.8333333333333,-67.3906666666667,5.92
ci40688480,"21 km ESE of Little Lake, CA",1.12,2024-03-17 16:42:10.350,35.86,-117.6985,5.98
nn00874934,"40 km NW of Indian Springs, Nevada",-0.1,2024-03-17 16:40:23.689,36.796,-116.0233,8.3
pr71443183,"21 km N of Brenas, Puerto Rico",3.09,2024-03-17 16:35:42.300,18.6643333333333,-66.345,72.28
pr71443178,"11 km NNE of Carrizales, Puerto Rico",3.12,2024-03-17 16:33:28.830,18.5843333333333,-66.7575,88.16
tx2024fkcq,"29 km NW of Toyah, Texas",1.6,2024-03-17 16:22:06.209,31.515,-104.004,5.4796
us6000mjgi,"133 km S of Kencong, Indonesia",4.5,2024-03-17 16:16:58.018,-9.4791,113.1841,46.033
us6000mjgj,east of the Kuril Islands,4.8,2024-03-17 16:16:38.562,47.7492,156.4658,10.0
nc74018971,"10 km WNW of The Geysers, CA",0.81,2024-03-17 16:00:57.750,38.8223343,-122.8525009,2.05
ci40688456,"6 km NE of Anza, CA",0.67,2024-03-17 15:53:16.260,33.5931667,-116.6331667,13.23
nc74018956,"5 km WNW of Cobb, CA",1.1,2024-03-17 15:38:15.810,38.8370018,-122.7829971,1.87
nc74018951,"8 km WNW of Cobb, CA",0.24,2024-03-17 15:34:10.770,38.847168,-122.8143311,1.54
hv74139522,"3 km S of Pāhala, Hawaii",2.02999997,2024-03-17 15:09:25.740,19.1673336029053,-155.483001708984,31.3400001525879
hv74139517,"9 km SSW of Volcano, Hawaii",1.62,2024-03-17 15:08:51.160,19.362,-155.2575,23.1
nc74018946,"36 km E of Hydesville, CA",3.89,2024-03-17 14:53:53.380,40.5575,-123.6748333,35.06
nc74018936,"6 km NW of The Geysers, CA",0.75,2024-03-17 14:36:02.400,38.8175011,-122.7961655,2.31
ak0243jkx5d2,"3 km SSW of Funny River, Alaska",1.5,2024-03-17 14:34:32.706,60.4692,-150.7899,53.7
ak0243jkwbhb,"65 km ENE of Port Alsworth, Alaska",2.4,2024-03-17 14:30:45.433,60.4296,-153.2242,160.2
us6000mjg2,"15 km WNW of Ashkāsham, Afghanistan",4.1,2024-03-17 14:29:24.794,36.7512,71.3796,191.431
nc74018931,"8 km NW of The Geysers, CA",1.23,2024-03-17 14:28:29.850,38.8306656,-122.8183365,1.87
mb90043283,"17 km SE of Lincoln, Montana",1.26,2024-03-17 14:22:39.660,46.8603333333333,-112.502166666667,13.77
uw61990136,"16 km W of Crescent City, California",1.94,2024-03-17 14:21:49.720,41.775,-124.3935,-0.63
hv74139467,"27 km NNW of Pāhala, Hawaii",1.9,2024-03-17 14:07:20.030,19.4271666666667,-155.588666666667,38.39
ak0243jkqbyl,"24 km NNW of Susitna, Alaska",1.8,2024-03-17 14:02:52.291,61.7378,-150.7337,3.7
ci40688432,"15 km ESE of Little Lake, CA",1.05,2024-03-17 13:53:44.800,35.909,-117.7436667,6.33
hv74139452,"16 km ENE of Pāhala, Hawaii",1.67,2024-03-17 13:43:06.770,19.283,-155.341333333333,5.66
ci40688424,"19 km N of Avalon, CA",1.96,2024-03-17 13:37:21.470,33.5155,-118.3435,9.48
us6000mjft,"111 km NW of Piti Village, Guam",4.9,2024-03-17 13:36:29.096,14.2912,144.1008,10.0
ak0243jkbw6k,"39 km E of Stevens Village, Alaska",1.4,2024-03-17 13:35:15.963,66.035,-148.2296,15.9
nc74018926,"7 km NW of The Geysers, CA",0.78,2024-03-17 13:28:56.560,38.8165016,-122.81633,2.99
nc74018921,"7 km WNW of The Geysers, CA",1.08,2024-03-17 13:20:29.960,38.8086662,-122.8218307,2.24
ak0243jk89fz,"16 km ENE of Lake Minchumina, Alaska",1.5,2024-03-17 13:18:21.592,63.949,-152.0039,6.2
nn00874921,"13 km NE of Big Pine, California",1.0,2024-03-17 13:07:29.381,37.2527,-118.1881,7.8
nc74018916,"8 km W of Cobb, CA",0.71,2024-03-17 12:56:07.110,38.8353348,-122.81633,1.59
hv74139402,"17 km N of Pāhala, Hawaii",1.82,2024-03-17 12:55:08.740,19.3648333333333,-155.476,8.32
nn00874919,"36 km WNW of Indian Springs, Nevada",0.0,2024-03-17 12:51:09.922,36.7304,-116.028,8.5
nc74018911,"15 km ESE of Lake Pillsbury, CA",2.53,2024-03-17 12:47:41.620,39.3445015,-122.8058319,-0.89
uu80062926,"9 km NE of Howell, Utah",0.75,2024-03-17 12:45:56.780,41.8481666666667,-112.346833333333,4.77
ak0243jjslkl,"27 km WSW of Susitna North, Alaska",1.4,2024-03-17 12:45:13.816,62.0554,-150.3169,48.2
nc74018901,"6 km WNW of Cobb, CA",0.27,2024-03-17 12:41:53.190,38.8361664,-122.7965012,1.5
hv74139382,"7 km SW of Volcano, Hawaii",1.5,2024-03-17 12:34:37.920,19.3915,-155.28,1.62
tx2024fjvd,"31 km NNW of Toyah, Texas",1.7,2024-03-17 12:34:30.354,31.569,-103.936,7.2791
ci40688416,"27 km SE of Bodfish, CA",0.87,2024-03-17 12:29:49.460,35.4325,-118.2678333,9.81
tx2024fjuu,"34 km NNW of Toyah, Texas",2.1,2024-03-17 12:25:16.572,31.595,-103.956,7.4285
ci40688408,"6 km ESE of Valle Vista, CA",0.47,2024-03-17 12:20:22.760,33.7168333,-116.8345,15.5
ci40688400,"16 km S of Searles Valley, CA",1.04,2024-03-17 12:12:47.700,35.6236667,-117.4378333,2.76
nc74018896,"10 km WNW of The Geysers, CA",1.09,2024-03-17 12:10:39.990,38.8269997,-122.8533325,1.17
ci40688392,"12 km S of Anza, CA",0.24,2024-03-17 12:07:10.370,33.4438333,-116.6895,10.93
nn00874928,"2 km WSW of Loyalton, California",0.4,2024-03-17 12:05:55.786,39.6683,-120.2702,12.2
hv74139367,"7 km SW of Volcano, Hawaii",1.86,2024-03-17 11:57:17.660,19.3851661682129,-155.279495239258,0.379999995231628
nc74018891,"12 km WNW of The Geysers, CA",0.45,2024-03-17 11:41:28.290,38.8346672,-122.8781662,1.82
nc74018886,"1 km NW of The Geysers, CA",0.52,2024-03-17 11:35:44.610,38.7856674,-122.7668304,2.82
nc74018881,"2 km NNW of The Geysers, CA",1.5,2024-03-17 11:35:38.460,38.7891655,-122.7643356,1.48
ci40688384,"13 km WNW of Anza, CA",0.38,2024-03-17 11:33:58.020,33.5923333,-116.8103333,8.14
ak0243jj3acg,"57 km NNE of Chase, Alaska",1.7,2024-03-17 11:27:04.322,62.906,-149.6006,73.0
ak0243jj287k,"108 km S of Unalaska, Alaska",3.7,2024-03-17 11:22:11.647,52.9118,-166.7632,13.1
nn00874918,"22 km WNW of Gabbs, Nevada",1.3,2024-03-17 11:16:41.496,38.9802,-118.1357,6.5
ci40688376,"10 km NNE of Indio, CA",2.67,2024-03-17 11:14:19.220,33.806,-116.1848333,6.23
us6000mjfc,"209 km SE of Lorengau, Papua New Guinea",5.4,2024-03-17 11:10:16.832,-3.3698,148.6059,10.0
nc74018871,"5 km SE of Redwood Valley, CA",1.17,2024-03-17 11:09:09.970,39.2376667,-123.1655,0.71
ak0243jiz28d,"30 km ESE of Livengood, Alaska",1.2,2024-03-17 11:07:32.930,65.3815,-147.9795,13.8
ak0243jiyut1,"50 km SSE of Glacier View, Alaska",1.6,2024-03-17 11:06:36.697,61.3751,-147.3971,19.3
nn00874913,"28 km SSE of Rachel, Nevada",0.9,2024-03-17 10:53:39.448,37.4066,-115.637,0.0
uu80062921,"14 km NE of Milford, Utah",-0.36,2024-03-17 10:52:08.810,38.4953333333333,-112.894666666667,3.01
ak0243jilk0i,"5 km NE of Denali Park, Alaska",1.2,2024-03-17 10:44:26.564,63.7687,-148.8527,103.7
nn00874927,"47 km NW of Indian Springs, Nevada",-0.2,2024-03-17 10:42:49.332,36.8958,-116.0232,9.2
ak0243jikuj1,"6 km NNW of Anchor Point, Alaska",1.7,2024-03-17 10:41:01.250,59.8279,-151.8892,54.1
hv74139342,"3 km WSW of Hilo, Hawaii",2.29,2024-03-17 10:35:51.530,19.7215,-155.125,44.16
hv74139347,"1 km NNE of Pepeekeo, Hawaii",2.3,2024-03-17 10:35:50.630,19.8441666666667,-155.104,40.51
hv74139332,"0 km S of Pāhala, Hawaii",1.79,2024-03-17 10:32:50.640,19.198,-155.479333333333,34.98
ak0243jihw5q,"40 km SE of Denali National Park, Alaska",1.5,2024-03-17 10:27:23.400,63.2716,-151.1661,12.4
tx2024fjqw,"34 km NNW of Toyah, Texas",1.8,2024-03-17 10:25:47.776,31.59,-103.96,4.5988
nc74018866,"9 km WNW of Cobb, CA",0.72,2024-03-17 10:24:54.520,38.8381653,-122.8236694,1.69
ak0243jiduty,"59 km W of Anchor Point, Alaska",3.1,2024-03-17 10:08:39.370,59.8791,-152.8699,95.0
ci40688368,"18 km NNE of Ridgecrest, CA",1.49,2024-03-17 10:02:19.660,35.7728333,-117.6168333,9.29
nn00874909,"18 km SSE of Rachel, Nevada",1.5,2024-03-17 09:55:41.809,37.4911,-115.6612,12.9
uu80062916,"23 km SSW of Thatcher, Utah",1.87,2024-03-17 09:54:13.080,41.511,-112.4265,8.21
nc74018856,"10 km NW of The Geysers, CA",0.21,2024-03-17 09:52:49.110,38.8380013,-122.8375015,1.81
uw61990131,"5 km NE of Six Mile, Canada",1.1400000000000001,2024-03-17 09:49:04.310,48.497,-123.41783333333333,21.02
uu80062911,"14 km NE of Milford, Utah",-0.46,2024-03-17 09:41:38.020,38.4955,-112.897166666667,3.27
hv74139317,"9 km NE of Pāhala, Hawaii",1.75999999,2024-03-17 09:41:37.970,19.2546672821045,-155.411331176758,33.189998626709
uu80062906,"14 km NE of Milford, Utah",-0.4,2024-03-17 09:37:28.620,38.4938333333333,-112.897666666667,3.51
av92233486,"86 km NW of Karluk, Alaska",-0.51,2024-03-17 09:34:43.470,58.1803333333333,-155.360333333333,-0.8
pr71443158,"8 km NNW of Sabana, Puerto Rico",3.1,2024-03-17 09:31:52.820,18.5278333333333,-66.4005,108.91
ci40688360,"10 km SW of Niland, CA",1.52,2024-03-17 09:28:43.450,33.1863333,-115.6075,2.58
nn00874907,"13 km NE of Hiko, Nevada",1.1,2024-03-17 09:28:28.484,37.6721,-115.1025,3.0
ci37633564,"10 km SW of Niland, CA",1.09,2024-03-17 09:28:27.090,33.1833333,-115.6083333,2.77
av92233481,"60 km SE of Pedro Bay, Alaska",0.27,2024-03-17 09:24:40.060,59.3568333333333,-153.444166666667,-0.54
ci40688352,"11 km NW of Anza, CA",0.32,2024-03-17 09:19:26.950,33.6336667,-116.7393333,15.09
us6000mjeu,Fiji region,4.4,2024-03-17 09:11:47.520,-19.0506,-177.5552,553.137
nn00874926,"3 km S of Virginia City, Nevada",0.2,2024-03-17 09:07:45.699,39.2816,-119.652,0.0
ak0243jhqv2g,"33 km S of Denali National Park, Alaska",1.5,2024-03-17 09:01:11.449,63.2454,-151.6771,9.3
hv74139282,"3 km SSW of Pāhala, Hawaii",1.95,2024-03-17 08:59:38.180,19.1753333333333,-155.494666666667,33.37
us6000mjet,"103 km NNW of Piti Village, Guam",4.7,2024-03-17 08:58:54.611,14.2785,144.2275,10.144
hv74139277,"7 km SW of Volcano, Hawaii",1.28,2024-03-17 08:55:13.420,19.3928333333333,-155.2795,1.49
nc74018851,"1 km NW of The Geysers, CA",0.77,2024-03-17 08:48:25.800,38.7858315,-122.7668304,1.56
nn00874925,"5 km SE of Floriston, California",-0.1,2024-03-17 08:42:21.596,39.3563,-119.9731,7.5
ok2024fjmz,"7 km NW of Healdton, Oklahoma",2.54,2024-03-17 08:27:41.549,34.27951431,-97.54042053,0.2890284359
us6000mjep,central Mid-Atlantic Ridge,4.7,2024-03-17 08:23:51.151,0.7274,-27.9261,10.0
nc74018841,"6 km NW of The Geysers, CA",1.08,2024-03-17 08:16:08.210,38.8110008,-122.8078308,1.37
nc74018836,"6 km NW of The Geysers, CA",0.99,2024-03-17 08:14:49.470,38.8120003,-122.8066635,1.43
nc74018831,"6 km NW of The Geysers, CA",0.77,2024-03-17 08:14:30.390,38.8115005,-122.8083344,1.39
hv74139252,"6 km SW of Volcano, Hawaii",1.67,2024-03-17 08:09:18.450,19.3955,-155.274666666667,1.54
nc74018826,"3 km NW of The Geysers, CA",1.09,2024-03-17 08:08:57.790,38.7915001,-122.7808304,1.22
av92233461,"64 km ENE of Pedro Bay, Alaska",-1.16,2024-03-17 08:08:37.740,60.0163333333333,-153.054166666667,1.06
ci40688344,"16 km SSW of Searles Valley, CA",0.99,2024-03-17 08:02:28.000,35.6365,-117.4666667,5.9
ci40688336,"16 km SSW of Searles Valley, CA",0.82,2024-03-17 07:57:32.090,35.636,-117.4705,5.08
nn00874924,"9 km ENE of Spanish Springs, Nevada",0.6,2024-03-17 07:56:59.442,39.6684,-119.6005,9.7
nc74018816,"2 km WNW of The Geysers, CA",2.07,2024-03-17 07:56:59.020,38.7876663,-122.7791672,-0.12
nc74018811,"3 km NW of The Geysers, CA",2.09,2024-03-17 07:56:52.810,38.7916679,-122.7799988,1.2
nc74018801,"3 km NW of The Geysers, CA",2.18,2024-03-17 07:56:17.700,38.7923317,-122.7818298,1.71
nc74018796,"3 km NW of The Geysers, CA",2.12,2024-03-17 07:56:05.860,38.793499,-122.779335,1.34
nc74018791,"3 km NW of The Geysers, CA",0.74,2024-03-17 07:54:57.230,38.793499,-122.7833328,1.38
nc74018781,"3 km NNW of The Geysers, CA",0.81,2024-03-17 07:54:39.070,38.7978325,-122.7740021,-0.56
nc74018761,"3 km NW of The Geysers, CA",1.93,2024-03-17 07:53:12.680,38.7928352,-122.7813339,1.23
ci40688328,"3 km NNE of Vincent, CA",1.15,2024-03-17 07:52:43.180,34.5285,-118.1038333,9.81
av91136853,"53 km NNE of King Cove, Alaska",0.29,2024-03-17 07:49:23.910,55.4698333333333,-161.876166666667,24.94
av91136848,"51 km NNE of King Cove, Alaska",0.4,2024-03-17 07:47:32.750,55.4518333333333,-161.883333333333,26.87
av91136843,"48 km NNE of King Cove, Alaska",0.02,2024-03-17 07:46:42.430,55.4383333333333,-161.923666666667,26.13
ci40688320,"13 km SE of Anza, CA",0.76,2024-03-17 07:29:58.850,33.483,-116.5611667,6.5
ak0243jgmmsl,"64 km NE of Ouzinkie, Alaska",2.1,2024-03-17 07:13:41.815,58.2483,-151.6068,22.9
us6000mjef,"35 km SSW of Jiquilillo, Nicaragua",4.3,2024-03-17 07:11:06.051,12.4592,-87.6006,62.709
av92233426,"62 km ENE of Pedro Bay, Alaska",-0.98,2024-03-17 07:03:07.560,60.0156666666667,-153.084166666667,-1.43
uw61990126,"15 km NNE of Ashford, Washington",0.08,2024-03-17 06:50:39.110,46.87983333333333,-121.9415,8.3
mb90043273,"16 km NE of Stanley, Idaho",1.79,2024-03-17 06:39:37.850,44.3361666666667,-114.808,1.41
nc74018746,"7 km NW of The Geysers, CA",0.89,2024-03-17 06:38:44.680,38.8146667,-122.8183365,2.66
ak0243jg4o0t,"45 km N of Petersville, Alaska",1.9,2024-03-17 06:29:59.656,62.9068,-150.7586,84.0
nc74018741,"1 km NE of The Geysers, CA",1.28,2024-03-17 06:27:41.570,38.7871666,-122.7460022,1.34
nc74018736,"8 km WNW of Cobb, CA",0.72,2024-03-17 06:26:59.490,38.8359985,-122.8125,1.9
nc74018731,"8 km W of Cobb, CA",1.09,2024-03-17 06:26:15.910,38.8348351,-122.8119965,2.11
av91136833,"11 km W of Akutan, Alaska",-0.98,2024-03-17 06:22:29.400,54.1495,-165.951,-1.3
ak0243jg3288,"66 km N of Petersville, Alaska",1.3,2024-03-17 06:22:10.647,63.0934,-150.7702,123.4
av91136828,"19 km WNW of Akutan, Alaska",-0.13,2024-03-17 06:20:49.070,54.1895,-166.052,3.52
nc74018726,"10 km WNW of The Geysers, CA",0.45,2024-03-17 06:20:32.110,38.8248329,-122.8526688,2.0
nc74018721,"10 km WNW of The Geysers, CA",0.62,2024-03-17 06:10:38.750,38.8224983,-122.8518295,2.48
hv74139187,"9 km SW of Volcano, Hawaii",1.79999995,2024-03-17 06:08:45.480,19.3743324279785,-155.294174194336,1.70000004768372
hv74139182,"11 km SW of Volcano, Hawaii",1.13,2024-03-17 06:08:45.380,19.3625,-155.296666666667,2.18
av91136823,"79 km NW of Aleneva, Alaska",0.04,2024-03-17 06:05:00.760,58.5363333333333,-153.916166666667,4.62
us6000mjed,"163 km N of Las Khorey, Somalia",5.2,2024-03-17 06:03:55.656,12.6225,47.9772,10.0
ak0243jfpfiv,"21 km NW of Susitna, Alaska",1.9,2024-03-17 05:58:51.116,61.6754,-150.8095,45.2
us6000mjeb,"66 km N of Segunda Jerusalén - Azunguillo, Peru",4.4,2024-03-17 05:56:40.774,-5.3918,-77.1859,10.127
ak0243jflawe,"6 km WSW of Sterling, Alaska",1.4,2024-03-17 05:39:24.945,60.5224,-150.8795,31.6
nc74018706,"8 km NW of The Geysers, CA",1.05,2024-03-17 05:30:59.060,38.8303337,-122.8184967,1.89
us6000mje6,"139 km SSE of Boca de Yuma, Dominican Republic",3.0,2024-03-17 05:30:53.233,17.1705,-68.2317,10.0
hv74139162,"11 km NE of Pāhala, Hawaii",1.73,2024-03-17 05:27:53.450,19.2628333333333,-155.391,32.43
ak0243jfhipk,"23 km S of Fort Greely, Alaska",1.1,2024-03-17 05:21:59.833,63.7321,-145.663,8.8
nc74018701,"8 km NW of The Geysers, CA",1.27,2024-03-17 05:20:33.570,38.8308334,-122.8186646,1.79
ak0243jfgf1d,"49 km SSE of Nelchina, Alaska",1.6,2024-03-17 05:16:45.779,61.601,-146.3208,37.1
ak0243jfds0m,"81 km ESE of Denali Park, Alaska",1.8,2024-03-17 05:04:14.305,63.5715,-147.3105,0.0
ci40688296,"7 km SSW of Idyllwild, CA",0.0,2024-03-17 04:56:05.840,33.6816667,-116.7568333,15.06
ci40688288,"7 km SW of Holtville, CA",1.46,2024-03-17 04:55:24.780,32.7653333,-115.429,10.69
ci37633412,"5 km SW of Holtville, CA",0.77,2024-03-17 04:55:13.820,32.7798333,-115.424,11.56
av91136818,"87 km NNW of Karluk, Alaska",-0.68,2024-03-17 04:54:05.560,58.2421666666667,-155.2115,4.11
av91136813,"29 km N of Ivanof Bay, Alaska",0.3,2024-03-17 04:42:07.780,56.1671666666667,-159.4275,21.51
nc74018686,"2 km NNE of The Geysers, CA",1.29,2024-03-17 04:24:41.450,38.7928352,-122.7486649,1.34
av92233316,"4 km W of Unalaska, Alaska",-0.08,2024-03-17 04:19:49.860,53.8681666666667,-166.599666666667,2.92
us6000mje0,"54 km SSW of Jiquilillo, Nicaragua",4.9,2024-03-17 04:03:19.945,12.3072,-87.6806,59.086
av92233301,"4 km W of Unalaska, Alaska",0.27,2024-03-17 03:56:12.690,53.8663333333333,-166.600833333333,3.26
av92233281,"4 km W of Unalaska, Alaska",-0.65,2024-03-17 03:50:04.900,53.8695,-166.596666666667,3.61
av92233276,"3 km WSW of Dutch Harbor, Alaska",0.76,2024-03-17 03:48:20.510,53.8741666666667,-166.589,4.63
ok2024fjdo,"6 km W of Arcadia, Oklahoma",1.68,2024-03-17 03:41:40.158,35.67471695,-97.39685822,4.156924725
av91136798,"96 km N of Karluk, Alaska",-0.54,2024-03-17 03:38:24.030,58.434,-154.6135,2.79
mb90043263,"16 km NE of Stanley, Idaho",2.3,2024-03-17 03:37:32.840,44.3401666666667,-114.818,7.78
av92233261,"76 km NE of Nikolski, Alaska",0.28,2024-03-17 03:37:01.140,53.4448333333333,-168.0945,4.72
nc74018661,"7 km NW of The Geysers, CA",0.99,2024-03-17 03:35:37.320,38.8146667,-122.8174973,0.66
nc74018656,"3 km NNW of The Geysers, CA",0.77,2024-03-17 03:32:52.710,38.8043327,-122.7720032,1.26
av92233251,"86 km E of Ugashik, Alaska",0.79,2024-03-17 03:23:58.910,57.6686666666667,-155.985166666667,7.41
ak0243je9i06,"4 km NNW of Willow, Alaska",1.9,2024-03-17 03:16:22.146,61.7849,-150.0784,23.0
nc74018646,"2 km NNE of The Geysers, CA",0.74,2024-03-17 03:13:43.420,38.7939987,-122.7506638,-0.87
ci40688264,"7 km NNW of Delano, CA",1.8,2024-03-17 03:09:20.120,35.8261667,-119.268,18.92
hv74139112,"1 km WSW of Pāhala, Hawaii",1.7,2024-03-17 02:53:43.040,19.1993333333333,-155.4965,30.9
nc74018631,"9 km NW of The Geysers, CA",0.76,2024-03-17 02:52:28.680,38.8375015,-122.8330002,1.72
us6000mjdu,"17 km NNE of Stanley, Idaho",2.7,2024-03-17 02:50:32.860,44.3476,-114.8234,10.0
nc74018626,"2 km N of The Geysers, CA",0.82,2024-03-17 02:50:00.460,38.7948341,-122.7573318,0.83
mb90043243,"16 km NE of Stanley, Idaho",1.72,2024-03-17 02:48:43.990,44.3383333333333,-114.821166666667,6.55
nc74018621,"9 km NW of The Geysers, CA",1.34,2024-03-17 02:40:17.800,38.836834,-122.8326645,1.83
av92233226,"66 km NE of Nikolski, Alaska",-0.02,2024-03-17 02:33:43.020,53.3915,-168.204833333333,3.07
ak0243jdrkpz,"9 km WNW of Fishhook, Alaska",1.7,2024-03-17 02:32:59.271,61.7652,-149.4021,34.8
hv74139092,"4 km SE of Pāhala, Hawaii",2.13000011,2024-03-17 02:23:12.830,19.1828327178955,-155.447006225586,31.0400009155273
tx2024fjap,"30 km NW of Toyah, Texas",1.6,2024-03-17 02:11:18.803,31.517,-104.008,4.759
nc74018616,"2 km N of The Geysers, CA",0.74,2024-03-17 02:07:35.750,38.7963333,-122.754837,0.44
uw61990081,"13 km NE of Ashford, Washington",0.21,2024-03-17 02:00:36.570,46.855,-121.91916666666667,6.99
nc74018606,"7 km NW of The Geysers, CA",0.94,2024-03-17 02:00:03.620,38.8149986,-122.8180008,1.29
hv74139087,"4 km S of Pāhala, Hawaii",2.30999994,2024-03-17 01:59:13.700,19.1668338775635,-155.484329223633,32.0999984741211
ak0243jdb9jm,"113 km E of Chignik, Alaska",2.6,2024-03-17 01:56:49.462,56.3436,-156.5783,42.7
ci40688256,"6 km E of Cabazon, CA",1.59,2024-03-17 01:53:05.410,33.9236667,-116.7265,16.07
hv74139077,"11 km NE of Pāhala, Hawaii",2.1,2024-03-17 01:48:01.290,19.2698333333333,-155.396333333333,32.24
us6000mjdg,"94 km E of Nikolski, Alaska",4.2,2024-03-17 01:45:44.897,53.0807,-167.4747,53.432
us6000mjdf,"50 km S of Tari, Papua New Guinea",4.9,2024-03-17 01:37:08.021,-6.2995,142.9432,10.0
ak0243jd5nx4,"62 km WNW of Ninilchik, Alaska",1.4,2024-03-17 01:30:36.403,60.2859,-152.6925,109.8
av91136783,"72 km NW of Ninilchik, Alaska",-0.16,2024-03-17 01:19:08.720,60.4243333333333,-152.738666666667,10.91
tx2024fiyu,"30 km NW of Toyah, Texas",1.6,2024-03-17 01:17:49.375,31.512,-104.016,4.685
nc74018596,"6 km WNW of Cobb, CA",1.11,2024-03-17 01:06:36.280,38.8326683,-122.7898331,1.76
ci40688232,"13 km ESE of Lake Isabella, CA",0.91,2024-03-17 00:56:22.320,35.5606667,-118.3433333,9.3
us6000mjct,"50 km SSW of Jiquilillo, Nicaragua",5.6,2024-03-17 00:44:03.563,12.3515,-87.6834,52.796
nn00874906,"12 km NNW of Virginia City, Nevada",0.7,2024-03-17 00:43:27.970,39.4118,-119.6967,7.7
pr71443128,"29 km SSW of Esperanza, Puerto Rico",3.42,2024-03-17 00:41:10.840,17.8608333333333,-65.599,6.09
nc74018591,"4 km E of Tres Pinos, CA",1.05,2024-03-17 00:39:48.610,36.786,-121.2693333,8.32
ci40688224,"14 km SSW of Searles Valley, CA",1.17,2024-03-17 00:37:10.770,35.6465,-117.4576667,7.34
nc74018586,"10 km NW of The Geysers, CA",1.08,2024-03-17 00:35:55.440,38.829834,-122.8531647,1.79
nc74018581,"6 km W of Cobb, CA",0.95,2024-03-17 00:34:12.400,38.8253326,-122.7953339,2.86
nc74018571,"8 km NW of The Geysers, CA",0.76,2024-03-17 00:15:11.750,38.8344994,-122.8180008,2.04
ok2024fiwn,"10 km NW of Healdton, Oklahoma",1.93,2024-03-17 00:08:55.716,34.29234695,-97.57129669,5.32674551
nn00874905,"2 km S of Virginia City, Nevada",0.8,2024-03-17 00:08:06.727,39.289,-119.6518,0.0
tx2024fiwk,"66 km SSW of Whites City, New Mexico",1.5,2024-03-17 00:05:05.500,31.604,-104.576,4.1004
hv74139022,"2 km WSW of Pāhala, Hawaii",2.25999999,2024-03-16 23:44:55.120,19.1975002288818,-155.501663208008,35.2599983215332
tx2024fivj,"56 km S of Whites City, New Mexico",2.0,2024-03-16 23:34:54.966,31.663,-104.391,4.7955
ci40688208,"6 km SE of Valle Vista, CA",0.73,2024-03-16 23:33:30.810,33.7136667,-116.8385,15.43
nn00874892,"3 km ENE of Gerlach, Nevada",2.0,2024-03-16 23:33:12.435,40.659,-119.3157,6.6
ci40688200,"6 km SE of Valle Vista, CA",1.02,2024-03-16 23:28:29.610,33.715,-116.8435,15.62
ci40688192,"6 km SE of Valle Vista, CA",2.0,2024-03-16 23:27:17.950,33.7133333,-116.8486667,15.46
ci40688184,"6 km SE of Valle Vista, CA",0.79,2024-03-16 23:23:37.030,33.7165,-116.8403333,15.92
ci37633404,"6 km SE of Valle Vista, CA",0.33,2024-03-16 23:23:28.170,33.7155,-116.8408333,14.57
ak0243i2o3vs,"55 km WNW of Skwentna, Alaska",1.6,2024-03-16 23:22:21.840,62.2267,-152.3313,106.1
nc74018556,"7 km W of Cobb, CA",0.69,2024-03-16 23:19:04.870,38.8291664,-122.8046646,1.41
uu80062886,"14 km NE of Milford, Utah",-0.1,2024-03-16 23:15:09.680,38.4886666666667,-112.887833333333,3.22
ak0243i2l6dh,"67 km NW of Stevens Village, Alaska",1.5,2024-03-16 23:08:53.934,66.3875,-150.2636,7.1
hv74138982,"3 km SSW of Pāhala, Hawaii",1.93,2024-03-16 23:03:08.590,19.172,-155.493166666667,36.32
av92233136,"4 km WSW of Unalaska, Alaska",-0.47,2024-03-16 22:53:18.450,53.863,-166.600166666667,1.39
nc74018551,"12 km E of Gilroy, CA",1.47,2024-03-16 22:43:40.430,37.0084991,-121.4321671,4.67
ak0243i264ca,"46 km SSE of Igiugig, Alaska",2.2,2024-03-16 22:38:29.707,58.962,-155.5145,7.1
av92233111,"85 km NW of Karluk, Alaska",-0.48,2024-03-16 22:36:30.430,58.179,-155.339666666667,1.99
tx2024fite,"55 km S of Whites City, New Mexico",1.9,2024-03-16 22:27:33.000,31.673,-104.402,6.9392
nc74018536,"6 km NW of The Geysers, CA",0.77,2024-03-16 22:26:07.740,38.8083344,-122.8089981,3.17
nc74018526,"8 km WNW of Cobb, CA",0.45,2024-03-16 22:12:07.440,38.8370018,-122.8073349,2.03
nc74018521,"18 km NNE of San Simeon, CA",1.1,2024-03-16 22:11:10.170,35.7885017,-121.0901642,6.19
nc74018516,"6 km NW of The Geysers, CA",1.08,2024-03-16 21:56:15.110,38.8166656,-122.8030014,7.75
ak0243i1n3kk,"8 km SE of Nenana, Alaska",1.1,2024-03-16 21:49:55.081,64.5011,-148.9845,15.9
hv74138932,"4 km S of Pāhala, Hawaii",1.75,2024-03-16 21:49:53.620,19.1636666666667,-155.484666666667,31.22
ak0243i1lwqr,"69 km ENE of Pedro Bay, Alaska",2.1,2024-03-16 21:44:00.038,60.0343,-152.9686,118.2
nn00874891,"45 km ESE of Beatty, Nevada",-0.1,2024-03-16 21:43:29.411,36.7641,-116.28,5.3
av92233051,"44 km WSW of False Pass, Alaska",0.43,2024-03-16 21:42:06.550,54.7546666666667,-164.074333333333,-0.32
ok2024firj,"9 km ESE of Loco, Oklahoma",2.16,2024-03-16 21:32:30.585,34.30210495,-97.58181763,3.717124939
av91136758,"31 km WSW of Adak, Alaska",1.01,2024-03-16 21:31:43.940,51.7468333333333,-177.043,1.74
tx2024firf,"57 km S of Whites City, New Mexico",1.5,2024-03-16 21:27:56.761,31.656,-104.332,4.2127
ak0243i1gsed,"8 km ENE of Fox, Alaska",1.4,2024-03-16 21:20:11.294,64.984,-147.4533,1.1
uw61990046,"11 km S of Princeton, Canada",2.06,2024-03-16 21:17:32.230,49.352833333333336,-120.49283333333334,-0.51
nc74018511,"7 km NW of The Geysers, CA",0.75,2024-03-16 21:17:04.990,38.8128319,-122.8198318,0.84
us6000mjbp,"45 km ESE of Tomioka, Japan",5.3,2024-03-16 21:17:04.733,37.1351,141.4676,47.649
av91136753,"4 km WSW of Unalaska, Alaska",-0.5,2024-03-16 21:12:22.640,53.8618333333333,-166.601666666667,1.24
nc74018506,"24 km E of Rio Dell, CA",1.92,2024-03-16 21:10:50.710,40.4796677,-123.8195038,5.44
tx2024fiqi,"49 km ESE of Dell City, Texas",1.8,2024-03-16 21:00:55.075,31.738,-104.732,2.3033
nn00874903,"2 km S of Virginia City, Nevada",0.8,2024-03-16 20:41:20.032,39.2902,-119.6529,3.6
av92233026,"40 km ENE of Adak, Alaska",-0.19,2024-03-16 20:34:40.890,52.071,-176.131833333333,-1.8
ak0243i0xieh,"75 km SE of Ugashik, Alaska",2.2,2024-03-16 20:30:16.739,57.0188,-156.548,80.3
ci40688136,"7 km WSW of Palm Springs, CA",0.83,2024-03-16 20:12:17.440,33.8105,-116.5993333,13.98
mb90043213,"19 km S of Lincoln, Montana",1.23,2024-03-16 20:04:38.430,46.784,-112.642833333333,-0.65
ak0243i0gs3e,"12 km WNW of Valdez, Alaska",1.6,2024-03-16 19:52:10.829,61.1737,-146.5544,47.5
hv74138797,"3 km S of Pāhala, Hawaii",2.32999992,2024-03-16 19:44:55.700,19.1743335723877,-155.482666015625,32.9599990844727
nc74018486,"9 km NW of The Geysers, CA",0.4,2024-03-16 19:38:54.660,38.8230019,-122.8436661,2.05
nc74018481,"8 km WNW of Cobb, CA",0.72,2024-03-16 19:29:06.340,38.8406677,-122.8103333,1.96
nc74018476,"2 km ESE of The Geysers, CA",1.12,2024-03-16 19:28:44.660,38.7724991,-122.7365036,0.95
ak0243i0b2y9,"6 km S of Fritz Creek, Alaska",2.5,2024-03-16 19:25:52.174,59.6811,-151.2946,37.0
nn00874902,"6 km N of Truckee, California",0.5,2024-03-16 19:24:47.186,39.3879,-120.194,11.2
av92232951,"78 km NW of Aleneva, Alaska",0.27,2024-03-16 19:15:41.230,58.5313333333333,-153.909166666667,4.17
ok2024fimr,"8 km WNW of Healdton, Oklahoma",2.18,2024-03-16 19:10:08.109,34.27241898,-97.57058716,0.8977819681
ak0243hzwez8,"61 km NNW of Petersville, Alaska",1.7,2024-03-16 18:57:09.642,63.0279,-151.074,105.2
hv74138672,"1 km ESE of Pāhala, Hawaii",1.76,2024-03-16 18:52:22.240,19.1988333333333,-155.461333333333,33.4
hv74138667,"8 km E of Pāhala, Hawaii",1.71000004,2024-03-16 18:39:17.150,19.2000007629395,-155.398666381836,30.1800003051758
ak0243hzqih2,"40 km E of Chase, Alaska",1.4,2024-03-16 18:29:55.583,62.467,-149.3085,10.7
ok2024fikw,"6 km W of Arcadia, Oklahoma",1.89,2024-03-16 18:15:04.585,35.67696381,-97.40047455,4.654909134
nc74018466,"15 km NNE of Hollister, CA",1.95,2024-03-16 18:12:10.300,36.9763336,-121.3633347,6.02
us6000mjb0,"35 km S of Uyuni, Bolivia",4.3,2024-03-16 17:58:01.839,-20.7744,-66.772,253.182
nc74018461,"7 km NW of The Geysers, CA",0.3,2024-03-16 17:55:42.650,38.810833,-122.8201675,2.64
ak0243hza7po,"85 km WSW of Karluk, Alaska",3.0,2024-03-16 17:53:51.832,57.4019,-155.8421,65.0
av91136738,"25 km N of Ivanof Bay, Alaska",0.0,2024-03-16 17:51:39.880,56.1273333333333,-159.470166666667,11.81
av91136728,"83 km NW of Karluk, Alaska",-0.19,2024-03-16 17:49:22.190,58.1631666666667,-155.313,1.21
ak0243hz8lu1,"62 km E of Chase, Alaska",1.5,2024-03-16 17:46:01.092,62.5382,-148.9107,47.0
nn00874887,"15 km SW of Nixon, Nevada",1.3,2024-03-16 17:43:43.262,39.7368,-119.4861,10.9
hv74138652,"4 km ESE of Pāhala, Hawaii",2.17000008,2024-03-16 17:42:31.990,19.1833324432373,-155.442993164062,30.9899997711182
hv74138647,"4 km S of Pāhala, Hawaii",1.91999996,2024-03-16 17:40:23.240,19.1609992980957,-155.480163574219,32.6399993896484
tx2024fijp,"56 km S of Whites City, New Mexico",2.0,2024-03-16 17:36:44.429,31.67,-104.402,4.8807
tx2024fijn,"55 km S of Whites City, New Mexico",2.0,2024-03-16 17:36:44.390,31.674,-104.407,7.561
mb90043208,"22 km WNW of Stanley, Idaho",1.21,2024-03-16 17:31:54.620,44.2981666666667,-115.1915,4.52
ok2024fija,"6 km WNW of Arcadia, Oklahoma",2.57,2024-03-16 17:18:56.292,35.68000793,-97.3998642,1.87585783
ak0243hz29v8,"16 km N of Meadow Lakes, Alaska",1.2,2024-03-16 17:16:46.605,61.7699,-149.5862,15.2
ci40688088,"9 km WSW of Anza, CA",0.58,2024-03-16 17:10:12.530,33.5171667,-116.757,4.29
nn00874901,"45 km ESE of Beatty, Nevada",-0.1,2024-03-16 17:05:52.394,36.8027,-116.2671,8.9
ak0243hyoidh,"23 km WNW of Susitna, Alaska",2.3,2024-03-16 16:52:25.010,61.6592,-150.8808,49.1
ok2024fihz,"8 km WNW of Healdton, Oklahoma",2.35,2024-03-16 16:48:04.613,34.27546692,-97.56512451,2.055296421
nc74018441,"10 km WNW of The Geysers, CA",1.61,2024-03-16 16:48:03.000,38.8271675,-122.8538361,2.34
av91136723,"65 km NE of Nikolski, Alaska",-0.4,2024-03-16 16:44:25.170,53.3846666666667,-168.228666666667,-1.0
us6000mjam,"75 km NW of Tamarindo, Costa Rica",4.5,2024-03-16 16:39:09.235,10.6938,-86.4073,36.475
us6000mjar,off the coast of Oregon,3.3,2024-03-16 16:38:03.366,43.9294,-129.3368,13.469
us6000mjak,"137 km SSE of King Cove, Alaska",4.0,2024-03-16 16:35:25.749,53.8638,-161.787,10.0
nc74018431,"10 km WNW of The Geysers, CA",0.45,2024-03-16 16:33:28.180,38.8279991,-122.8550034,2.43
ci40688064,"4 km S of Idyllwild, CA",0.81,2024-03-16 16:22:00.480,33.7013333,-116.7201667,16.92
ak0243hyha0t,"51 km W of Happy Valley, Alaska",0.8,2024-03-16 16:18:50.865,59.9976,-152.651,93.8
nc74018416,"5 km NNW of The Geysers, CA",0.76,2024-03-16 16:01:53.110,38.8195,-122.7876663,1.59
nc74018411,"2 km NNW of The Geysers, CA",1.43,2024-03-16 15:55:18.800,38.7900009,-122.765831,1.05
hv74138622,"10 km E of Pāhala, Hawaii",1.88,2024-03-16 15:53:52.430,19.1903324127197,-155.384002685547,27.7099990844727
ci40688040,"6 km WNW of Borrego Springs, CA",0.88,2024-03-16 15:50:58.780,33.273,-116.4325,4.68
av92232791,"63 km ENE of Pedro Bay, Alaska",-0.56,2024-03-16 15:49:06.580,60.0081666666667,-153.0685,-2.09
av91136708,"79 km W of Salamatof, Alaska",-0.11,2024-03-16 15:46:02.600,60.5163333333333,-152.746,6.08
nc74018396,"17 km SW of Toms Place, CA",1.4,2024-03-16 15:24:13.310,37.4708333,-118.8305,1.54
ak0243hxwtwx,"79 km ESE of Ugashik, Alaska",3.3,2024-03-16 15:23:09.685,57.3191,-156.1234,-0.8
tx2024fiev,"62 km S of Whites City, New Mexico",2.0,2024-03-16 15:12:08.101,31.624,-104.494,7.0483
nc74018391,"2 km NNE of Nice, CA",1.59,2024-03-16 15:06:46.000,39.1445,-122.8408333,9.19
av92232726,"71 km WSW of Nikolski, Alaska",1.5,2024-03-16 15:01:31.580,52.7726666666667,-169.885666666667,-0.51
us6000mjad,"266 km SE of Chiniak, Alaska",3.0,2024-03-16 14:36:33.110,56.3144,-148.6015,17.577
nc74018376,"6 km NW of The Geysers, CA",0.77,2024-03-16 14:31:14.930,38.8176651,-122.7959976,2.22
nc74018371,"8 km NW of The Geysers, CA",0.74,2024-03-16 14:23:21.610,38.8286667,-122.8191681,3.99
ak0243hxb1ex,"9 km NW of Harding-Birch Lakes, Alaska",0.9,2024-03-16 14:21:43.773,64.4361,-146.7135,16.8
ci40688016,"6 km SW of Salton City, CA",1.12,2024-03-16 14:21:40.020,33.2605,-115.9986667,4.82
ak0243hxa6ic,"23 km ESE of Perryville, Alaska",3.0,2024-03-16 14:17:43.240,55.8329,-158.7935,60.2
nc74018366,"2 km NNW of The Geysers, CA",1.68,2024-03-16 14:05:34.200,38.7910004,-122.7610016,0.85
ak0243hx6h61,"31 km NW of Susitna, Alaska",1.5,2024-03-16 14:00:15.131,61.7622,-150.881,16.0
us6000mja9,"123 km SW of Puerto Madero, Mexico",5.0,2024-03-16 13:56:30.309,13.8762,-93.1685,10.0
nc74018351,"6 km NW of The Geysers, CA",1.08,2024-03-16 13:51:24.310,38.8214989,-122.8046646,1.91
nn00874880,"15 km N of Independence, California",1.2,2024-03-16 13:50:50.012,36.9425,-118.1667,17.0
ak0243hwv761,"22 km NNW of Valdez, Alaska",1.5,2024-03-16 13:47:53.379,61.3171,-146.5064,41.9
us6000mja7,Mariana Islands region,4.4,2024-03-16 13:47:06.068,21.8513,145.0153,230.812
nn00874878,"31 km E of Furnace Creek, California",0.4,2024-03-16 13:43:25.453,36.399,-116.5027,0.0
ak0243hwu1ma,"33 km E of Minto, Alaska",1.0,2024-03-16 13:42:14.907,65.096,-148.658,14.4
av91136698,"62 km NE of Nikolski, Alaska",-0.38,2024-03-16 13:41:15.990,53.2916666666667,-168.1345,3.58
av92232651,"83 km NW of Karluk, Alaska",-0.21,2024-03-16 13:36:25.140,58.1583333333333,-155.3265,-2.17
nc74018336,"12 km NE of Lee Vining, CA",1.4,2024-03-16 13:36:07.240,38.034832,-119.0234985,-0.98
nc74018331,"7 km SSW of Ridgemark, CA",1.37,2024-03-16 13:33:54.400,36.7524986,-121.3963318,12.26
nc74018326,"6 km WNW of The Geysers, CA",0.76,2024-03-16 13:33:32.130,38.8031654,-122.8183365,2.98
nc74018321,"6 km NW of The Geysers, CA",0.77,2024-03-16 13:24:26.970,38.8095016,-122.8148346,4.18
av92232641,"72 km WSW of Nikolski, Alaska",1.57,2024-03-16 13:16:07.370,52.7546666666667,-169.893833333333,3.64
nc74018316,"6 km WNW of The Geysers, CA",0.76,2024-03-16 13:15:09.720,38.8050003,-122.8131638,2.11
ok2024fiau,"8 km ESE of Loco, Oklahoma",2.18,2024-03-16 13:10:13.501,34.29114151,-97.59929657,1.455690384
tx2024fiat,"51 km S of Whites City, New Mexico",2.0,2024-03-16 13:07:01.792,31.717,-104.288,4.122
uu80062866,"7 km WSW of Thatcher, Utah",1.19,2024-03-16 13:06:16.090,41.6718333333333,-112.379666666667,7.02
ak0243hwm6fg,"25 km NE of Beluga, Alaska",1.9,2024-03-16 13:05:44.761,61.287,-150.7091,34.5
nc74018311,"8 km NW of The Geysers, CA",0.27,2024-03-16 13:03:12.720,38.8323326,-122.8148346,1.84
tx2024fian,"56 km S of Whites City, New Mexico",2.0,2024-03-16 13:02:08.011,31.666,-104.41,3.6723
nc74018306,"9 km WNW of The Geysers, CA",0.56,2024-03-16 12:44:52.040,38.8143349,-122.8528366,0.49
ok2024fhzs,"10 km NW of Healdton, Oklahoma",2.03,2024-03-16 12:37:25.252,34.29014587,-97.57556915,2.599294901
hv74138542,"7 km NNE of Pāhala, Hawaii",1.68,2024-03-16 12:31:44.940,19.2668333333333,-155.459666666667,32.86
ak0243hw5swf,"25 km WNW of Ferry, Alaska",1.9,2024-03-16 12:29:04.471,64.0815,-149.6225,140.1
av92232596,"86 km NW of Karluk, Alaska",0.22,2024-03-16 12:28:55.500,58.167,-155.384,2.38
ci40687992,"10 km NW of Grapevine, CA",1.02,2024-03-16 12:12:26.800,35.003,-119.017,9.7
ak0243hw0bgd,"95 km S of McCarthy, Alaska",1.4,2024-03-16 12:03:45.572,60.5837,-143.0967,18.0
ak0243hvo9rb,"33 km NNE of Fox River, Alaska",1.9,2024-03-16 11:47:24.872,60.1331,-150.7261,47.7
nc74018296,"7 km W of Cobb, CA",0.57,2024-03-16 11:34:56.340,38.828167,-122.80233,1.56
ci40687984,"7 km NW of Delta, B.C., MX",1.88,2024-03-16 11:27:07.970,32.4061667,-115.2345,10.87
av91136688,"67 km NE of Nikolski, Alaska",-0.12,2024-03-16 11:22:50.530,53.3903333333333,-168.180333333333,0.27
pr71443108,"0 km N of Magas Arriba, Puerto Rico",3.12,2024-03-16 11:22:44.780,18.0238333333333,-66.7685,14.59
nc74018286,"19 km W of Petrolia, CA",2.72,2024-03-16 11:19:58.290,40.3395004,-124.5081635,22.63
av92232551,"20 km NNE of Atka, Alaska",0.19,2024-03-16 11:17:17.140,52.3721666666667,-174.117333333333,3.81
hv74138472,"3 km SW of Pāhala, Hawaii",2.0,2024-03-16 10:40:32.980,19.1770000457764,-155.5,29.1800003051758
nn00874883,"12 km S of Kingvale, California",0.8,2024-03-16 10:34:28.582,39.2065,-120.4022,18.4
ci40687976,"11 km SE of Anza, CA",1.22,2024-03-16 10:32:11.940,33.4873333,-116.582,10.53
ci40687968,"9 km NE of Julian, CA",0.84,2024-03-16 10:29:40.540,33.1431667,-116.5488333,15.1
nc74018271,"2 km SW of Tres Pinos, CA",0.86,2024-03-16 10:28:21.230,36.7816667,-121.3348333,3.46
hv74138462,"4 km S of Pāhala, Hawaii",1.74,2024-03-16 10:28:14.100,19.1631666666667,-155.484166666667,30.67
ci40687960,"9 km NE of Julian, CA",0.69,2024-03-16 10:14:14.440,33.1428333,-116.5465,14.95
nc74018261,"8 km NW of The Geysers, CA",1.35,2024-03-16 10:06:19.770,38.8308334,-122.8195038,1.93
nc74018256,"8 km NW of The Geysers, CA",1.52,2024-03-16 10:03:56.870,38.8306656,-122.8188324,1.57
ok2024fhug,"7 km NW of Healdton, Oklahoma",2.03,2024-03-16 09:52:16.518,34.28017807,-97.5461731,4.641728878
ci40687952,"3 km S of Rancho Cucamonga, CA",1.1,2024-03-16 09:48:29.170,34.1001667,-117.5751667,11.25
tx2024fhua,"54 km W of Mentone, Texas",1.6,2024-03-16 09:48:28.396,31.694,-104.177,4.6581
nn00874875,"39 km NW of Indian Springs, Nevada",0.3,2024-03-16 09:43:40.826,36.8327,-115.9625,8.3
nc74018241,"8 km NW of The Geysers, CA",1.02,2024-03-16 09:34:48.260,38.831501,-122.8190002,1.69
ak0243hudq6y,"46 km SSW of Glacier View, Alaska",1.3,2024-03-16 09:30:09.548,61.4021,-147.8339,38.7
ak0243hucj36,"2 km SE of Willow, Alaska",1.3,2024-03-16 09:24:50.903,61.728,-150.0001,18.3
ak0243hucbii,"44 km S of Glacier View, Alaska",1.2,2024-03-16 09:23:52.743,61.4099,-147.5897,29.1
nn00874873,"39 km NW of Indian Springs, Nevada",0.4,2024-03-16 09:18:24.418,36.8329,-115.963,8.5
ak0243hu8eh9,"31 km SW of Petersville, Alaska",1.6,2024-03-16 09:05:24.936,62.3087,-151.2194,79.7
nc74018221,"3 km WSW of Half Moon Bay, CA",0.89,2024-03-16 08:55:15.600,37.4551667,-122.4618333,8.08
ak0243htvr2l,"31 km ESE of Minto, Alaska",1.4,2024-03-16 08:46:22.851,65.044,-148.7385,5.3
nc74018216,"6 km NNE of Ridgemark, CA",0.97,2024-03-16 08:41:46.030,36.8581667,-121.3293333,11.13
us6000mj8x,"30 km W of Tambolaka, Indonesia",4.6,2024-03-16 08:33:55.528,-9.4247,118.9559,77.985
ci40687944,"42 km WSW of Rosarito, B.C., MX",2.9,2024-03-16 08:18:53.550,32.125,-117.4006667,14.92
pr71443103,"8 km SW of Guánica, Puerto Rico",2.18,2024-03-16 08:17:03.530,17.9176666666667,-66.968,16.1
nc74018211,"8 km NW of The Geysers, CA",0.45,2024-03-16 08:16:12.750,38.8306656,-122.8161697,1.43
ci37633260,"10 km NE of Julian, CA",0.63,2024-03-16 08:12:27.470,33.1391667,-116.523,16.66
ci40687936,"9 km NE of Julian, CA",1.1,2024-03-16 08:12:17.520,33.1438333,-116.548,15.63
ak0243htmqf6,"3 km S of Fox, Alaska",0.3,2024-03-16 08:04:15.388,64.9241,-147.6239,13.5
pr2024076000,"4 km SSW of Bajandas, Puerto Rico",3.65,2024-03-16 08:03:12.520,18.1191,-65.7948,10.0
uw61990021,"37 km NNE of Amboy, Washington",0.46,2024-03-16 08:03:11.610,46.19083333333333,-122.18683333333334,7.17
nn00874870,"41 km SSE of Goldfield, Nevada",1.0,2024-03-16 07:57:06.894,37.3533,-117.1009,2.1
av91136668,"21 km NNW of Ivanof Bay, Alaska",-0.07,2024-03-16 07:56:07.440,56.0931666666667,-159.568166666667,7.25
pr71443088,"3 km SE of Palomas, Puerto Rico",1.56,2024-03-16 07:46:59.230,17.99,-66.8561666666667,14.89
ak0243hta501,"65 km W of Nanwalek, Alaska",1.9,2024-03-16 07:45:39.054,59.2536,-153.0539,74.5
nc74018206,"9 km WNW of Cobb, CA",0.46,2024-03-16 07:43:50.560,38.8468323,-122.8180008,1.67
av91136663,"80 km W of Adak, Alaska",0.92,2024-03-16 07:37:24.060,51.8338333333333,-177.800166666667,3.2
nc74018201,"17 km SW of Toms Place, CA",1.49,2024-03-16 07:35:57.010,37.472168,-118.8300018,1.04
av92232411,"62 km E of Ugashik, Alaska",0.55,2024-03-16 07:31:34.530,57.5535,-156.3485,14.92
us6000mj8s,Carlsberg Ridge,4.7,2024-03-16 07:24:30.173,-0.0206,68.3572,10.0
nc74018196,"8 km W of Cobb, CA",1.09,2024-03-16 07:24:13.770,38.8359985,-122.8190002,1.89
ak0243ht3w5x,"78 km ESE of McCarthy, Alaska",1.2,2024-03-16 07:16:25.178,61.2541,-141.5039,4.6
us6000mjdr,"9 km NNE of Rensselaer Falls, New York",1.5,2024-03-16 07:12:38.065,44.6721,-75.2806,9.347
us6000mj8r,"54 km WNW of Edd, Eritrea",4.5,2024-03-16 07:09:30.353,14.0523,41.2038,9.983
hv74138367,"4 km S of Pāhala, Hawaii",2.0,2024-03-16 07:01:34.790,19.1665000915527,-155.481826782227,27.7399997711182
hv74138362,"3 km S of Pāhala, Hawaii",2.0,2024-03-16 06:59:22.130,19.1674995422363,-155.481674194336,32.3600006103516
nc74018191,"2 km N of Pinnacles, CA",1.24,2024-03-16 06:57:33.360,36.5476685,-121.1429977,6.62
nc74018186,"12 km WNW of The Geysers, CA",0.72,2024-03-16 06:56:43.050,38.8393326,-122.8761673,2.26
uw61990016,"2 km S of Tieton, Washington",0.5700000000000001,2024-03-16 06:55:45.040,46.678333333333335,-120.75416666666666,9.25
hv74138352,"3 km SSW of Pāhala, Hawaii",1.76,2024-03-16 06:45:39.220,19.1693333333333,-155.4865,32.91
hv74138342,"4 km S of Pāhala, Hawaii",1.75,2024-03-16 06:41:59.900,19.1671666666667,-155.484666666667,31.94
hv74138337,"3 km S of Pāhala, Hawaii",3.24,2024-03-16 06:37:39.390,19.1698333333333,-155.483833333333,32.1
nc74018181,"3 km SW of Anderson Springs, CA",1.29,2024-03-16 06:27:31.140,38.7605019,-122.7163315,1.82
hv74138322,"3 km SSW of Pāhala, Hawaii",2.8,2024-03-16 06:27:25.230,19.1683333333333,-155.4885,31.28
ci40687920,"12 km NE of Coachella, CA",0.9,2024-03-16 06:26:43.080,33.7675,-116.0978333,5.76
ci40687912,"8 km NE of Borrego Springs, CA",1.43,2024-03-16 06:24:57.740,33.3101667,-116.3255,10.72
nc74018176,"7 km WNW of The Geysers, CA",0.74,2024-03-16 06:22:29.080,38.8089981,-122.8264999,2.15
ak0243hshfh8,"62 km SSE of Cantwell, Alaska",1.7,2024-03-16 06:11:44.601,62.9013,-148.3512,0.0
hv74138302,"4 km SSW of Pāhala, Hawaii",3.31,2024-03-16 06:11:33.210,19.167,-155.486666666667,31.8
nc74018171,"3 km SSW of Anderson Springs, CA",1.54,2024-03-16 05:41:13.140,38.7518349,-122.6989975,37.93
nc74018166,"14 km N of Morgan Hill, CA",1.93,2024-03-16 05:30:36.270,37.2593346,-121.6366653,5.12
av92232351,"63 km ENE of Pedro Bay, Alaska",-0.4,2024-03-16 05:24:40.760,60.046,-153.0935,-0.44
ak0243hrycce,"12 km S of Talkeetna, Alaska",1.6,2024-03-16 05:22:39.349,62.2116,-150.0699,11.7
nc74018161,"8 km SSW of Ridgemark, CA",1.9,2024-03-16 05:14:02.790,36.7410011,-121.3929977,9.69
nc74018156,"4 km W of Cobb, CA",0.79,2024-03-16 05:13:47.420,38.8266678,-122.7636642,1.86
nc74018151,"4 km W of Cobb, CA",1.34,2024-03-16 05:13:19.960,38.8251648,-122.7630005,1.52
nc74018146,"8 km SSW of Ridgemark, CA",2.35,2024-03-16 05:11:15.040,36.7451668,-121.390831,10.78
ak0243hrv9bb,"104 km NW of Yakutat, Alaska",1.8,2024-03-16 05:08:00.391,60.1662,-141.122,0.0
nc74018141,"3 km NNE of The Geysers, CA",0.88,2024-03-16 05:07:14.420,38.7978325,-122.7426682,3.71
ak0243hrtvlk,"111 km NW of Yakutat, Alaska",1.7,2024-03-16 05:01:56.088,60.1724,-141.283,0.0
tx2024fhkm,"59 km S of Whites City, New Mexico",2.2,2024-03-16 04:56:07.471,31.647,-104.458,6.9714
av92232341,"85 km NW of Karluk, Alaska",-0.34,2024-03-16 04:53:56.430,58.179,-155.333666666667,0.86
ak0243hrhkfj,"34 km SSW of Nanwalek, Alaska",2.3,2024-03-16 04:44:12.631,59.0654,-152.1458,32.4
ak0243hrerm2,"44 km SW of Chenega, Alaska",2.1,2024-03-16 04:31:06.028,59.8098,-148.6145,0.0
nc74018121,"10 km WNW of The Geysers, CA",1.26,2024-03-16 04:24:29.550,38.8183327,-122.8525009,2.25
ak0243hrchpr,"54 km WSW of Cantwell, Alaska",1.4,2024-03-16 04:20:44.630,63.2765,-150.0014,34.2
tx2024fhiy,"66 km NNE of Van Horn, Texas",1.5,2024-03-16 04:09:00.442,31.585,-104.528,3.1229
ak0243hr9vzb,"68 km NNE of Chignik, Alaska",2.0,2024-03-16 04:08:29.832,56.8922,-158.112,100.4
av92232281,"78 km NW of Ninilchik, Alaska",-0.01,2024-03-16 04:04:26.250,60.4868333333333,-152.792166666667,-2.73
tx2024fhiu,"37 km NNW of Toyah, Texas",1.6,2024-03-16 04:03:32.435,31.607,-103.996,5.9128
ci40687888,"2 km NNE of Loma Linda, CA",1.33,2024-03-16 04:03:17.490,34.063,-117.2575,13.39
hv74138202,"11 km SW of Leilani Estates, Hawaii",1.69,2024-03-16 03:46:55.750,19.3845,-154.978166666667,7.77
av92232271,"85 km NW of Karluk, Alaska",-0.51,2024-03-16 03:39:10.460,58.1766666666667,-155.327333333333,0.06
pr71443083,"23 km WNW of Rincón, Puerto Rico",2.79,2024-03-16 03:37:54.410,18.4546666666667,-67.4398333333333,17.11
ak0243hquhrm,"79 km WNW of Karluk, Alaska",1.3,2024-03-16 03:36:47.220,57.9367,-155.5974,32.1
nc74018111,"8 km WNW of Cobb, CA",0.22,2024-03-16 03:33:28.550,38.8440018,-122.8166656,2.0
us6000mj83,"86 km ENE of Kimbe, Papua New Guinea",5.2,2024-03-16 03:32:04.028,-5.2228,150.8459,10.0
nn00874882,"42 km WNW of Indian Springs, Nevada",0.0,2024-03-16 03:30:49.308,36.7735,-116.0716,3.4
uu80062856,"14 km NE of Milford, Utah",-0.64,2024-03-16 03:10:49.220,38.4915,-112.896,3.53
av92232256,"18 km SW of Adak, Alaska",1.98,2024-03-16 03:09:17.960,51.7733333333333,-176.848666666667,2.65
uw61990011,"18 km N of Amboy, Washington",0.61,2024-03-16 02:54:07.100,46.07066666666667,-122.49183333333333,16.94
ak0243hqaajo,"33 km NNE of Whittier, Alaska",1.6,2024-03-16 02:42:22.448,61.054,-148.4838,0.0
nn00874867,"28 km NW of Furnace Creek, California",1.4,2024-03-16 02:40:47.816,36.6413,-117.0568,8.9
ak0243hq8syy,"44 km WSW of Salamatof, Alaska",1.8,2024-03-16 02:35:28.102,60.5039,-152.1016,78.2
av92232236,"68 km WSW of Nikolski, Alaska",2.22,2024-03-16 02:28:03.550,52.8145,-169.859666666667,7.19
ak0243hq6pgx,"13 km SSE of Soldotna, Alaska",1.4,2024-03-16 02:25:49.613,60.3791,-150.9472,71.5
ci40687864,"67 km S of Maneadero, B.C., MX",3.3,2024-03-16 02:25:15.640,31.117,-116.6686667,5.74
nc74018101,"0 km N of The Geysers, CA",1.04,2024-03-16 02:24:26.200,38.7803345,-122.7561646,1.33
tx2024fhfi,"61 km S of Whites City, New Mexico",2.4,2024-03-16 02:20:11.309,31.625,-104.367,6.6638
nc74018096,"8 km NW of The Geysers, CA",0.76,2024-03-16 02:11:12.470,38.8308334,-122.8168335,1.72
ak0243hq2f9w,"56 km NE of Chenega, Alaska",1.6,2024-03-16 02:05:51.249,60.3937,-147.2374,20.0
ak0243hq1za2,"13 km NNE of Fishhook, Alaska",1.4,2024-03-16 02:03:43.946,61.847,-149.0989,35.8
us6000mj7f,"35 km WNW of Crofton Downs, New Zealand",4.1,2024-03-16 01:58:55.386,-41.0888,174.4092,59.275
av91136608,"28 km NNW of Perryville, Alaska",-0.43,2024-03-16 01:49:20.190,56.144,-159.3235,10.88
ak0243hppvvb,"63 km SE of Denali National Park, Alaska",1.6,2024-03-16 01:47:01.038,63.0863,-150.9641,126.6
nc74018091,"6 km W of Cobb, CA",0.25,2024-03-16 01:42:10.700,38.8274994,-122.7871704,0.62
av92232191,"83 km NNW of Karluk, Alaska",-0.65,2024-03-16 01:23:18.680,58.2358333333333,-155.108833333333,3.65
av92232171,"79 km NNW of Karluk, Alaska",-0.41,2024-03-16 01:12:25.130,58.2468333333333,-154.885,4.79
av91136593,"22 km WSW of False Pass, Alaska",-0.1,2024-03-16 01:11:54.510,54.7638333333333,-163.7195,-1.91
hv74138122,"12 km ESE of Pāhala, Hawaii",1.77999997,2024-03-16 01:10:32.350,19.1429996490479,-155.374328613281,28.0900001525879
hv74138117,"2 km NNE of Fern Forest, Hawaii",1.75999999,2024-03-16 01:04:49.460,19.4843330383301,-155.130004882812,9.23999977111816
ak0243hp48wh,"49 km SSW of Cantwell, Alaska",1.9,2024-03-16 00:46:05.614,62.9616,-149.214,3.5
ci40687848,"17 km ESE of Anza, CA",0.47,2024-03-16 00:40:39.380,33.4738333,-116.519,12.82
ak0243hp2swt,"54 km SE of Denali National Park, Alaska",2.1,2024-03-16 00:39:31.819,63.2608,-150.8334,134.6
us6000mj7c,"104 km NE of Tobelo, Indonesia",4.7,2024-03-16 00:38:47.098,2.3683,128.7014,50.546
hv74138087,"4 km S of Pāhala, Hawaii",1.78,2024-03-16 00:33:01.860,19.1641666666667,-155.485833333333,31.94
tx2024fhbn,"34 km NW of Toyah, Texas",2.1,2024-03-16 00:22:40.383,31.56,-104.018,7.6379
uw61989996,"33 km ESE of Castle Rock, Washington",0.21,2024-03-16 00:22:37.560,46.214,-122.48766666666667,14.69
ak0243hoyx7m,"69 km N of Karluk, Alaska",0.6,2024-03-16 00:21:21.302,58.1845,-154.6644,15.6
uw61989991,"10 km E of Yacolt, Washington",0.84,2024-03-16 00:16:40.860,45.873,-122.26616666666666,7.28
ak0243hoxnd6,"10 km E of Fox, Alaska",1.4,2024-03-16 00:15:27.142,64.9707,-147.4059,5.1
us6000mj77,Macquarie Island region,5.9,2024-03-16 00:14:52.156,-58.9182,158.3605,10.0
ci40687840,"4 km ENE of Desert Hot Springs, CA",1.12,2024-03-16 00:02:15.230,33.9691667,-116.4543333,9.33
ci40687824,"20 km N of Fillmore, CA",1.36,2024-03-16 00:01:39.560,34.572,-118.9541667,7.76
ci40687816,"4 km N of Banning, CA",1.0,2024-03-15 23:56:50.240,33.9643333,-116.8698333,17.99
us6000mj6x,"215 km NW of Tobelo, Indonesia",4.7,2024-03-15 23:52:10.124,3.2474,126.8001,32.576
nc74018086,"10 km WNW of The Geysers, CA",1.79,2024-03-15 23:37:07.820,38.8255005,-122.8518295,2.54
ak0243gf7eo9,"69 km WNW of Akhiok, Alaska",1.9,2024-03-15 23:34:56.733,57.1203,-155.2713,9.1
pr71443078,"6 km WSW of Guánica, Puerto Rico",2.19,2024-03-15 23:29:02.970,17.949,-66.9621666666667,11.99
nc74018081,"3 km ESE of Berkeley, CA",2.36,2024-03-15 23:25:26.150,37.8650017,-122.2440033,10.67
ci40687800,"8 km SSW of Pearblossom, CA",1.34,2024-03-15 23:22:26.290,34.4433333,-117.948,9.62
ak0243gf4qu5,"87 km NW of Karluk, Alaska",0.3,2024-03-15 23:22:14.692,58.1753,-155.3816,1.1
av92232076,"69 km WSW of Nikolski, Alaska",1.86,2024-03-15 23:17:09.670,52.7843333333333,-169.8555,8.0
nc74018076,"5 km WNW of The Geysers, CA",0.74,2024-03-15 23:03:44.160,38.7986679,-122.8068314,1.61
nc74018071,"5 km WNW of The Geysers, CA",0.76,2024-03-15 23:01:58.060,38.7970009,-122.8066635,1.7
nc74018061,"5 km WNW of The Geysers, CA",0.78,2024-03-15 22:52:58.090,38.7988319,-122.8066635,1.74
pr71443063,"6 km WSW of Fuig, Puerto Rico",2.29,2024-03-15 22:49:08.360,17.9571666666667,-66.9661666666667,10.34
nc74018051,"10 km NW of The Geysers, CA",0.32,2024-03-15 22:40:35.180,38.8408318,-122.8378296,0.9
hv74137827,"13 km NE of Pāhala, Hawaii",1.16,2024-03-15 22:39:06.920,19.288,-155.3895,2.45
av92232056,"17 km W of Sitka, Alaska",1.69,2024-03-15 22:34:54.530,57.0533333333333,-135.613,5.06
nc74018046,"17 km SW of Toms Place, CA",2.23,2024-03-15 22:34:45.960,37.4486656,-118.8133316,5.45
ak0243gel2hg,"7 km ENE of Cantwell, Alaska",1.4,2024-03-15 22:30:34.449,63.4237,-148.8122,74.3
mb90043198,"11 km NNE of Santa Rita, Montana",1.84,2024-03-15 22:15:52.800,48.8021666666667,-112.282666666667,3.66
av92232041,"66 km NE of Nikolski, Alaska",-0.39,2024-03-15 22:10:18.280,53.3811666666667,-168.19,4.0
av92232036,"4 km W of Unalaska, Alaska",0.2,2024-03-15 21:59:31.760,53.871,-166.5965,4.37
nc74018041,"8 km NW of The Geysers, CA",0.26,2024-03-15 21:41:05.170,38.8334999,-122.81633,1.51
ak0243gdx1h7,"5 km N of Four Mile Road, Alaska",0.9,2024-03-15 21:18:23.955,64.654,-149.1095,13.4
nc74018036,"2 km SSW of Cobb, CA",0.79,2024-03-15 21:15:05.430,38.8046684,-122.7358322,10.39
ci40687760,"7 km WSW of Pala, CA",1.33,2024-03-15 21:02:46.910,33.3303333,-117.1426667,4.42
ci40687752,"18 km ESE of Julian, CA",1.21,2024-03-15 21:02:18.280,33.015,-116.4265,5.87
uu80062851,"1 km WNW of Kenilworth, Utah",1.24,2024-03-15 21:00:17.090,39.6951666666667,-110.8205,2.65
nn00874833,"13 km NW of Sutcliffe, Nevada",1.4,2024-03-15 20:59:16.323,40.0466,-119.6934,10.9
ak0243gdjz0m,"103 km SE of Chiniak, Alaska",3.0,2024-03-15 20:57:28.660,57.068,-150.8919,20.6
av92231971,"62 km ENE of Pedro Bay, Alaska",-0.92,2024-03-15 20:53:36.890,60.0065,-153.071166666667,-0.3
nc74018031,"2 km N of The Geysers, CA",0.49,2024-03-15 20:43:55.100,38.7961655,-122.7610016,0.29
ak0243gdgczm,"4 km SSW of Salcha, Alaska",1.9,2024-03-15 20:40:41.627,64.4819,-146.9314,11.9
mb90043188,"33 km NW of Lima, Montana",1.59,2024-03-15 20:39:45.930,44.8533333333333,-112.881166666667,9.93
ci40687744,"13 km ENE of Borrego Springs, CA",0.92,2024-03-15 20:38:35.010,33.2906667,-116.239,5.06
us6000mj7m,"3 km ENE of Smithfield, Maine",1.5,2024-03-15 20:37:01.376,44.6438,-69.7852,9.984
us6000mj69,"152 km NW of Gorontalo, Indonesia",4.3,2024-03-15 20:36:20.935,1.628,122.231,477.671
ci40687736,"22 km WSW of Manhattan Beach, CA",2.28,2024-03-15 20:34:48.470,33.8258333,-118.6383333,13.84
av92231951,"9 km WSW of Akutan, Alaska",-0.63,2024-03-15 20:30:10.330,54.112,-165.921833333333,1.77
ak0243gddype,"22 km NW of Tatitlek, Alaska",1.1,2024-03-15 20:29:23.546,61.0071,-146.9712,23.7
av92231946,"67 km NE of Nikolski, Alaska",-0.58,2024-03-15 20:28:42.560,53.3941666666667,-168.2025,-0.97
hv74137657,"20 km NW of Volcano, Hawaii",1.37,2024-03-15 20:21:02.870,19.5496666666667,-155.387666666667,10.11
us6000mj5v,"43 km ENE of Al Hoceïma, Morocco",4.5,2024-03-15 20:17:46.911,35.458,-3.5294,10.337
av92231936,"83 km NNW of Karluk, Alaska",-0.35,2024-03-15 20:04:01.640,58.2701666666667,-154.941166666667,4.62
mb90043183,"4 km E of Butte, Montana",1.73,2024-03-15 20:01:17.370,46.0028333333333,-112.4735,-2.0
ak0243gcyqfr,"30 km W of Valdez, Alaska",2.0,2024-03-15 19:58:12.710,61.1796,-146.9151,0.0
uw61989971,"21 km SSW of Prosser, Washington",1.11,2024-03-15 19:51:23.420,46.03516666666667,-119.88733333333333,4.83
nc74018026,"17 km SW of Toms Place, CA",1.81,2024-03-15 19:51:03.150,37.4738333,-118.8346667,1.06
us6000mj59,"96 km ENE of Kuqa, China",4.6,2024-03-15 19:49:10.666,42.034,84.0126,16.598
av92231921,"72 km ESE of King Salmon, Alaska",-0.18,2024-03-15 19:41:58.710,58.5258333333333,-155.451166666667,-0.84
mb90043178,"7 km NNW of Smiths Ferry, Idaho",1.43,2024-03-15 19:28:25.220,44.367,-116.128833333333,4.99
nc74018021,"8 km NW of The Geysers, CA",0.79,2024-03-15 19:24:04.940,38.8308334,-122.817337,2.09
uw61989956,"5 km WSW of La Grande, Washington",1.6914417743682861,2024-03-15 19:16:51.480,46.81916809082031,-122.39383697509766,1.17999994754791
nc74018016,"2 km NNW of The Geysers, CA",0.87,2024-03-15 19:15:25.300,38.7890015,-122.7661667,2.72
ak0243gcowl2,"33 km WNW of Nikiski, Alaska",1.2,2024-03-15 19:12:30.871,60.842,-151.8249,96.2
ak0243gcoi23,"33 km NNE of Four Mile Road, Alaska",0.5,2024-03-15 19:10:43.577,64.8884,-148.9361,13.0
hv74137582,"5 km ENE of Pāhala, Hawaii",1.71000004,2024-03-15 19:04:03.640,19.2211666107178,-155.427001953125,24.0799999237061
nc74018006,"2 km SE of The Geysers, CA",0.64,2024-03-15 18:55:08.160,38.764,-122.7351667,1.49
us6000mj50,"1 km NNE of Ferrelview, Missouri",3.5,2024-03-15 18:46:15.900,39.326,-94.6592,9.805
av92231881,"10 km W of Akutan, Alaska",0.33,2024-03-15 18:42:24.290,54.1186666666667,-165.9295,2.28
ci40687704,"7 km S of Idyllwild, CA",0.82,2024-03-15 18:34:12.410,33.6806667,-116.7126667,16.02
ak0243gc7alq,"87 km NW of Karluk, Alaska",0.8,2024-03-15 18:30:15.501,58.0839,-155.5752,19.0
ak0243gc6wqt,"87 km NW of Karluk, Alaska",0.8,2024-03-15 18:28:35.892,58.0872,-155.5601,20.1
mb90043333,"1 km ESE of South Hills, Montana",1.29,2024-03-15 18:23:10.970,46.5511666666667,-111.974166666667,-2.0
ok2024fgpi,"8 km ENE of Drumright, Oklahoma",1.82,2024-03-15 18:13:49.090,36.02266667,-96.5155,0.0
us6000mj4u,"158 km SSE of False Pass, Alaska",3.5,2024-03-15 18:10:34.084,53.5651,-162.3735,34.861
uw61989936,"10 km SSE of Toledo, Washington",1.23,2024-03-15 18:05:38.960,46.349,-122.81483333333334,-0.47
tx2024fgpa,"51 km S of Whites City, New Mexico",1.8,2024-03-15 18:04:58.644,31.72,-104.296,5.177
us6000mj4t,"111 km W of San Antonio de los Cobres, Argentina",4.0,2024-03-15 17:54:37.536,-24.1744,-67.419,202.944
hv74137527,"9 km NE of Pāhala, Hawaii",2.32,2024-03-15 17:46:01.150,19.2566661834717,-155.413330078125,32.810001373291
uu80062841,"22 km E of Island Park, Idaho",1.11,2024-03-15 17:41:24.190,44.4473333333333,-111.096,5.99
uu80062836,"25 km SSE of West Yellowstone, Montana",1.23,2024-03-15 17:39:39.050,44.4408333333333,-111.014666666667,8.71
uu80062831,"7 km WSW of Thatcher, Utah",0.95,2024-03-15 17:36:53.300,41.6611666666667,-112.373333333333,10.64
nc74017991,"6 km WNW of The Geysers, CA",1.0,2024-03-15 17:32:53.630,38.8073349,-122.8213348,12.5
mb90043288,"18 km S of Whitehall, Montana",0.12,2024-03-15 17:28:27.280,45.7041666666667,-112.1435,0.4
hv74137497,"8 km NE of Pāhala, Hawaii",1.88999999,2024-03-15 17:08:43.950,19.2513332366943,-155.414001464844,32.810001373291
ak0243gbh481,"51 km NE of Kobuk, Alaska",2.1,2024-03-15 17:08:00.353,67.2407,-156.062,15.6
nc74017981,"8 km NW of The Geysers, CA",1.43,2024-03-15 17:02:07.180,38.8341675,-122.8183365,1.24
hv74137492,"14 km NE of Pāhala, Hawaii",2.01,2024-03-15 17:01:50.080,19.292,-155.375333333333,4.65
hv74137487,"9 km NE of Pāhala, Hawaii",2.94,2024-03-15 17:01:49.730,19.2523333333333,-155.410333333333,33.13
nc74017971,"7 km NW of The Geysers, CA",0.83,2024-03-15 16:59:02.330,38.8153343,-122.8253326,2.09
ci40687672,"8 km N of Lake Henshaw, CA",0.92,2024-03-15 16:53:11.800,33.3123333,-116.7583333,12.86
nc74017961,"3 km W of Cobb, CA",0.42,2024-03-15 16:52:41.690,38.8201667,-122.7535,2.67
tx2024fgmo,"54 km S of Whites City, New Mexico",1.7,2024-03-15 16:50:50.260,31.689,-104.309,7.0227
nc74017951,"2 km NNW of The Geysers, CA",0.83,2024-03-15 16:44:31.580,38.7908333,-122.7605,-0.82
nc74017946,"3 km ENE of Oakland, CA",1.81,2024-03-15 16:43:46.460,37.8103333,-122.1978302,8.46
ak0243gb1wb2,"68 km SE of Denali National Park, Alaska",2.0,2024-03-15 16:37:01.261,63.1175,-150.7341,115.2
av92231771,"62 km ENE of Pedro Bay, Alaska",-0.55,2024-03-15 16:36:46.900,60.0321666666667,-153.101,-0.66
tx2024fglz,"44 km NW of Toyah, Texas",2.1,2024-03-15 16:33:02.718,31.61,-104.114,7.2791
uu80062821,"27 km SE of Castle Dale, Utah",1.02,2024-03-15 16:32:28.330,39.0506666666667,-110.785333333333,15.21
av92231766,"66 km W of Happy Valley, Alaska",-0.11,2024-03-15 16:26:12.910,60.0611666666667,-152.908166666667,4.33
ak0243gay3we,"85 km N of Karluk, Alaska",0.9,2024-03-15 16:19:33.421,58.3383,-154.5685,4.1
av92231756,"24 km N of Ivanof Bay, Alaska",0.08,2024-03-15 16:15:10.790,56.1253333333333,-159.443333333333,6.73
mb90043168,"33 km S of Virginia City, Montana",1.71,2024-03-15 16:14:39.200,44.9896666666667,-111.9345,5.0
av92231751,"62 km ENE of Pedro Bay, Alaska",0.88,2024-03-15 16:11:01.820,60.0353333333333,-153.1135,1.4
nc74017926,"9 km WNW of Cobb, CA",0.94,2024-03-15 15:53:05.290,38.8414993,-122.8216629,3.95
us6000mj33,south of the Fiji Islands,4.4,2024-03-15 15:50:31.627,-23.6007,179.5192,550.303
nn00874835,"12 km NW of Virginia City, Nevada",1.0,2024-03-15 15:38:13.600,39.383,-119.7589,0.0
nc74017916,"7 km WNW of Cobb, CA",0.84,2024-03-15 15:37:47.360,38.8358345,-122.7991638,3.53
av92231726,"80 km NW of Aleneva, Alaska",0.1,2024-03-15 15:28:00.960,58.5458333333333,-153.922333333333,8.05
uu80062811,"13 km NW of Orangeville, Utah",2.12,2024-03-15 15:27:19.660,39.3211666666667,-111.152833333333,-1.89
nc74017901,"3 km W of Cobb, CA",0.77,2024-03-15 15:16:07.490,38.8190002,-122.7598343,1.7
ci40687632,"5 km WNW of Aguanga, CA",1.65,2024-03-15 15:08:30.690,33.4626667,-116.9123333,14.82
nc74017891,"4 km WNW of The Geysers, CA",0.95,2024-03-15 15:06:23.030,38.793335,-122.8033371,3.8
us6000mj2b,West Chile Rise,4.8,2024-03-15 15:03:11.496,-42.3353,-82.1704,10.0
av92231711,"9 km W of Akutan, Alaska",-0.18,2024-03-15 14:57:12.250,54.1326666666667,-165.915166666667,2.0
nc74017886,"6 km WNW of Cobb, CA",0.39,2024-03-15 14:53:03.670,38.8373333,-122.783,2.92
nc74017881,"4 km W of Cobb, CA",0.37,2024-03-15 14:49:18.320,38.8201667,-122.766,0.87
nc74017876,"7 km WNW of The Geysers, CA",0.76,2024-03-15 14:43:45.870,38.8138351,-122.8266678,1.38
ak0243g9uhyu,"63 km WNW of Beluga, Alaska",2.2,2024-03-15 14:34:55.780,61.2998,-152.2178,0.0
hv74137422,"14 km NE of Pāhala, Hawaii",2.45,2024-03-15 14:32:54.950,19.2985,-155.383666666667,4.33
ak0243g9tmj7,"4 km NE of Salamatof, Alaska",1.3,2024-03-15 14:30:45.955,60.6453,-151.2665,43.0
ci40687600,"5 km S of Idyllwild, CA",0.82,2024-03-15 14:28:26.080,33.6988333,-116.722,17.56
nc74017871,"2 km W of Anderson Springs, CA",1.12,2024-03-15 14:26:09.010,38.7738342,-122.7188339,20.85
uu80062806,"4 km NE of Magna, Utah",1.31,2024-03-15 14:24:12.080,40.7408333333333,-112.064333333333,8.27
pr71443048,"6 km SW of La Parguera, Puerto Rico",2.08,2024-03-15 14:18:35.250,17.9315,-67.0868333333333,6.15
nc74017866,"4 km W of San Juan Bautista, CA",2.92,2024-03-15 14:14:45.630,36.8451667,-121.5875,4.96
ak0243g9p14o,"6 km NNW of Knik, Alaska",1.1,2024-03-15 14:09:02.321,61.5091,-149.7956,33.5
ak0243g9bth7,"79 km SSE of Cantwell, Alaska",1.7,2024-03-15 13:47:37.876,62.7306,-148.3753,46.4
ak0243g9aqcc,"58 km WNW of Tatitlek, Alaska",1.8,2024-03-15 13:42:30.680,61.1141,-147.6369,0.0
uw61989921,"11 km WSW of Packwood, Washington",1.09,2024-03-15 13:40:48.860,46.57383333333333,-121.81983333333334,8.51
nn00874832,"22 km NW of Gabbs, Nevada",0.8,2024-03-15 13:30:25.189,38.9823,-118.1313,7.0
nc74017856,"8 km NW of The Geysers, CA",0.68,2024-03-15 13:15:37.640,38.8313332,-122.8150024,1.55
nn00874831,"10 km SE of Sierraville, California",0.4,2024-03-15 13:14:01.452,39.5124,-120.294,11.6
uw61989911,"11 km SE of Ashford, Washington",1.33000004,2024-03-15 13:13:50.200,46.695167541503906,-121.90533447265625,4.05000019073486
ak0243g93xa9,"42 km N of Valdez, Alaska",1.3,2024-03-15 13:10:54.735,61.5077,-146.3807,25.6
nc74017851,"8 km NW of The Geysers, CA",1.28,2024-03-15 13:02:54.120,38.8313332,-122.8154984,1.71
nn00874830,"23 km NE of Hawthorne, Nevada",1.2,2024-03-15 12:59:03.637,38.6967,-118.4677,15.3
ci40687544,"8 km NNW of Anza, CA",0.59,2024-03-15 12:47:20.350,33.6276667,-116.6986667,12.82
nc74017841,"2 km ESE of The Geysers, CA",1.67,2024-03-15 12:47:07.780,38.7723333,-122.7395,0.93
nn00874811,"31 km SE of Mina, Nevada",2.1,2024-03-15 12:46:03.360,38.1672,-117.8867,10.3
us6000mj1w,"280 km WNW of Houma, Tonga",4.7,2024-03-15 12:44:06.376,-20.2983,-177.8307,507.023
ak0243g8oh16,"32 km S of Denali National Park, Alaska",1.3,2024-03-15 12:38:45.700,63.2499,-151.6504,10.9
hv74137362,"21 km WSW of Volcano, Hawaii",1.78999996,2024-03-15 12:04:39.220,19.3941669464111,-155.432662963867,3.44000005722046
ak0243g8h366,"36 km NNE of Whittier, Alaska",1.9,2024-03-15 12:04:00.143,61.0858,-148.4526,28.1
uw61989901,"33 km NNE of Amboy, Washington",1.721924066543579,2024-03-15 11:54:47.870,46.19933319091797,-122.33133697509766,11.4799995422363
av92231596,"38 km SSW of King Cove, Alaska",0.88,2024-03-15 11:53:40.760,54.7676666666667,-162.6285,13.27
ak0243g85u3c,"38 km NNW of Valdez, Alaska",1.3,2024-03-15 11:51:50.327,61.4528,-146.6211,17.0
av92231586,"68 km ENE of Pedro Bay, Alaska",-0.06,2024-03-15 11:44:40.530,60.0833333333333,-153.0315,8.75
nc74017826,"8 km NW of The Geysers, CA",0.75,2024-03-15 11:44:14.140,38.8219986,-122.8223343,2.13
ci40687528,"6 km WSW of Beaumont, CA",1.06,2024-03-15 11:40:23.860,33.9046667,-117.0345,14.72
nc74017816,"3 km ENE of The Geysers, CA",0.83,2024-03-15 11:32:32.880,38.7833328,-122.7253342,2.3
pr71443033,"10 km SSE of Indios, Puerto Rico",2.2,2024-03-15 11:32:08.090,17.9063333333333,-66.7715,7.82
tx2024fgca,"31 km SW of Coyanosa, Texas",1.8,2024-03-15 11:31:47.448,31.013,-103.251,4.3823
av92231561,"63 km ENE of Pedro Bay, Alaska",-0.37,2024-03-15 11:21:08.310,60.0701666666667,-153.128666666667,2.49
se60501758,"17 km WNW of Bryson City, North Carolina",2.03,2024-03-15 11:19:18.090,35.4793333333333,-83.6311666666667,1.96
us6000mj1p,"52 km E of Tatsugō, Japan",5.2,2024-03-15 11:03:59.969,28.4959,130.131,10.0
av92231546,"85 km NW of Karluk, Alaska",-0.51,2024-03-15 10:57:18.790,58.175,-155.3395,0.91
ak0243g7l82i,"35 km SW of Cantwell, Alaska",1.0,2024-03-15 10:55:33.709,63.2079,-149.5256,74.6
nn00874829,"45 km ENE of Fort Bidwell, California",1.8,2024-03-15 10:52:06.019,41.9534,-119.6173,5.5
ak0243g7jyx5,"1 km NNW of Big Lake, Alaska",1.1,2024-03-15 10:49:48.578,61.5355,-149.9726,34.0
us6000mj1l,"52 km E of Tatsugō, Japan",5.6,2024-03-15 10:32:48.764,28.4219,130.13,10.0
nn00874828,"11 km N of Sutcliffe, Nevada",0.2,2024-03-15 10:30:34.705,40.0566,-119.6157,10.2
nn00874827,"11 km NNW of Virginia City, Nevada",0.8,2024-03-15 10:27:25.888,39.409,-119.703,7.3
nc74017811,"5 km W of Cobb, CA",1.08,2024-03-15 10:17:52.030,38.821167,-122.7845001,2.22
uu80000633,"14 km SSE of West Yellowstone, Montana",-0.27,2024-03-15 10:07:22.580,44.5435,-111.038666666667,9.12
uu80062791,"25 km SSE of West Yellowstone, Montana",0.35,2024-03-15 10:06:31.990,44.4468333333333,-111.011333333333,8.03
nn00874826,"47 km E of Fort Bidwell, California",1.6,2024-03-15 10:00:49.969,41.8879,-119.5822,0.0
ak0243g700gw,"35 km NNW of Aleneva, Alaska",1.6,2024-03-15 09:56:37.445,58.3597,-153.0988,66.6
ak0243g6zllw,"93 km NW of Aleneva, Alaska",1.3,2024-03-15 09:54:44.844,58.7163,-153.8985,20.4
ak0243g6zdk1,"53 km E of Port Alsworth, Alaska",1.1,2024-03-15 09:53:40.498,60.131,-153.3573,131.2
nn00874825,"2 km SE of East Valley, Nevada",0.0,2024-03-15 09:48:38.406,38.9274,-119.6806,12.5
nn00874822,"49 km NNW of Carlin, Nevada",1.6,2024-03-15 09:46:27.678,41.1424,-116.2481,0.8
nc74017796,"17 km S of Tres Pinos, CA",1.28,2024-03-15 09:29:27.410,36.6378326,-121.2884979,4.72
tx2024ffxw,"35 km WSW of Mentone, Texas",1.8,2024-03-15 09:25:34.037,31.605,-103.957,8.7018
ak0243g6sxrx,"14 km NNE of Nikiski, Alaska",1.7,2024-03-15 09:23:36.617,60.8083,-151.1647,34.9
uw61989891,"7 km ESE of Scotts Mills, Oregon",1.59,2024-03-15 09:12:14.480,45.026,-122.58266666666667,13.49
ak0243g6pgqy,"62 km E of Valdez, Alaska",1.6,2024-03-15 09:07:16.260,61.0452,-145.1961,20.0
nn00874807,"30 km ESE of Alamo, Nevada",2.2,2024-03-15 09:04:44.808,37.2607,-114.8471,0.0
nc74017786,"7 km NW of The Geysers, CA",1.29,2024-03-15 09:04:35.840,38.8238335,-122.8069992,2.48
ak0243g6e55f,"40 km W of Cantwell, Alaska",1.5,2024-03-15 08:54:33.793,63.3829,-149.768,29.3
ak0243g6dr1j,"14 km ENE of Chickaloon, Alaska",0.9,2024-03-15 08:52:50.950,61.8569,-148.2184,36.7
ci40687520,"6 km SSW of Idyllwild, CA",0.61,2024-03-15 08:28:27.720,33.6898333,-116.7365,16.19
av92231376,"82 km NNW of Karluk, Alaska",-0.25,2024-03-15 08:27:38.560,58.259,-154.955666666667,3.31
hv74137242,"4 km S of Pāhala, Hawaii",1.74,2024-03-15 08:23:35.040,19.1665,-155.484333333333,31.07
mb90043148,"7 km NNW of Smiths Ferry, Idaho",1.68,2024-03-15 08:16:29.690,44.3615,-116.122166666667,6.13
ci40687512,"2 km NNW of Frazier Park, CA",1.69,2024-03-15 08:15:44.930,34.8431667,-118.9575,13.3
ak0243g64qp3,"82 km NW of Aleneva, Alaska",1.4,2024-03-15 08:10:47.434,58.5865,-153.8999,10.4
pr2024075001,"69 km NE of Cruz Bay, U.S. Virgin Islands",3.84,2024-03-15 08:04:56.710,18.818,-64.379,17.0
tx2024ffus,"34 km WSW of Mentone, Texas",1.8,2024-03-15 07:52:00.500,31.605,-103.947,7.3303
ci40687504,"15 km N of Borrego Springs, CA",0.8,2024-03-15 07:50:26.670,33.389,-116.3685,3.91
ak0243g5r5jw,"66 km SE of Denali National Park, Alaska",2.4,2024-03-15 07:47:09.000,63.2061,-150.6313,128.4
mb90043143,"16 km NE of Stanley, Idaho",1.89,2024-03-15 07:47:03.980,44.3401666666667,-114.821833333333,7.88
ci40687496,"4 km S of Mentone, CA",1.09,2024-03-15 07:43:56.270,34.0293333,-117.1323333,8.79
ak0243g5qboj,"69 km WNW of Akhiok, Alaska",2.0,2024-03-15 07:43:20.992,57.1217,-155.268,7.1
ak0243g5on5r,"34 km SSW of Nanwalek, Alaska",1.9,2024-03-15 07:35:36.633,59.0625,-152.1324,76.4
nc74017776,"10 km WNW of The Geysers, CA",0.76,2024-03-15 07:27:56.220,38.8250008,-122.8511658,0.7
tx2024fftz,"57 km S of Whites City, New Mexico",2.9,2024-03-15 07:26:55.681,31.662,-104.407,6.0999
ci40687488,"16 km WSW of La Jolla, CA",1.23,2024-03-15 07:21:05.100,32.8005,-117.4373333,17.22
us6000mj01,south of the Fiji Islands,4.7,2024-03-15 07:18:56.713,-25.3541,179.6927,509.54
ak0243g5k5dd,"66 km SE of Denali National Park, Alaska",1.7,2024-03-15 07:14:39.857,63.1067,-150.8,110.6
ci40687480,"5 km NNW of Delta, B.C., MX",1.67,2024-03-15 07:10:56.050,32.4003333,-115.2088333,10.94
nc74017771,"7 km WNW of Cobb, CA",1.47,2024-03-15 07:03:40.740,38.8356667,-122.8056641,2.05
av92231286,"63 km ENE of Pedro Bay, Alaska",-0.88,2024-03-15 07:02:49.110,60.0041666666667,-153.063166666667,2.71
uu80062771,"14 km NE of Milford, Utah",-0.37,2024-03-15 06:57:46.980,38.4945,-112.892166666667,3.15
av92231281,"48 km WSW of False Pass, Alaska",1.51,2024-03-15 06:53:11.630,54.7581666666667,-164.146166666667,1.97
nc74017761,"8 km W of Cobb, CA",1.29,2024-03-15 06:37:29.300,38.8346672,-122.8103333,1.86
us6000mizz,"167 km E of Noda, Japan",4.7,2024-03-15 06:31:02.214,40.4019,143.7542,28.161
nc74017756,"8 km W of Cobb, CA",1.89,2024-03-15 06:30:36.860,38.8348351,-122.8081665,2.14
nc74017751,"8 km W of Cobb, CA",1.26,2024-03-15 06:18:59.770,38.8343315,-122.8088303,1.3
ci40687464,"11 km SSW of Borrego Springs, CA",0.98,2024-03-15 06:18:31.070,33.1656667,-116.4241667,11.58
ci40687456,"11 km SSW of Borrego Springs, CA",0.94,2024-03-15 06:16:14.230,33.1635,-116.4268333,11.94
pr2024075000,"20 km SW of San Rafael del Yuma, Dominican Republic",3.89,2024-03-15 06:06:45.430,18.2973,-68.8146,128.0
nc74017741,"7 km NW of The Geysers, CA",-0.34,2024-03-15 06:05:26.850,38.8263333,-122.814,1.92
nc74017731,"24 km E of San Ardo, CA",1.22,2024-03-15 06:03:09.870,36.0589981,-120.6435013,-0.74
ak0243g4m7vm,"47 km SSW of Cantwell, Alaska",1.3,2024-03-15 05:56:09.307,63.0417,-149.4726,54.9
ak0243g4lgjy,"45 km SSW of Cantwell, Alaska",1.5,2024-03-15 05:52:55.184,63.0501,-149.4551,70.2
hv74137207,"9 km ENE of Pāhala, Hawaii",1.96000004,2024-03-15 05:46:27.170,19.242000579834,-155.394332885742,31.3600006103516
nc74017726,"7 km WNW of The Geysers, CA",1.65,2024-03-15 05:35:33.140,38.8129997,-122.8253326,2.09
ak0243g4g962,"76 km SSE of Cantwell, Alaska",1.9,2024-03-15 05:28:26.663,62.7739,-148.3062,45.7
tx2024ffpt,"54 km S of Whites City, New Mexico",2.0,2024-03-15 05:19:21.487,31.686,-104.423,6.0999
hv74137182,"5 km SSW of Pāhala, Hawaii",1.92999995,2024-03-15 05:15:45.320,19.1564998626709,-155.489166259766,28.7600002288818
hv74137177,"8 km ENE of Pāhala, Hawaii",1.73,2024-03-15 05:15:29.780,19.2238333333333,-155.4035,32.11
hv74137172,"5 km SSE of Pāhala, Hawaii",2.26999998,2024-03-15 05:11:24.780,19.1560001373291,-155.467666625977,32.4300003051758
av92231236,"85 km NW of Karluk, Alaska",0.31,2024-03-15 04:57:00.780,58.1775,-155.338333333333,2.01
av92231231,"65 km WNW of Happy Valley, Alaska",0.05,2024-03-15 04:51:50.970,60.0755,-152.8735,17.76
mb90043278,"22 km NE of Helena Valley Northeast, Montana",0.66,2024-03-15 04:36:14.640,46.825,-111.718166666667,4.0
uu80062766,"25 km SSE of West Yellowstone, Montana",0.29,2024-03-15 04:21:48.420,44.442,-111.000833333333,4.14
uu80000628,"19 km ESE of West Yellowstone, Montana",0.37,2024-03-15 04:09:41.040,44.6211666666667,-110.862833333333,1.84
uu80062761,"24 km SSE of West Yellowstone, Montana",0.92,2024-03-15 04:09:13.290,44.449,-111.0095,8.18
uu80062756,"25 km SSE of West Yellowstone, Montana",0.54,2024-03-15 04:03:55.890,44.4471666666667,-110.998,7.28
uu80062751,"25 km SSE of West Yellowstone, Montana",0.0,2024-03-15 03:56:16.810,44.4473333333333,-111.010333333333,3.87
hv74137137,"18 km E of Naalehu, Hawaii",1.94,2024-03-15 03:56:03.290,19.0363333333333,-155.406,36.74
nc74017721,"10 km WNW of The Geysers, CA",0.76,2024-03-15 03:54:58.930,38.8240013,-122.8511658,1.84
ak0243g3etak,"44 km NNW of Petersville, Alaska",1.9,2024-03-15 03:53:58.200,62.8808,-150.9726,32.2
uu80062746,"25 km SSE of West Yellowstone, Montana",1.41,2024-03-15 03:40:42.010,44.443,-111.017666666667,10.32
uu80062741,"25 km SSE of West Yellowstone, Montana",1.18,2024-03-15 03:37:34.280,44.4461666666667,-111.002166666667,9.22
uu80062731,"25 km SSE of West Yellowstone, Montana",1.52,2024-03-15 03:35:30.930,44.4416666666667,-111.011333333333,9.24
uu80062726,"25 km SSE of West Yellowstone, Montana",1.22,2024-03-15 03:35:06.820,44.4415,-111.011666666667,8.94
uu80062736,"23 km SSE of West Yellowstone, Montana",0.75,2024-03-15 03:34:37.640,44.4591666666667,-111.010666666667,3.38
uu80000623,"24 km SSE of West Yellowstone, Montana",0.45,2024-03-15 03:34:25.730,44.4561666666667,-111.002333333333,5.28
nc74017711,"6 km W of Cobb, CA",0.85,2024-03-15 03:27:32.090,38.8266678,-122.7973328,2.67
nc74017706,"7 km NW of The Geysers, CA",0.64,2024-03-15 03:23:34.350,38.8185005,-122.8148346,2.62
pr71442988,"3 km NW of Orocovis, Puerto Rico",2.83,2024-03-15 03:21:56.030,18.2423333333333,-66.4146666666667,36.47
uu80062721,"7 km WSW of Thatcher, Utah",0.78,2024-03-15 03:21:44.140,41.6715,-112.384833333333,2.52
us6000mizh,"17 km SSE of Swan Lake, Montana",2.9,2024-03-15 03:19:27.615,47.78,-113.7632,10.0
nc74017701,"10 km NNW of Redwood Valley, CA",2.27,2024-03-15 03:15:14.870,39.3460007,-123.2663345,6.22
hv74137107,"14 km NE of Pāhala, Hawaii",1.42,2024-03-15 03:14:16.460,19.2921666666667,-155.3815,3.4
us6000mizf,"42 km S of Puerto El Triunfo, El Salvador",5.0,2024-03-15 03:13:58.759,12.9024,-88.5129,63.674
nm60573221,"0 km WSW of Ridgely, Tennessee",1.17,2024-03-15 03:00:26.320,36.261,-89.4978333333333,7.18
hv74137102,"11 km ENE of Pāhala, Hawaii",1.72,2024-03-15 02:47:56.430,19.2551666666667,-155.386166666667,31.77
us6000mizb,"109 km SSE of Kyzyl-Suu, Kyrgyzstan",4.4,2024-03-15 02:47:16.112,41.3804,78.2979,10.0
nn00874805,"11 km NNW of Virginia City, Nevada",1.2,2024-03-15 02:34:06.390,39.4102,-119.6941,8.4
ak0243g2nx6u,"33 km NE of Paxson, Alaska",2.0,2024-03-15 02:28:11.589,63.3175,-145.1899,0.0
tx2024ffkd,"57 km S of Whites City, New Mexico",1.5,2024-03-15 02:28:11.462,31.665,-104.494,6.0229
nc74017686,"6 km WNW of Cobb, CA",0.21,2024-03-15 02:23:09.430,38.8380013,-122.793335,1.7
ak0243g2mm7v,"14 km SSW of South Van Horn, Alaska",0.4,2024-03-15 02:22:02.075,64.6962,-147.9303,14.6
ak0243g2m7qp,"60 km W of Happy Valley, Alaska",1.9,2024-03-15 02:20:15.217,60.0498,-152.7953,93.3
nc74017681,"8 km NW of The Geysers, CA",0.71,2024-03-15 02:16:12.170,38.8320007,-122.8160019,1.91
ak0243g2im94,"20 km W of Tetlin, Alaska",1.4,2024-03-15 02:03:36.900,63.1239,-142.9266,0.0
nc74017671,"8 km NW of The Geysers, CA",1.08,2024-03-15 01:58:14.050,38.8193321,-122.8241653,2.58
us6000miz4,"33 km E of King Cove, Alaska",2.8,2024-03-15 01:54:30.517,55.12,-161.8031,87.489
hv74137062,"0 km W of Pāhala, Hawaii",2.16000009,2024-03-15 01:51:48.690,19.2035007476807,-155.486663818359,30.2199993133545
nc74017666,"8 km NW of The Geysers, CA",1.1,2024-03-15 01:51:33.570,38.8336678,-122.817337,1.75
nc74017661,"8 km NW of The Geysers, CA",0.64,2024-03-15 01:48:45.040,38.8330002,-122.8161697,1.77
ak0243g26c79,"87 km E of Ugashik, Alaska",2.1,2024-03-15 01:46:08.055,57.6644,-155.9644,3.0
nc74017656,"6 km N of San Miguel, CA",1.03,2024-03-15 01:44:35.460,35.8023338,-120.7080002,16.41
us6000miz1,"9 km N of Smiths Ferry, Idaho",2.9,2024-03-15 01:43:02.754,44.3871,-116.1076,10.0
uu80062711,"14 km NE of West Yellowstone, Montana",-0.03,2024-03-15 01:41:03.780,44.7665,-111.000666666667,7.02
tx2024ffio,"3 km SSE of Falls City, Texas",2.1,2024-03-15 01:39:58.564,28.954,-98.0,1.5381
nn00874819,"47 km E of Fort Bidwell, California",1.8,2024-03-15 01:39:35.553,41.8449,-119.5799,0.0
pr71442963,"5 km WSW of Central Aguirre, Puerto Rico",2.12,2024-03-15 01:37:20.960,17.9313333333333,-66.2675,14.65
nn00874818,"47 km E of Fort Bidwell, California",1.7,2024-03-15 01:33:15.861,41.9201,-119.585,0.0
uu80062706,"14 km NE of Milford, Utah",-0.13,2024-03-15 01:27:59.230,38.4943333333333,-112.898666666667,3.46
nc74017651,"3 km NNW of The Geysers, CA",0.39,2024-03-15 01:24:07.760,38.7998333,-122.7688333,0.16
uu80062701,"17 km E of Ursine, Nevada",1.43,2024-03-15 01:15:26.580,37.9615,-114.019,5.91
ak0243g1nifx,"91 km NW of Aleneva, Alaska",1.4,2024-03-15 00:58:24.290,58.5903,-154.1021,18.7
tx2024ffhd,"56 km S of Whites City, New Mexico",2.0,2024-03-15 00:58:17.251,31.67,-104.364,6.4587
ci40687432,"6 km E of Progreso, B.C., MX",1.76,2024-03-15 00:57:05.350,32.5738333,-115.5185,3.84
us6000miyy,"47 km E of Fort Bidwell, California",2.9,2024-03-15 00:54:52.495,41.9448,-119.5881,5.0
uw61989851,"7 km NNW of Eagle Point, Oregon",1.56,2024-03-15 00:45:14.150,42.5405,-122.831,-1.39
hv74137007,"26 km N of Pāhala, Hawaii",1.75,2024-03-15 00:44:31.230,19.4395008087158,-155.506500244141,10.8599996566772
ak0243g1karj,"15 km N of Ivanof Bay, Alaska",0.7,2024-03-15 00:43:25.113,56.0427,-159.4953,25.8
hv74136997,"14 km ESE of Naalehu, Hawaii",2.02999997,2024-03-15 00:39:10.970,19.0318336486816,-155.442504882812,32.7299995422363
ak0243g1j9a0,"63 km WNW of Beluga, Alaska",1.6,2024-03-15 00:38:39.281,61.297,-152.2109,0.0
nc74017636,"8 km NW of The Geysers, CA",0.68,2024-03-15 00:33:06.080,38.8303337,-122.8164978,2.04
nn00874804,"12 km NNW of Virginia City, Nevada",0.8,2024-03-15 00:30:58.493,39.4152,-119.6987,7.8
ci40687416,"21 km ESE of Anza, CA",0.63,2024-03-15 00:30:17.720,33.502,-116.4518333,12.17
av92231026,"82 km NNW of Karluk, Alaska",-0.07,2024-03-15 00:29:37.110,58.2668333333333,-154.916166666667,5.65
nc74017631,"1 km NNW of The Geysers, CA",1.08,2024-03-15 00:27:16.310,38.786499,-122.7590027,-0.83
hv74136987,"9 km SSE of Pāhala, Hawaii",1.77,2024-03-15 00:25:19.120,19.1268333333333,-155.4325,32.33
ci40687408,"10 km NW of Calipatria, CA",1.85,2024-03-15 00:19:10.270,33.18,-115.601,3.88
nc74017626,"8 km NW of The Geysers, CA",0.71,2024-03-14 23:53:53.760,38.8306656,-122.814003,1.69
av91136588,"96 km N of Karluk, Alaska",-0.57,2024-03-14 23:39:27.320,58.4335,-154.489833333333,3.66
nc74017606,"2 km W of Anderson Springs, CA",1.36,2024-03-14 23:36:38.520,38.7750015,-122.7190018,1.79
nc74017601,"2 km W of Anderson Springs, CA",1.21,2024-03-14 23:35:51.490,38.7751656,-122.7196655,1.93
ak0243ernu7t,"15 km E of Ferry, Alaska",1.8,2024-03-14 23:34:15.348,64.0397,-148.7961,0.0
us6000miys,"104 km E of Aras-asan, Philippines",4.8,2024-03-14 23:31:31.274,8.9737,127.2591,10.0
av92231006,"86 km NNW of Karluk, Alaska",-0.55,2024-03-14 23:23:24.840,58.2426666666667,-155.170333333333,2.64
ci40687400,"5 km NNW of Boron, CA",1.99,2024-03-14 23:21:51.960,35.0381667,-117.6715,-0.79
nc74017596,"3 km WNW of Anderson Springs, CA",0.48,2024-03-14 23:17:50.270,38.7818333,-122.7215,2.48
ak0243eri04h,"9 km ENE of Fox, Alaska",1.4,2024-03-14 23:06:30.733,64.9986,-147.4411,0.6
av92230986,"45 km WSW of False Pass, Alaska",0.81,2024-03-14 23:03:07.550,54.7481666666667,-164.092,10.05
nc74017586,"8 km WNW of The Geysers, CA",0.68,2024-03-14 22:57:08.500,38.8079987,-122.8383331,1.32
nc74017591,"8 km SSW of Ridgemark, CA",0.64,2024-03-14 22:56:32.140,36.7451667,-121.4085,8.61
nc74017581,"2 km W of Anderson Springs, CA",1.72,2024-03-14 22:56:23.890,38.7733345,-122.7173309,2.29
us6000miyl,"67 km ENE of Hinatuan, Philippines",4.7,2024-03-14 22:52:29.433,8.5822,126.9116,55.018
nc74017576,"16 km N of Morgan Hill, CA",2.47,2024-03-14 22:38:08.350,37.2775002,-121.62883,9.57
tx2024ffcn,"61 km S of Whites City, New Mexico",1.9,2024-03-14 22:37:53.180,31.631,-104.474,6.4587
tx2024ffcj,"16 km NE of Hermleigh, Texas",2.1,2024-03-14 22:32:25.023,32.746,-100.638,7.3486
ak0243eqzzqn,"45 km SSW of Cantwell, Alaska",1.8,2024-03-14 22:22:27.677,62.9942,-149.1957,69.1
av91136583,"15 km W of Akutan, Alaska",-0.54,2024-03-14 22:07:29.480,54.1251666666667,-166.014,4.57
us6000miyq,"5 km NW of Stanley, Idaho",2.3,2024-03-14 22:06:18.266,44.2558,-114.9841,3.861
nc74017571,"8 km NW of The Geysers, CA",0.76,2024-03-14 22:02:44.910,38.8318329,-122.817337,1.76
ak0243eqm3g1,"63 km W of Cantwell, Alaska",1.3,2024-03-14 21:57:43.436,63.3496,-150.2245,52.7
us6000miyf,northern Mid-Atlantic Ridge,4.9,2024-03-14 21:54:21.249,29.5755,-42.5889,10.0
us6000miyc,northern Mid-Atlantic Ridge,4.9,2024-03-14 21:50:13.764,29.6395,-42.6414,10.0
ak0243eqjof0,"18 km N of Nikiski, Alaska",1.6,2024-03-14 21:46:15.960,60.8597,-151.2958,67.4
nn00874791,"13 km E of Fernley, Nevada",1.3,2024-03-14 21:34:46.716,39.6,-119.0939,13.5
nc74017561,"8 km NW of The Geysers, CA",1.34,2024-03-14 21:33:35.840,38.8311653,-122.8174973,1.73
av92230921,"20 km WNW of Adak, Alaska",1.43,2024-03-14 21:32:31.940,51.9368333333333,-176.908333333333,-1.33
nc74017556,"8 km NW of The Geysers, CA",1.09,2024-03-14 21:30:52.160,38.831665,-122.817337,1.62
mb90043118,"7 km NNW of Smiths Ferry, Idaho",2.41,2024-03-14 21:30:29.400,44.3688333333333,-116.121,5.92
us6000miya,northern Mid-Atlantic Ridge,5.2,2024-03-14 21:29:13.011,29.6248,-42.6161,10.0
ak0243eqfu67,"28 km ENE of Minto, Alaska",1.3,2024-03-14 21:28:24.317,65.2142,-148.7593,17.7
mb90043203,"29 km SSE of Virginia City, Montana",0.86,2024-03-14 21:21:58.100,45.07,-111.741833333333,-2.0
nc74017541,"10 km WNW of The Geysers, CA",0.96,2024-03-14 21:21:37.200,38.8251648,-122.8523331,1.94
us6000miy6,northern Mid-Atlantic Ridge,6.0,2024-03-14 21:10:24.838,29.8022,-42.6586,10.0
ci40687344,"4 km NW of Green Acres, CA",1.27,2024-03-14 21:02:04.800,33.764,-117.1066667,-0.63
us6000miy5,northern Mid-Atlantic Ridge,4.8,2024-03-14 21:01:20.515,29.288,-42.851,10.0
ci40687336,"21 km SSW of La Quinta, CA",0.59,2024-03-14 20:50:32.160,33.4998333,-116.4231667,5.76
av92230891,"68 km SW of Nikolski, Alaska",1.66,2024-03-14 20:45:12.400,52.5665,-169.665666666667,25.97
ak0243epxlur,"5 km W of Houston, Alaska",1.8,2024-03-14 20:43:18.433,61.6258,-149.9294,32.4
ci40687312,"3 km SE of Yucaipa, CA",1.61,2024-03-14 20:35:28.980,34.017,-117.0188333,14.84
ak0243epsw4x,"5 km WSW of Salcha, Alaska",0.4,2024-03-14 20:21:18.926,64.5092,-147.0106,13.2
ak0243eps7k0,"1 km SSE of Salcha, Alaska",0.9,2024-03-14 20:18:02.250,64.5074,-146.8888,10.6
ak0243epovbi,"33 km ESE of Minto, Alaska",2.4,2024-03-14 20:02:42.066,65.09,-148.6438,20.3
ak0243epofws,"43 km NNW of Valdez, Alaska",1.5,2024-03-14 20:00:42.364,61.494,-146.6295,32.4
us6000mixv,northern Mid-Atlantic Ridge,5.2,2024-03-14 20:00:06.978,29.7698,-42.7936,10.0
ak0243ep8je8,"46 km NNW of Paxson, Alaska",1.8,2024-03-14 19:26:38.152,63.477,-145.931,13.3
nc74017521,"3 km ENE of The Geysers, CA",1.3,2024-03-14 19:25:44.920,38.7915001,-122.7283325,1.06
ci40687272,"5 km NNW of Azusa, CA",1.08,2024-03-14 19:20:22.830,34.1778333,-117.9246667,-0.82
nc74017516,"6 km NW of The Geysers, CA",1.06,2024-03-14 19:20:20.990,38.8129997,-122.8059998,2.11
nm60573141,"4 km WSW of Howardville, Missouri",1.33,2024-03-14 19:13:20.270,36.557,-89.6475,7.65
nc74017511,"5 km E of Vallejo, CA",1.5,2024-03-14 19:09:31.270,38.119,-122.1756667,-0.07
nc74017506,"1 km NNE of Prattville, CA",2.12,2024-03-14 19:06:49.300,40.2131667,-121.1526667,2.57
us6000mix0,"5 km NNE of Whitehouse Station, New Jersey",2.2,2024-03-14 19:00:39.731,40.6655,-74.7547,8.985
nc74017501,"12 km SE of Cloverdale, CA",1.02,2024-03-14 18:45:33.710,38.7311667,-122.9221667,5.28
ak0243eomozm,"84 km NNW of Karluk, Alaska",0.3,2024-03-14 18:24:30.740,58.2669,-155.0278,0.0
nc74017496,"10 km NW of The Geysers, CA",0.74,2024-03-14 18:21:12.260,38.8396683,-122.840332,2.03
av91136573,"82 km N of Karluk, Alaska",0.04,2024-03-14 18:19:08.270,58.2996666666667,-154.703833333333,4.79
ci40687208,"21 km E of Little Lake, CA",1.43,2024-03-14 18:09:27.080,35.9116667,-117.6805,8.03
nn00874763,"61 km S of Silver Peak, Nevada",1.3,2024-03-14 17:59:22.897,37.2059,-117.573,8.4
av92230796,"82 km NNW of Karluk, Alaska",-0.27,2024-03-14 17:49:07.570,58.2321666666667,-155.0905,32.47
tx2024feso,"49 km W of Mentone, Texas",1.7,2024-03-14 17:35:25.444,31.74,-104.116,6.7151
nc74017481,"7 km WNW of Cobb, CA",0.92,2024-03-14 17:31:46.060,38.8375015,-122.80233,2.46
ak0243eo1mwg,"16 km NW of Trapper Creek, Alaska",2.5,2024-03-14 17:26:05.900,62.4214,-150.444,60.0
ak0243eo0lvj,"66 km S of Kokhanok, Alaska",1.6,2024-03-14 17:21:26.077,58.8477,-154.5855,115.0
ak0243enz35i,"11 km E of Beluga, Alaska",1.4,2024-03-14 17:14:16.756,61.1302,-150.8646,67.7
ak0243eny2l2,"57 km NNE of Petersville, Alaska",1.2,2024-03-14 17:09:42.943,62.9865,-150.4245,100.0
av91136568,"80 km NW of Aleneva, Alaska",0.26,2024-03-14 17:09:11.830,58.5368333333333,-153.943,8.48
hv74136602,"10 km WSW of Volcano, Hawaii",1.26,2024-03-14 16:59:42.170,19.4243333333333,-155.329,-1.15
av92230771,"83 km NW of Aleneva, Alaska",0.28,2024-03-14 16:52:53.730,58.5713333333333,-153.962,13.58
ak0243enik77,"6 km W of Knik, Alaska",2.5,2024-03-14 16:37:06.755,61.4692,-149.8487,49.2
ak0243enhs6q,"51 km SW of Cantwell, Alaska",1.3,2024-03-14 16:33:43.225,63.0874,-149.7263,97.1
uu80062691,"14 km NE of Milford, Utah",-0.42,2024-03-14 16:25:58.300,38.493,-112.8985,3.62
av92230756,"86 km NNW of Karluk, Alaska",-0.33,2024-03-14 16:24:38.830,58.2483333333333,-155.1465,4.03
av92230751,"2 km WSW of Unalaska, Alaska",0.63,2024-03-14 16:21:03.450,53.8666666666667,-166.567333333333,3.46
av91136563,"2 km W of Unalaska, Alaska",-0.34,2024-03-14 16:20:36.950,53.87,-166.5695,3.28
av91136558,"2 km WSW of Unalaska, Alaska",0.08,2024-03-14 16:20:20.490,53.8668333333333,-166.5685,2.59
av92230746,"2 km WSW of Unalaska, Alaska",0.12,2024-03-14 16:20:00.120,53.8645,-166.566833333333,2.95
us6000miw5,"27 km ENE of Khorugh, Tajikistan",4.4,2024-03-14 16:12:32.475,37.5762,71.8505,116.057
hv74136587,"9 km NE of Pāhala, Hawaii",1.87,2024-03-14 16:08:19.890,19.2748336791992,-155.422332763672,30.5200004577637
av91136553,"61 km SW of Adak, Alaska",1.89,2024-03-14 16:07:55.310,51.5596666666667,-177.373833333333,18.38
ak0243en0leh,"105 km ESE of Yakutat, Alaska",2.8,2024-03-14 15:53:23.777,59.167,-138.0236,0.0
hv74136567,"7 km SW of Volcano, Hawaii",1.3,2024-03-14 15:43:33.400,19.3926666666667,-155.2795,1.49
tx2024feof,"38 km NNW of Toyah, Texas",1.9,2024-03-14 15:24:10.144,31.613,-103.991,7.5995
hv74136547,"8 km ENE of Pāhala, Hawaii",2.11999989,2024-03-14 15:20:41.620,19.2441673278809,-155.412826538086,32.4900016784668
tx2024feod,"53 km NW of Toyah, Texas",1.5,2024-03-14 15:20:07.364,31.644,-104.201,3.7415
tx2024feny,"48 km W of Mentone, Texas",2.5,2024-03-14 15:18:46.171,31.741,-104.11,6.2921
av92230711,"65 km WNW of Ninilchik, Alaska",0.22,2024-03-14 15:17:44.060,60.3186666666667,-152.714333333333,8.15
us6000miuf,"23 km ENE of Iwaki, Japan",5.6,2024-03-14 15:14:36.625,37.1035,141.1426,53.085
av92230706,"51 km WSW of Nikolski, Alaska",1.62,2024-03-14 15:12:18.660,52.7615,-169.567833333333,13.65
hv74136537,"3 km ESE of Eden Roc, Hawaii",2.07,2024-03-14 15:10:19.400,19.4765,-155.074333333333,41.31
av91136543,"48 km WSW of Nikolski, Alaska",1.19,2024-03-14 15:06:46.750,52.8341666666667,-169.563166666667,4.03
uw61989781,"0 km NE of East Renton Highlands, Washington",1.74,2024-03-14 14:59:25.200,47.48916666666667,-122.10466666666666,25.19
ak0243emftor,"65 km SE of Pedro Bay, Alaska",2.5,2024-03-14 14:56:33.397,59.4473,-153.1545,113.0
hv74136522,"10 km SSW of Volcano, Hawaii",1.86000001,2024-03-14 14:55:47.920,19.3636665344238,-155.282165527344,0.579999983310699
us6000miu7,"216 km SSW of Ambon, Indonesia",4.3,2024-03-14 14:48:47.673,-5.5688,127.6153,380.922
av91136538,"48 km WSW of Nikolski, Alaska",1.76,2024-03-14 14:44:21.840,52.8295,-169.555833333333,4.12
nc74017461,"8 km WNW of Cobb, CA",1.82,2024-03-14 14:44:05.270,38.8455009,-122.8166656,0.7
av92230671,"85 km SSE of Kokhanok, Alaska",0.14,2024-03-14 14:28:23.100,58.7071666666667,-154.3585,5.62
ak0243em9m3f,"47 km SSE of Pope-Vannoy Landing, Alaska",1.8,2024-03-14 14:27:35.638,59.2023,-154.0418,127.5
av91136523,"62 km WNW of Ninilchik, Alaska",-0.01,2024-03-14 14:27:15.010,60.3153333333333,-152.6585,8.35
av92230666,"64 km WNW of Ninilchik, Alaska",0.49,2024-03-14 14:24:49.870,60.3181666666667,-152.706166666667,9.91
us6000mitx,"99 km SSW of Urakawa, Japan",4.6,2024-03-14 14:22:31.563,41.3,142.4309,53.489
tx2024femf,"61 km S of Whites City, New Mexico",1.6,2024-03-14 14:21:44.412,31.624,-104.355,2.511
tx2024femd,"4 km SE of Falls City, Texas",2.5,2024-03-14 14:21:22.544,28.951,-97.993,6.8848
ak0243em81vi,"17 km E of Four Mile Road, Alaska",0.9,2024-03-14 14:20:07.025,64.6256,-148.7545,21.4
hv74136502,"14 km S of Volcano, Hawaii",1.86,2024-03-14 14:09:44.410,19.31,-155.217666666667,1.54
ak0243em4xgk,"42 km N of Sutton-Alpine, Alaska",1.5,2024-03-14 14:05:50.121,62.16,-148.8746,33.5
ci40687104,"14 km ESE of Julian, CA",0.85,2024-03-14 14:02:47.680,33.0148333,-116.4751667,11.55
ok2024feln,"8 km ENE of Verden, Oklahoma",1.27,2024-03-14 14:02:24.300,35.12066667,-98.0035,7.2
nn00874768,"1 km E of Sun Valley, Nevada",-0.1,2024-03-14 13:57:59.746,39.5963,-119.7566,13.4
ak0243els6o5,"29 km N of Sutton-Alpine, Alaska",1.4,2024-03-14 13:46:04.215,62.0364,-148.8465,20.0
ak0243elmi6z,"42 km W of Kalifornsky, Alaska",1.6,2024-03-14 13:19:54.196,60.4793,-152.0576,81.6
nc74017436,"8 km NW of The Geysers, CA",0.4,2024-03-14 13:19:28.910,38.8331667,-122.8183333,1.69
hv74136477,"12 km E of Pāhala, Hawaii",2.00999999,2024-03-14 13:17:26.390,19.1944999694824,-155.362838745117,32.9900016784668
tx2024fejt,"32 km WSW of Ackerly, Texas",2.3,2024-03-14 13:07:22.614,32.405,-102.025,9.3994
tx2024fejs,"54 km S of Whites City, New Mexico",1.5,2024-03-14 13:07:04.899,31.687,-104.421,5.5359
mb90043108,"14 km W of Hebgen Lake Estates, Montana",1.08,2024-03-14 13:01:07.910,44.784,-111.377666666667,6.13
nc74017426,"6 km W of Cobb, CA",1.64,2024-03-14 12:56:15.890,38.8276672,-122.7884979,1.64
hv74136447,"13 km E of Honaunau-Napoopoo, Hawaii",1.61,2024-03-14 12:55:53.310,19.4506666666667,-155.737,7.08
tx2024fejc,"55 km S of Whites City, New Mexico",2.0,2024-03-14 12:48:29.147,31.672,-104.418,6.51
ak0243el5xj8,"51 km WNW of Nanwalek, Alaska",1.9,2024-03-14 12:42:21.488,59.5164,-152.7639,82.7
tx2024feiu,"55 km S of Whites City, New Mexico",2.2,2024-03-14 12:38:40.487,31.678,-104.421,6.4587
ak0243el33rz,"66 km WNW of Happy Valley, Alaska",1.9,2024-03-14 12:29:02.716,60.1137,-152.8765,107.2
us6000miti,"36 km NE of Port-Olry, Vanuatu",4.8,2024-03-14 12:20:39.315,-14.8119,167.3153,163.127
tx2024feht,"15 km N of Big Spring, Texas",2.4,2024-03-14 12:08:37.196,32.39,-101.465,7.4951
ak0243ekxdd9,"6 km SW of Salcha, Alaska",1.0,2024-03-14 12:02:27.202,64.4766,-146.9798,7.4
nn00874766,"9 km N of Lemmon Valley, Nevada",0.5,2024-03-14 11:58:39.905,39.7199,-119.8567,10.2
ak0243eknd6v,"10 km SW of Point Possession, Alaska",1.3,2024-03-14 11:55:59.758,60.8524,-150.8089,12.9
ci40687064,"28 km N of Searles Valley, CA",1.74,2024-03-14 11:40:25.280,36.0178333,-117.3585,1.45
nc74017411,"8 km NW of The Geysers, CA",0.74,2024-03-14 11:39:11.040,38.8328323,-122.8193359,1.52
tx2024fegp,"55 km NW of Toyah, Texas",1.9,2024-03-14 11:33:17.411,31.668,-104.208,7.6636
ok2024fegm,"8 km WNW of Prague, Oklahoma",0.31,2024-03-14 11:30:02.549,35.52933333,-96.76416667,5.55
ak0243ekgwes,"13 km NW of Beluga, Alaska",1.4,2024-03-14 11:25:42.928,61.2276,-151.2695,79.3
av92230606,"82 km NW of Karluk, Alaska",-0.35,2024-03-14 11:13:09.410,58.1601666666667,-155.302666666667,-2.19
tx2024fefn,"52 km SSE of Whites City, New Mexico",2.5,2024-03-14 11:01:47.659,31.743,-104.163,6.4075
us6000miw7,"252 km WSW of Adak, Alaska",2.7,2024-03-14 10:59:27.600,51.1201,179.9338,19.794
ak0243ek1xai,"27 km N of Four Mile Road, Alaska",1.3,2024-03-14 10:55:55.942,64.847,-149.0296,18.4
hv74136337,"10 km ENE of Pāhala, Hawaii",1.92999995,2024-03-14 10:36:11.270,19.2523326873779,-155.398162841797,29.7600002288818
ok2024feer,"9 km NNE of El Reno, Oklahoma",1.61,2024-03-14 10:34:32.270,35.60833333,-97.91316667,7.75
mb90043103,"17 km SSW of Whitehall, Montana",0.44,2024-03-14 10:31:26.880,45.7253333333333,-112.169,5.87
ci40687040,"20 km NNW of Tehachapi, CA",1.64,2024-03-14 10:25:41.680,35.3108333,-118.502,5.47
nc74017396,"6 km NNW of The Geysers, CA",1.31,2024-03-14 10:10:07.730,38.8246651,-122.7963333,2.51
ci40687032,"3 km WNW of Lake Elsinore, CA",0.89,2024-03-14 09:52:16.320,33.6843333,-117.3588333,14.05
us6000mit2,"62 km WNW of Edd, Eritrea",4.6,2024-03-14 09:50:33.602,14.0706,41.1291,10.0
hv74136292,"0 km N of Pāhala, Hawaii",2.0,2024-03-14 09:44:13.420,19.2071666717529,-155.477828979492,33.9300003051758
ci40687024,"8 km SW of Holtville, CA",1.39,2024-03-14 09:39:57.980,32.7601667,-115.4371667,8.61
us6000misz,"70 km ENE of Mutsu, Japan",4.6,2024-03-14 09:37:51.943,41.476,142.0272,62.304
nc74017386,"15 km E of Seven Trees, CA",1.06,2024-03-14 09:30:07.520,37.3008333,-121.6678333,5.31
nn00874757,"47 km ENE of Fort Bidwell, California",1.7,2024-03-14 09:20:14.154,41.949,-119.596,1.0
pr2024074000,"39 km NW of Rincón, Puerto Rico",3.63,2024-03-14 09:17:20.240,18.6058,-67.5051,9.0
nc74017381,"12 km ESE of Gilroy, CA",1.31,2024-03-14 09:08:56.480,36.9606667,-121.4416656,10.06
nc74017376,"8 km W of Cobb, CA",1.09,2024-03-14 09:08:38.780,38.8351669,-122.8171692,2.08
mb90043098,"7 km NNW of Smiths Ferry, Idaho",1.77,2024-03-14 08:44:14.910,44.3693333333333,-116.120333333333,5.02
uw61989776,"4 km N of North Bonneville, Washington",0.85,2024-03-14 08:43:18.570,45.677166666666665,-121.98216666666667,8.46
av92230536,"84 km NW of Karluk, Alaska",-0.34,2024-03-14 08:41:10.430,58.1693333333333,-155.321333333333,0.56
hv74136252,"2 km W of Pāhala, Hawaii",2.18,2024-03-14 08:39:52.970,19.2029991149902,-155.503997802734,31.4099998474121
us6000misv,"49 km NW of Kuqa, China",4.7,2024-03-14 08:36:22.605,41.9822,82.4545,10.0
av91136493,"61 km SE of Pedro Bay, Alaska",-0.32,2024-03-14 08:31:14.030,59.3616666666667,-153.426833333333,-1.2
us6000mist,"101 km WSW of Yanglong, China",4.7,2024-03-14 08:27:16.234,38.5495,97.3148,10.0
ci40687016,"14 km ESE of Anza, CA",0.6,2024-03-14 08:22:15.140,33.5045,-116.5331667,9.57
uu80062681,"8 km WSW of Thatcher, Utah",0.94,2024-03-14 08:16:08.450,41.6743333333333,-112.387,2.18
tx2024fdzt,"4 km SSE of Falls City, Texas",2.0,2024-03-14 08:06:15.829,28.946,-98.002,7.2998
nc74017366,"7 km NW of The Geysers, CA",0.46,2024-03-14 08:03:20.170,38.823,-122.8085,2.59
ak0243eia8ny,"6 km SSW of Salcha, Alaska",1.2,2024-03-14 07:58:43.507,64.4664,-146.9348,8.8
mb90043093,"14 km SE of Lincoln, Montana",0.61,2024-03-14 07:57:55.620,46.8818333333333,-112.5235,11.67
hv74136212,"11 km ENE of Pāhala, Hawaii",1.78999996,2024-03-14 07:56:18.600,19.2603340148926,-155.387496948242,31.2099990844727
av91136488,"67 km W of Salamatof, Alaska",-0.53,2024-03-14 07:53:30.130,60.6693333333333,-152.542666666667,7.66
ci40687008,"6 km SW of Salton City, CA",1.02,2024-03-14 07:48:09.340,33.2615,-116.004,4.57
nc74017361,"2 km NNW of The Geysers, CA",0.26,2024-03-14 07:43:56.730,38.7958336,-122.7618332,0.67
ci40687000,"14 km ESE of Anza, CA",0.94,2024-03-14 07:40:51.550,33.5038333,-116.537,9.23
av92230506,"35 km WNW of Dutch Harbor, Alaska",1.27,2024-03-14 07:35:32.190,54.0395,-167.016166666667,20.84
nc74017356,"3 km ESE of The Geysers, CA",0.51,2024-03-14 07:23:57.230,38.7671667,-122.727,1.01
nc74017351,"8 km NW of The Geysers, CA",0.76,2024-03-14 07:03:57.750,38.8306656,-122.8184967,1.5
nc74017346,"8 km NW of The Geysers, CA",1.05,2024-03-14 07:03:42.030,38.8310013,-122.8184967,1.68
nc74017341,"9 km NW of The Geysers, CA",0.71,2024-03-14 07:02:14.140,38.838501,-122.8278351,1.9
nn00874747,"5 km E of Gerlach, Nevada",1.6,2024-03-14 06:59:08.798,40.6588,-119.2932,1.8
av92230476,"39 km ENE of Adak, Alaska",-0.09,2024-03-14 06:55:25.030,52.0548333333333,-176.136166666667,-1.8
av91136473,"84 km WSW of Adak, Alaska",1.25,2024-03-14 06:54:01.060,51.4838333333333,-177.688,33.73
av92230471,"34 km N of Ivanof Bay, Alaska",0.32,2024-03-14 06:47:40.210,56.213,-159.453,18.33
ci40686992,"19 km NNW of Borrego Springs, CA",1.56,2024-03-14 06:41:35.050,33.4106667,-116.4631667,12.11
ak0243ehhp2p,"20 km S of Central, Alaska",1.6,2024-03-14 06:25:25.930,65.3856,-144.7841,0.0
us6000misc,"262 km E of Port Blair, India",4.8,2024-03-14 06:13:01.928,11.2624,95.12,10.0
tx2024fdvw,"21 km N of Stanton, Texas",1.6,2024-03-14 06:09:08.367,32.319,-101.821,6.5674
nn00874737,"30 km NE of Mina, Nevada",1.2,2024-03-14 06:06:53.916,38.5886,-117.8747,5.8
nn00874746,"8 km N of Lemmon Valley, Nevada",1.0,2024-03-14 06:04:33.478,39.715,-119.8611,11.8
mb90043088,"8 km NNW of Cardwell, Montana",0.74,2024-03-14 05:55:48.810,45.9333333333333,-111.990333333333,2.41
ak0243eh222y,"40 km NNE of Petersville, Alaska",3.9,2024-03-14 05:52:30.832,62.8375,-150.5101,100.5
av91136463,"88 km W of Adak, Alaska",-0.24,2024-03-14 05:45:28.390,51.8616666666667,-177.9125,5.73
av92230371,"64 km ENE of Pedro Bay, Alaska",-0.56,2024-03-14 05:32:50.940,60.025,-153.056833333333,-1.79
nc74017336,"7 km W of Cobb, CA",-0.34,2024-03-14 05:15:56.800,38.8311667,-122.8003333,1.66
ak0243egu2rg,"22 km ENE of Willow, Alaska",1.4,2024-03-14 05:15:05.889,61.824,-149.6481,40.6
av92230356,"86 km NW of Karluk, Alaska",0.03,2024-03-14 05:01:39.000,58.1675,-155.375833333333,2.02
ci40686960,"16 km NNW of Ocotillo, CA",0.85,2024-03-14 04:59:06.420,32.8653333,-116.0748333,8.49
us6000mis1,"149 km SE of Shima, Japan",4.4,2024-03-14 04:51:31.978,33.2194,137.7425,336.685
nc74017321,"7 km NW of The Geysers, CA",0.44,2024-03-14 04:42:52.980,38.8238333,-122.8063333,2.69
tx2024fdta,"3 km S of Midland, Texas",1.6,2024-03-14 04:41:29.438,31.964,-102.081,8.374
av92230346,"85 km NW of Karluk, Alaska",-0.57,2024-03-14 04:25:59.210,58.1715,-155.337166666667,-0.13
nn00874762,"46 km ENE of Fort Bidwell, California",2.0,2024-03-14 04:23:43.674,42.0269,-119.6432,0.3
av91136453,"89 km SSE of Kokhanok, Alaska",-0.13,2024-03-14 04:23:21.840,58.6613333333333,-154.384833333333,-0.79
hv74136142,"12 km ESE of Pāhala, Hawaii",2.30999994,2024-03-14 04:19:20.510,19.1438331604004,-155.38166809082,30.2099990844727
av91136458,"89 km W of Adak, Alaska",-0.08,2024-03-14 04:13:28.590,51.846,-177.9285,-1.8
pr71442918,"3 km SW of La Parguera, Puerto Rico",1.66,2024-03-14 04:12:36.310,17.9503333333333,-67.0706666666667,6.63
av92230331,"41 km NE of Adak, Alaska",0.95,2024-03-14 04:10:35.770,52.1128333333333,-176.167333333333,5.85
uu80062676,"14 km NE of West Yellowstone, Montana",1.47,2024-03-14 04:09:46.760,44.769,-110.997833333333,9.49
us6000mirw,"1 km N of Southshore, New Zealand",2.9,2024-03-14 04:02:36.723,-43.5348,172.7508,16.115
nc74017316,"17 km N of Coalinga, CA",2.43,2024-03-14 03:57:23.820,36.2938333,-120.3523333,6.86
ak0243eftwjh,"42 km N of Pleasant Valley, Alaska",1.2,2024-03-14 03:46:29.096,65.2619,-146.7808,7.2
av92230316,"40 km ENE of Adak, Alaska",-0.05,2024-03-14 03:43:38.460,52.0688333333333,-176.131333333333,-1.8
ci40686944,"6 km WSW of Pinon Hills, CA",1.35,2024-03-14 03:38:34.090,34.421,-117.7111667,3.81
ak0243efrriv,"28 km WNW of Anchor Point, Alaska",1.2,2024-03-14 03:36:30.954,59.9118,-152.2692,91.2
nc74017306,"5 km WNW of Mammoth Lakes, CA",0.77,2024-03-14 03:28:50.960,37.6515,-119.0303333,-0.84
hv74136122,"14 km ESE of Pāhala, Hawaii",1.71,2024-03-14 03:26:45.630,19.1546666666667,-155.354666666667,25.43
nn00874745,"16 km NNW of Sutcliffe, Nevada",0.8,2024-03-14 03:07:01.793,40.0888,-119.6628,13.9
us6000mirj,"21 km SW of Plužine, Montenegro",5.4,2024-03-14 03:06:46.795,42.9936,18.6796,7.577
tx2024fdps,"64 km S of Whites City, New Mexico",2.0,2024-03-14 03:00:44.181,31.606,-104.506,8.1506
ci40686936,"13 km ESE of Anza, CA",0.61,2024-03-14 02:59:27.880,33.5111667,-116.5415,9.85
ak0243ef9y0p,"2 km S of Meadow Lakes, Alaska",1.8,2024-03-14 02:53:17.057,61.6067,-149.6066,29.5
ci40686928,"22 km E of Little Lake, CA",1.11,2024-03-14 02:51:24.900,35.9263333,-117.6678333,4.24
nc74017301,"8 km W of Cobb, CA",0.71,2024-03-14 02:50:48.070,38.8326683,-122.8115005,1.41
ak0243ef83e4,"63 km ESE of Denali Park, Alaska",1.6,2024-03-14 02:44:53.567,63.5372,-147.7008,11.8
nc74017296,"19 km NW of Parkfield, CA",1.09,2024-03-14 02:43:00.820,36.0178337,-120.5771637,1.37
av92230286,"41 km NE of Adak, Alaska",0.36,2024-03-14 02:42:59.490,52.0836666666667,-176.14,-1.8
hv74136102,"1 km NNE of Pāhala, Hawaii",2.21000004,2024-03-14 02:41:37.010,19.2153339385986,-155.471496582031,35.0099983215332
hv74136097,"7 km SE of Pāhala, Hawaii",2.16,2024-03-14 02:41:19.420,19.1593341827393,-155.422332763672,31.6000003814697
ak0243ef76hp,"10 km S of Clam Gulch, Alaska",1.2,2024-03-14 02:40:27.128,60.1355,-151.4149,0.0
nc74017281,"8 km NW of The Geysers, CA",-0.45,2024-03-14 02:27:17.100,38.8313333,-122.8191667,1.68
ak0243ef2udy,"42 km SE of Pedro Bay, Alaska",1.9,2024-03-14 02:20:04.066,59.5723,-153.4852,113.9
ci40686920,"11 km NE of Cabazon, CA",2.19,2024-03-14 02:19:27.660,33.979,-116.6986667,13.35
ci40686912,"9 km WSW of Anza, CA",0.4,2024-03-14 02:11:04.200,33.5218333,-116.7573333,4.42
nn00874744,"1 km ESE of Carter Springs, Nevada",0.5,2024-03-14 02:05:50.781,38.8551,-119.6233,1.0
ci40686904,"19 km NNW of Borrego Springs, CA",0.85,2024-03-14 02:03:20.280,33.4103333,-116.453,13.46
hv74136077,"12 km NE of Pāhala, Hawaii",2.3900001,2024-03-14 02:01:00.080,19.267333984375,-155.379669189453,28.8199996948242
nc74017276,"16 km WSW of Toms Place, CA",1.24,2024-03-14 02:00:46.420,37.4903333,-118.8323333,7.13
ci37631964,"18 km NNW of Borrego Springs, CA",1.0,2024-03-14 01:58:10.060,33.4085,-116.4525,12.8
ci40686896,"18 km NNW of Borrego Springs, CA",0.89,2024-03-14 01:58:09.130,33.4103333,-116.4448333,14.16
hv74136072,"10 km E of Pāhala, Hawaii",2.30999994,2024-03-14 01:55:21.710,19.2071666717529,-155.378662109375,31.3500003814697
ak0243eeocuq,"23 km SSE of Chickaloon, Alaska",1.8,2024-03-14 01:52:44.988,61.5975,-148.3137,9.8
ok2024fdnl,"8 km NNE of El Reno, Oklahoma",1.29,2024-03-14 01:52:38.909,35.60433333,-97.91533333,6.65
ci40686888,"14 km SE of Anza, CA",0.37,2024-03-14 01:43:02.520,33.4801667,-116.5531667,6.72
ak0243eekapo,"23 km SSW of Ester, Alaska",0.9,2024-03-14 01:33:51.001,64.6658,-148.2803,16.1
uu80062671,"14 km NE of West Yellowstone, Montana",0.58,2024-03-14 01:31:45.580,44.7695,-110.9985,8.19
ak0243eeilbl,"16 km WNW of Fishhook, Alaska",1.3,2024-03-14 01:25:55.374,61.7964,-149.538,14.6
nn00874759,"10 km NW of Indian Springs, Nevada",0.4,2024-03-14 01:09:54.760,36.6305,-115.7651,0.0
ak0243eeeoit,"143 km S of Cordova, Alaska",2.2,2024-03-14 01:07:30.087,59.2643,-145.4454,31.2
ok2024fdlx,"9 km NNE of El Reno, Oklahoma",1.71,2024-03-14 01:06:44.549,35.61266667,-97.90833333,6.25
us6000miqp,"90 km ENE of Masohi, Indonesia",4.8,2024-03-14 00:51:37.540,-2.8861,129.6768,10.0
ak0243ee0jli,"26 km ESE of Livengood, Alaska",2.2,2024-03-14 00:41:34.942,65.4047,-148.0435,14.6
ak0243ee0in2,"42 km E of Pedro Bay, Alaska",1.3,2024-03-14 00:41:22.543,59.7904,-153.3519,104.8
nc74017256,"2 km SE of Cobb, CA",0.89,2024-03-14 00:26:44.490,38.8100014,-122.7099991,9.24
hv74135982,"12 km SW of Volcano, Hawaii",1.25,2024-03-14 00:23:25.660,19.3665,-155.318333333333,0.13
ak0243edw81k,"11 km W of Four Mile Road, Alaska",1.1,2024-03-14 00:21:18.968,64.6221,-149.3506,16.9
nc74017251,"8 km NW of The Geysers, CA",0.4,2024-03-14 00:17:05.030,38.8165,-122.8266667,2.72
nn00874743,"3 km SE of Sun Valley, Nevada",0.7,2024-03-14 00:16:24.010,39.5754,-119.7496,13.4
av92230196,"64 km ENE of Pedro Bay, Alaska",-0.64,2024-03-14 00:13:13.490,60.0441666666667,-153.0805,-2.56
uu80062666,"14 km NE of West Yellowstone, Montana",0.35,2024-03-14 00:12:58.710,44.7658333333333,-110.993833333333,7.46
uu80000618,"14 km NE of West Yellowstone, Montana",-0.14,2024-03-14 00:12:45.190,44.768,-110.994666666667,6.49
nc74017246,"7 km NW of The Geysers, CA",0.76,2024-03-14 00:00:46.320,38.8188324,-122.8238297,1.95
nc74017236,"7 km NW of The Geysers, CA",1.29,2024-03-13 23:53:39.420,38.8188324,-122.822998,2.33
av91136438,"69 km W of Salamatof, Alaska",-0.41,2024-03-13 23:52:30.300,60.7335,-152.566,24.97
nc74017231,"9 km WNW of Cobb, CA",0.61,2024-03-13 23:52:26.180,38.8416672,-122.8264999,1.78
av91136443,"85 km NW of Karluk, Alaska",-0.02,2024-03-13 23:49:25.110,58.1795,-155.334833333333,1.02
tx2024fdjh,"51 km SSE of Whites City, New Mexico",2.0,2024-03-13 23:47:13.733,31.746,-104.16,6.3434
ci40686872,"20 km NNE of Ridgecrest, CA",1.09,2024-03-13 23:30:42.060,35.8013333,-117.6286667,8.92
ci40686864,"4 km NNW of Boron, CA",1.68,2024-03-13 23:29:51.950,35.031,-117.674,-0.79
ci40686856,"11 km ESE of Anza, CA",0.1,2024-03-13 23:28:57.360,33.5135,-116.563,4.27
nc74017221,"10 km WSW of Manton, CA",1.8,2024-03-13 23:16:35.070,40.399,-121.9785,21.55
us6000miqh,"110 km WSW of Cuya, Chile",4.6,2024-03-13 23:05:04.022,-19.6925,-71.0693,9.761
uu80062661,"14 km NE of West Yellowstone, Montana",0.62,2024-03-13 23:02:44.690,44.7701666666667,-110.996166666667,7.84
av92230156,"64 km ENE of Pedro Bay, Alaska",-1.0,2024-03-13 22:52:38.140,60.0568333333333,-153.079333333333,1.13
nc74017216,"9 km WNW of Cobb, CA",0.75,2024-03-13 22:51:28.700,38.840168,-122.8243332,1.67
us6000miqg,"112 km WNW of Puerto, Chile",4.3,2024-03-13 22:50:12.007,-19.7108,-71.0811,23.834
nc74017211,"7 km WNW of Cobb, CA",0.85,2024-03-13 22:45:01.510,38.8358345,-122.8000031,1.98
us6000miqf,"106 km WNW of Puerto, Chile",4.2,2024-03-13 22:38:03.016,-19.7574,-71.0495,20.403
nc74017206,"10 km WNW of The Geysers, CA",1.2,2024-03-13 22:24:34.050,38.8250008,-122.8503342,1.95
ci40686832,"6 km WSW of Idyllwild, CA",1.65,2024-03-13 22:17:08.180,33.7113333,-116.7776667,16.34
us6000miqc,"105 km WNW of Puerto, Chile",4.3,2024-03-13 22:14:59.103,-19.7451,-71.0263,23.831
av91136433,"4 km SE of Unalaska, Alaska",-0.48,2024-03-13 22:14:20.520,53.853,-166.484166666667,10.53
uw61989761,"1 km WNW of Mirrormont, Washington",1.77,2024-03-13 22:13:47.480,47.468333333333334,-122.01733333333334,9.34
us6000miqd,"105 km WNW of Puerto, Chile",5.0,2024-03-13 22:10:34.819,-19.747,-71.0333,11.279
us6000miq9,"102 km WNW of Puerto, Chile",4.8,2024-03-13 22:10:23.311,-19.7348,-70.9858,19.334
uu80062656,"14 km NE of West Yellowstone, Montana",0.58,2024-03-13 22:04:43.370,44.7688333333333,-110.997166666667,7.92
uu80000613,"20 km SSE of Mammoth, Wyoming",0.11,2024-03-13 22:04:34.470,44.8181666666667,-110.578166666667,2.12
ak0243d3ckk0,"29 km N of Paxson, Alaska",1.5,2024-03-13 22:03:26.670,63.3512,-145.5035,10.7
uu80062651,"14 km NE of West Yellowstone, Montana",0.86,2024-03-13 21:59:56.900,44.77,-110.997,7.35
uu80062646,"14 km NE of West Yellowstone, Montana",1.56,2024-03-13 21:58:26.700,44.7673333333333,-110.998,8.45
nc74017201,"8 km WNW of Cobb, CA",0.34,2024-03-13 21:53:08.140,38.8390007,-122.8188324,-0.73
av91136428,"4 km SE of Unalaska, Alaska",-0.27,2024-03-13 21:52:09.260,53.8413333333333,-166.489833333333,10.34
av91136423,"48 km NE of King Cove, Alaska",-0.29,2024-03-13 21:44:51.030,55.4063333333333,-161.850666666667,10.31
nn00874727,"47 km E of Fort Bidwell, California",2.7,2024-03-13 21:42:05.025,41.9096,-119.5845,3.2
nc74017181,"2 km NW of The Geysers, CA",0.28,2024-03-13 21:35:50.490,38.7903328,-122.7678299,2.59
uu80062641,"15 km NE of West Yellowstone, Montana",0.4,2024-03-13 21:33:51.200,44.7743333333333,-110.995,7.67
nc74017176,"3 km N of The Geysers, CA",0.29,2024-03-13 21:33:40.630,38.8050003,-122.7616653,1.21
uu80062636,"14 km NE of West Yellowstone, Montana",0.66,2024-03-13 21:30:55.730,44.77,-110.995166666667,7.84
nc74017171,"6 km NW of The Geysers, CA",0.75,2024-03-13 21:29:51.260,38.8203316,-122.8033371,1.88
ak0243d2whta,"84 km NNW of Karluk, Alaska",0.8,2024-03-13 21:28:26.065,58.268,-155.0256,1.1
ak0243d2uz3q,"16 km WSW of Nenana, Alaska",1.2,2024-03-13 21:21:17.025,64.4962,-149.4083,16.7
uw61989741,"8 km S of Princeton, Canada",2.06,2024-03-13 21:20:34.150,49.3815,-120.49633333333334,-0.37
nn00874728,"48 km ESE of Fort Bidwell, California",1.9,2024-03-13 21:18:36.963,41.7483,-119.5897,2.5
ci40686808,"16 km N of Borrego Springs, CA",1.38,2024-03-13 21:17:29.320,33.3975,-116.3556667,3.94
ci40686816,"15 km N of Borrego Springs, CA",1.48,2024-03-13 21:17:29.160,33.3875,-116.3521667,6.91
uu80062626,"14 km NE of West Yellowstone, Montana",0.13,2024-03-13 21:16:27.960,44.7701666666667,-110.9995,7.94
hv74135712,"14 km SSE of Volcano, Hawaii",1.49,2024-03-13 21:14:54.440,19.3126666666667,-155.205833333333,6.58
av91136413,"88 km SE of King Salmon, Alaska",-0.36,2024-03-13 21:11:36.740,58.1118333333333,-155.609,4.84
tx2024fddv,"52 km SSE of Whites City, New Mexico",2.2,2024-03-13 21:01:45.722,31.743,-104.157,6.9714
nc74017161,"3 km SSW of Cobb, CA",1.05,2024-03-13 20:50:38.360,38.8006668,-122.7363358,1.64
ak0243d2exvi,"22 km NNE of Willow, Alaska",1.6,2024-03-13 20:46:36.147,61.9326,-149.8794,26.9
uw61989731,"8 km ENE of Four Lakes, Washington",1.54,2024-03-13 20:45:55.670,47.59583333333333,-117.49533333333333,-0.71
nc74017156,"8 km W of Cobb, CA",0.46,2024-03-13 20:41:40.650,38.8363342,-122.8191681,1.55
nc74017146,"8 km NW of The Geysers, CA",-0.18,2024-03-13 20:29:03.950,38.8205,-122.8266667,0.42
ci40686768,"4 km NNW of Lake Henshaw, CA",0.99,2024-03-13 20:26:03.250,33.2705,-116.7786667,12.74
av91136398,"23 km WSW of Dutch Harbor, Alaska",-0.11,2024-03-13 20:14:27.900,53.8301666666667,-166.8925,3.58
nc74017141,"8 km NW of The Geysers, CA",1.08,2024-03-13 20:14:15.060,38.8305016,-122.8174973,1.89
tx2024fdcb,"52 km SSE of Whites City, New Mexico",2.5,2024-03-13 20:08:40.878,31.744,-104.158,6.5228
us6000mipe,western Indian-Antarctic Ridge,5.5,2024-03-13 20:06:33.505,-49.6552,125.9332,10.0
ci40686760,"14 km ENE of Ocotillo, CA",1.67,2024-03-13 20:04:11.470,32.7645,-115.8503333,10.74
nc74017131,"9 km WNW of Cobb, CA",0.67,2024-03-13 20:00:11.890,38.8468323,-122.8180008,1.83
nc74017126,"10 km WNW of The Geysers, CA",0.55,2024-03-13 19:47:10.580,38.8209991,-122.8511658,2.14
av91136408,"84 km W of Adak, Alaska",-0.02,2024-03-13 19:46:16.000,51.8613333333333,-177.855333333333,8.45
nc74017121,"8 km WNW of Cobb, CA",0.79,2024-03-13 19:45:17.090,38.8380013,-122.8115005,1.67
hv74136361,"17 km S of Volcano, Hawaii",1.45,2024-03-13 19:37:06.270,19.2868333333333,-155.212666666667,7.6
hv74136351,"5 km SW of Volcano, Hawaii",1.88999999,2024-03-13 19:35:35.560,19.4118328094482,-155.276840209961,0.0199999995529652
ci40686720,"2 km ESE of Home Gardens, CA",1.25,2024-03-13 19:30:34.560,33.8686667,-117.5023333,-0.53
av91136393,"27 km WSW of False Pass, Alaska",0.73,2024-03-13 19:11:54.240,54.7851666666667,-163.823333333333,18.1
us6000minz,"112 km SE of Modisi, Indonesia",4.9,2024-03-13 19:06:07.445,-0.1385,125.2632,57.67
ci40686680,"7 km SSE of Home Gardens, CA",1.37,2024-03-13 19:04:53.940,33.824,-117.4818333,-0.66
mb90043083,"5 km E of Butte, Montana",1.8,2024-03-13 18:56:35.340,46.0051666666667,-112.464666666667,-2.0
us6000minw,"106 km SE of Modisi, Indonesia",5.8,2024-03-13 18:56:13.292,-0.1127,125.2136,26.46
nc74017106,"10 km NW of The Geysers, CA",0.78,2024-03-13 18:54:12.920,38.8291664,-122.8548355,2.03
av91136388,"16 km WNW of Atka, Alaska",1.39,2024-03-13 18:45:03.020,52.2451666666667,-174.433833333333,7.11
nc74017096,"8 km NW of The Geysers, CA",1.07,2024-03-13 18:44:54.360,38.8311653,-122.8171692,1.91
ci40686672,"14 km SW of Searles Valley, CA",0.03,2024-03-13 18:37:41.350,35.6671667,-117.4905,4.28
nn00874701,"70 km NW of Rachel, Nevada",1.9,2024-03-13 18:35:27.161,38.1092,-116.2907,0.0
nc74017091,"3 km NW of The Geysers, CA",0.46,2024-03-13 18:34:51.390,38.798,-122.7835,3.66
av91136383,"9 km W of Akutan, Alaska",0.04,2024-03-13 18:31:09.110,54.136,-165.921833333333,4.64
nc74017086,"8 km NW of The Geysers, CA",1.08,2024-03-13 18:29:53.490,38.8325005,-122.815834,1.88
tx2024fcyj,"35 km WSW of Mentone, Texas",1.6,2024-03-13 18:15:46.195,31.608,-103.96,6.9202
av92230036,"68 km ENE of Pedro Bay, Alaska",-0.36,2024-03-13 18:13:22.050,60.0805,-153.029166666667,1.32
uw61989721,"5 km NNE of Oso, Washington",0.81,2024-03-13 18:11:29.150,48.3145,-121.89516666666667,3.61
nc74017081,"7 km WNW of The Geysers, CA",-0.07,2024-03-13 18:11:13.130,38.8105,-122.8303333,1.79
hv74136306,"11 km SW of Volcano, Hawaii",1.29,2024-03-13 18:10:20.490,19.3591666666667,-155.295666666667,-0.24
uw61989716,"43 km E of Fort Bidwell, California",2.09,2024-03-13 18:04:20.420,41.88066666666667,-119.63283333333334,-1.39
av92230031,"38 km W of Chignik Lake, Alaska",0.62,2024-03-13 18:04:19.320,56.2771666666667,-159.388833333333,5.02
nc74017076,"9 km WNW of Cobb, CA",0.73,2024-03-13 18:03:41.580,38.847168,-122.8180008,0.91
mb90043078,"9 km WSW of Townsend, Montana",1.7,2024-03-13 17:57:19.010,46.2978333333333,-111.635666666667,-2.0
ak0243d0ny7r,"66 km ENE of Pedro Bay, Alaska",2.3,2024-03-13 17:52:47.279,60.1064,-153.0924,122.5
uw61989711,"15 km SE of Baker City, Oregon",1.93,2024-03-13 17:51:09.180,44.66016666666667,-117.71966666666667,7.11
nn00874706,"5 km S of Floriston, California",0.9,2024-03-13 17:50:43.151,39.3422,-120.0144,4.3
nc74017071,"4 km NNW of American Canyon, CA",2.34,2024-03-13 17:49:22.530,38.2066667,-122.2805,10.08
hv74136296,"11 km ENE of Pāhala, Hawaii",1.76,2024-03-13 17:48:57.600,19.226,-155.375,32.08
nc74017066,"2 km W of Anderson Springs, CA",0.5,2024-03-13 17:46:07.470,38.7763333,-122.7118333,1.84
nn00874705,"9 km N of Lemmon Valley, Nevada",0.8,2024-03-13 17:40:29.094,39.7213,-119.8593,11.0
nc74017056,"11 km NW of The Geysers, CA",0.62,2024-03-13 17:33:36.220,38.8440018,-122.8478317,-0.7
nc74017051,"7 km NW of The Geysers, CA",0.79,2024-03-13 17:27:17.440,38.8153343,-122.8144989,3.0
ci40686616,"9 km S of Calimesa, CA",1.09,2024-03-13 17:21:02.380,33.9103333,-117.0703333,15.93
av92229986,"19 km W of Sitka, Alaska",0.28,2024-03-13 17:13:04.240,57.0373333333333,-135.643666666667,8.04
av91136378,"19 km W of Sitka, Alaska",0.2,2024-03-13 17:09:42.060,57.054,-135.6455,9.18
us6000mipv,"197 km ENE of Levuka, Fiji",4.3,2024-03-13 17:09:31.135,-17.4708,-178.9239,549.102
nn00874724,"10 km N of Truckee, California",0.8,2024-03-13 17:04:13.878,39.4219,-120.1605,6.6
ak0243d02uvp,"24 km NNE of Skwentna, Alaska",1.5,2024-03-13 16:54:05.817,62.2017,-151.2913,77.4
nc74017021,"2 km WNW of Anderson Springs, CA",1.08,2024-03-13 16:48:49.700,38.7820015,-122.7070007,-0.84
nc74017016,"7 km WNW of Cobb, CA",-0.27,2024-03-13 16:48:00.630,38.8381667,-122.8055,2.38
av92229966,"31 km N of Ivanof Bay, Alaska",0.14,2024-03-13 16:44:28.210,56.18,-159.5495,18.14
nc74017011,"10 km NW of The Geysers, CA",1.04,2024-03-13 16:43:48.880,38.8378334,-122.8359985,0.4
us6000mimm,"41 km SSE of Jurm, Afghanistan",4.3,2024-03-13 16:42:10.093,36.5297,71.0306,159.009
ok2024fcvg,"8 km SW of Waynoka, Oklahoma",1.06,2024-03-13 16:41:00.230,36.5395,-98.95816667,6.89
us6000mimk,Banda Sea,5.1,2024-03-13 16:39:21.720,-6.5474,129.869,169.621
nc74017001,"2 km N of The Geysers, CA",0.46,2024-03-13 16:32:38.820,38.7965012,-122.7561646,0.29
nc74016996,"10 km NW of The Geysers, CA",0.76,2024-03-13 16:31:46.490,38.8376656,-122.8349991,0.95
hv74136221,"10 km NE of Pāhala, Hawaii",2.44000006,2024-03-13 16:31:38.150,19.2584991455078,-155.399337768555,30.2600002288818
ci40686600,"13 km NE of Little Lake, CA",0.82,2024-03-13 16:26:16.130,36.0095,-117.796,1.83
nc74016991,"9 km NW of The Geysers, CA",-0.42,2024-03-13 16:24:34.780,38.8386667,-122.8313333,1.33
nc74016986,"1 km ENE of The Geysers, CA",0.67,2024-03-13 16:22:13.900,38.7809982,-122.7491684,4.7
nc74016971,"10 km NW of The Geysers, CA",0.49,2024-03-13 16:19:45.340,38.8388329,-122.8333359,0.93
nc74016966,"10 km NW of The Geysers, CA",1.55,2024-03-13 16:19:03.460,38.8388329,-122.8338318,0.87
nc74016961,"10 km NW of The Geysers, CA",1.33,2024-03-13 16:18:46.340,38.8381653,-122.8343353,0.56
nc74016956,"10 km NW of The Geysers, CA",2.2,2024-03-13 16:18:04.750,38.8380013,-122.8336639,0.95
nc74016951,"10 km NW of The Geysers, CA",0.67,2024-03-13 16:14:37.460,38.838665,-122.8356705,1.42
nc74016946,"10 km NW of The Geysers, CA",0.94,2024-03-13 16:14:27.860,38.8393326,-122.833168,1.03
ak0243czt245,"39 km E of Pedro Bay, Alaska",2.1,2024-03-13 16:08:34.459,59.8276,-153.4002,140.3
nc74016926,"10 km NW of The Geysers, CA",0.72,2024-03-13 16:04:51.780,38.8383331,-122.8346634,1.0
nc74016921,"9 km NW of The Geysers, CA",1.22,2024-03-13 16:03:27.220,38.8371658,-122.8333359,0.78
nc74016916,"10 km NW of The Geysers, CA",0.45,2024-03-13 16:03:01.920,38.8390007,-122.8349991,1.1
nc74016911,"10 km NW of The Geysers, CA",0.73,2024-03-13 16:02:52.770,38.8396683,-122.8361664,1.49
nc74016906,"10 km NW of The Geysers, CA",1.37,2024-03-13 16:02:32.770,38.8388329,-122.8346634,0.68
nc74016901,"10 km NW of The Geysers, CA",0.23,2024-03-13 16:01:29.010,38.838501,-122.8343353,1.2
nc74016896,"10 km NW of The Geysers, CA",1.83,2024-03-13 16:01:02.790,38.8390007,-122.8355026,0.69
nc74016891,"10 km NW of The Geysers, CA",1.52,2024-03-13 15:58:22.160,38.8390007,-122.8349991,1.27
ak0243czgvaw,"28 km NNE of Four Mile Road, Alaska",1.1,2024-03-13 15:51:47.443,64.8505,-149.0002,17.5
nn00874723,"46 km ENE of Fort Bidwell, California",2.4,2024-03-13 15:45:11.145,42.0123,-119.6282,0.0
tx2024fctb,"4 km ESE of Falls City, Texas",2.6,2024-03-13 15:34:19.930,28.974,-97.977,4.0771
ci40686576,"8 km NE of Montecito, CA",1.56,2024-03-13 15:32:19.380,34.4778333,-119.5671667,-0.33
us6000milk,"44 km SE of Farkhār, Afghanistan",5.0,2024-03-13 15:24:11.576,36.2851,70.2059,130.671
hv74136156,"26 km E of Honaunau-Napoopoo, Hawaii",1.8,2024-03-13 15:21:11.840,19.4481666666667,-155.608166666667,32.87
nn00874736,"9 km N of Lemmon Valley, Nevada",0.7,2024-03-13 15:18:30.213,39.7225,-119.8536,10.4
av91136368,"4 km SE of Unalaska, Alaska",-0.09,2024-03-13 15:16:32.700,53.8475,-166.486666666667,10.97
tx2024fcsk,"55 km S of Whites City, New Mexico",1.6,2024-03-13 15:14:46.855,31.674,-104.408,5.946
us6000milg,"65 km ESE of Kimbe, Papua New Guinea",6.0,2024-03-13 15:13:23.771,-5.8705,150.6344,50.416
ci40686568,"6 km SW of Idyllwild, CA",1.02,2024-03-13 15:05:13.760,33.7093333,-116.7711667,15.05
nc74016886,"12 km ESE of Gilroy, CA",1.48,2024-03-13 14:53:51.630,36.9611664,-121.4406662,7.97
ak0243cyvmto,"85 km ESE of Egegik, Alaska",1.6,2024-03-13 14:52:39.803,57.9928,-155.992,12.0
nn00874735,"9 km N of Lemmon Valley, Nevada",0.6,2024-03-13 14:52:30.512,39.7228,-119.8542,10.9
ak0243cyudw1,"154 km SE of Perryville, Alaska",2.9,2024-03-13 14:46:59.644,55.0897,-157.183,32.0
nc74016881,"8 km WNW of Cobb, CA",0.71,2024-03-13 14:46:10.960,38.8404999,-122.8136673,2.32
nn00874704,"9 km N of Lemmon Valley, Nevada",0.9,2024-03-13 14:45:51.989,39.7244,-119.8576,10.6
ci40686552,"5 km NE of Anza, CA",0.82,2024-03-13 14:31:00.160,33.5843333,-116.6356667,12.93
ak0243cyquxb,"36 km WNW of Cantwell, Alaska",1.9,2024-03-13 14:30:12.076,63.545,-149.5978,102.8
nc74016876,"6 km SW of Gilroy, CA",1.32,2024-03-13 14:25:57.330,36.9700012,-121.6118317,3.29
nc74016871,"9 km WNW of Cobb, CA",0.52,2024-03-13 14:22:10.500,38.8419991,-122.8263321,3.2
nc74016866,"9 km WNW of Cobb, CA",0.41,2024-03-13 14:21:48.980,38.8486671,-122.815834,1.34
hv74136131,"12 km SW of Volcano, Hawaii",1.35,2024-03-13 14:13:57.510,19.3531666666667,-155.306333333333,0.87
nc74016861,"5 km NW of The Geysers, CA",1.09,2024-03-13 14:10:52.260,38.8079987,-122.7938309,2.12
nc74016856,"10 km WNW of The Geysers, CA",0.47,2024-03-13 14:07:58.420,38.8211667,-122.854,3.15
ak0243cyb8s2,"49 km NNW of Petersville, Alaska",1.7,2024-03-13 13:57:26.587,62.9289,-150.9936,104.4
us6000mil3,"48 km SSE of Yilan, Taiwan",3.7,2024-03-13 13:52:38.354,24.3728,121.9802,27.747
nc74016851,"10 km NNW of Redwood Valley, CA",2.03,2024-03-13 13:48:35.430,39.3429985,-123.2505035,4.61
nc74016846,"6 km WNW of Cobb, CA",0.58,2024-03-13 13:48:31.370,38.8361664,-122.7866669,1.83
ak0243cy81tx,"82 km WSW of Nanwalek, Alaska",2.0,2024-03-13 13:42:36.858,59.0964,-153.2755,67.4
ak0243cy7jkr,"16 km N of Fishhook, Alaska",1.6,2024-03-13 13:40:00.278,61.8925,-149.2773,2.3
us6000mil0,"50 km SSE of Yilan, Taiwan",4.1,2024-03-13 13:36:54.507,24.3373,121.9587,29.63
ci40686528,"21 km E of Little Lake, CA",1.23,2024-03-13 13:33:17.170,35.9245,-117.6715,3.56
ak0243cy5y6w,"10 km E of Beluga, Alaska",1.9,2024-03-13 13:32:56.561,61.1461,-150.8876,56.0
nc74016841,"6 km WNW of Cobb, CA",0.72,2024-03-13 13:18:19.160,38.8366661,-122.7963333,2.11
tx2024fcok,"51 km SSE of Whites City, New Mexico",2.4,2024-03-13 13:13:32.113,31.747,-104.159,6.4716
nn00874734,"12 km NNW of Virginia City, Nevada",0.2,2024-03-13 13:13:30.235,39.4138,-119.7001,6.9
nc74016836,"5 km NNW of The Geysers, CA",1.18,2024-03-13 13:11:46.800,38.8186684,-122.7860031,1.4
nc74016831,"5 km NNW of The Geysers, CA",1.08,2024-03-13 13:11:28.910,38.8188324,-122.7854996,1.32
ak0243cy179s,"56 km NNE of Chenega, Alaska",2.1,2024-03-13 13:10:41.448,60.4934,-147.4642,16.8
nn00874688,"11 km NNW of Virginia City, Nevada",1.2,2024-03-13 13:09:28.683,39.4105,-119.6935,8.2
nc74016826,"5 km WNW of The Geysers, CA",0.77,2024-03-13 13:06:10.800,38.7946663,-122.8065033,3.57
mb90043063,"7 km NNW of Smiths Ferry, Idaho",2.14,2024-03-13 13:00:20.520,44.3641666666667,-116.136,0.38
hv74136061,"4 km WSW of Kalaoa, Hawaii",1.84,2024-03-13 12:59:43.600,19.7141666666667,-156.017166666667,9.86
ak0243cxpk6t,"50 km NNE of Chase, Alaska",1.7,2024-03-13 12:56:10.139,62.8476,-149.6276,82.1
tx2024fcnv,"22 km W of Garden City, Texas",1.7,2024-03-13 12:55:19.288,31.862,-101.719,6.2988
uu80062616,"28 km WSW of Bear River, Wyoming",1.7,2024-03-13 12:54:02.440,41.2565,-111.323,9.62
tx2024fcnn,"57 km S of Whites City, New Mexico",1.8,2024-03-13 12:45:59.294,31.659,-104.41,6.0999
ak0243cxn3ej,"19 km E of Susitna North, Alaska",2.1,2024-03-13 12:44:59.474,62.1378,-149.4708,35.3
uu80062611,"13 km NE of Milford, Utah",-1.06,2024-03-13 12:41:08.220,38.4831666666667,-112.902833333333,2.4
nc74016821,"7 km N of Pinnacles, CA",1.36,2024-03-13 12:35:59.430,36.5928345,-121.1496658,5.91
ci40686520,"27 km SSW of Ocotillo Wells, CA",0.87,2024-03-13 12:35:42.150,32.9166667,-116.2423333,7.56
ak0243cxk9e4,"66 km N of Chickaloon, Alaska",1.8,2024-03-13 12:31:37.403,62.3908,-148.3787,31.2
tx2024fcmt,"34 km NW of Toyah, Texas",1.9,2024-03-13 12:23:23.294,31.562,-104.017,6.7279
ci40686512,"17 km W of Searles Valley, CA",0.77,2024-03-13 12:18:37.210,35.772,-117.5915,10.86
ci40686504,"13 km WNW of Anza, CA",0.8,2024-03-13 12:15:08.700,33.5901667,-116.8101667,8.55
nn00874695,"9 km N of Lemmon Valley, Nevada",0.8,2024-03-13 11:59:38.450,39.7232,-119.8573,10.7
ci40686496,"6 km SW of Corona, CA",0.89,2024-03-13 11:46:00.420,33.8311667,-117.6186667,11.36
ak0243cx15yj,"7 km W of Petersville, Alaska",2.5,2024-03-13 11:42:28.270,62.5038,-150.9154,68.8
hv74135986,"11 km SW of Volcano, Hawaii",1.87,2024-03-13 11:39:19.350,19.3571662902832,-155.29899597168,0.46000000834465
nc74016811,"22 km NW of Parkfield, CA",1.19,2024-03-13 11:36:25.170,36.0441666,-120.5996704,3.81
us6000mikg,"30 km E of Iwaki, Japan",4.6,2024-03-13 11:24:42.229,37.0983,141.2158,47.664
hv74135966,"10 km SSW of Volcano, Hawaii",2.29,2024-03-13 11:18:00.860,19.3575,-155.2815,1.76
ci40686488,"14 km NE of Ridgecrest, CA",1.42,2024-03-13 11:17:56.640,35.7121667,-117.5701667,9.72
hv74135961,"12 km SW of Volcano, Hawaii",1.97000003,2024-03-13 11:16:00.560,19.3563327789307,-155.306671142578,0.330000013113022
nc74016801,"2 km SW of Tres Pinos, CA",1.19,2024-03-13 11:09:27.590,36.7771667,-121.3381667,2.49
nn00874733,"9 km N of Lemmon Valley, Nevada",-0.1,2024-03-13 11:08:24.063,39.725,-119.8577,10.3
av91136363,"83 km ESE of Egegik, Alaska",0.55,2024-03-13 11:06:23.730,57.9933333333333,-156.022666666667,13.05
ak0243cwt8bh,"84 km ESE of Egegik, Alaska",1.8,2024-03-13 11:05:26.373,57.9914,-155.9988,8.8
ci40686480,"24 km NNW of Borrego Springs, CA",0.31,2024-03-13 11:03:17.760,33.4678333,-116.4311667,12.09
tx2024fckc,"13 km N of Balmorhea, Texas",2.3,2024-03-13 11:01:15.300,31.107,-103.741,5.5103
nc74016791,"8 km NW of The Geysers, CA",0.27,2024-03-13 10:55:42.650,38.8320007,-122.8164978,1.52
nc74016786,"8 km NW of The Geysers, CA",0.24,2024-03-13 10:53:16.570,38.8323326,-122.8121643,1.92
nn00874694,"28 km NNE of Beatty, Nevada",-0.1,2024-03-13 10:41:13.287,37.1264,-116.5865,13.6
nc74016781,"6 km WNW of The Geysers, CA",0.44,2024-03-13 10:30:46.450,38.8003349,-122.8138351,3.26
nc74016776,"7 km NW of The Geysers, CA",0.27,2024-03-13 10:30:35.500,38.822834,-122.8108368,2.93
hv74135911,"10 km SSW of Volcano, Hawaii",1.76,2024-03-13 10:28:02.420,19.3641662597656,-155.286499023438,0.150000005960464
nc74016771,"4 km W of The Geysers, CA",0.28,2024-03-13 10:17:20.130,38.7840004,-122.8050003,5.31
ak0243cw94lw,"47 km SW of Nanwalek, Alaska",2.2,2024-03-13 10:11:47.080,59.0667,-152.5343,42.7
nc74016761,"8 km W of Cobb, CA",0.23,2024-03-13 10:09:14.510,38.8358345,-122.81633,1.6
nc74016756,"8 km WNW of Cobb, CA",0.71,2024-03-13 10:05:54.340,38.8494987,-122.807663,1.12
nn00874687,"29 km SE of Mina, Nevada",1.4,2024-03-13 10:05:21.533,38.1888,-117.8963,12.1
nc74016751,"5 km WNW of The Geysers, CA",0.88,2024-03-13 10:04:52.380,38.7993317,-122.8061676,1.31
hv74135891,"10 km SW of Volcano, Hawaii",1.26,2024-03-13 09:55:43.700,19.3628333333333,-155.293166666667,-0.45
ak0243cvwmav,"7 km SSW of Salcha, Alaska",1.1,2024-03-13 09:53:11.114,64.4614,-146.9353,8.5
nn00874693,"45 km ENE of Beatty, Nevada",-0.2,2024-03-13 09:50:25.813,37.0018,-116.2666,5.2
hv74135871,"11 km SW of Volcano, Hawaii",1.34,2024-03-13 09:48:31.940,19.3581666666667,-155.297333333333,1.23
nc74016741,"8 km NW of The Geysers, CA",0.73,2024-03-13 09:45:06.750,38.8310013,-122.8186646,1.68
hv74135861,"7 km SW of Volcano, Hawaii",1.3,2024-03-13 09:45:04.870,19.3853333333333,-155.279666666667,1.35
hv74135856,"7 km SW of Volcano, Hawaii",1.34,2024-03-13 09:44:43.620,19.3893333333333,-155.2775,0.77
av91136353,"79 km NNW of Karluk, Alaska",0.05,2024-03-13 09:41:43.950,58.2416666666667,-154.8815,5.55
ci40686472,"10 km SSW of Idyllwild, CA",2.02,2024-03-13 09:41:31.180,33.6496667,-116.7518333,15.02
us6000mijr,"79 km N of Camiña, Chile",5.3,2024-03-13 09:30:05.494,-18.5989,-69.3347,114.549
hv74135816,"11 km SW of Volcano, Hawaii",1.79999995,2024-03-13 09:25:57.930,19.3584995269775,-155.300003051758,0.319999992847443
hv74135811,"8 km SW of Volcano, Hawaii",2.27,2024-03-13 09:21:39.270,19.3926658630371,-155.297668457031,-0.349999994039536
hv74135806,"12 km SW of Volcano, Hawaii",1.86,2024-03-13 09:21:36.460,19.3548333333333,-155.306,0.45
nc74016731,"6 km WNW of The Geysers, CA",0.8,2024-03-13 09:12:06.920,38.8083344,-122.8195038,2.61
nn00874683,"30 km SE of Mina, Nevada",1.6,2024-03-13 09:10:58.170,38.1833,-117.8731,10.3
nc74016726,"6 km WNW of The Geysers, CA",1.07,2024-03-13 09:06:00.180,38.7965012,-122.8193359,1.66
av92229691,"62 km ENE of Pedro Bay, Alaska",-0.57,2024-03-13 09:05:55.100,60.0338333333333,-153.099333333333,3.77
ci40686464,"12 km WSW of Imperial, CA",1.4,2024-03-13 08:57:51.750,32.8108333,-115.6866667,13.85
nn00874692,"50 km ESE of Beatty, Nevada",-0.2,2024-03-13 08:55:51.690,36.6764,-116.2764,7.8
av91136348,"41 km NNE of King Cove, Alaska",0.07,2024-03-13 08:55:16.740,55.385,-161.993666666667,1.79
ak0243cva74c,"65 km W of Tyonek, Alaska",2.2,2024-03-13 08:48:50.821,61.0343,-152.3384,103.4
ci40686456,"11 km SSE of Yucca Valley, CA",1.33,2024-03-13 08:48:05.630,34.029,-116.373,5.89
ci40686448,"12 km W of Anza, CA",0.6,2024-03-13 08:47:35.090,33.5725,-116.8056667,7.42
ak0243cv7yuv,"5 km SSW of Houston, Alaska",1.8,2024-03-13 08:38:09.835,61.5912,-149.8699,32.4
ci40686440,"12 km NNW of Aguanga, CA",0.78,2024-03-13 08:36:27.520,33.5346667,-116.9333333,10.9
uw61989676,"24 km ENE of Ashford, Washington",0.44,2024-03-13 08:34:21.860,46.859833333333334,-121.74516666666666,-2.49
mb90043058,"30 km S of Virginia City, Montana",1.09,2024-03-13 08:33:54.750,45.0155,-111.921333333333,0.02
tx2024fcfa,"2 km ESE of Falls City, Texas",1.9,2024-03-13 08:29:42.018,28.976,-97.99,2.5635
nc74016711,"9 km NW of The Geysers, CA",1.08,2024-03-13 08:24:43.030,38.8230019,-122.8420029,1.99
nc74016716,"3 km SW of Tres Pinos, CA",0.85,2024-03-13 08:22:54.890,36.7725,-121.3451667,0.47
nc74016706,"2 km SW of Tres Pinos, CA",1.08,2024-03-13 08:15:46.780,36.7785,-121.34,2.08
nc74016701,"2 km NNW of The Geysers, CA",0.73,2024-03-13 08:13:45.130,38.791832,-122.7638321,0.13
tx2024fcej,"64 km SSW of Whites City, New Mexico",1.8,2024-03-13 08:09:24.073,31.609,-104.534,7.9712
nn00874682,"26 km NW of Nellis Air Force Base, Nevada",1.2,2024-03-13 07:55:31.428,36.4353,-115.2412,11.9
uw61989671,"38 km NNE of Amboy, Washington",0.23,2024-03-13 07:45:26.090,46.20133333333333,-122.179,7.22
ci37631660,"10 km WNW of Progreso, B.C., MX",1.31,2024-03-13 07:42:05.110,32.6055,-115.6875,9.61
ci40686432,"13 km NNE of Ocotillo Wells, CA",1.11,2024-03-13 07:41:54.480,33.2538333,-116.101,7.86
nn00874680,"35 km SE of Mina, Nevada",1.4,2024-03-13 07:39:43.444,38.1883,-117.8003,12.4
nn00874678,"27 km NW of Nellis Air Force Base, Nevada",1.3,2024-03-13 07:29:50.102,36.429,-115.2632,8.6
tx2024fcda,"54 km NW of Toyah, Texas",1.9,2024-03-13 07:28:02.299,31.668,-104.189,6.8176
nc74016696,"10 km NW of The Geysers, CA",0.63,2024-03-13 07:27:58.150,38.8409996,-122.8356705,1.52
ak0243cujqhs,"46 km W of Cantwell, Alaska",2.1,2024-03-13 07:25:04.003,63.3856,-149.8792,98.3
ak0243cujbwk,"47 km NNE of Valdez, Alaska",1.9,2024-03-13 07:23:14.927,61.5413,-146.104,38.4
nc74016691,"8 km W of Cobb, CA",0.76,2024-03-13 07:21:02.350,38.833168,-122.8138351,1.41
uw61989666,"2 km ESE of Buckley, Washington",0.71,2024-03-13 07:17:04.060,47.153,-121.992,17.95
hv74135711,"8 km SSW of Fern Forest, Hawaii",1.77,2024-03-13 07:09:51.480,19.3926658630371,-155.167007446289,-0.980000019073486
hv74135706,"13 km S of Fern Forest, Hawaii",1.82,2024-03-13 07:09:35.170,19.3413333892822,-155.115829467773,3.67000007629395
us6000mij7,"85 km E of Isen, Japan",4.7,2024-03-13 07:08:44.257,27.6281,129.8046,25.352
ok2024fccf,"6 km ENE of Edmond, Oklahoma",0.91,2024-03-13 07:04:02.500,35.66633333,-97.40816667,6.61
mb90043073,"16 km NE of Stanley, Idaho",1.51,2024-03-13 07:01:12.510,44.3388333333333,-114.82,4.13
av92229611,"62 km ENE of Pedro Bay, Alaska",1.22,2024-03-13 06:53:43.400,60.036,-153.0975,-0.03
nc74016686,"2 km SW of Tres Pinos, CA",1.11,2024-03-13 06:52:57.500,36.7766667,-121.339,2.45
us6000mij5,"93 km NNE of Murghob, Tajikistan",4.2,2024-03-13 06:49:18.780,38.9003,74.4917,10.0
hv74135691,"9 km SSW of Volcano, Hawaii",2.1099999,2024-03-13 06:49:10.310,19.3684997558594,-155.282836914062,0.430000007152557
nc74016681,"2 km SW of Tres Pinos, CA",0.82,2024-03-13 06:48:18.940,36.777,-121.3408333,2.22
ak0243cu2t8z,"76 km WSW of Lake Minchumina, Alaska",2.1,2024-03-13 06:46:08.199,63.6898,-153.802,0.0
ci37631644,"22 km SSW of La Quinta, CA",0.25,2024-03-13 06:42:22.170,33.4916667,-116.4355,12.45
ci40686416,"6 km SSW of Idyllwild, CA",0.92,2024-03-13 06:42:01.330,33.6946667,-116.7451667,19.89
ak0243ctzm1g,"28 km ESE of Susitna North, Alaska",2.0,2024-03-13 06:31:15.164,62.0267,-149.3883,38.9
ci40686408,"6 km SSW of Warner Springs, CA",0.91,2024-03-13 06:25:54.780,33.2355,-116.654,12.32
ak0243ctxxek,"38 km WNW of Petersville, Alaska",1.9,2024-03-13 06:23:29.242,62.655,-151.4307,7.5
hv74135676,"11 km ENE of Pāhala, Hawaii",2.26999998,2024-03-13 06:16:53.000,19.2436676025391,-155.381164550781,30.1100006103516
nc74016671,"8 km NW of The Geysers, CA",0.89,2024-03-13 06:16:10.960,38.822834,-122.8300018,14.54
tx2024fcal,"62 km S of Whites City, New Mexico",2.7,2024-03-13 06:10:59.738,31.623,-104.5,7.2534
nn00874852,"9 km N of Lemmon Valley, Nevada",0.2,2024-03-13 06:05:08.809,39.7247,-119.8569,9.7
ci40686400,"21 km E of Little Lake, CA",2.12,2024-03-13 05:56:39.910,35.9216667,-117.6736667,3.17
pr71442878,"5 km SSE of Salinas, Puerto Rico",2.13,2024-03-13 05:50:24.040,17.9275,-66.2791666666667,13.41
nc74016661,"12 km ESE of Redway, CA",2.26,2024-03-13 05:44:49.220,40.0796667,-123.6873333,24.3
nc74016656,"8 km WNW of Cobb, CA",0.87,2024-03-13 05:40:13.410,38.836834,-122.8128357,1.95
nn00874851,"36 km WSW of Gerlach, Nevada",1.1,2024-03-13 05:39:39.310,40.5775,-119.7715,0.0
hv74135651,"10 km SSW of Volcano, Hawaii",1.34,2024-03-13 05:39:38.130,19.3603333333333,-155.2865,0.48
mb90043053,"36 km S of Virginia City, Montana",0.91,2024-03-13 05:30:17.860,44.965,-111.994166666667,4.96
hv74135646,"10 km SSW of Volcano, Hawaii",1.75,2024-03-13 05:17:12.770,19.363000869751,-155.28466796875,-0.370000004768372
tx2024fbyj,"3 km S of Falls City, Texas",1.6,2024-03-13 05:07:10.637,28.95,-98.013,2.7588
uu80062601,"72 km NNE of Kelly, Wyoming",1.19,2024-03-13 04:51:17.290,44.1925,-110.1915,10.07
nc74016646,"8 km WNW of Cobb, CA",0.98,2024-03-13 04:50:46.500,38.8419991,-122.815834,1.26
nc74016641,"6 km W of Cobb, CA",0.43,2024-03-13 04:49:52.310,38.828167,-122.7979965,2.29
nn00874691,"10 km N of Lemmon Valley, Nevada",0.3,2024-03-13 04:49:03.735,39.7255,-119.8638,10.5
av91136338,"94 km N of Karluk, Alaska",-0.16,2024-03-13 04:39:14.470,58.4071666666667,-154.713833333333,6.1
hv74135611,"7 km SW of Volcano, Hawaii",1.33,2024-03-13 04:36:14.310,19.3853333333333,-155.28,1.23
ci40686392,"10 km SSW of Borrego Springs, CA",1.38,2024-03-13 04:33:22.120,33.1776667,-116.4258333,12.28
av92229561,"96 km N of Karluk, Alaska",0.86,2024-03-13 04:29:20.360,58.4238333333333,-154.764666666667,4.9
hv74135601,"10 km SW of Volcano, Hawaii",1.75999999,2024-03-13 04:22:26.250,19.3623332977295,-155.292495727539,0.280000001192093
ci40686384,"11 km ENE of Desert Hot Springs, CA",0.75,2024-03-13 04:21:04.300,34.0016667,-116.3885,6.75
us6000miin,"181 km NNW of Puerto Ayora, Ecuador",4.6,2024-03-13 04:20:12.289,0.804,-90.856,10.0
tx2024fbwu,"63 km SSW of Whites City, New Mexico",1.8,2024-03-13 04:18:44.383,31.616,-104.509,8.5608
us6000miii,"102 km SE of Diego de Almagro, Chile",4.1,2024-03-13 04:12:16.133,-27.0396,-69.3133,126.926
nc74016631,"6 km WNW of Cobb, CA",-0.13,2024-03-13 04:02:12.590,38.8331667,-122.7926667,1.57
nc74016626,"7 km NW of The Geysers, CA",0.53,2024-03-13 03:59:48.640,38.8219986,-122.8105011,2.71
pr71442868,"3 km N of Guayanilla, Puerto Rico",2.3,2024-03-13 03:54:14.180,18.0491666666667,-66.7971666666667,14.71
nc74016621,"8 km W of Cobb, CA",0.33,2024-03-13 03:47:25.640,38.8353333,-122.8171667,1.98
us6000miip,"249 km SE of Attu Station, Alaska",4.1,2024-03-13 03:43:54.911,51.619,176.2478,20.0
ci40686376,"14 km WSW of Searles Valley, CA",0.96,2024-03-13 03:41:00.730,35.7226667,-117.5448333,2.77
ci40686368,"21 km E of Little Lake, CA",2.02,2024-03-13 03:21:42.750,35.9261667,-117.6716667,3.62
tx2024fbuv,"62 km SSW of Whites City, New Mexico",2.8,2024-03-13 03:19:12.699,31.625,-104.509,6.6125
av91136328,"26 km N of Ivanof Bay, Alaska",0.03,2024-03-13 03:14:31.040,56.1386666666667,-159.454166666667,11.04
ci40686360,"21 km E of Little Lake, CA",1.18,2024-03-13 03:03:25.220,35.9241667,-117.6723333,3.88
nn00874673,"38 km W of Empire, Nevada",1.3,2024-03-13 03:00:09.183,40.547,-119.7925,10.9
ak0243crr0e2,"57 km NW of Rampart, Alaska",1.6,2024-03-13 02:55:10.250,65.8624,-151.0755,11.2
us6000miic,"15 km N of Oyolo, Peru",4.7,2024-03-13 02:50:35.486,-15.0396,-73.1691,80.227
nc74016611,"10 km WNW of The Geysers, CA",1.09,2024-03-13 02:45:29.690,38.8253326,-122.8533325,2.09
nc74016606,"3 km NNW of The Geysers, CA",1.71,2024-03-13 02:39:31.400,38.803833,-122.7721634,1.35
nc74016601,"8 km WNW of Cobb, CA",1.09,2024-03-13 02:37:45.670,38.8428345,-122.8161697,1.2
nc74016596,"1 km NW of The Geysers, CA",1.05,2024-03-13 02:28:49.140,38.783165,-122.762001,12.43
nn00874672,"9 km N of Lemmon Valley, Nevada",0.5,2024-03-13 02:28:39.920,39.7179,-119.859,11.4
uu80062596,"25 km E of Glenwood, Utah",1.55,2024-03-13 02:23:57.650,38.7213333333333,-111.696833333333,3.58
hv74135541,"10 km NE of Pāhala, Hawaii",2.27999997,2024-03-13 02:18:51.770,19.2651672363281,-155.399505615234,30.0599994659424
ak0243crj5mb,"18 km NNW of Karluk, Alaska",2.0,2024-03-13 02:18:44.991,57.7126,-154.6124,55.0
nc74016586,"6 km NNW of The Geysers, CA",1.25,2024-03-13 02:15:34.070,38.8193321,-122.7921677,2.55
nc74016581,"10 km WNW of The Geysers, CA",0.65,2024-03-13 02:14:13.650,38.8256683,-122.8531647,2.1
ak0243cri34y,"19 km W of Tetlin, Alaska",1.5,2024-03-13 02:13:46.267,63.1505,-142.911,0.0
nc74016566,"10 km WNW of The Geysers, CA",1.79,2024-03-13 02:08:46.860,38.8258324,-122.8539963,2.19
ak0243crgcds,"16 km S of Tatitlek, Alaska",2.4,2024-03-13 02:05:32.965,60.719,-146.7048,16.5
nc74016561,"10 km WNW of The Geysers, CA",0.02,2024-03-13 01:53:25.240,38.8261667,-122.8538333,2.14
uu80062591,"18 km NE of Enterprise, Utah",1.22,2024-03-13 01:49:11.960,41.1983333333333,-111.555166666667,8.81
nc74016546,"9 km NW of The Geysers, CA",0.77,2024-03-13 01:39:04.290,38.8311653,-122.8381653,8.23
nc74016541,"8 km NW of The Geysers, CA",0.31,2024-03-13 01:36:38.390,38.8204994,-122.8241653,2.25
nc74016536,"8 km NW of The Geysers, CA",0.76,2024-03-13 01:35:58.860,38.8204994,-122.822998,2.32
hv74135491,"14 km NE of Pāhala, Hawaii",2.64,2024-03-13 01:27:52.080,19.2973333333333,-155.3835,2.13
nc74016531,"16 km WSW of Toms Place, CA",0.7,2024-03-13 01:06:03.800,37.4801667,-118.836,5.11
ci40686336,"23 km SSW of La Quinta, CA",0.99,2024-03-13 01:01:29.870,33.4655,-116.3906667,10.27
nc74016526,"18 km SW of Toms Place, CA",1.13,2024-03-13 01:00:42.440,37.4735,-118.8436667,3.31
ak0243cqkv78,"29 km NNE of Paxson, Alaska",1.6,2024-03-13 00:58:46.996,63.3442,-145.4496,9.5
nc74016521,"8 km WNW of The Geysers, CA",1.16,2024-03-13 00:56:16.430,38.8098335,-122.8366699,1.04
av92229436,"85 km NW of Karluk, Alaska",1.12,2024-03-13 00:53:42.850,58.1731666666667,-155.3385,2.1
ci37631668,"4 km ENE of Beaumont, CA",0.54,2024-03-13 00:39:35.060,33.9455,-116.9336667,10.21
ci40686328,"14 km ESE of Anza, CA",0.75,2024-03-13 00:39:10.400,33.5045,-116.5333333,9.83
tx2024fbox,"55 km S of Whites City, New Mexico",1.5,2024-03-13 00:21:05.070,31.679,-104.425,6.2537
ak0243bgp5yf,"112 km WNW of Yakutat, Alaska",2.2,2024-03-12 23:52:29.199,60.1105,-141.392,3.1
ak0243bgnfnu,"25 km WSW of Manley Hot Springs, Alaska",1.6,2024-03-12 23:44:21.936,64.8878,-151.1105,13.8
av92229426,"17 km W of Sitka, Alaska",0.29,2024-03-12 23:41:40.180,57.0388333333333,-135.624833333333,5.43
ak0243bgmtv3,"15 km E of Ferry, Alaska",2.0,2024-03-12 23:41:39.351,64.0332,-148.7956,0.0
nc74016506,"10 km E of San Martin, CA",1.7,2024-03-12 23:40:37.010,37.0779991,-121.5008316,7.58
tx2024fbmz,"52 km NW of Toyah, Texas",1.8,2024-03-12 23:22:21.083,31.645,-104.195,6.0999
tx2024fbmt,"64 km S of Whites City, New Mexico",1.9,2024-03-12 23:15:57.979,31.608,-104.509,8.7659
uw61989641,"1 km S of Kapowsin, Washington",1.46,2024-03-12 23:15:43.880,46.972166666666666,-122.22516666666667,-0.36
ci40686320,"16 km NNW of Ocotillo, CA",1.34,2024-03-12 23:15:34.440,32.8748333,-116.0465,8.91
ci40686304,"8 km ENE of Coso Junction, CA",0.93,2024-03-12 23:07:49.810,36.0768333,-117.8643333,2.62
tx2024fbmk,"56 km SSW of Whites City, New Mexico",1.6,2024-03-12 23:04:48.187,31.678,-104.514,5.7922
us6000mihy,"91 km SW of Atka, Alaska",3.8,2024-03-12 23:04:38.205,51.5795,-175.0876,35.0
nc74016491,"11 km ENE of Tres Pinos, CA",1.1,2024-03-12 23:00:33.610,36.8396683,-121.2099991,12.02
nc74016486,"10 km E of San Martin, CA",0.79,2024-03-12 22:55:40.250,37.0773333,-121.4966667,8.45
nc74016481,"8 km WNW of Cobb, CA",0.86,2024-03-12 22:50:28.250,38.8395004,-122.807663,7.68
nc74016476,"6 km NW of The Geysers, CA",1.08,2024-03-12 22:50:19.570,38.8185005,-122.7961655,2.38
nc74016471,"8 km E of Gilroy, CA",1.24,2024-03-12 22:49:32.630,37.0071678,-121.4768295,5.72
hv74135291,"13 km NE of Pāhala, Hawaii",1.2,2024-03-12 22:43:27.590,19.2915,-155.385833333333,2.0
ak0243bfy3jq,"11 km NNE of Susitna North, Alaska",1.9,2024-03-12 22:26:00.737,62.262,-149.7785,16.0
pr71442863,"6 km SSE of Salinas, Puerto Rico",2.26,2024-03-12 22:20:44.610,17.9226666666667,-66.2848333333333,12.91
ci40686288,"11 km SE of Anza, CA",1.15,2024-03-12 22:12:12.930,33.4885,-116.5803333,10.19
ci40686280,"11 km SE of Anza, CA",1.8,2024-03-12 22:06:31.460,33.487,-116.5868333,10.42
us6000mihq,"29 km NE of Salcabamba, Peru",4.6,2024-03-12 22:04:52.385,-11.9878,-74.6203,10.418
ak0243bfgcjl,"10 km ENE of Fox, Alaska",1.5,2024-03-12 21:43:19.395,64.9896,-147.4085,4.7
hv74135206,"2 km SSE of Pāhala, Hawaii",2.43000007,2024-03-12 21:42:21.510,19.181999206543,-155.468673706055,34.689998626709
hv74135201,"14 km NE of Pāhala, Hawaii",1.81,2024-03-12 21:37:42.850,19.2933333333333,-155.382666666667,4.21
hv74135196,"10 km NE of Pāhala, Hawaii",2.23000002,2024-03-12 21:35:23.910,19.2649993896484,-155.402328491211,29.8799991607666
hv74135186,"2 km W of Honalo, Hawaii",1.73,2024-03-12 21:30:19.270,19.5428333333333,-155.960166666667,12.13
nc74016456,"6 km W of Cobb, CA",1.3,2024-03-12 21:23:49.950,38.8264999,-122.7896652,1.65
us6000miht,"80 km S of Atiquipa, Peru",4.3,2024-03-12 21:19:51.835,-16.5219,-74.3429,10.0
nc74016451,"10 km NW of The Geysers, CA",0.75,2024-03-12 21:08:55.710,38.8413315,-122.8393326,1.99
ak0243bf74f1,"39 km N of Petersville, Alaska",1.9,2024-03-12 21:00:15.016,62.8424,-150.879,81.4
us6000miha,"93 km SW of Atka, Alaska",4.6,2024-03-12 20:56:50.634,51.5607,-175.0913,36.367
pr71442858,"2 km SW of Indios, Puerto Rico",2.16,2024-03-12 20:52:01.570,17.9758333333333,-66.8348333333333,16.05
nc74016441,"6 km NW of The Geysers, CA",0.71,2024-03-12 20:39:22.500,38.8216667,-122.7993317,1.88
ci40686240,"5 km NE of Rancho San Diego, CA",1.5,2024-03-12 20:32:36.150,32.775,-116.8945,-0.35
nc74016436,"6 km NW of The Geysers, CA",1.09,2024-03-12 20:31:35.400,38.8168335,-122.7958298,2.49
nc74016426,"8 km WNW of The Geysers, CA",0.75,2024-03-12 20:18:38.210,38.8151665,-122.8343353,0.87
mb90043048,"16 km ESE of Dillon, Montana",1.26,2024-03-12 20:07:21.160,45.1843333333333,-112.437333333333,-2.0
nc74016416,"14 km N of Hollister, CA",0.99,2024-03-12 20:06:40.060,36.9765,-121.4065,8.6
us6000migx,"49 km NNW of Sandy Ground Village, Anguilla",4.3,2024-03-12 20:00:12.411,18.5887,-63.3238,43.893
nc74016411,"6 km NW of The Geysers, CA",0.92,2024-03-12 19:48:49.680,38.8236656,-122.8014984,2.99
mb90043038,"4 km NW of Logan, Montana",1.4,2024-03-12 19:38:20.730,45.9178333333333,-111.464833333333,-2.0
ci40686216,"3 km NNW of Chatsworth, CA",1.46,2024-03-12 19:37:37.680,34.2813333,-118.621,-0.52
tx2024fbfo,"16 km W of Mentone, Texas",1.3,2024-03-12 19:37:16.429,31.693,-103.77,43.1934
ak0243be73ey,"18 km E of Livengood, Alaska",1.6,2024-03-12 19:32:05.868,65.533,-148.1401,8.2
ci40686200,"1 km S of Wrightwood, CA",1.2,2024-03-12 19:24:36.880,34.3501667,-117.6315,9.42
mb90043033,"12 km NNE of Dillon, Montana",1.04,2024-03-12 19:21:52.000,45.3275,-112.600333333333,8.66
nc74016401,"8 km WNW of Cobb, CA",0.56,2024-03-12 19:19:12.560,38.8375015,-122.819664,2.98
ak0243be39jv,"59 km NW of Gustavus, Alaska",1.9,2024-03-12 19:14:19.151,58.7982,-136.4539,4.2
nc74016396,"5 km W of Cobb, CA",1.34,2024-03-12 18:58:54.430,38.8226662,-122.7816696,1.68
ak0243bdq72a,"39 km ENE of Paxson, Alaska",1.8,2024-03-12 18:53:21.626,63.2286,-144.8879,30.0
ci40686184,"7 km SSW of Mojave, CA",1.63,2024-03-12 18:49:45.140,34.9945,-118.1975,-0.93
nn00874722,"9 km N of Lemmon Valley, Nevada",0.4,2024-03-12 18:42:13.359,39.7193,-119.8496,8.0
pr71442833,"4 km SSW of Indios, Puerto Rico",1.81,2024-03-12 18:40:07.240,17.954,-66.8395,12.69
uu80062576,"4 km WNW of Snyderville, Utah",0.29,2024-03-12 18:24:50.900,40.7065,-111.589833333333,3.15
us6000mifu,"39 km NNE of Makubetsu, Japan",4.2,2024-03-12 18:22:29.996,45.6751,142.08,312.22
hv74134936,"16 km NNE of Pāhala, Hawaii",1.27,2024-03-12 18:03:01.030,19.341,-155.428833333333,9.31
mb90043043,"8 km NNW of Smiths Ferry, Idaho",2.23,2024-03-12 17:58:25.950,44.369,-116.129166666667,6.58
nc74016381,"6 km WNW of Cobb, CA",0.44,2024-03-12 17:46:28.160,38.8370018,-122.7946701,1.67
nc74016376,"10 km NW of The Geysers, CA",0.78,2024-03-12 17:45:40.680,38.8310013,-122.848999,1.89
nn00874669,"9 km N of Lemmon Valley, Nevada",1.1,2024-03-12 17:39:16.079,39.7169,-119.8576,10.2
hv74134911,"12 km ESE of Pāhala, Hawaii",3.14,2024-03-12 17:33:30.500,19.1468333333333,-155.371833333333,29.04
ci40686144,"17 km W of Searles Valley, CA",0.77,2024-03-12 17:31:36.940,35.7818333,-117.59,6.98
hv74134906,"12 km SSE of Volcano, Hawaii",1.44,2024-03-12 17:27:21.440,19.3363333333333,-155.202666666667,6.57
nn00874668,"9 km N of Lemmon Valley, Nevada",0.9,2024-03-12 17:17:34.665,39.723,-119.8592,10.8
nn00874721,"9 km N of Lemmon Valley, Nevada",0.4,2024-03-12 17:15:27.444,39.7229,-119.8595,10.9
nc74016351,"7 km NW of The Geysers, CA",1.05,2024-03-12 17:07:55.080,38.8118324,-122.8216629,2.02
hv74134896,"7 km SW of Volcano, Hawaii",1.72000003,2024-03-12 16:53:20.970,19.3898334503174,-155.274505615234,0.709999978542328
ak0243bciygx,"6 km SSE of Houston, Alaska",1.7,2024-03-12 16:51:48.174,61.5819,-149.7554,37.9
us7000m4v4,"8 km NNW of Smiths Ferry, Idaho",3.6,2024-03-12 16:50:42.472,44.3704,-116.1273,16.3
ak0243bcg5f1,"7 km SSW of Salcha, Alaska",1.5,2024-03-12 16:38:38.532,64.4624,-146.9468,4.2
tx2024fazl,"32 km WSW of Ackerly, Texas",2.2,2024-03-12 16:31:57.289,32.412,-102.036,8.0811
nn00874621,"21 km NNE of Pahrump, Nevada",1.1,2024-03-12 16:30:15.542,36.3941,-115.9248,10.0
av91136313,"68 km NE of Nikolski, Alaska",-0.22,2024-03-12 16:24:41.260,53.3906666666667,-168.163333333333,2.41
av91136318,"85 km NW of Karluk, Alaska",-0.09,2024-03-12 16:24:10.380,58.176,-155.3445,0.63
ak0243bcbmoq,"74 km WNW of Karluk, Alaska",1.6,2024-03-12 16:17:29.546,57.9394,-155.4962,14.1
ci40686080,"13 km NE of Little Lake, CA",1.01,2024-03-12 16:11:48.450,36.0075,-117.7943333,1.38
ak0243bca5oz,"60 km N of Aleneva, Alaska",2.3,2024-03-12 16:10:42.759,58.5993,-152.8327,48.9
ci40686056,"13 km NE of Little Lake, CA",0.85,2024-03-12 16:00:19.850,36.009,-117.7958333,1.29
nc74016341,"5 km NW of The Geysers, CA",0.9,2024-03-12 15:58:01.510,38.802166,-122.802002,1.94
nn00874720,"16 km NNW of Sutcliffe, Nevada",1.5,2024-03-12 15:52:10.340,40.0882,-119.6752,14.9
nc74016336,"4 km WNW of The Geysers, CA",0.51,2024-03-12 15:49:34.130,38.7938347,-122.8036652,3.23
nc74016331,"10 km NW of Parkfield, CA",1.76,2024-03-12 15:42:04.650,35.9598351,-120.5138321,10.39
nc74016326,"4 km WNW of Cobb, CA",0.04,2024-03-12 15:39:21.990,38.8386667,-122.7616667,2.42
ak0243bbtu6c,"87 km NW of Karluk, Alaska",1.1,2024-03-12 15:34:28.525,58.1686,-155.4007,0.0
ci40686040,"20 km NNW of Borrego Springs, CA",0.81,2024-03-12 15:30:14.130,33.4241667,-116.4658333,13.07
hv74134816,"6 km SW of Volcano, Hawaii",1.87,2024-03-12 15:05:06.210,19.3988342285156,-155.274993896484,1.17999994754791
nn00874719,"1 km NNW of Carter Springs, Nevada",0.5,2024-03-12 15:02:53.617,38.8743,-119.6499,0.0
nn00874665,"41 km WNW of Indian Springs, Nevada",0.0,2024-03-12 14:59:06.557,36.7395,-116.0787,4.0
nn00874664,"9 km NW of Virginia City, Nevada",1.0,2024-03-12 14:56:37.182,39.3713,-119.7283,0.0
ak0243bbc3ea,"83 km NNW of Karluk, Alaska",1.1,2024-03-12 14:51:49.949,58.2801,-154.8845,11.7
nc74016316,"8 km NW of The Geysers, CA",0.77,2024-03-12 14:48:04.980,38.8301659,-122.8150024,1.75
nc74016311,"10 km WNW of The Geysers, CA",1.4,2024-03-12 14:30:20.910,38.8180008,-122.8529968,2.13
nc74016301,"10 km WNW of The Geysers, CA",1.02,2024-03-12 14:25:43.530,38.8178329,-122.8526688,2.06
ak0243bb5vjz,"180 km SE of Chignik, Alaska",2.6,2024-03-12 14:23:09.057,55.4089,-155.9952,20.0
us6000mifr,"288 km S of Akhiok, Alaska",3.1,2024-03-12 14:22:52.626,54.3993,-155.0325,10.0
nc74016296,"9 km WNW of The Geysers, CA",1.68,2024-03-12 14:19:40.350,38.8176651,-122.8503342,2.12
ci40686008,"6 km N of Moreno Valley, CA",1.57,2024-03-12 14:18:01.840,33.9758333,-117.228,11.96
ci40685984,"2 km ENE of Beaumont, CA",0.83,2024-03-12 14:15:56.700,33.9353333,-116.9536667,7.04
ci40685976,"13 km N of Fillmore, CA",1.72,2024-03-12 14:09:04.950,34.5185,-118.935,-0.59
tx2024faur,"36 km NW of Toyah, Texas",1.5,2024-03-12 14:04:39.419,31.58,-104.023,6.8176
nn00874715,"29 km NE of Beatty, Nevada",0.0,2024-03-12 13:54:30.950,37.0937,-116.5257,8.5
nn00874713,"27 km NE of Big Pine, California",-0.2,2024-03-12 13:18:25.102,37.3487,-118.0831,14.4
ak0243bajcqt,"28 km SSW of Petersville, Alaska",2.5,2024-03-12 13:17:40.854,62.2489,-150.8811,67.8
ci40685968,"13 km N of Ocotillo Wells, CA",0.84,2024-03-12 13:15:43.910,33.2588333,-116.1045,8.85
ak0243bai8kp,"26 km S of Central, Alaska",1.8,2024-03-12 13:12:20.256,65.3369,-144.7797,0.0
ak0243bai3vy,"52 km SW of Tatitlek, Alaska",2.4,2024-03-12 13:11:59.506,60.4925,-147.2566,16.4
ak0243bahu0x,"15 km SSW of Central, Alaska",1.9,2024-03-12 13:10:31.695,65.457,-144.9837,19.4
ci40685960,"18 km ESE of Little Lake, CA",1.51,2024-03-12 13:10:02.800,35.8883333,-117.7106667,7.34
tx2024fass,"11 km N of Coyanosa, Texas",1.6,2024-03-12 13:08:30.718,31.345,-103.057,5.4077
nn00874712,"28 km ENE of Fallon Station, Nevada",1.1,2024-03-12 12:59:45.392,39.5367,-118.4191,10.2
nn00874666,"2 km SE of Sun Valley, Nevada",1.1,2024-03-12 12:57:15.585,39.5805,-119.758,12.1
ak0243ba5k2o,"44 km NW of Rampart, Alaska",1.8,2024-03-12 12:53:04.003,65.8065,-150.8162,0.0
nn00874620,"45 km E of Fort Bidwell, California",2.1,2024-03-12 12:37:54.886,41.8214,-119.6014,0.0
nn00874663,"52 km SE of Beatty, Nevada",-0.1,2024-03-12 12:35:31.767,36.6337,-116.2869,6.4
nc74016281,"2 km N of The Geysers, CA",1.28,2024-03-12 12:34:50.700,38.7929993,-122.754837,-0.02
ak0243b9yt18,"35 km W of Clear, Alaska",1.5,2024-03-12 12:21:54.209,64.2607,-149.9076,6.7
nc74016276,"8 km NW of The Geysers, CA",0.77,2024-03-12 12:21:06.960,38.8305016,-122.8193359,1.69
ak0243b9y51m,"40 km N of Chickaloon, Alaska",1.3,2024-03-12 12:18:42.122,62.1559,-148.3297,24.9
av92229151,"84 km NNW of Karluk, Alaska",-0.49,2024-03-12 12:16:49.090,58.2568333333333,-155.0725,6.59
uu80062566,"4 km E of Hebgen Lake Estates, Montana",0.22,2024-03-12 11:56:28.880,44.764,-111.132,7.85
tx2024faqj,"56 km S of Whites City, New Mexico",1.9,2024-03-12 11:56:08.084,31.674,-104.483,5.3308
ak0243b9jotf,"82 km ESE of New Allakaket, Alaska",1.6,2024-03-12 11:51:01.156,66.1998,-151.0161,0.0
nn00874614,"8 km NW of Virginia City, Nevada",0.9,2024-03-12 11:50:24.356,39.3664,-119.7188,0.0
av92229141,"89 km W of Adak, Alaska",1.36,2024-03-12 11:41:13.850,51.8693333333333,-177.9275,6.17
av91136298,"84 km NW of Karluk, Alaska",0.28,2024-03-12 11:40:50.230,58.1733333333333,-155.328,2.26
hv74134751,"14 km SSW of Puako, Hawaii",1.77,2024-03-12 11:40:10.440,19.8491666666667,-155.896166666667,10.56
nc74016261,"13 km NW of Pinnacles, CA",0.87,2024-03-12 11:39:14.830,36.626,-121.2331667,3.52
nn00874607,"15 km ENE of Hawthorne, Nevada",1.3,2024-03-12 11:36:13.538,38.5875,-118.4614,5.9
nc74016256,"8 km NW of The Geysers, CA",0.73,2024-03-12 11:23:39.380,38.8191681,-122.8246689,2.05
nn00874710,"34 km NW of Beatty, Nevada",1.4,2024-03-12 11:18:25.987,37.1092,-117.0585,6.1
ci40685952,"20 km ESE of Anza, CA",0.86,2024-03-12 11:13:22.210,33.4603333,-116.4851667,10.59
nn00874605,"12 km NNW of Virginia City, Nevada",1.3,2024-03-12 11:08:26.723,39.4123,-119.6949,8.5
ak0243b99xyw,"21 km S of Funny River, Alaska",2.0,2024-03-12 11:05:54.164,60.3108,-150.7317,36.5
ci40685944,"6 km S of Lytle Creek, CA",1.27,2024-03-12 10:53:38.700,34.203,-117.4946667,5.91
nc74016246,"8 km NW of The Geysers, CA",0.74,2024-03-12 10:44:25.580,38.8224983,-122.8320007,1.83
us7000m4ub,Chagos Archipelago region,5.1,2024-03-12 10:41:03.956,-8.0837,68.2638,10.0
ak0243b8vx06,"2 km SSE of Salcha, Alaska",0.8,2024-03-12 10:40:09.696,64.5001,-146.8881,11.2
nn00874613,"12 km NNW of Virginia City, Nevada",0.7,2024-03-12 10:30:56.378,39.4149,-119.6967,7.5
ak0243b8t5d4,"2 km S of Soldotna, Alaska",1.8,2024-03-12 10:27:18.483,60.4682,-151.0549,65.0
nn00874604,"15 km SW of Indian Springs, Nevada",0.6,2024-03-12 10:23:21.028,36.4581,-115.7692,7.4
nc74016236,"1 km NE of The Geysers, CA",1.39,2024-03-12 10:13:44.730,38.7859993,-122.7450027,0.54
ak0243b8pak5,"55 km ESE of Whittier, Alaska",2.0,2024-03-12 10:09:19.578,60.6349,-147.7081,16.5
nc74016226,"8 km NW of The Geysers, CA",1.08,2024-03-12 10:08:59.970,38.8303337,-122.8183365,1.64
av91136293,"86 km NNW of Karluk, Alaska",-0.52,2024-03-12 09:55:03.770,58.254,-155.130833333333,32.02
av91136288,"85 km NW of Karluk, Alaska",-1.05,2024-03-12 09:53:22.340,58.1758333333333,-155.339166666667,0.9
nn00874601,"15 km SW of Indian Springs, Nevada",0.8,2024-03-12 09:50:02.062,36.4638,-115.775,7.1
us7000m4u6,northern Mid-Atlantic Ridge,4.9,2024-03-12 09:44:49.838,26.3629,-44.6467,10.0
pr71442828,"1 km SW of Santo Domingo, Puerto Rico",2.11,2024-03-12 09:43:37.230,18.0525,-66.762,17.16
us7000m4u4,"31 km NW of Malfa, Italy",4.3,2024-03-12 09:37:26.568,38.8106,14.6301,302.691
nc74016221,"7 km NW of The Geysers, CA",0.75,2024-03-12 09:33:24.420,38.8161659,-122.8255005,1.84
hv74134656,"11 km ENE of Pāhala, Hawaii",1.84000003,2024-03-12 09:28:49.590,19.2268333435059,-155.371337890625,34.0099983215332
hv74134651,"9 km NE of Pāhala, Hawaii",2.4000001,2024-03-12 09:25:11.070,19.2584991455078,-155.405502319336,29.0400009155273
ci40685936,"7 km SSW of Idyllwild, CA",1.14,2024-03-12 09:23:39.290,33.6768333,-116.7378333,15.96
av91136268,"67 km NE of Nikolski, Alaska",-0.55,2024-03-12 09:14:58.670,53.391,-168.178666666667,0.75
hv74134636,"5 km SSE of Pāhala, Hawaii",1.78,2024-03-12 09:14:23.580,19.1538333333333,-155.467166666667,32.31
nn00874599,"16 km SSW of Indian Springs, Nevada",1.0,2024-03-12 09:12:46.398,36.4388,-115.7653,4.4
ci40685928,"10 km E of Borrego Springs, CA",1.31,2024-03-12 09:09:09.210,33.271,-116.2636667,12.83
av91136283,"85 km NNW of Karluk, Alaska",-0.16,2024-03-12 09:07:14.070,58.2535,-155.107166666667,30.72
av91136278,"86 km NNW of Karluk, Alaska",0.1,2024-03-12 09:05:55.970,58.248,-155.150833333333,32.56
ak0243b8245k,"6 km WSW of Skwentna, Alaska",1.9,2024-03-12 09:01:05.681,61.971,-151.5082,74.4
us7000m4tz,"12 km NNE of Tura, India",4.4,2024-03-12 08:57:52.039,25.6115,90.2653,10.0
nn00874594,"16 km N of Mina, Nevada",1.6,2024-03-12 08:49:48.814,38.5375,-118.1431,3.1
nc74016211,"8 km NW of The Geysers, CA",0.53,2024-03-12 08:28:23.420,38.8333321,-122.8168335,1.67
nc74016201,"8 km W of Cobb, CA",1.56,2024-03-12 08:26:56.390,38.8336678,-122.810997,1.92
nc74016216,"2 km NW of Castro Valley, CA",1.05,2024-03-12 08:26:46.190,37.7056667,-122.1018333,4.8
nc74016206,"8 km W of Cobb, CA",1.93,2024-03-12 08:26:35.450,38.8323326,-122.8096695,2.0
mb90043023,"7 km NNW of Stanley, Idaho",1.84,2024-03-12 08:23:46.250,44.2808333333333,-114.9745,0.97
tx2024faix,"53 km NW of Toyah, Texas",1.9,2024-03-12 08:09:44.049,31.648,-104.201,7.1252
tx2024faiu,"4 km E of Falls City, Texas",1.7,2024-03-12 08:07:35.666,28.976,-97.975,4.4678
ak0243b7hlrn,"64 km SSE of Nikolai, Alaska",1.9,2024-03-12 08:05:36.196,62.4507,-154.1015,7.5
av92229006,"41 km ENE of Adak, Alaska",0.5,2024-03-12 08:04:42.180,52.071,-176.115666666667,-1.8
uu80062561,"49 km SE of West Yellowstone, Montana",2.31,2024-03-12 08:04:31.420,44.3255,-110.688833333333,9.87
nn00874708,"1 km SE of Sun Valley, Nevada",0.6,2024-03-12 08:01:43.018,39.585,-119.7606,11.8
tx2024fail,"53 km S of Whites City, New Mexico",1.7,2024-03-12 07:56:00.538,31.692,-104.352,7.2791
nc74016186,"7 km NW of The Geysers, CA",1.45,2024-03-12 07:48:44.240,38.8144989,-122.8243332,2.1
nn00874700,"3 km SSE of Sun Valley, Nevada",0.3,2024-03-12 07:43:20.183,39.5724,-119.7556,14.8
pr71442823,"6 km SW of Central Aguirre, Puerto Rico",1.91,2024-03-12 07:34:17.070,17.9163333333333,-66.2715,12.53
nn00874667,"9 km N of Lemmon Valley, Nevada",0.8,2024-03-12 07:33:23.055,39.7224,-119.8591,10.3
nc74016176,"9 km WNW of San Francisco Zoo, CA",1.71,2024-03-12 07:33:07.940,37.7733345,-122.5871658,10.84
tx2024fahp,"49 km W of Mentone, Texas",1.7,2024-03-12 07:31:28.036,31.736,-104.116,7.5739
ak0243b70ojj,"3 km E of Big Lake, Alaska",1.6,2024-03-12 07:26:40.632,61.5258,-149.8878,33.2
nc74016166,"7 km NW of The Geysers, CA",1.06,2024-03-12 07:19:34.350,38.8166656,-122.8235016,2.09
nc74016156,"8 km WNW of Cobb, CA",1.03,2024-03-12 07:17:14.460,38.8440018,-122.8143311,0.89
nn00874654,"9 km N of Lemmon Valley, Nevada",0.3,2024-03-12 07:15:40.400,39.7227,-119.8571,10.7
pr71442808,"7 km S of Salinas, Puerto Rico",2.47,2024-03-12 07:13:42.050,17.9106666666667,-66.2846666666667,13.78
ak0243b6xofk,"20 km WNW of Fishhook, Alaska",1.6,2024-03-12 07:12:39.526,61.8116,-149.5894,33.2
us7000m4tm,"6 km NW of Smiths Ferry, Idaho",2.6,2024-03-12 07:05:19.309,44.3522,-116.1408,5.0
nn00874653,"9 km N of Lemmon Valley, Nevada",-0.3,2024-03-12 07:02:38.257,39.722,-119.8554,9.8
mb90043018,"48 km S of Virginia City, Montana",0.8,2024-03-12 06:41:47.780,44.8623333333333,-112.016333333333,4.99
ak0243b6fae3,"44 km SSE of Nelchina, Alaska",2.2,2024-03-12 06:26:59.479,61.6281,-146.4143,29.5
tx2024fafi,"43 km NW of Toyah, Texas",1.7,2024-03-12 06:22:56.039,31.617,-104.092,6.4587
nn00874652,"9 km N of Lemmon Valley, Nevada",-0.3,2024-03-12 06:22:52.977,39.7203,-119.8553,9.5
se60501753,"14 km E of Benton, Tennessee",1.71,2024-03-12 06:22:03.720,35.1935,-84.495,5.12
nn00874612,"9 km N of Lemmon Valley, Nevada",0.9,2024-03-12 06:20:47.663,39.7236,-119.863,11.0
nn00874590,"14 km SSW of Indian Springs, Nevada",0.8,2024-03-12 06:16:25.717,36.4529,-115.736,0.0
nn00874587,"13 km SSW of Indian Springs, Nevada",1.3,2024-03-12 06:15:24.601,36.4596,-115.7425,4.8
nn00874651,"9 km N of Lemmon Valley, Nevada",0.4,2024-03-12 06:06:57.644,39.722,-119.8563,10.9
tx2024faew,"3 km S of Falls City, Texas",2.8,2024-03-12 06:06:55.399,28.948,-98.025,0.0244
nc74016146,"4 km WNW of Cobb, CA",1.49,2024-03-12 06:05:23.630,38.8339996,-122.7678299,0.6
ak0243b69tv6,"5 km SW of Houston, Alaska",2.2,2024-03-12 06:01:12.505,61.5916,-149.8826,32.4
tx2024faep,"54 km S of Whites City, New Mexico",1.6,2024-03-12 05:59:23.231,31.682,-104.351,7.3816
nc74016136,"7 km W of Cobb, CA",1.33,2024-03-12 05:46:21.450,38.8291664,-122.800499,1.86
ak0243b5uw85,"12 km E of Willow, Alaska",1.7,2024-03-12 05:31:44.693,61.7649,-149.7946,41.4
nc74016121,"10 km W of Templeton, CA",1.69,2024-03-12 05:22:29.540,35.5526657,-120.8105011,7.42
ci40685904,"5 km N of Cabazon, CA",1.21,2024-03-12 05:19:19.480,33.9616667,-116.7876667,4.53
ak0243b5ql9j,"46 km N of Larsen Bay, Alaska",2.0,2024-03-12 05:11:36.391,57.958,-153.8789,30.7
us7000m4t5,"46 km E of Fort Bidwell, California",2.4,2024-03-12 05:04:55.092,41.9407,-119.6047,4.789
us7000m4t7,South Sandwich Islands region,5.0,2024-03-12 05:02:23.968,-60.0325,-27.6893,129.185
av92228956,"89 km WNW of Karluk, Alaska",1.25,2024-03-12 04:56:49.550,57.7466666666667,-155.917,5.19
av92228951,"64 km ENE of Pedro Bay, Alaska",-0.12,2024-03-12 04:44:48.910,60.0406666666667,-153.070666666667,-0.21
ci40685896,"6 km S of Idyllwild, CA",0.85,2024-03-12 04:42:37.800,33.6886667,-116.7121667,17.61
us7000m4t4,"19 km NNE of Malfa, Italy",4.8,2024-03-12 04:37:30.264,38.722,14.9586,221.365
ak0243b5ab1w,"5 km S of Salcha, Alaska",1.6,2024-03-12 04:35:39.080,64.4734,-146.9231,8.2
nc74016116,"6 km NW of The Geysers, CA",0.28,2024-03-12 04:34:50.130,38.8183327,-122.7969971,3.79
nc74016111,"6 km NW of The Geysers, CA",0.51,2024-03-12 04:29:20.320,38.8168335,-122.7961655,2.84
tx2024fabn,"54 km NW of Toyah, Texas",1.7,2024-03-12 04:26:50.316,31.668,-104.193,6.0999
ak0243b57cki,"77 km SSE of Cantwell, Alaska",1.8,2024-03-12 04:22:01.239,62.7276,-148.4993,68.3
av92228926,"88 km WNW of Karluk, Alaska",1.5,2024-03-12 04:18:44.830,57.7415,-155.909833333333,7.55
hv74134486,"24 km WNW of Volcano, Hawaii",1.21,2024-03-12 04:17:34.610,19.5145,-155.457166666667,2.3
ak0243b55tm8,"92 km ENE of Ugashik, Alaska",2.0,2024-03-12 04:14:46.888,57.8014,-155.945,0.0
hv74134481,"17 km SSW of Volcano, Hawaii",1.49,2024-03-12 04:10:25.530,19.2921666666667,-155.2675,6.87
nc74016096,"10 km NW of The Geysers, CA",0.7,2024-03-12 03:46:05.820,38.8433342,-122.838501,1.8
hv74134466,"5 km SSE of Pāhala, Hawaii",2.03999996,2024-03-12 03:44:32.460,19.1518325805664,-155.467163085938,29.9899997711182
us7000m4sw,"89 km WSW of San Antonio, Chile",5.1,2024-03-12 03:42:32.306,-33.8242,-72.5297,12.215
hv74134461,"11 km SSW of Volcano, Hawaii",1.70000005,2024-03-12 03:38:04.380,19.3436660766602,-155.276168823242,21.5900001525879
nc74016091,"10 km NW of The Geysers, CA",1.01,2024-03-12 03:33:32.860,38.8421669,-122.8381653,1.54
ak0243b4ny01,"30 km WNW of Ester, Alaska",1.1,2024-03-12 03:31:05.610,64.9232,-148.6275,16.4
nc74016081,"10 km NW of The Geysers, CA",1.69,2024-03-12 03:29:45.040,38.8428345,-122.8395004,1.73
nc74016076,"10 km NW of The Geysers, CA",1.94,2024-03-12 03:29:19.700,38.8424988,-122.8376694,1.91
pr71442798,"8 km SW of Guánica, Puerto Rico",2.24,2024-03-12 03:28:51.950,17.9081666666667,-66.9595,13.35
ak0243b4mc8c,"21 km N of Cooper Landing, Alaska",1.7,2024-03-12 03:23:56.924,60.6839,-149.8352,33.5
tx2024ezzl,"3 km ESE of Falls City, Texas",2.9,2024-03-12 03:22:00.705,28.976,-97.982,5.9326
av92228886,"52 km ENE of Ugashik, Alaska",1.18,2024-03-12 03:21:45.690,57.6401666666667,-156.5585,4.27
ci40685888,"14 km SE of Anza, CA",0.76,2024-03-12 03:12:54.210,33.4648333,-116.561,9.76
us7000m4ss,"120 km NE of Hihifo, Tonga",5.0,2024-03-12 03:10:28.754,-15.1466,-173.0377,10.0
nc74016071,"8 km NW of The Geysers, CA",0.67,2024-03-12 03:08:06.220,38.8208351,-122.8231659,2.59
ci40685872,"25 km WNW of Desert Center, CA",1.69,2024-03-12 03:07:46.570,33.8175,-115.6445,0.11
ci40685864,"12 km ENE of Ridgecrest, CA",0.95,2024-03-12 03:05:48.050,35.673,-117.558,8.69
hv74134421,"14 km NE of Pāhala, Hawaii",1.95,2024-03-12 02:53:21.870,19.2935,-155.382333333333,3.55
hv74134426,"7 km SW of Volcano, Hawaii",1.4,2024-03-12 02:52:38.870,19.3871666666667,-155.279,1.3
ci40685856,"24 km ESE of Anza, CA",1.26,2024-03-12 02:50:18.120,33.4656667,-116.4438333,9.69
nc74016061,"7 km NW of The Geysers, CA",1.07,2024-03-12 02:44:47.730,38.8168335,-122.822998,2.15
nc74016056,"6 km NW of The Geysers, CA",0.88,2024-03-12 02:42:40.610,38.8151665,-122.8103333,3.32
nc74016051,"8 km NW of The Geysers, CA",0.75,2024-03-12 02:38:40.220,38.8173332,-122.8266678,2.17
tx2024ezxu,"55 km NW of Toyah, Texas",1.8,2024-03-12 02:33:49.316,31.672,-104.196,6.8433
uu80062551,"15 km NE of Milford, Utah",0.73,2024-03-12 02:33:40.400,38.5025,-112.890166666667,3.04
us7000m4sl,"59 km NW of Severo-Kuril’sk, Russia",4.3,2024-03-12 02:32:02.806,51.0604,155.5403,178.826
ci40685848,"22 km SW of Ocotillo Wells, CA",1.75,2024-03-12 02:26:46.820,33.0136667,-116.3091667,9.92
nn00874585,"47 km ESE of Beatty, Nevada",-0.1,2024-03-12 02:16:16.541,36.7603,-116.262,10.1
ak0243b3x0ge,"19 km W of Tetlin, Alaska",1.5,2024-03-12 02:05:40.310,63.1448,-142.906,0.0
uu80062546,"15 km NE of Milford, Utah",0.11,2024-03-12 02:05:32.100,38.5053333333333,-112.894333333333,3.47
hv74134371,"10 km NE of Pāhala, Hawaii",2.17000008,2024-03-12 02:00:19.090,19.2603340148926,-155.395004272461,29.4699993133545
nc74016046,"4 km WNW of Cobb, CA",1.12,2024-03-12 01:57:37.320,38.8351669,-122.7698364,6.81
ak0243b3mg0a,"35 km NW of Ninilchik, Alaska",1.4,2024-03-12 01:56:09.702,60.2445,-152.1696,85.4
uu80062541,"17 km NE of West Yellowstone, Montana",0.48,2024-03-12 01:37:40.280,44.757,-110.935,10.63
ak0243b3i4ys,"60 km ESE of Denali National Park, Alaska",2.0,2024-03-12 01:36:00.362,63.2705,-150.6678,123.3
nc74016031,"8 km WNW of Cobb, CA",0.71,2024-03-12 01:12:18.010,38.8353348,-122.807663,2.32
nc74016026,"8 km W of Cobb, CA",-0.19,2024-03-12 00:57:47.740,38.8361667,-122.8183333,1.94
nc74016016,"2 km ENE of The Geysers, CA",1.57,2024-03-12 00:50:24.430,38.788166,-122.7336655,0.96
hv74134311,"21 km SSE of Volcano, Hawaii",2.12,2024-03-12 00:44:18.060,19.2521666666667,-155.175166666667,40.88
nc74016006,"3 km NNW of The Geysers, CA",1.12,2024-03-12 00:41:03.700,38.8041649,-122.7748337,6.53
us7000m4s6,"78 km ESE of Nikolski, Alaska",4.4,2024-03-12 00:39:00.210,52.7857,-167.7264,41.505
ci40685840,"13 km SSE of Las Flores, CA",1.58,2024-03-12 00:29:58.610,33.9281667,-118.5815,12.46
nc74015996,"6 km W of Cobb, CA",0.79,2024-03-12 00:29:55.350,38.829834,-122.7975006,1.53
nn00874649,"9 km N of Lemmon Valley, Nevada",0.9,2024-03-12 00:27:51.140,39.7178,-119.8586,9.7
hv74134281,"6 km SSE of Pāhala, Hawaii",2.22000003,2024-03-12 00:25:47.470,19.1461658477783,-155.46516418457,31.5799999237061
uw61980637,"38 km NNE of Amboy, Washington",0.6,2024-03-12 00:24:31.830,46.20216666666666,-122.17883333333333,6.05
pr2024072000,"71 km NNE of Miches, Dominican Republic",3.9,2024-03-12 00:09:13.300,19.5256,-68.6738,19.0
ak0243b2qtpm,"11 km W of Tatitlek, Alaska",1.9,2024-03-12 00:08:57.389,60.8779,-146.8877,22.6
av92228806,"63 km ENE of Pedro Bay, Alaska",-0.51,2024-03-11 23:53:48.230,60.0448333333333,-153.087666666667,0.34
nc74015986,"6 km W of Cobb, CA",0.48,2024-03-11 23:32:34.540,38.8305,-122.796,1.57
av91136228,"86 km NW of Karluk, Alaska",-0.04,2024-03-11 23:31:37.370,58.1668333333333,-155.385166666667,2.5
nc74015981,"7 km WNW of Cobb, CA",1.14,2024-03-11 23:27:52.020,38.8349991,-122.7993317,1.61
av91136223,"86 km NNW of Karluk, Alaska",-0.12,2024-03-11 23:14:03.270,58.2555,-155.133666666667,33.05
nc71133014,"6 km W of Cobb, CA",0.17,2024-03-11 23:13:02.230,38.8283333,-122.7951667,0.93
ci40685832,"13 km N of Castaic, CA",1.05,2024-03-11 23:13:00.540,34.6041667,-118.6465,8.81
av91136218,"85 km NNW of Karluk, Alaska",0.23,2024-03-11 23:12:52.520,58.2505,-155.112,32.25
nc71133009,"6 km W of Cobb, CA",0.29,2024-03-11 23:12:19.630,38.8311667,-122.7955,1.6
av91136208,"85 km NNW of Karluk, Alaska",-0.3,2024-03-11 23:11:02.430,58.2565,-155.093666666667,32.21
nc74015961,"6 km W of Cobb, CA",0.46,2024-03-11 23:10:57.370,38.8285,-122.7941667,1.64
ci40685824,"20 km E of Little Lake, CA",1.29,2024-03-11 23:10:20.300,35.9331667,-117.6811667,2.38
nc74015956,"6 km W of Cobb, CA",0.86,2024-03-11 23:10:14.650,38.8294983,-122.7961655,0.59
ak02439swm7p,"85 km NW of Karluk, Alaska",0.9,2024-03-11 23:09:36.212,58.1595,-155.3622,0.1
nc74015951,"6 km WNW of Cobb, CA",0.99,2024-03-11 23:09:00.470,38.8336678,-122.7941666,0.45
nc74015941,"6 km W of Cobb, CA",1.04,2024-03-11 23:08:15.790,38.8315,-122.7955,0.87
nc74015936,"6 km W of Cobb, CA",2.62,2024-03-11 23:07:48.740,38.828,-122.7951667,1.18
nn00874582,"57 km ENE of Independence, California",1.0,2024-03-11 23:05:26.391,37.0088,-117.6059,0.0
ak02439sunnr,"51 km N of Petersville, Alaska",2.1,2024-03-11 23:00:21.832,62.9612,-150.7393,108.9
nc74015926,"8 km NW of The Geysers, CA",0.67,2024-03-11 22:57:52.360,38.8348351,-122.8186646,1.42
nc74015916,"6 km W of Cobb, CA",0.84,2024-03-11 22:57:13.280,38.8235016,-122.7891693,0.82
nc74015911,"8 km NW of The Geysers, CA",0.75,2024-03-11 22:57:03.120,38.8343315,-122.8190002,1.57
nc74015906,"8 km NW of The Geysers, CA",0.76,2024-03-11 22:55:23.370,38.8330002,-122.8181686,1.77
av92228786,"63 km ENE of Pedro Bay, Alaska",-1.08,2024-03-11 22:54:30.720,60.0165,-153.059333333333,-0.63
nc74015901,"8 km W of Cobb, CA",0.68,2024-03-11 22:49:56.020,38.8343315,-122.8161697,1.24
nc74015886,"13 km WSW of Toms Place, CA",0.84,2024-03-11 22:38:54.400,37.5348333,-118.8281667,3.83
nc74015881,"6 km W of Cobb, CA",0.27,2024-03-11 22:38:09.450,38.8289986,-122.7975006,1.25
ak02439sgypo,"5 km S of Mosquito Lake, Alaska",2.1,2024-03-11 22:36:33.222,59.4838,-136.1031,4.5
nc74015866,"7 km NW of The Geysers, CA",1.05,2024-03-11 22:36:20.900,38.8139992,-122.8193359,2.59
nc74015861,"10 km NW of The Geysers, CA",0.27,2024-03-11 22:34:58.410,38.8391685,-122.8375015,1.38
nc74015856,"0 km NNE of The Geysers, CA",1.31,2024-03-11 22:31:37.800,38.7796669,-122.7546692,-0.52
ak02439sfpj2,"43 km NNE of Chenega, Alaska",1.9,2024-03-11 22:30:47.294,60.4418,-147.7817,2.2
tx2024ezpn,"61 km S of Whites City, New Mexico",1.6,2024-03-11 22:22:48.959,31.627,-104.501,7.6379
nc74015851,"6 km NW of The Geysers, CA",0.7,2024-03-11 22:22:05.190,38.8214989,-122.8021698,8.68
ak02439sdswz,"24 km NW of Tatitlek, Alaska",1.9,2024-03-11 22:21:58.434,60.9898,-147.0462,23.8
nc74015846,"14 km WSW of Toms Place, CA",1.54,2024-03-11 22:19:55.070,37.5328333,-118.8321667,3.35
hv74134191,"14 km NE of Pāhala, Hawaii",1.75,2024-03-11 22:19:15.950,19.2946662902832,-155.386169433594,2.3199999332428
uw61980627,"6 km WSW of Dayton, Washington",1.44,2024-03-11 22:18:34.410,46.30283333333333,-118.0495,-0.5
tx2024ezpi,"36 km SSW of Los Ybanez, Texas",2.3,2024-03-11 22:16:46.493,32.431,-102.115,6.8115
tx2024ezpd,"3 km ESE of Falls City, Texas",2.7,2024-03-11 22:11:38.045,28.976,-97.986,0.0244
nc71133019,"17 km SW of Toms Place, CA",0.9,2024-03-11 21:50:00.050,37.4496667,-118.8168333,8.92
nc74015836,"9 km ENE of Morgan Hill, CA",0.71,2024-03-11 21:49:47.540,37.1625,-121.5635,5.65
nn00874581,"9 km N of Lemmon Valley, Nevada",0.7,2024-03-11 21:47:52.263,39.7196,-119.8599,10.5
nc74015831,"8 km ENE of Morgan Hill, CA",0.75,2024-03-11 21:46:19.300,37.152,-121.5641667,4.59
ci40685776,"7 km WSW of Julian, CA",0.9,2024-03-11 21:42:49.790,33.0583333,-116.6771667,12.46
nn00874566,"9 km N of Lemmon Valley, Nevada",1.5,2024-03-11 21:42:41.718,39.7202,-119.8538,9.0
nc74015821,"9 km ENE of Morgan Hill, CA",0.74,2024-03-11 21:40:50.260,37.1603333,-121.5653333,5.31
ci40685768,"4 km ENE of Ocotillo Wells, CA",1.13,2024-03-11 21:38:20.630,33.158,-116.0865,11.14
nn00874563,"9 km N of Lemmon Valley, Nevada",1.3,2024-03-11 21:22:27.342,39.7222,-119.8582,9.5
nn00874560,"32 km SE of Mina, Nevada",1.8,2024-03-11 21:06:04.889,38.1475,-117.8953,7.9
ci40685744,"5 km SSE of Home Gardens, CA",1.62,2024-03-11 21:04:07.020,33.839,-117.4923333,-0.51
ci40685736,"35 km N of Searles Valley, CA",1.17,2024-03-11 21:02:15.800,36.083,-117.4246667,-0.94
ci40685752,"7 km E of Yucaipa, CA",0.78,2024-03-11 21:01:15.210,34.0241667,-116.9726667,11.97
pr71442783,"2 km WNW of Guayanilla, Puerto Rico",1.78,2024-03-11 20:50:12.340,18.0276666666667,-66.8098333333333,16.15
av91136203,"29 km W of Chignik Lake, Alaska",0.39,2024-03-11 20:47:34.050,56.2265,-159.241833333333,3.76
ak02439rc7je,"23 km W of Happy Valley, Alaska",3.3,2024-03-11 20:46:18.982,59.979,-152.1452,91.4
us7000m4r3,Fiji region,4.5,2024-03-11 20:45:03.058,-20.9022,-178.9498,615.842
ak02439rarqt,"48 km W of Salamatof, Alaska",2.2,2024-03-11 20:39:47.416,60.6594,-152.1992,90.8
hv74134116,"14 km NE of Pāhala, Hawaii",2.26,2024-03-11 20:35:12.930,19.2958333333333,-155.384333333333,2.64
hv74134121,"14 km NE of Pāhala, Hawaii",2.23,2024-03-11 20:35:12.920,19.2983333333333,-155.3845,2.86
ci40685720,"2 km W of Fontana, CA",1.06,2024-03-11 20:30:44.900,34.0985,-117.4843333,3.21
nc74015811,"8 km NW of The Geysers, CA",1.08,2024-03-11 20:22:36.520,38.8303337,-122.8126678,1.92
ci40685712,"20 km ESE of Anza, CA",0.41,2024-03-11 20:21:58.990,33.4618333,-116.488,11.19
ak02439r68vm,"31 km WNW of Ester, Alaska",0.9,2024-03-11 20:18:36.665,64.9306,-148.6471,15.3
ak02439r4rfy,"29 km W of Chenega, Alaska",1.7,2024-03-11 20:11:44.149,60.0335,-148.5344,21.0
av91136198,"87 km NNW of Karluk, Alaska",-0.44,2024-03-11 20:06:27.600,58.264,-155.124833333333,33.07
nc74015806,"3 km SW of Anderson Springs, CA",0.26,2024-03-11 19:56:50.970,38.7588333,-122.7166667,1.81
nc74015796,"7 km NW of The Geysers, CA",0.49,2024-03-11 19:52:52.650,38.8303337,-122.8088303,0.94
av92228681,"Rat Islands, Aleutian Islands, Alaska",0.78,2024-03-11 19:51:01.420,51.9813333333333,178.530166666667,8.97
ci40685680,"9 km S of Idyllwild, CA",0.56,2024-03-11 19:47:10.080,33.6583333,-116.727,14.43
us7000m4qp,"225 km E of Levuka, Fiji",4.9,2024-03-11 19:41:58.618,-17.8932,-178.5664,572.697
nc74015791,"8 km NW of The Geysers, CA",0.64,2024-03-11 19:40:06.620,38.8305016,-122.8126678,1.95
av92228676,"68 km NE of Nikolski, Alaska",-0.06,2024-03-11 19:34:21.430,53.3965,-168.1835,-0.87
av91136193,"67 km NE of Nikolski, Alaska",0.74,2024-03-11 19:33:14.490,53.392,-168.183833333333,0.86
ak02439qnyzv,"6 km E of Fox, Alaska",1.4,2024-03-11 19:33:10.786,64.9695,-147.4804,0.0
us7000m4ql,"32 km S of Jurm, Afghanistan",4.1,2024-03-11 19:31:02.050,36.572,70.8656,219.296
ci40685664,"4 km NNW of Lake Elsinore, CA",1.24,2024-03-11 19:18:42.340,33.7073333,-117.3391667,0.77
nc74015781,"8 km WNW of Cobb, CA",1.04,2024-03-11 19:18:36.960,38.847332,-122.8143311,1.72
mb90042998,"6 km E of Butte, Montana",1.49,2024-03-11 19:12:33.390,46.0081666666667,-112.454666666667,-2.0
hv74133976,"14 km SW of Volcano, Hawaii",1.24,2024-03-11 19:07:45.690,19.3413333333333,-155.328166666667,2.95
ci40685648,"20 km ESE of Anza, CA",0.62,2024-03-11 19:05:55.060,33.4915,-116.4658333,12.68
nc74015771,"6 km WNW of Cobb, CA",2.17,2024-03-11 19:04:43.730,38.8330002,-122.793335,2.19
nn00874580,"3 km W of Cromberg, California",1.3,2024-03-11 19:02:22.391,39.855,-120.7304,5.7
mb90042993,"5 km E of Butte, Montana",1.27,2024-03-11 19:00:43.620,46.0113333333333,-112.463,-2.0
av92228661,"35 km W of Chignik Lake, Alaska",0.9,2024-03-11 19:00:01.230,56.222,-159.3385,1.25
nn00874551,"11 km NNW of Virginia City, Nevada",1.4,2024-03-11 18:59:03.940,39.4058,-119.6958,8.0
ak02439q4cjk,"52 km NE of Chase, Alaska",2.0,2024-03-11 18:41:54.888,62.8176,-149.4727,62.7
tx2024ezia,"19 km NW of Stanton, Texas",1.7,2024-03-11 18:35:12.176,32.264,-101.913,5.3467
hv74133971,"6 km SW of Volcano, Hawaii",1.32,2024-03-11 18:33:33.570,19.3956666666667,-155.277,1.16
nn00874579,"5 km WSW of Topaz Lake, Nevada",1.1,2024-03-11 18:22:33.360,38.6716,-119.5977,7.3
nc74015746,"12 km E of Mammoth Lakes, CA",0.9,2024-03-11 18:20:25.160,37.6218333,-118.8381667,5.5
nc74015741,"3 km NW of The Geysers, CA",0.88,2024-03-11 17:50:37.660,38.793499,-122.7774963,2.5
ci40685632,"22 km SW of Ocotillo Wells, CA",1.33,2024-03-11 17:41:01.750,33.0146667,-116.3056667,10.7
ak02439phc2d,"23 km W of Petersville, Alaska",1.4,2024-03-11 17:34:17.816,62.5064,-151.213,95.8
ok2024ezfv,"1 km W of Bridge Creek, Oklahoma",0.75,2024-03-11 17:31:04.950,35.23666667,-97.75716667,5.24
nc74015726,"10 km WNW of The Geysers, CA",0.73,2024-03-11 17:27:58.140,38.8269997,-122.8526688,2.45
uu80062536,"15 km NE of Milford, Utah",0.76,2024-03-11 17:25:50.140,38.5025,-112.896,3.33
nc74015721,"8 km NE of Gilroy, CA",1.32,2024-03-11 17:22:08.960,37.0616684,-121.508667,11.57
nc74015716,"2 km NNE of The Geysers, CA",0.29,2024-03-11 17:10:24.410,38.7943344,-122.7471695,1.37
nc74015711,"2 km NNE of The Geysers, CA",1.77,2024-03-11 17:09:45.200,38.7938347,-122.7481689,1.78
hv74133916,"10 km W of Pāhala, Hawaii",1.70000005,2024-03-11 16:57:18.110,19.216833114624,-155.578994750977,-0.46000000834465
uw61989451,"10 km WSW of Chelan Falls, Washington",0.64,2024-03-11 16:56:29.850,47.77633333333333,-120.1155,-0.2
ci40685608,"20 km N of Fillmore, CA",1.52,2024-03-11 16:55:59.190,34.5756667,-118.954,8.76
ak02439ozixe,"54 km N of Petersville, Alaska",1.9,2024-03-11 16:51:08.664,62.9794,-150.944,112.2
nc74015706,"7 km NNW of Pinnacles, CA",1.48,2024-03-11 16:47:22.110,36.5849991,-121.1783371,4.71
uw61989446,"21 km NNE of Lakeview, Oregon",1.98,2024-03-11 16:38:47.470,42.35916666666667,-120.21616666666667,-1.46
ak02439otiy7,"63 km SE of Pedro Bay, Alaska",2.2,2024-03-11 16:23:09.592,59.4585,-153.1788,94.0
ak02439ortb6,"47 km NNW of Petersville, Alaska",2.5,2024-03-11 16:15:11.015,62.9095,-150.994,110.3
ak02439op8e9,"73 km NNE of Petersville, Alaska",1.8,2024-03-11 16:03:06.339,63.139,-150.4609,92.1
tx2024ezcv,"31 km NW of Toyah, Texas",2.0,2024-03-11 15:58:34.005,31.52,-104.015,6.7151
nc74015686,"7 km WNW of Cobb, CA",0.7,2024-03-11 15:52:57.420,38.8359985,-122.7969971,2.05
nc74015681,"7 km WNW of Cobb, CA",0.98,2024-03-11 15:51:24.350,38.8364983,-122.7965012,2.03
nc74015676,"7 km WNW of Cobb, CA",1.15,2024-03-11 15:50:59.760,38.836834,-122.7969971,2.04
ci40685584,"6 km ESE of Cabazon, CA",0.34,2024-03-11 15:49:59.650,33.8915,-116.726,17.45
nc74015671,"6 km WNW of Cobb, CA",0.72,2024-03-11 15:39:55.870,38.8366661,-122.7923355,1.53
nn00874545,"47 km ENE of Fort Bidwell, California",2.0,2024-03-11 15:35:18.377,41.9474,-119.5913,1.4
uu80062531,"4 km S of Trenton, Utah",1.36,2024-03-11 15:35:03.040,41.8811666666667,-111.941333333333,6.3
nc74015656,"9 km ENE of Gilroy, CA",0.69,2024-03-11 15:33:01.180,37.0305,-121.4666667,6.08
us7000m4nv,"45 km ENE of Fort Bidwell, California",2.9,2024-03-11 15:19:51.414,41.9494,-119.6105,5.0
av92228541,"65 km NE of Nikolski, Alaska",0.33,2024-03-11 15:19:15.310,53.3788333333333,-168.2145,4.76
nc74015646,"6 km NW of The Geysers, CA",1.04,2024-03-11 15:17:23.690,38.8248329,-122.7973328,2.46
av91135978,"66 km NE of Nikolski, Alaska",0.52,2024-03-11 15:15:08.480,53.386,-168.192333333333,1.96
nc74015641,"7 km WNW of Cobb, CA",1.06,2024-03-11 15:14:13.510,38.836834,-122.796669,1.86
av92228531,"67 km NE of Nikolski, Alaska",0.97,2024-03-11 15:13:48.230,53.3906666666667,-168.184166666667,0.54
av91135968,"68 km NE of Nikolski, Alaska",0.65,2024-03-11 15:12:56.870,53.3925,-168.179,-1.0
av92228526,"67 km NE of Nikolski, Alaska",0.81,2024-03-11 15:12:34.540,53.395,-168.188,-0.43
nc74015636,"6 km WNW of Cobb, CA",0.75,2024-03-11 15:12:06.380,38.8356667,-122.7886658,1.91
ok2024ezav,"8 km WNW of Prague, Oklahoma",1.7,2024-03-11 14:58:04.240,35.52283333,-96.76633333,5.12
ak02439nu02y,"4 km S of Salcha, Alaska",1.4,2024-03-11 14:57:35.463,64.4851,-146.8888,0.1
nc74015631,"3 km N of The Geysers, CA",0.66,2024-03-11 14:56:40.550,38.8001671,-122.7541656,4.57
nc74015626,"9 km WNW of Cobb, CA",0.27,2024-03-11 14:47:36.570,38.8381653,-122.8239975,1.8
ak02439not5j,"1 km ENE of Badger, Alaska",1.7,2024-03-11 14:33:12.871,64.807,-147.502,12.7
nc74015616,"8 km NW of The Geysers, CA",1.05,2024-03-11 14:27:35.010,38.8308334,-122.810997,1.49
nc74015606,"7 km WNW of Cobb, CA",0.79,2024-03-11 14:21:13.530,38.8380013,-122.7975006,2.07
nn00874527,"28 km SSE of Mina, Nevada",1.8,2024-03-11 14:20:46.425,38.1457,-118.0115,11.6
ci40685560,"15 km N of Santa Paula, CA",1.41,2024-03-11 14:20:34.930,34.4888333,-119.0556667,2.75
us7000m4nn,"26 km WNW of Stanley, Idaho",2.7,2024-03-11 14:19:14.850,44.281,-115.2535,13.296
uu80062526,"5 km NE of Magna, Utah",0.44,2024-03-11 14:16:23.210,40.7425,-112.056666666667,5.7
nc74015601,"2 km NNW of The Geysers, CA",0.75,2024-03-11 14:06:17.250,38.7905006,-122.7653351,1.74
nc74015596,"8 km NW of The Geysers, CA",0.27,2024-03-11 14:05:50.310,38.8323326,-122.815834,1.69
nc74015591,"16 km E of Seven Trees, CA",2.4,2024-03-11 14:01:55.730,37.2891667,-121.6605,5.82
ak02439n8ldb,"26 km NNW of Sutton-Alpine, Alaska",2.2,2024-03-11 13:57:47.033,62.0072,-148.8747,31.5
mb90042988,"13 km WSW of Alder, Montana",0.31,2024-03-11 13:39:18.660,45.2971666666667,-112.271833333333,3.83
us7000m4nk,"143 km NNW of Tumxuk, China",4.4,2024-03-11 13:35:11.082,41.0693,78.4242,5.695
nc74015586,"8 km NW of The Geysers, CA",1.04,2024-03-11 13:27:41.740,38.8325005,-122.8143311,1.6
nc74015581,"9 km NNW of Redwood Valley, CA",1.78,2024-03-11 13:19:54.970,39.3408333,-123.2511667,5.85
ak02439mzq9y,"24 km NNW of Willow, Alaska",1.3,2024-03-11 13:16:11.583,61.932,-150.2864,18.5
nc74015576,"10 km WNW of Pinnacles, CA",1.86,2024-03-11 13:15:56.900,36.5761681,-121.2350006,1.95
ak02439mx4xp,"47 km NW of Karluk, Alaska",1.8,2024-03-11 13:04:01.895,57.8746,-155.0076,87.2
nn00874538,"30 km W of Empire, Nevada",1.6,2024-03-11 13:01:37.057,40.551,-119.7056,18.3
nc74015566,"8 km NW of The Geysers, CA",1.12,2024-03-11 13:00:03.290,38.8325005,-122.814003,1.59
nc74015561,"8 km NW of The Geysers, CA",1.09,2024-03-11 12:53:38.140,38.8313332,-122.814003,1.6
nc74015556,"8 km NW of The Geysers, CA",0.28,2024-03-11 12:51:02.580,38.8334999,-122.8180008,1.89
nc74015551,"8 km NW of The Geysers, CA",0.76,2024-03-11 12:49:15.520,38.8326683,-122.8153305,1.66
nc74015546,"8 km NW of The Geysers, CA",1.64,2024-03-11 12:47:11.300,38.8306656,-122.8130035,1.65
ak02439mj7ka,"50 km E of Anderson, Alaska",1.5,2024-03-11 12:39:04.108,64.3112,-148.1433,2.2
nn00874537,"36 km W of Empire, Nevada",1.4,2024-03-11 12:36:39.250,40.5168,-119.7638,18.7
nc74015541,"10 km WNW of The Geysers, CA",0.55,2024-03-11 12:35:27.980,38.8240013,-122.8539963,1.76
ak02439mgwyd,"52 km W of Ferry, Alaska",2.7,2024-03-11 12:31:54.717,63.9857,-150.1884,34.5
mb90042938,"1 km E of Mullan, Idaho",1.96,2024-03-11 12:28:12.730,47.4695,-115.784166666667,0.02
ak02439mfnl3,"74 km NNE of Petersville, Alaska",2.0,2024-03-11 12:22:45.511,63.1465,-150.4479,110.1
ci40685536,"9 km ENE of Coso Junction, CA",1.29,2024-03-11 12:16:18.850,36.0801667,-117.8621667,2.94
ci40685528,"9 km ENE of Coso Junction, CA",1.23,2024-03-11 12:14:32.690,36.0798333,-117.8608333,2.96
ci40685520,"9 km ENE of Coso Junction, CA",1.39,2024-03-11 12:14:07.920,36.08,-117.8605,2.93
nc74015531,"6 km NW of The Geysers, CA",0.77,2024-03-11 12:12:13.280,38.8160019,-122.810997,0.98
hv74133796,"10 km NE of Pāhala, Hawaii",2.31999993,2024-03-11 12:10:53.690,19.2646675109863,-155.404327392578,30.1299991607666
ak02439mbss0,"36 km NE of Whittier, Alaska",1.4,2024-03-11 12:04:46.568,61.0397,-148.2905,16.5
ci40685512,"9 km ENE of Coso Junction, CA",0.84,2024-03-11 12:00:38.420,36.0726667,-117.8498333,1.99
hv74133781,"10 km ENE of Pāhala, Hawaii",2.25,2024-03-11 11:57:59.170,19.242166519165,-155.382827758789,31.8199996948242
av92228431,"18 km NE of Atka, Alaska",1.28,2024-03-11 11:53:52.540,52.3295,-174.047666666667,7.58
ci40685504,"15 km SW of Lone Pine, CA",3.09,2024-03-11 11:48:40.900,36.4971667,-118.1945,10.15
nc74015506,"9 km NW of The Geysers, CA",-0.21,2024-03-11 11:47:13.320,38.836,-122.8203333,1.92
nc71133004,"7 km W of Cobb, CA",-0.11,2024-03-11 11:47:00.560,38.8308333,-122.8,2.15
nn00874578,"29 km SSE of Dyer, Nevada",0.6,2024-03-11 11:43:26.843,37.413,-117.9574,15.5
nn00874574,"2 km SE of Sun Valley, Nevada",0.5,2024-03-11 11:43:21.282,39.5802,-119.7528,12.7
ak02439lv3ya,"17 km E of Beluga, Alaska",1.9,2024-03-11 11:26:59.865,61.1166,-150.7624,33.5
us7000m4n8,"6 km NNW of Smiths Ferry, Idaho",2.5,2024-03-11 11:26:31.044,44.3624,-116.1089,9.851
us6000mj3v,"Izu Islands, Japan region",4.2,2024-03-11 11:25:14.218,32.1695,141.8819,10.0
ak02439lsxwv,"9 km NNE of Cantwell, Alaska",1.6,2024-03-11 11:16:48.476,63.4657,-148.8534,6.2
nc74015501,"14 km SE of Mammoth Lakes, CA",1.41,2024-03-11 11:14:41.400,37.5343333,-118.8793333,5.52
ak02439lfrmc,"70 km SE of Denali National Park, Alaska",1.9,2024-03-11 10:55:01.644,63.1911,-150.5425,131.2
us6000mj3s,"89 km S of Hualien City, Taiwan",4.3,2024-03-11 10:54:14.455,23.171,121.5713,10.0
av92228401,"63 km ENE of Pedro Bay, Alaska",-0.74,2024-03-11 10:53:04.570,60.0455,-153.087,-2.11
ci40685488,"21 km ESE of Anza, CA",1.15,2024-03-11 10:48:57.040,33.4738333,-116.4665,10.98
nc74015486,"2 km WNW of Cobb, CA",1.26,2024-03-11 10:44:37.880,38.8276672,-122.7399979,-0.94
nc74015481,"8 km W of Cobb, CA",1.09,2024-03-11 10:44:20.570,38.8351669,-122.8089981,2.23
ak02439lcz77,"88 km NNW of Yakutat, Alaska",2.2,2024-03-11 10:41:59.789,60.3171,-140.096,9.6
ci40685480,"6 km NNW of Ocotillo, CA",1.28,2024-03-11 10:40:30.830,32.7838333,-116.0158333,8.07
nc74015476,"1 km ENE of The Geysers, CA",0.78,2024-03-11 10:37:06.880,38.7820015,-122.7450027,0.25
ci40685472,"5 km SE of Lake Henshaw, CA",0.66,2024-03-11 10:34:33.980,33.2046667,-116.7261667,11.81
ak02439l9o3x,"37 km W of Salamatof, Alaska",2.3,2024-03-11 10:26:56.424,60.6391,-152.0075,90.0
tx2024eyro,"35 km NNW of Toyah, Texas",2.1,2024-03-11 10:19:24.198,31.603,-103.96,7.5482
nc74015471,"7 km S of The Geysers, CA",0.99,2024-03-11 10:13:02.970,38.7108345,-122.765831,4.77
ci40685464,"22 km SSW of La Quinta, CA",0.52,2024-03-11 10:09:07.800,33.4956667,-116.4351667,4.5
av92228366,"62 km ENE of Pedro Bay, Alaska",-0.92,2024-03-11 10:05:02.750,60.021,-153.093833333333,2.26
nc74015466,"8 km NW of The Geysers, CA",0.69,2024-03-11 10:01:35.560,38.8310013,-122.8195038,1.84
ci40685456,"22 km SW of Ocotillo Wells, CA",1.05,2024-03-11 09:57:20.430,33.016,-116.3055,10.26
ci40685448,"14 km N of Castaic, CA",1.02,2024-03-11 09:54:13.380,34.6095,-118.6428333,8.06
nn00874536,"11 km NNW of Virginia City, Nevada",0.8,2024-03-11 09:51:15.735,39.4104,-119.6929,6.0
tx2024eyqo,"35 km NNW of Toyah, Texas",1.6,2024-03-11 09:46:38.013,31.603,-103.959,8.7531
pr71442778,"2 km NE of Fuig, Puerto Rico",1.93,2024-03-11 09:46:36.950,18.0095,-66.9006666666667,15.16
ak02439kpvh4,"53 km WNW of Valdez, Alaska",1.8,2024-03-11 09:34:21.041,61.3639,-147.2192,19.6
nc74015451,"8 km WNW of Cobb, CA",0.6,2024-03-11 09:33:50.350,38.8451653,-122.8119965,1.05
us7000m4my,"37 km SE of Tacna, Peru",4.1,2024-03-11 09:30:13.296,-18.2132,-69.97,137.341
nc74015446,"5 km SSW of Redwood Valley, CA",1.32,2024-03-11 09:30:02.030,39.2263333,-123.2325,5.02
ci40685440,"39 km WSW of Alberto Oviedo Mota, B.C., MX",2.72,2024-03-11 09:20:44.010,32.085,-115.5493333,-0.43
nc74015441,"2 km N of The Geysers, CA",1.05,2024-03-11 09:17:37.930,38.7919998,-122.7593307,0.62
ak02439kleuh,"65 km E of Cantwell, Alaska",1.9,2024-03-11 09:13:39.295,63.4968,-147.6535,73.5
nn00874569,"7 km WSW of Virginia City, Nevada",0.8,2024-03-11 09:06:56.764,39.2889,-119.7359,12.4
ak02439k7v9w,"29 km N of Venetie, Alaska",2.1,2024-03-11 08:50:20.367,67.2797,-146.3893,11.4
us6000mj4b,"99 km SE of Teluk Dalam, Indonesia",4.2,2024-03-11 08:47:38.340,0.0009,98.4934,35.0
nn00874561,"5 km WSW of Markleeville, California",1.3,2024-03-11 08:46:56.789,38.6713,-119.8437,7.9
ak02439k5jln,"6 km SW of Big Lake, Alaska",1.4,2024-03-11 08:39:35.952,61.488,-150.0549,31.7
av91136148,"29 km NNE of Ivanof Bay, Alaska",0.48,2024-03-11 08:39:02.360,56.1616666666667,-159.372,18.89
ci40685432,"4 km ENE of Castaic, CA",0.9,2024-03-11 08:34:28.030,34.5056667,-118.5843333,11.35
nc74015431,"2 km WSW of Redwood Valley, CA",1.2,2024-03-11 08:34:22.180,39.2566667,-123.2225,6.39
nc74015426,"8 km NW of The Geysers, CA",0.75,2024-03-11 08:23:23.620,38.8188324,-122.8293304,10.97
ak02439jyobd,"48 km SW of Skwentna, Alaska",1.7,2024-03-11 08:07:31.133,61.6448,-151.9707,70.4
mb90042983,"12 km NW of Ennis, Montana",0.64,2024-03-11 08:07:07.830,45.4388333333333,-111.820333333333,0.1
nc74015421,"3 km N of Morgan Hill, CA",1.08,2024-03-11 08:04:40.130,37.1595,-121.6585,6.99
us7000m4ms,"14 km NNE of Kandrian, Papua New Guinea",4.5,2024-03-11 08:04:11.950,-6.0849,149.6062,51.0
nc74015411,"5 km W of Cobb, CA",0.7,2024-03-11 07:58:41.380,38.8243332,-122.783165,1.1
ak02439jnz2s,"1 km NNE of Kachemak, Alaska",1.7,2024-03-11 07:57:38.448,59.6822,-151.4245,15.3
nc74015401,"6 km NNW of The Geysers, CA",1.25,2024-03-11 07:39:42.090,38.8199997,-122.791832,-0.85
ok2024eymj,"8 km NNE of Verden, Oklahoma",0.97,2024-03-11 07:39:26.670,35.147,-98.04483333,7.2
ak02439jjubu,"21 km SSE of Skwentna, Alaska",1.8,2024-03-11 07:38:10.669,61.8276,-151.1901,75.6
tx2024eymg,"30 km NW of Toyah, Texas",1.8,2024-03-11 07:35:55.141,31.512,-104.018,6.8176
nn00874522,"3 km NE of Carter Springs, Nevada",1.5,2024-03-11 07:33:27.574,38.8848,-119.6206,3.7
nc74015396,"3 km N of The Geysers, CA",0.75,2024-03-11 07:25:09.460,38.8019981,-122.7506638,0.52
ci40685424,"7 km N of Anza, CA",0.8,2024-03-11 07:03:49.680,33.6206667,-116.686,13.62
ci40685416,"15 km WSW of Searles Valley, CA",0.8,2024-03-11 07:00:13.850,35.7385,-117.5628333,8.83
ok2024eyla,"8 km NW of Prague, Oklahoma",1.14,2024-03-11 06:58:21.429,35.53916667,-96.74833333,6.29
nc74015391,"2 km WSW of Cobb, CA",-0.12,2024-03-11 06:58:08.600,38.8186667,-122.7403333,3.08
nc74015386,"3 km W of Cobb, CA",0.76,2024-03-11 06:53:12.680,38.8204994,-122.7578354,1.09
ci40685408,"15 km SSW of Searles Valley, CA",0.6,2024-03-11 06:37:40.960,35.6451667,-117.4621667,6.35
us7000m4mm,"275 km SE of Attu Station, Alaska",4.3,2024-03-11 06:37:22.952,51.4489,176.5068,35.728
nn00874519,"30 km SSW of Alamo, Nevada",1.5,2024-03-11 06:29:47.353,37.1121,-115.2938,0.0
nc74015381,"4 km W of Cobb, CA",0.63,2024-03-11 06:29:20.900,38.8238335,-122.7676697,7.11
us7000m4ml,"12 km ESE of Chincha Alta, Peru",4.3,2024-03-11 06:29:17.177,-13.464,-76.0297,52.704
nc74015376,"10 km NW of The Geysers, CA",0.73,2024-03-11 06:26:53.020,38.8366661,-122.8358307,2.08
nm60572741,"5 km SE of Marston, Missouri",1.62,2024-03-11 06:23:34.880,36.4838333333333,-89.563,8.98
us6000mj3n,South Sandwich Islands region,4.5,2024-03-11 06:21:49.757,-57.5889,-26.7184,10.0
ci40685400,"17 km N of Borrego Springs, CA",0.67,2024-03-11 06:14:09.160,33.408,-116.3936667,5.16
nc74015371,"10 km WNW of The Geysers, CA",0.29,2024-03-11 06:05:48.700,38.8238335,-122.8508301,2.38
ak02439iqwyk,"46 km NNE of Petersville, Alaska",1.3,2024-03-11 06:03:14.522,62.8994,-150.4997,92.6
nc74015366,"10 km WNW of The Geysers, CA",0.29,2024-03-11 06:02:34.110,38.8230019,-122.8541641,2.07
nc74015361,"2 km NE of Anderson Springs, CA",1.05,2024-03-11 05:59:59.870,38.7900009,-122.670166,15.83
nc74015356,"10 km NW of The Geysers, CA",-0.31,2024-03-11 05:58:00.480,38.831,-122.8556667,2.65
nc74015351,"4 km W of Cobb, CA",0.32,2024-03-11 05:57:50.550,38.8161667,-122.763,1.2
ci40685384,"20 km ESE of Anza, CA",0.31,2024-03-11 05:57:47.970,33.4623333,-116.483,11.24
nn00874535,"9 km N of Lemmon Valley, Nevada",0.5,2024-03-11 05:56:17.569,39.7198,-119.8547,9.9
us7000m4mi,"13 km S of Atoka, New Mexico",2.6,2024-03-11 05:49:32.985,32.6476,-104.3878,5.0
us7000m4mh,"72 km SW of San Juan del Sur, Nicaragua",4.6,2024-03-11 05:46:43.303,10.787,-86.3313,35.0
nn00874549,"67 km WNW of Beatty, Nevada",0.3,2024-03-11 05:42:54.784,37.0343,-117.4989,4.5
ci40685376,"15 km ENE of Ocotillo, CA",1.09,2024-03-11 05:40:11.980,32.7716667,-115.834,6.86
nc74015341,"10 km N of Huron, CA",2.18,2024-03-11 05:33:54.460,36.2933333,-120.1021667,24.96
ci40685368,"16 km NE of Indio, CA",1.22,2024-03-11 05:32:45.300,33.8281667,-116.1016667,2.47
uu80062506,"4 km E of Hebgen Lake Estates, Montana",1.16,2024-03-11 05:28:52.350,44.7656666666667,-111.130333333333,7.82
nc74015336,"7 km NW of The Geysers, CA",0.24,2024-03-11 05:24:32.630,38.8271675,-122.8095016,1.47
nc74015331,"7 km NW of The Geysers, CA",0.82,2024-03-11 05:24:10.730,38.8266678,-122.8081665,1.46
uw61989406,"28 km ENE of Ashford, Washington",1.05,2024-03-11 05:13:24.450,46.86383333333333,-121.68883333333333,-1.32
pr2024071000,"53 km NNE of Cruz Bay, U.S. Virgin Islands",3.53,2024-03-11 05:04:43.810,18.8055,-64.6753,31.0
ci40685360,"12 km NE of Trabuco Canyon, CA",1.19,2024-03-11 05:03:55.150,33.7451667,-117.5123333,5.05
av91136133,"19 km W of Sitka, Alaska",1.01,2024-03-11 04:57:13.310,57.037,-135.647166666667,7.41
ak02439hsv80,"61 km NNE of Petersville, Alaska",1.4,2024-03-11 04:44:28.963,63.0377,-150.5193,89.4
nc74015321,"7 km NW of The Geysers, CA",1.1,2024-03-11 04:38:51.870,38.8236656,-122.8125,1.23
ak02439hrjn2,"55 km W of Anchor Point, Alaska",2.0,2024-03-11 04:38:12.305,59.7832,-152.8234,90.4
ak02439hqbjz,"29 km WNW of Ester, Alaska",1.4,2024-03-11 04:32:40.951,64.9161,-148.6224,8.4
ak02439hna1r,"35 km WNW of Salamatof, Alaska",1.6,2024-03-11 04:18:21.754,60.6977,-151.9466,82.9
nc74015316,"10 km WNW of Cobb, CA",0.92,2024-03-11 04:16:27.520,38.8601685,-122.8281631,4.53
av92228166,"77 km NW of Aleneva, Alaska",0.78,2024-03-11 04:13:11.910,58.5543333333333,-153.841,10.63
ak02439hkwuo,"30 km WNW of Ester, Alaska",1.7,2024-03-11 04:07:17.608,64.9308,-148.6351,8.2
ci40685336,"2 km SSE of Loma Linda, CA",2.44,2024-03-11 04:04:57.200,34.0341667,-117.2561667,15.61
nc74015301,"17 km WSW of Toms Place, CA",1.04,2024-03-11 03:59:22.870,37.4825,-118.8406667,4.28
us7000m4m3,"76 km NW of Tamarindo, Costa Rica",4.5,2024-03-11 03:59:01.916,10.7204,-86.397,10.0
nc74015296,"20 km SE of Livermore, CA",1.1,2024-03-11 03:48:58.100,37.5785,-121.5771667,8.93
us7000m4m2,"74 km WNW of Tamarindo, Costa Rica",5.0,2024-03-11 03:47:16.182,10.6469,-86.427,11.424
nn00874534,"11 km NNW of Virginia City, Nevada",0.7,2024-03-11 03:46:35.378,39.4112,-119.6951,7.4
nn00874517,"52 km S of Silver Peak, Nevada",1.2,2024-03-11 03:44:09.253,37.2841,-117.5923,8.5
ak02439h4tqv,"26 km WNW of Happy Valley, Alaska",1.3,2024-03-11 03:32:37.536,60.0054,-152.1996,74.1
ci40685328,"16 km E of Little Lake, CA",0.84,2024-03-11 03:26:19.130,35.9143333,-117.7331667,5.73
nc74015291,"8 km NNE of Brooktrails, CA",1.38,2024-03-11 03:03:15.870,39.514,-123.3531667,5.07
nc71133029,"2 km WSW of Anderson Springs, CA",0.38,2024-03-11 03:03:11.270,38.7693333,-122.7108333,1.59
nc74015286,"8 km NNE of Brooktrails, CA",1.57,2024-03-11 03:01:09.620,39.5155,-123.3536667,4.83
nn00874558,"9 km N of Lemmon Valley, Nevada",0.9,2024-03-11 02:55:00.824,39.721,-119.8562,9.7
mb90042923,"7 km NNW of Smiths Ferry, Idaho",1.42,2024-03-11 02:53:39.840,44.3631666666667,-116.113666666667,5.01
tx2024eycs,"43 km NW of Toyah, Texas",1.7,2024-03-11 02:46:24.500,31.613,-104.098,6.4587
ak02439gimv2,"5 km S of Salcha, Alaska",1.4,2024-03-11 02:28:58.862,64.4721,-146.9096,8.5
tx2024eycd,"57 km S of Whites City, New Mexico",1.8,2024-03-11 02:28:54.273,31.661,-104.409,5.5872
ci40685320,"4 km NW of Fontana, CA",1.24,2024-03-11 02:19:13.930,34.1173333,-117.4893333,15.91
us7000m4lw,"43 km SSW of Gerāsh, Iran",4.0,2024-03-11 02:18:29.589,27.3416,53.8979,10.0
uw61989396,"5 km SE of Quilcene, Washington",1.77,2024-03-11 02:14:15.150,47.785,-122.8255,22.56
nn00874557,"7 km NE of Herlong, California",0.9,2024-03-11 01:50:25.023,40.1972,-120.0851,0.0
ci40685312,"16 km NNW of Ocotillo, CA",2.49,2024-03-11 01:39:05.180,32.859,-116.0728333,7.36
nn00874533,"9 km N of Lemmon Valley, Nevada",0.7,2024-03-11 01:36:04.036,39.7208,-119.8549,9.5
mb90042963,"13 km ESE of Lincoln, Montana",1.13,2024-03-11 01:34:34.210,46.8938333333333,-112.528,12.94
ak02439fxqw6,"10 km WSW of Four Mile Road, Alaska",1.6,2024-03-11 01:31:13.341,64.5668,-149.3171,15.6
uw61989391,"3 km NNW of Suquamish, Washington",1.74,2024-03-11 01:28:32.000,47.76,-122.57333333333334,27.08
av91136108,"81 km NW of Ninilchik, Alaska",-0.36,2024-03-11 01:20:07.240,60.5206666666667,-152.789666666667,7.21
nc74015266,"9 km NW of The Geysers, CA",0.74,2024-03-11 01:11:17.800,38.8378334,-122.8273315,1.99
us7000m4lq,"207 km ENE of Levuka, Fiji",4.5,2024-03-11 01:06:23.029,-17.4932,-178.8237,561.505
tx2024exze,"43 km NW of Toyah, Texas",1.6,2024-03-11 00:59:07.924,31.612,-104.097,5.6897
nn00874532,"9 km N of Lemmon Valley, Nevada",0.6,2024-03-11 00:53:02.467,39.7198,-119.8543,10.0
ci37631012,"6 km NNE of Banning, CA",0.58,2024-03-11 00:49:59.860,33.9753333,-116.8476667,18.27
ci40685280,"5 km N of Ocotillo, CA",0.83,2024-03-11 00:49:43.310,32.7833333,-116.0028333,7.45
nc74015256,"10 km NW of The Geysers, CA",0.29,2024-03-11 00:46:15.250,38.84,-122.834,0.73
tx2024exyn,"36 km E of McKinney Acres, Texas",1.8,2024-03-11 00:38:55.043,32.319,-102.147,6.8604
tx2024exyg,"62 km S of Whites City, New Mexico",1.9,2024-03-11 00:31:34.684,31.625,-104.505,7.5354
tx2024exyd,"61 km S of Whites City, New Mexico",1.6,2024-03-11 00:28:34.329,31.629,-104.502,8.0481
ak02439fbbf5,"34 km SSE of Chickaloon, Alaska",2.3,2024-03-11 00:26:48.493,61.5098,-148.2048,29.7
av91136098,"4 km SSE of Unalaska, Alaska",0.39,2024-03-11 00:26:34.610,53.835,-166.497333333333,8.44
nc74015251,"20 km NW of Parkfield, CA",0.75,2024-03-11 00:25:00.300,36.0213318,-120.5856705,1.11
hv74133426,"4 km S of Pāhala, Hawaii",1.78,2024-03-11 00:12:00.010,19.1583333333333,-155.472833333333,31.7
pr71442753,"8 km N of Arecibo, Puerto Rico",3.39,2024-03-11 00:11:50.400,18.5486666666667,-66.7155,87.81
us7000m4lh,"29 km N of Samsun, Turkey",4.1,2024-03-11 00:10:19.111,41.5438,36.3071,15.895
nc74015246,"4 km WNW of The Geysers, CA",0.49,2024-03-10 23:55:21.660,38.7975,-122.7953333,3.53
tx2024exww,"52 km NW of Toyah, Texas",1.5,2024-03-10 23:49:16.105,31.64,-104.193,5.9973
nc74015236,"1 km SSE of Tres Pinos, CA",0.66,2024-03-10 23:40:31.680,36.7853333,-121.3173333,6.35
ak024385fmq8,"9 km WNW of Houston, Alaska",1.6,2024-03-10 23:20:37.920,61.6474,-149.9959,40.5
tx2024exvv,"61 km S of Whites City, New Mexico",1.9,2024-03-10 23:17:44.601,31.632,-104.5,7.3303
nc74015231,"13 km WSW of Petrolia, CA",1.77,2024-03-10 23:15:18.800,40.2908333,-124.4261667,11.51
nc74015221,"7 km WNW of The Geysers, CA",1.07,2024-03-10 23:06:38.040,38.8101654,-122.8249969,2.14
ci40685264,"4 km SE of Loma Linda, CA",1.53,2024-03-10 23:02:26.060,34.0231667,-117.229,17.43
nc74015216,"8 km WNW of Cobb, CA",-0.18,2024-03-10 22:55:20.330,38.8561667,-122.7996667,3.83
ak02438512y2,"32 km W of Happy Valley, Alaska",1.2,2024-03-10 22:52:49.709,59.9636,-152.3124,90.0
nc74015206,"7 km NW of The Geysers, CA",1.07,2024-03-10 22:49:38.040,38.8190002,-122.8235016,2.32
ci40685256,"10 km E of Ocotillo Wells, CA",1.16,2024-03-10 22:48:50.670,33.1611667,-116.0208333,7.48
nc74015201,"6 km NW of The Geysers, CA",0.75,2024-03-10 22:44:46.710,38.8069992,-122.8085022,1.55
tx2024exun,"30 km NW of Toyah, Texas",2.1,2024-03-10 22:38:06.134,31.514,-104.011,6.2024
ci40685248,"2 km SE of Rowland Heights, CA",1.19,2024-03-10 22:22:51.620,33.9603333,-117.8853333,8.11
nc74015196,"10 km WNW of The Geysers, CA",0.82,2024-03-10 22:19:46.970,38.8219986,-122.8553314,2.5
ak024384tbpg,"86 km S of Kaktovik, Alaska",3.0,2024-03-10 22:16:30.758,69.3592,-143.4552,0.0
ak024384syd0,"33 km WSW of Covenant Life, Alaska",2.0,2024-03-10 22:14:57.805,59.298,-136.5607,20.4
nc74015191,"2 km ESE of Pacheco, CA",1.42,2024-03-10 21:57:02.170,37.9758333,-122.0561667,14.15
ak024384fg15,"29 km N of Paxson, Alaska",2.3,2024-03-10 21:51:54.979,63.3544,-145.5092,1.0
ak024384e2qt,"42 km S of Skwentna, Alaska",1.9,2024-03-10 21:45:16.216,61.6069,-151.392,75.4
ok2024exsk,"8 km SW of Waynoka, Oklahoma",1.42,2024-03-10 21:34:43.070,36.535,-98.958,5.99
ci40685232,"22 km E of Coso Junction, CA",1.54,2024-03-10 21:28:09.010,36.0583333,-117.7076667,1.49
hv74133351,"13 km ESE of Pāhala, Hawaii",2.23000002,2024-03-10 21:25:40.250,19.1513328552246,-155.362670898438,28.7600002288818
nc74015186,"8 km WNW of Cobb, CA",0.77,2024-03-10 21:23:26.610,38.8461685,-122.8141632,1.47
tx2024exsb,"31 km NW of Toyah, Texas",1.7,2024-03-10 21:23:23.848,31.525,-104.017,6.7151
pr71442743,"3 km ESE of Maria Antonia, Puerto Rico",2.38,2024-03-10 21:16:15.240,17.9645,-66.8551666666667,10.06
ak024384704y,"21 km ESE of Denali National Park, Alaska",1.6,2024-03-10 21:12:16.504,63.4591,-151.3262,0.0
av91136093,"85 km NW of Karluk, Alaska",-0.06,2024-03-10 21:03:55.420,58.1771666666667,-155.340333333333,1.99
nc74015181,"2 km E of The Geysers, CA",0.33,2024-03-10 21:01:20.600,38.7786667,-122.738,0.95
pr71442733,"2 km WSW of Aibonito, Puerto Rico",2.15,2024-03-10 20:58:25.760,18.1298333333333,-66.2906666666667,15.98
nc74015176,"2 km NNW of The Geysers, CA",0.98,2024-03-10 20:55:20.200,38.7931671,-122.7648315,2.98
us6000mj2x,Fiji region,4.3,2024-03-10 20:46:13.033,-21.2793,-178.957,561.051
us7000m4kv,west of Macquarie Island,5.0,2024-03-10 20:33:55.555,-52.2891,139.9721,10.0
ci40685200,"10 km NNE of Indio, CA",0.59,2024-03-10 20:29:25.100,33.8035,-116.1888333,6.93
us7000m4kt,"33 km WNW of Illapel, Chile",4.2,2024-03-10 20:12:41.372,-31.5035,-71.4902,49.356
nc74015166,"8 km NW of The Geysers, CA",0.76,2024-03-10 20:08:42.990,38.8318329,-122.8193359,1.69
se60572731,"14 km W of Graysville, Tennessee",2.58,2024-03-10 20:08:07.170,35.471,-85.2363333333333,22.11
ak0243839nrf,"21 km ESE of Cantwell, Alaska",2.0,2024-03-10 19:56:59.632,63.3135,-148.5481,79.3
us7000m4kp,"85 km SE of La Tirana, Chile",4.6,2024-03-10 19:52:37.309,-20.9198,-69.127,111.527
pr71442718,"3 km NNW of Guayanilla, Puerto Rico",2.18,2024-03-10 19:49:33.330,18.0458333333333,-66.8031666666667,16.27
av92227906,"170 km WSW of Adak, Alaska",2.13,2024-03-10 19:47:46.640,51.3605,-178.953333333333,14.08
pr2024070001,"104 km NNE of Punta Cana, Dominican Republic",3.79,2024-03-10 19:31:36.300,19.3785,-67.8698,7.0
se60572726,"13 km W of Graysville, Tennessee",2.34,2024-03-10 19:31:00.040,35.4686666666667,-85.2341666666667,22.55
ci40685192,"10 km NNE of Indio, CA",0.91,2024-03-10 19:23:25.510,33.8031667,-116.1835,6.78
nc74015161,"7 km NW of The Geysers, CA",0.77,2024-03-10 19:23:01.020,38.8269997,-122.8111649,1.16
ci40685184,"14 km NNE of Banning, CA",1.23,2024-03-10 19:22:39.500,34.0498333,-116.838,11.58
se60501738,"14 km WNW of Graysville, Tennessee",1.49,2024-03-10 19:18:21.870,35.4745,-85.2378333333333,22.11
se60572721,"13 km W of Graysville, Tennessee",2.15,2024-03-10 19:16:16.810,35.4696666666667,-85.2335,22.81
tx2024exnn,"30 km NW of Toyah, Texas",1.6,2024-03-10 19:05:17.256,31.513,-104.018,6.9971
nc74015156,"4 km NNW of The Geysers, CA",0.75,2024-03-10 19:01:31.820,38.810833,-122.7748337,0.67
av91136088,"85 km NNW of Karluk, Alaska",-0.53,2024-03-10 18:58:22.200,58.2465,-155.147833333333,-0.36
tx2024exng,"30 km NW of Toyah, Texas",1.5,2024-03-10 18:54:52.121,31.511,-104.016,7.7405
hv74133261,"12 km SW of Leilani Estates, Hawaii",1.63,2024-03-10 18:53:07.470,19.391,-155.007333333333,3.59
nc74015151,"14 km N of Shingletown, CA",2.29,2024-03-10 18:46:28.030,40.6215,-121.8668333,15.47
tx2024exmc,"54 km S of Whites City, New Mexico",1.9,2024-03-10 18:20:17.349,31.683,-104.414,6.0999
ak024382fv3q,"28 km NNW of Cooper Landing, Alaska",2.1,2024-03-10 18:17:57.982,60.7247,-150.009,36.9
ak024382f484,"3 km S of Salcha, Alaska",0.7,2024-03-10 18:14:09.640,64.4956,-146.9074,5.6
uu80062476,"17 km W of Portage, Utah",1.1,2024-03-10 18:13:00.200,41.9518333333333,-112.4445,0.56
av92227836,"63 km ENE of Pedro Bay, Alaska",-0.01,2024-03-10 18:10:16.250,60.0418333333333,-153.084166666667,-0.31
uw61989321,"3 km NE of Marrowstone, Washington",1.48,2024-03-10 18:05:04.200,48.073,-122.65433333333333,28.28
us7000m4kd,"148 km NW of Coquimbo, Chile",4.8,2024-03-10 18:04:38.164,-29.2116,-72.6169,10.0
hv74133201,"3 km SSW of Pāhala, Hawaii",2.1099999,2024-03-10 17:56:58.580,19.1748332977295,-155.486663818359,34.0999984741211
ok2024exld,"2 km WNW of Bridge Creek, Oklahoma",1.09,2024-03-10 17:54:24.179,35.24516667,-97.75733333,4.3
av92227811,"82 km N of Karluk, Alaska",0.0,2024-03-10 17:31:56.570,58.3033333333333,-154.675,6.58
us6000mj2u,"199 km S of Adak, Alaska",3.9,2024-03-10 17:25:07.286,50.1047,-176.1863,10.0
us7000m4ka,"Izu Islands, Japan region",4.8,2024-03-10 17:20:01.772,31.8278,141.8007,10.0
nc74015136,"7 km NW of The Geysers, CA",0.76,2024-03-10 17:15:38.700,38.8151665,-122.8181686,2.63
nc74015131,"7 km NW of The Geysers, CA",0.45,2024-03-10 17:14:53.490,38.823,-122.8125,2.79
tx2024exjs,"30 km NW of Toyah, Texas",2.0,2024-03-10 17:09:25.162,31.518,-104.015,7.5354
us6000mj2s,"241 km SE of Pondaguitan, Philippines",4.1,2024-03-10 17:07:50.300,4.6623,127.5402,37.298
us7000m4k8,"106 km SE of Vilyuchinsk, Russia",4.3,2024-03-10 17:03:33.845,52.206,159.424,64.586
tx2024exjn,"30 km NW of Toyah, Texas",2.0,2024-03-10 17:02:45.827,31.52,-104.014,7.4841
av92227781,"64 km ENE of Pedro Bay, Alaska",-0.74,2024-03-10 17:00:34.860,60.0235,-153.061333333333,1.66
nc74015121,"7 km NW of The Geysers, CA",1.08,2024-03-10 16:46:41.890,38.8151665,-122.8176651,2.52
nc74015126,"74 km W of Petrolia, CA",2.91,2024-03-10 16:45:39.010,40.3036667,-125.1525,10.0
ak024381ext0,"26 km SE of Eureka Roadhouse, Alaska",2.1,2024-03-10 16:45:29.440,61.7417,-146.8857,9.5
nc74015116,"7 km W of Cobb, CA",0.4,2024-03-10 16:41:52.130,38.8295,-122.7998333,2.14
nc74015111,"10 km WNW of The Geysers, CA",1.18,2024-03-10 16:37:12.210,38.8240013,-122.8536682,2.42
nc74015106,"7 km WNW of Cobb, CA",1.62,2024-03-10 16:37:06.570,38.8354988,-122.7994995,1.97
ci40685144,"11 km ENE of Ocotillo Wells, CA",1.45,2024-03-10 16:35:54.260,33.1935,-116.034,5.96
nn00874514,"47 km ENE of Fort Bidwell, California",2.4,2024-03-10 16:30:28.491,41.9561,-119.599,0.0
tx2024exhx,"9 km SW of Floresville, Texas",1.9,2024-03-10 16:15:14.823,29.068,-98.22,11.7676
ci40685136,"14 km ESE of Anza, CA",0.62,2024-03-10 16:12:56.550,33.5056667,-116.5328333,9.93
nn00874513,"47 km ENE of Fort Bidwell, California",2.5,2024-03-10 16:12:18.277,41.9939,-119.6025,0.0
pr71442703,"17 km N of Hatillo, Puerto Rico",2.7,2024-03-10 16:06:02.500,18.6386666666667,-66.8506666666667,69.18
tx2024exhk,"51 km SSE of Whites City, New Mexico",1.8,2024-03-10 16:01:03.589,31.748,-104.161,6.0999
ci40685128,"9 km WSW of Anza, CA",0.74,2024-03-10 15:50:05.180,33.5118333,-116.755,4.59
us7000m4jy,"14 km S of Atoka, New Mexico",2.5,2024-03-10 15:48:09.040,32.643,-104.3979,5.0
uw61989296,"2 km S of Orchards, Washington",0.99,2024-03-10 15:40:03.980,45.642833333333336,-122.56516666666667,19.46
hv74133116,"3 km WNW of Pāhala, Hawaii",2.35,2024-03-10 15:38:47.370,19.2158336639404,-155.511001586914,33.189998626709
ak024380r6ea,"10 km NNE of Chickaloon, Alaska",1.3,2024-03-10 15:34:44.183,61.8803,-148.3601,19.0
nc74015101,"8 km NW of The Geysers, CA",0.71,2024-03-10 15:32:06.070,38.8334999,-122.8160019,1.76
ci40685120,"14 km SSE of Progreso, B.C., MX",1.6,2024-03-10 15:28:30.300,32.4591667,-115.5386667,8.38
ak024380pdb6,"55 km W of Anchor Point, Alaska",1.4,2024-03-10 15:26:00.666,59.7424,-152.8224,99.4
tx2024exgb,"30 km NW of Toyah, Texas",1.6,2024-03-10 15:20:22.317,31.514,-104.016,6.7664
nc74015096,"7 km NW of The Geysers, CA",0.9,2024-03-10 15:19:27.680,38.8138351,-122.8199997,2.07
nn00874506,"11 km NNW of Virginia City, Nevada",1.7,2024-03-10 15:08:24.514,39.4101,-119.6909,8.8
ak024380l324,"29 km NE of Rampart, Alaska",1.5,2024-03-10 15:06:01.560,65.6889,-149.7187,5.2
tx2024exfo,"56 km S of Whites City, New Mexico",1.7,2024-03-10 15:05:09.111,31.666,-104.41,5.8179
av91136078,"83 km NNW of Karluk, Alaska",-0.1,2024-03-10 15:04:19.040,58.2453333333333,-155.044833333333,3.93
nc74015091,"10 km NW of The Geysers, CA",0.28,2024-03-10 14:53:13.390,38.8381667,-122.8371667,1.55
nn00874515,"48 km E of Fort Bidwell, California",2.0,2024-03-10 14:52:32.981,41.9037,-119.5701,0.0
ci40685096,"19 km NW of Progreso, B.C., MX",1.95,2024-03-10 14:50:05.580,32.6966667,-115.727,10.2
hv74133071,"19 km NNE of Pāhala, Hawaii",1.74000001,2024-03-10 14:45:57.910,19.3544998168945,-155.391662597656,6.46999979019165
nc74015071,"7 km NW of The Geysers, CA",1.29,2024-03-10 14:36:05.040,38.8151665,-122.817337,2.57
uu80062466,"13 km NW of Orangeville, Utah",1.79,2024-03-10 14:29:51.960,39.3226666666667,-111.155666666667,-2.03
nc74015066,"7 km NW of The Geysers, CA",0.79,2024-03-10 14:25:52.740,38.8143349,-122.8180008,2.38
av91136068,"49 km W of False Pass, Alaska",1.37,2024-03-10 14:25:40.420,54.7976666666667,-164.182333333333,8.48
nc74015061,"7 km NW of The Geysers, CA",1.81,2024-03-10 14:18:59.090,38.8148346,-122.8166656,2.46
ci40685088,"14 km NE of Ridgecrest, CA",1.64,2024-03-10 14:18:17.560,35.7063333,-117.5543333,4.86
nc74015051,"8 km WNW of Cobb, CA",0.28,2024-03-10 14:07:06.460,38.8366667,-122.8173333,1.84
ci40685080,"23 km ESE of Little Lake, CA",0.63,2024-03-10 14:05:59.530,35.8643333,-117.6681667,9.66
hv74133051,"9 km E of Pāhala, Hawaii",1.91,2024-03-10 14:03:36.160,19.1965,-155.389666666667,30.92
av91136073,"19 km W of Sitka, Alaska",0.21,2024-03-10 14:00:52.410,57.0566666666667,-135.656333333333,6.45
nc74015046,"3 km SW of Anderson Springs, CA",-0.04,2024-03-10 13:57:19.670,38.7533333,-122.7148333,2.36
us7000m4jl,"15 km SE of Demre, Turkey",4.8,2024-03-10 13:55:57.369,36.1498,30.1095,42.45
nc74015036,"7 km NW of The Geysers, CA",0.76,2024-03-10 13:52:02.060,38.8149986,-122.8160019,2.91
ak02437znxge,"62 km WNW of Beluga, Alaska",2.1,2024-03-10 13:51:29.675,61.3784,-152.1388,107.9
nn00874495,"29 km SSW of Goldfield, Nevada",0.8,2024-03-10 13:48:43.020,37.4758,-117.3973,0.0
nc74015031,"12 km SSE of Livermore, CA",1.02,2024-03-10 13:44:58.880,37.5873333,-121.715,4.79
hv74133041,"3 km SSW of Pāhala, Hawaii",2.2,2024-03-10 13:32:45.450,19.1733333333333,-155.488833333333,34.63
tx2024exch,"30 km NW of Toyah, Texas",1.8,2024-03-10 13:25:36.839,31.511,-104.016,7.0483
ak02437zh2bi,"80 km N of Karluk, Alaska",1.2,2024-03-10 13:19:29.585,58.293,-154.43,25.5
ak02437zgegi,"8 km SSW of Happy Valley, Alaska",1.9,2024-03-10 13:16:20.340,59.8821,-151.814,141.1
ok2024exbw,"8 km SW of Pocasset, Oklahoma",0.89,2024-03-10 13:13:00.550,35.13333333,-98.01183333,10.5
nc74015026,"2 km W of Anderson Springs, CA",1.52,2024-03-10 13:12:43.560,38.7724991,-122.715332,1.02
nn00874494,"45 km ESE of Beatty, Nevada",-0.2,2024-03-10 13:09:04.523,36.7107,-116.3106,9.9
nc74015021,"6 km NW of The Geysers, CA",0.79,2024-03-10 13:05:42.790,38.8160019,-122.8079987,1.37
uw61989286,"8 km ENE of Fall City, Washington",2.41,2024-03-10 13:05:17.330,47.610166666666665,-121.793,17.37
av92227611,"82 km N of Karluk, Alaska",0.19,2024-03-10 12:59:39.370,58.3048333333333,-154.671666666667,5.14
tx2024exbf,"30 km NW of Toyah, Texas",2.4,2024-03-10 12:51:15.771,31.514,-104.008,6.2537
tx2024exbb,"51 km SSE of Whites City, New Mexico",2.7,2024-03-10 12:47:57.309,31.747,-104.159,6.0999
av92227586,"82 km N of Karluk, Alaska",0.31,2024-03-10 12:44:41.750,58.3028333333333,-154.686333333333,6.77
ci40685064,"3 km ENE of View Park-Windsor Hills, CA",1.65,2024-03-10 12:43:53.850,34.0066667,-118.316,9.2
nn00874483,"38 km SSE of Alamo, Nevada",1.5,2024-03-10 12:40:41.207,37.0424,-114.9956,0.0
av92227576,"83 km N of Karluk, Alaska",0.31,2024-03-10 12:38:28.320,58.3061666666667,-154.6705,7.1
us7000m4ja,"182 km ESE of Kimbe, Papua New Guinea",5.2,2024-03-10 12:35:08.931,-6.3417,151.5817,51.364
av91136063,"82 km N of Karluk, Alaska",0.37,2024-03-10 12:34:48.490,58.3023333333333,-154.676,6.35
av92227566,"82 km N of Karluk, Alaska",0.14,2024-03-10 12:34:30.970,58.3001666666667,-154.676666666667,7.05
av92227571,"83 km N of Karluk, Alaska",0.21,2024-03-10 12:34:20.560,58.306,-154.666833333333,7.09
nc74015016,"4 km NW of The Geysers, CA",0.42,2024-03-10 12:28:10.550,38.803,-122.7805,2.67
ak02437ywvg6,"6 km SSW of Salcha, Alaska",0.7,2024-03-10 12:25:09.341,64.475,-146.9612,8.4
nc74015011,"3 km WNW of Anderson Springs, CA",1.1,2024-03-10 12:20:09.840,38.7813339,-122.7235031,0.95
us7000m4j8,"69 km W of San Antonio de los Cobres, Argentina",4.5,2024-03-10 12:16:14.867,-24.1713,-67.0007,180.201
tx2024ewzz,"31 km NW of Toyah, Texas",1.9,2024-03-10 12:15:17.885,31.526,-104.013,7.7405
nc74015006,"10 km WNW of The Geysers, CA",0.77,2024-03-10 12:00:33.020,38.8226662,-122.850502,2.1
ak02437yi48e,"63 km WNW of Beluga, Alaska",1.7,2024-03-10 11:56:24.786,61.3033,-152.2113,0.0
ak02437yhaq4,"20 km S of Central, Alaska",1.6,2024-03-10 11:52:42.360,65.3847,-144.7905,0.8
nn00874864,"62 km E of Big Pine, California",0.6,2024-03-10 11:47:58.279,37.0906,-117.5874,16.0
ci40685040,"2 km WNW of La Crescenta-Montrose, CA",0.61,2024-03-10 11:47:55.130,34.2381667,-118.2531667,4.78
nn00874862,"46 km ENE of Fort Bidwell, California",1.6,2024-03-10 11:44:02.611,41.9719,-119.61,0.0
ok2024ewyw,"6 km W of Arcadia, Oklahoma",1.28,2024-03-10 11:42:02.069,35.66433333,-97.39316667,6.39
nn00874623,"0 km SSW of Carter Springs, Nevada",0.8,2024-03-10 11:36:23.867,38.857,-119.6434,0.9
tx2024ewyo,"24 km ESE of Balmorhea, Texas",1.9,2024-03-10 11:32:02.228,30.883,-103.522,3.7158
nn00874480,"27 km SSE of Mina, Nevada",2.5,2024-03-10 11:27:52.980,38.1722,-117.9552,5.4
nc74014996,"18 km NW of Parkfield, CA",1.41,2024-03-10 11:26:32.520,36.0133324,-120.5764999,3.62
nn00874499,"47 km ENE of Fort Bidwell, California",3.5,2024-03-10 11:23:37.644,41.9951,-119.6084,0.0
ci40685024,"9 km WSW of Anza, CA",0.39,2024-03-10 11:17:55.370,33.5105,-116.7556667,4.45
se60501733,"13 km SE of Greenback, Tennessee",2.03,2024-03-10 11:08:48.680,35.5783333333333,-84.0626666666667,20.19
nn00874861,"12 km NNW of Virginia City, Nevada",1.0,2024-03-10 11:08:27.378,39.4128,-119.6932,6.9
ci40685016,"6 km E of Puebla, B.C., MX",1.87,2024-03-10 11:07:40.970,32.5578333,-115.289,23.25
nn00874863,"44 km ENE of Fort Bidwell, California",1.7,2024-03-10 11:07:14.350,41.9506,-119.626,5.2
av91136058,"18 km W of Sitka, Alaska",0.15,2024-03-10 11:04:38.160,57.0328333333333,-135.638166666667,5.83
uu80062456,"8 km NW of Fayette, Utah",1.71,2024-03-10 11:00:05.060,39.2856666666667,-111.919166666667,6.48
nn00874797,"47 km E of Fort Bidwell, California",2.1,2024-03-10 10:58:05.087,41.9242,-119.5868,0.4
ok2024ewxf,"6 km W of Arcadia, Oklahoma",1.48,2024-03-10 10:51:13.740,35.66366667,-97.39333333,6.12
ak02437xucgk,"50 km WNW of Nanwalek, Alaska",2.0,2024-03-10 10:45:33.967,59.5004,-152.7594,77.1
nn00874478,"11 km NNW of Virginia City, Nevada",1.1,2024-03-10 10:37:36.498,39.4094,-119.6944,7.8
nc74014981,"7 km WNW of Cobb, CA",1.04,2024-03-10 10:34:57.390,38.8380013,-122.7965012,2.22
av92227481,"11 km W of Akutan, Alaska",-0.09,2024-03-10 10:34:09.860,54.1365,-165.947666666667,3.07
ci40685000,"16 km NNW of Borrego Springs, CA",0.88,2024-03-10 10:29:23.210,33.3958333,-116.4223333,12.75
av92227471,"82 km N of Karluk, Alaska",0.3,2024-03-10 10:29:01.500,58.2991666666667,-154.671,5.34
uu80062451,"41 km NE of Alta, Wyoming",0.73,2024-03-10 10:28:42.820,44.0553333333333,-110.723833333333,1.95
av92227461,"82 km N of Karluk, Alaska",-0.01,2024-03-10 10:25:33.020,58.3026666666667,-154.685,6.24
ci40684992,"5 km WNW of Borrego Springs, CA",0.68,2024-03-10 10:22:38.870,33.2688333,-116.428,4.42
ok2024ewwe,"6 km W of Arcadia, Oklahoma",1.53,2024-03-10 10:20:49.439,35.66233333,-97.39516667,6.0
us7000m4iw,"262 km ENE of Lospalos, Timor Leste",5.1,2024-03-10 10:20:34.234,-7.3151,129.0516,135.26
av92227446,"82 km N of Karluk, Alaska",0.71,2024-03-10 10:18:27.470,58.2985,-154.666,5.33
nc74014976,"16 km ESE of Navarro Head, CA",1.0,2024-03-10 10:17:32.760,39.1516667,-123.5891667,-0.24
ak02437xo5nn,"6 km SW of Salcha, Alaska",0.9,2024-03-10 10:16:46.436,64.4826,-146.9835,3.4
av92227436,"83 km N of Karluk, Alaska",0.05,2024-03-10 10:16:36.380,58.3081666666667,-154.674166666667,7.04
av91136053,"83 km N of Karluk, Alaska",-0.22,2024-03-10 10:12:24.990,58.3091666666667,-154.690166666667,7.83
nn00874477,"66 km WNW of Beatty, Nevada",0.6,2024-03-10 10:11:08.964,37.0573,-117.4843,5.2
pr71442693,"11 km S of Guánica, Puerto Rico",2.26,2024-03-10 09:55:11.990,17.8656666666667,-66.9206666666667,13.63
av92227391,"63 km ENE of Pedro Bay, Alaska",-0.54,2024-03-10 09:53:03.040,60.0246666666667,-153.082666666667,1.12
nc74014966,"7 km NE of Gilroy, CA",1.32,2024-03-10 09:49:35.040,37.0530014,-121.5233307,-0.23
nc74014961,"8 km NW of The Geysers, CA",1.06,2024-03-10 09:45:28.210,38.8209991,-122.822998,2.13
ak02437x8vfu,"71 km W of Aleneva, Alaska",1.6,2024-03-10 09:45:15.626,58.1893,-154.0908,35.0
nc74014956,"6 km WNW of Cobb, CA",0.69,2024-03-10 09:44:27.740,38.8479996,-122.7815018,1.16
ak02437x82iv,"79 km N of Karluk, Alaska",1.6,2024-03-10 09:41:40.872,58.2828,-154.5964,8.7
ci40684984,"10 km NNW of Cabazon, CA",1.58,2024-03-10 09:37:59.910,34.0008333,-116.8086667,13.28
av92227346,"83 km N of Karluk, Alaska",0.33,2024-03-10 09:36:56.320,58.3066666666667,-154.688166666667,7.16
av91136038,"83 km N of Karluk, Alaska",0.08,2024-03-10 09:34:00.760,58.3063333333333,-154.679833333333,7.28
av92227341,"83 km N of Karluk, Alaska",0.28,2024-03-10 09:33:09.670,58.3056666666667,-154.674666666667,6.31
ak02437x62ib,"82 km N of Karluk, Alaska",1.1,2024-03-10 09:32:07.559,58.3014,-154.6401,1.1
av92227331,"83 km N of Karluk, Alaska",0.44,2024-03-10 09:30:38.560,58.3073333333333,-154.664666666667,6.98
av91136033,"82 km N of Karluk, Alaska",0.57,2024-03-10 09:28:27.250,58.3046666666667,-154.670166666667,5.53
av92227326,"82 km N of Karluk, Alaska",0.04,2024-03-10 09:28:04.490,58.2995,-154.680333333333,6.26
ak02437x4oee,"83 km N of Karluk, Alaska",1.0,2024-03-10 09:25:58.142,58.3133,-154.6441,15.9
mb90042978,"5 km E of Pony, Montana",0.65,2024-03-10 09:25:51.120,45.6543333333333,-111.830166666667,1.42
ci40684968,"27 km SSW of Ocotillo Wells, CA",1.65,2024-03-10 09:23:11.010,32.9173333,-116.2411667,7.62
nn00874476,"44 km ESE of Beatty, Nevada",0.8,2024-03-10 09:19:51.306,36.7311,-116.3129,8.5
nc74014951,"7 km NW of The Geysers, CA",0.82,2024-03-10 09:14:01.780,38.8156662,-122.8219986,3.15
pr71442678,"4 km SE of Maria Antonia, Puerto Rico",2.29,2024-03-10 09:11:44.020,17.9556666666667,-66.854,14.7
ci40684952,"1 km SSE of Anza, CA",0.24,2024-03-10 08:47:50.700,33.5495,-116.671,8.76
us7000m4iq,"28 km SSE of Midland, Texas",2.6,2024-03-10 08:45:06.631,31.7789,-101.9151,1.225
nc74014946,"6 km W of Cobb, CA",1.37,2024-03-10 08:31:02.580,38.8233333,-122.791,1.05
ci40684944,"3 km E of Anza, CA",0.2,2024-03-10 08:10:11.160,33.5543333,-116.6425,13.26
nc74014941,"11 km SSW of Ridgemark, CA",0.4,2024-03-10 08:09:49.580,36.722,-121.4165,8.77
hv74132896,"12 km SW of Volcano, Hawaii",1.31,2024-03-10 08:02:39.490,19.3573333333333,-155.3165,0.68
ok2024ewrk,"10 km W of Orlando, Oklahoma",1.29,2024-03-10 07:56:10.310,36.139,-97.49366667,12.72
ci40684936,"12 km N of Ocotillo Wells, CA",1.53,2024-03-10 07:55:25.110,33.2548333,-116.128,9.93
nc74014936,"7 km WNW of Cobb, CA",0.38,2024-03-10 07:54:41.270,38.8373333,-122.8056667,1.98
nc74014931,"3 km NNW of The Geysers, CA",0.71,2024-03-10 07:54:30.420,38.7991676,-122.7736664,1.5
ak02437w31qz,"56 km NNW of Petersville, Alaska",2.2,2024-03-10 07:50:01.877,62.9901,-151.0044,112.2
ok2024ewrc,"8 km NW of Prague, Oklahoma",2.21,2024-03-10 07:46:30.559,35.53333333,-96.75983333,5.74
us7000m4id,"128 km E of Neiafu, Tonga",5.2,2024-03-10 07:41:03.696,-18.6795,-172.7623,10.0
ok2024ewqx,"5 km W of Arcadia, Oklahoma",1.43,2024-03-10 07:40:25.289,35.66183333,-97.3925,6.1
ak02437w0cqb,"55 km SW of Covenant Life, Alaska",1.9,2024-03-10 07:37:44.510,59.0089,-136.5919,1.5
ak02437w0bxe,"57 km ESE of Cantwell, Alaska",1.6,2024-03-10 07:37:34.108,63.2959,-147.8316,80.1
us6000mj2j,"113 km W of Lata, Solomon Islands",4.4,2024-03-10 07:35:09.922,-10.7381,164.7572,86.573
nc74014926,"5 km W of Cobb, CA",0.78,2024-03-10 07:35:09.250,38.8261681,-122.7808304,1.75
ci40684928,"20 km ESE of Anza, CA",0.7,2024-03-10 07:31:17.270,33.4625,-116.4876667,10.91
ci40684920,"6 km N of Delta, B.C., MX",1.63,2024-03-10 07:29:58.890,32.4123333,-115.1803333,11.65
ak02437vxqdc,"8 km ESE of Petersville, Alaska",1.8,2024-03-10 07:25:21.603,62.4602,-150.6234,67.9
nc74014921,"12 km SSW of Ridgemark, CA",0.76,2024-03-10 07:22:41.900,36.7103333,-121.4171667,6.3
hv74132861,"3 km SSW of Pāhala, Hawaii",2.01,2024-03-10 07:21:14.240,19.1753333333333,-155.488833333333,34.66
ak02437vwfdj,"17 km S of Point Possession, Alaska",1.6,2024-03-10 07:19:12.554,60.7669,-150.711,48.0
ak02437vvvcq,"6 km E of Eielson Air Force Base, Alaska",0.7,2024-03-10 07:16:53.064,64.6578,-146.9223,13.8
nn00874474,"28 km SSW of Caliente, Nevada",1.3,2024-03-10 07:12:00.233,37.3817,-114.6446,5.6
nn00874489,"12 km NNW of Virginia City, Nevada",0.9,2024-03-10 07:06:20.270,39.4128,-119.6916,8.2
nn00874796,"48 km ENE of Fort Bidwell, California",2.0,2024-03-10 07:04:05.219,41.957,-119.5857,12.0
av91136028,"10 km W of Akutan, Alaska",-1.0,2024-03-10 07:03:20.310,54.1323333333333,-165.935333333333,-0.9
nc74014911,"10 km NW of The Geysers, CA",0.28,2024-03-10 06:59:28.670,38.8414993,-122.8371658,1.37
mb90042888,"17 km NE of Stanley, Idaho",2.86,2024-03-10 06:53:02.860,44.3446666666667,-114.807833333333,9.7
nn00874794,"48 km ENE of Fort Bidwell, California",1.1,2024-03-10 06:45:47.075,41.9614,-119.5789,0.0
nn00874488,"11 km NNW of Virginia City, Nevada",0.9,2024-03-10 06:29:35.664,39.4121,-119.6911,6.7
pr2024070000,"38 km ENE of Punta Cana, Dominican Republic",3.47,2024-03-10 06:29:23.490,18.6938,-68.0623,118.0
ak02437vcys9,"2 km WNW of Beluga, Alaska",1.7,2024-03-10 06:28:32.898,61.1485,-151.1169,29.7
nn00874472,"11 km NNW of Virginia City, Nevada",1.5,2024-03-10 06:20:14.696,39.4108,-119.6911,8.8
nn00874471,"12 km NNW of Virginia City, Nevada",0.9,2024-03-10 06:17:46.618,39.4126,-119.6937,8.3
us7000m4i2,"52 km SSE of Onagawa Chō, Japan",4.5,2024-03-10 06:14:55.976,38.0195,141.6979,66.437
nn00874487,"8 km ENE of Floriston, California",0.5,2024-03-10 06:12:57.526,39.4221,-119.9327,6.6
pr71442668,"8 km S of Guánica, Puerto Rico",2.49,2024-03-10 06:12:25.610,17.8928333333333,-66.8938333333333,3.74
ci40684912,"14 km SW of Borrego Springs, CA",0.91,2024-03-10 06:05:21.980,33.1621667,-116.4716667,9.13
nc74014896,"6 km NW of The Geysers, CA",1.07,2024-03-10 06:02:09.770,38.8123322,-122.8115005,3.11
nc74014891,"6 km NW of The Geysers, CA",2.04,2024-03-10 06:00:23.310,38.8136667,-122.8105,2.73
nn00874469,"11 km NNW of Virginia City, Nevada",1.4,2024-03-10 05:56:31.852,39.4102,-119.6941,8.3
hv74132831,"1 km SSW of Pāhala, Hawaii",2.18000007,2024-03-10 05:56:07.600,19.1896667480469,-155.484832763672,35.0400009155273
tx2024ewmx,"49 km W of Mentone, Texas",1.9,2024-03-10 05:39:44.930,31.739,-104.118,6.8689
ak02437utq5m,"64 km ESE of Denali National Park, Alaska",2.0,2024-03-10 05:38:56.428,63.2448,-150.6232,136.2
nc74014881,"12 km S of Tres Pinos, CA",2.08,2024-03-10 05:31:48.580,36.6831667,-121.3301667,5.06
hv74132821,"9 km ENE of Pāhala, Hawaii",2.29999995,2024-03-10 05:15:37.870,19.2450008392334,-155.403671264648,30.6700000762939
nn00874492,"51 km WNW of Indian Springs, Nevada",0.0,2024-03-10 04:56:49.974,36.8274,-116.148,4.3
ak02437uayu9,"50 km SW of Cantwell, Alaska",1.6,2024-03-10 04:51:04.666,63.0212,-149.5145,54.9
av91136018,"80 km W of Salamatof, Alaska",0.25,2024-03-10 04:50:57.880,60.5336666666667,-152.780666666667,6.17
nc74014876,"13 km SSW of Tres Pinos, CA",0.73,2024-03-10 04:50:36.270,36.676,-121.3483333,1.51
us7000m4hr,"8 km NNW of Smiths Ferry, Idaho",3.3,2024-03-10 04:50:34.758,44.3642,-116.143,12.775
ci40684896,"14 km ENE of Borrego Springs, CA",1.07,2024-03-10 04:46:57.290,33.3186667,-116.2421667,11.09
se60501748,"8 km S of Lugoff, South Carolina",1.05,2024-03-10 04:40:12.250,34.1465,-80.6876666666667,1.88
nn00874466,"11 km NNW of Virginia City, Nevada",1.1,2024-03-10 04:39:03.808,39.4104,-119.6973,8.3
tx2024ewky,"7 km NNE of Toyah, Texas",1.7,2024-03-10 04:39:01.308,31.378,-103.759,5.7153
ci40684888,"22 km N of Ridgecrest, CA",0.5,2024-03-10 04:36:47.930,35.8208333,-117.6473333,2.83
hv74132786,"7 km SW of Volcano, Hawaii",1.67,2024-03-10 04:35:37.300,19.3946666666667,-155.2785,1.62
nc74014871,"8 km NW of The Geysers, CA",0.23,2024-03-10 04:19:30.810,38.8313332,-122.8119965,1.22
ci40684872,"16 km NE of Indio, CA",1.16,2024-03-10 04:14:33.340,33.8258333,-116.1046667,3.33
nc74014866,"7 km NW of The Geysers, CA",1.07,2024-03-10 04:03:21.460,38.8238335,-122.8059998,2.41
nn00874465,"12 km NNW of Virginia City, Nevada",0.8,2024-03-10 03:56:55.192,39.4144,-119.6962,7.5
nc74014861,"10 km WNW of The Geysers, CA",0.44,2024-03-10 03:56:11.130,38.8215,-122.8535,2.79
uu80062431,"5 km E of Hebgen Lake Estates, Montana",2.74,2024-03-10 03:50:28.930,44.771,-111.127333333333,9.6
nc74014856,"3 km E of The Geysers, CA",0.78,2024-03-10 03:46:04.550,38.7758331,-122.7263336,1.51
uw61989251,"8 km NNE of Government Camp, Oregon",0.8300000000000001,2024-03-10 03:45:36.780,45.36716666666667,-121.7045,1.43
nn00874462,"11 km NNW of Virginia City, Nevada",2.0,2024-03-10 03:44:43.972,39.4071,-119.6905,8.5
hv74132756,"14 km S of Fern Forest, Hawaii",1.7,2024-03-10 03:36:16.100,19.3379993438721,-155.117340087891,4.76999998092651
ak02437tl4di,"6 km ESE of Harding-Birch Lakes, Alaska",1.1,2024-03-10 03:30:45.501,64.3521,-146.4775,23.8
nn00874460,"12 km NNW of Virginia City, Nevada",1.2,2024-03-10 03:27:53.289,39.4118,-119.6952,7.8
ak02437tiq5x,"30 km NNE of Beaver, Alaska",1.6,2024-03-10 03:19:28.211,66.6089,-147.0952,15.3
us7000m4hu,"229 km S of Sand Point, Alaska",3.2,2024-03-10 03:19:00.723,53.2814,-160.1335,10.0
pr71442653,"6 km WSW of La Parguera, Puerto Rico",2.26,2024-03-10 03:18:30.110,17.9556666666667,-67.1011666666667,8.31
ak02437th2ip,"64 km ESE of Knik River, Alaska",1.6,2024-03-10 03:11:57.976,61.1928,-147.8506,29.5
ci40684856,"12 km WSW of Searles Valley, CA",1.15,2024-03-10 03:07:08.430,35.7073333,-117.5161667,3.6
us7000m4hd,"277 km ENE of Lospalos, Timor Leste",5.0,2024-03-10 03:05:03.345,-7.2939,129.1897,92.324
av91135998,"3 km SE of Unalaska, Alaska",-0.18,2024-03-10 03:02:51.720,53.8516666666667,-166.4925,8.28
hv74132746,"1 km W of Pāhala, Hawaii",2.31,2024-03-10 03:01:31.180,19.2021675109863,-155.496505737305,31.6800003051758
nc74014846,"10 km NW of The Geysers, CA",0.32,2024-03-10 03:01:11.340,38.841835,-122.8383331,1.68
tx2024ewhr,"58 km SSW of Whites City, New Mexico",2.2,2024-03-10 03:00:26.574,31.684,-104.608,3.3936
av91135988,"44 km WSW of False Pass, Alaska",0.62,2024-03-10 02:54:28.030,54.7498333333333,-164.080166666667,-1.37
hv74132736,"4 km SW of Volcano, Hawaii",1.9,2024-03-10 02:53:16.160,19.4134998321533,-155.267501831055,0.479999989271164
hv74132731,"7 km SW of Volcano, Hawaii",1.3,2024-03-10 02:53:15.860,19.3895,-155.279666666667,1.36
ci40684840,"19 km ESE of Anza, CA",1.05,2024-03-10 02:47:02.390,33.4813333,-116.4833333,13.38
ak02437t35bh,"81 km ESE of New Allakaket, Alaska",1.7,2024-03-10 02:46:59.655,66.1926,-151.042,0.0
hv74132726,"28 km E of Honaunau-Napoopoo, Hawaii",1.92,2024-03-10 02:45:19.330,19.4586666666667,-155.593666666667,39.18
ak02437t0h0b,"4 km S of Salcha, Alaska",1.5,2024-03-10 02:34:11.479,64.4862,-146.9014,4.0
tx2024ewgo,"23 km S of Westbrook, Texas",1.9,2024-03-10 02:28:32.622,32.145,-101.062,0.5615
mb90042958,"13 km E of Pablo, Montana",0.88,2024-03-10 02:18:36.510,47.5856666666667,-113.944666666667,17.17
ci40684832,"37 km W of La Jolla, CA",1.81,2024-03-10 02:16:49.750,32.8556667,-117.666,12.09
ci40684824,"16 km NE of Indio, CA",0.89,2024-03-10 02:16:36.030,33.8251667,-116.1051667,2.77
pr71442638,"3 km S of Magas Arriba, Puerto Rico",2.49,2024-03-10 02:14:06.200,17.9838333333333,-66.7626666666667,12.72
ci40684816,"9 km WSW of Inyokern, CA",0.75,2024-03-10 02:09:49.000,35.6156667,-117.9018333,6.44
nc74014826,"2 km NNW of The Geysers, CA",0.44,2024-03-10 02:09:21.560,38.7905,-122.7621667,2.34
nc74014821,"6 km NW of The Geysers, CA",1.41,2024-03-10 02:04:52.120,38.817,-122.8041667,1.63
nc74014816,"6 km NW of The Geysers, CA",1.97,2024-03-10 01:59:35.660,38.8163333,-122.8025,1.61
nn00874511,"20 km SE of Dyer, Nevada",0.9,2024-03-10 01:54:54.312,37.5263,-117.9123,0.5
nc74014806,"8 km W of Cobb, CA",0.97,2024-03-10 01:40:27.340,38.8321648,-122.8113327,-0.77
nc74014811,"15 km WSW of Cantua Creek, CA",1.77,2024-03-10 01:39:07.380,36.4725,-120.4771667,12.44
av92227051,"62 km ENE of Pedro Bay, Alaska",-0.85,2024-03-10 01:23:24.440,60.014,-153.076,0.49
av91135983,"85 km NNW of Karluk, Alaska",-0.71,2024-03-10 01:22:38.580,58.2498333333333,-155.123833333333,2.32
pr71442628,"6 km SSE of Maria Antonia, Puerto Rico",2.16,2024-03-10 01:07:29.570,17.9315,-66.857,17.74
nn00874793,"45 km E of Fort Bidwell, California",2.0,2024-03-10 01:04:51.475,41.9382,-119.6112,0.0
nc74014796,"10 km WSW of Petrolia, CA",3.25,2024-03-10 01:00:04.950,40.2978333,-124.4031667,32.99
ak02437rw8bm,"54 km NNE of Kobuk, Alaska",2.3,2024-03-10 00:46:30.501,67.3249,-156.2335,13.2
nc74014786,"7 km NW of The Geysers, CA",0.46,2024-03-10 00:37:06.490,38.8186684,-122.8208313,2.97
uw61989236,"3 km E of Carbonado, Washington",1.04,2024-03-10 00:27:14.000,47.074666666666666,-122.00133333333333,14.2
nc74014781,"7 km NW of The Geysers, CA",0.31,2024-03-10 00:26:28.050,38.8268333,-122.813,1.44
nc74014776,"6 km ESE of Healdsburg, CA",0.92,2024-03-10 00:23:29.560,38.599,-122.8046667,7.94
us6000mj2h,Mid-Indian Ridge,4.5,2024-03-10 00:09:40.091,-22.583,69.4079,10.0
ak02437rnwk7,"4 km SSW of Salcha, Alaska",0.9,2024-03-10 00:07:51.594,64.4905,-146.9493,6.2
ak02437rn17j,"47 km SSW of Manley Hot Springs, Alaska",1.6,2024-03-10 00:03:45.336,64.6221,-151.0696,8.1
ak02436i3r03,"11 km E of Willow, Alaska",1.5,2024-03-09 23:55:21.159,61.7475,-149.8146,28.1
ci40684776,"12 km SSW of Searles Valley, CA",1.26,2024-03-09 23:44:11.160,35.6758333,-117.4783333,9.6
nc74014746,"2 km ENE of The Geysers, CA",0.76,2024-03-09 23:42:44.850,38.7883339,-122.7348328,-0.44
av91135963,"93 km WSW of Adak, Alaska",2.05,2024-03-09 23:32:14.150,51.4523333333333,-177.8085,16.18
nc74014736,"7 km NW of The Geysers, CA",0.84,2024-03-09 23:30:40.380,38.8133316,-122.824501,2.32
nn00874847,"7 km S of Cold Springs, Nevada",1.1,2024-03-09 23:15:24.234,39.6162,-119.9709,6.8
pr71442618,"3 km SE of Maria Antonia, Puerto Rico",2.29,2024-03-09 22:59:02.720,17.9606666666667,-66.8645,16.91
nc74014721,"7 km WNW of The Geysers, CA",0.83,2024-03-09 22:48:59.240,38.8111649,-122.8301697,2.09
nc74014716,"1 km WNW of Anderson Springs, CA",0.49,2024-03-09 22:45:59.900,38.7765,-122.7011667,2.12
nc74014711,"7 km NNE of San Juan Bautista, CA",1.21,2024-03-09 22:44:48.950,36.9008333,-121.5083333,5.45
ci40684736,"12 km N of Ocotillo Wells, CA",1.06,2024-03-09 22:40:42.430,33.2503333,-116.1123333,9.76
nc74014706,"6 km WNW of Cobb, CA",1.29,2024-03-09 22:35:57.380,38.8341667,-122.7913333,2.02
pr71442608,"3 km SE of Maria Antonia, Puerto Rico",2.14,2024-03-09 22:32:55.700,17.9613333333333,-66.867,18.08
tx2024evyk,"47 km NW of Toyah, Texas",1.8,2024-03-09 22:20:02.923,31.568,-104.196,7.3303
ak02436hagp6,"40 km W of Anchor Point, Alaska",2.1,2024-03-09 22:18:57.405,59.7838,-152.5579,83.6
nc74014681,"7 km NW of The Geysers, CA",1.23,2024-03-09 21:57:26.570,38.8131667,-122.8236667,2.05
nc74014676,"8 km ESE of Carmel Valley Village, CA",1.17,2024-03-09 21:57:09.880,36.467,-121.6883333,8.71
nc74014671,"6 km NE of Dixon Lane-Meadow Creek, CA",1.6,2024-03-09 21:50:10.840,37.427,-118.3743333,5.91
tx2024evxi,"44 km NW of Toyah, Texas",1.9,2024-03-09 21:46:48.724,31.613,-104.105,6.8433
nn00874459,"12 km NNW of Virginia City, Nevada",1.2,2024-03-09 21:44:43.849,39.4142,-119.6961,7.2
av92226911,"38 km ENE of Adak, Alaska",0.49,2024-03-09 21:18:06.410,52.056,-176.153333333333,-0.03
nc74014656,"12 km SE of Middletown, CA",1.09,2024-03-09 21:12:45.330,38.689,-122.4968333,7.41
ok2024evwb,"5 km ENE of Verden, Oklahoma",1.76,2024-03-09 21:09:06.903,35.11070251,-98.03676605,1.8416605
nc74014646,"2 km SW of Tres Pinos, CA",0.84,2024-03-09 21:08:44.900,36.7795,-121.3355,3.21
ak02436gm8r0,"75 km ENE of Chase, Alaska",1.9,2024-03-09 21:05:56.929,62.7051,-148.7453,62.2
ci40684680,"10 km NNE of Indio, CA",1.13,2024-03-09 21:05:30.870,33.8051667,-116.1855,6.77
ak02436gm00m,"2 km SSE of Salcha, Alaska",1.3,2024-03-09 21:04:43.743,64.5009,-146.8872,2.0
ak02436gljib,"76 km SW of Adak, Alaska",2.1,2024-03-09 21:02:29.079,51.4531,-177.5039,39.2
nc74014641,"12 km ENE of Cloverdale, CA",0.48,2024-03-09 21:01:39.800,38.8346667,-122.8805,2.11
nc74014636,"12 km ENE of Cloverdale, CA",0.69,2024-03-09 21:01:29.710,38.8336678,-122.8820038,2.05
nc74014626,"3 km W of Cobb, CA",0.41,2024-03-09 20:53:05.860,38.8176667,-122.7601667,1.81
ak02436ga73f,"12 km SSW of Tatitlek, Alaska",2.0,2024-03-09 20:49:36.752,60.7583,-146.7238,19.8
ak02436ga7rc,"47 km ENE of Chenega, Alaska",2.3,2024-03-09 20:49:30.222,60.2469,-147.2282,15.9
us7000m4g5,south of the Fiji Islands,4.4,2024-03-09 20:37:27.657,-24.4545,179.82,522.645
ak02436g7fi8,"17 km NW of Four Mile Road, Alaska",1.1,2024-03-09 20:36:46.081,64.6972,-149.4047,24.6
ok2024evux,"8 km NE of Verden, Oklahoma",1.73,2024-03-09 20:33:28.660,35.12933333,-98.01316667,8.86
nc74014621,"10 km NW of The Geysers, CA",0.41,2024-03-09 20:22:44.220,38.8428345,-122.8393326,1.97
nn00874458,"56 km E of Beatty, Nevada",0.0,2024-03-09 20:22:27.457,36.9224,-116.128,4.8
ci40684632,"7 km E of Cabazon, CA",1.92,2024-03-09 20:12:45.440,33.9143333,-116.7148333,11.25
nc74014611,"9 km WNW of Cobb, CA",0.22,2024-03-09 20:11:07.190,38.840332,-122.8261642,1.68
ak02436g1bwl,"127 km S of McCarthy, Alaska",2.0,2024-03-09 20:08:00.057,60.3022,-143.282,13.5
ci40684624,"6 km WSW of El Centro, CA",1.2,2024-03-09 20:03:56.770,32.7668333,-115.6143333,13.68
ak02436fznq9,"127 km S of McCarthy, Alaska",2.0,2024-03-09 20:00:20.550,60.307,-143.3071,3.5
us7000m4fz,"16 km E of Calama, Chile",4.9,2024-03-09 19:58:53.172,-22.4382,-68.7627,128.192
ci40684608,"11 km WSW of Searles Valley, CA",0.59,2024-03-09 19:58:19.730,35.7138333,-117.5045,4.49
ak02436fq2k9,"127 km S of McCarthy, Alaska",2.1,2024-03-09 19:55:46.813,60.3036,-143.287,12.3
ci40684600,"20 km ESE of Anza, CA",0.69,2024-03-09 19:54:16.020,33.4636667,-116.4843333,11.04
ak02436fpnvc,"10 km W of Moose Pass, Alaska",1.4,2024-03-09 19:53:56.404,60.4877,-149.5646,34.0
ci40684592,"14 km SSW of Lucerne Valley, CA",1.43,2024-03-09 19:45:02.660,34.3296667,-117.0268333,5.26
ak02436fnneg,"127 km S of McCarthy, Alaska",2.2,2024-03-09 19:44:17.203,60.3061,-143.3015,0.1
nc71133044,"18 km NW of Parkfield, CA",0.59,2024-03-09 19:42:29.960,36.0073333,-120.5723333,3.73
nc74014596,"18 km NW of Parkfield, CA",0.68,2024-03-09 19:42:17.420,36.0073333,-120.5733333,3.87
ci40684584,"10 km WSW of Anza, CA",0.39,2024-03-09 19:38:55.020,33.5088333,-116.7613333,2.89
uu80000608,"5 km E of Hebgen Lake Estates, Montana",1.27,2024-03-09 19:31:28.120,44.7726666666667,-111.1255,9.29
ci40684576,"20 km ESE of Anza, CA",0.53,2024-03-09 19:30:26.900,33.4645,-116.4831667,11.02
ci40684568,"3 km W of Lone Pine, CA",1.52,2024-03-09 19:23:17.360,36.5811667,-118.1085,7.7
nc74014581,"7 km NW of The Geysers, CA",1.22,2024-03-09 19:23:16.620,38.8146667,-122.8176667,2.67
us7000m4ft,"130 km W of Valparaíso, Chile",5.0,2024-03-09 19:23:11.798,-33.2443,-73.0048,10.0
ak02436fipfu,"16 km ESE of Beluga, Alaska",1.6,2024-03-09 19:21:10.828,61.0977,-150.7968,14.6
uu80062411,"17 km ESE of West Yellowstone, Montana",0.08,2024-03-09 19:20:24.950,44.6038333333333,-110.898333333333,10.57
av92226816,"20 km N of Atka, Alaska",1.02,2024-03-09 19:10:05.460,52.3768333333333,-174.147666666667,1.18
av91135948,"Rat Islands, Aleutian Islands, Alaska",0.79,2024-03-09 18:59:10.940,51.9335,178.3585,7.92
tx2024evrj,"50 km NW of Toyah, Texas",2.4,2024-03-09 18:45:49.557,31.625,-104.183,2.2034
ci40684552,"4 km WNW of Anza, CA",0.8,2024-03-09 18:29:24.080,33.5696667,-116.7161667,14.74
uw61989151,"18 km NNE of Harbor, Oregon",1.74,2024-03-09 18:24:05.330,42.19983333333333,-124.16383333333333,3.8
ci40684536,"15 km ENE of Borrego Springs, CA",0.32,2024-03-09 18:16:55.450,33.3238333,-116.24,10.57
nn00874457,"12 km NNW of Virginia City, Nevada",0.9,2024-03-09 18:15:17.862,39.4136,-119.6931,7.1
pr2024069000,"127 km N of Hatillo, Puerto Rico",3.61,2024-03-09 18:05:19.900,19.6391,-66.822,71.0
nc74014571,"8 km WNW of Cobb, CA",1.4,2024-03-09 17:51:05.200,38.8433333,-122.815,0.76
mb90042858,"22 km WNW of Stanley, Idaho",2.07,2024-03-09 17:35:03.420,44.3145,-115.178833333333,7.15
av92226771,"62 km ENE of Pedro Bay, Alaska",-0.56,2024-03-09 17:34:23.910,59.9813333333333,-153.052166666667,0.74
ak02436ecz0w,"86 km NW of Karluk, Alaska",1.1,2024-03-09 17:26:39.522,58.1769,-155.3527,0.7
nc74014566,"8 km NW of The Geysers, CA",0.31,2024-03-09 17:24:47.300,38.8345,-122.817,1.27
ci40684520,"18 km ESE of Julian, CA",0.73,2024-03-09 17:19:16.900,33.016,-116.4248333,5.86
pr71442588,"3 km SE of Indios, Puerto Rico",2.14,2024-03-09 17:16:06.930,17.9735,-66.8005,15.74
nc74014556,"3 km NW of The Geysers, CA",1.09,2024-03-09 17:00:25.310,38.8009987,-122.7818298,2.81
ak02436dydeg,"54 km N of Chickaloon, Alaska",1.7,2024-03-09 16:58:27.447,62.2836,-148.4249,26.5
ak02436dvzhs,"15 km ESE of Beluga, Alaska",1.9,2024-03-09 16:47:14.080,61.0921,-150.8172,9.9
us7000m4fd,"41 km ENE of La Tirana, Chile",4.4,2024-03-09 16:43:11.276,-20.182,-69.2976,111.057
av91135943,"105 km W of Adak, Alaska",0.72,2024-03-09 16:42:02.890,51.8986666666667,-178.1655,11.9
ci40684464,"20 km ESE of Anza, CA",0.34,2024-03-09 16:27:09.080,33.4868333,-116.4733333,13.9
ak02436drcrm,"50 km SSE of Denali National Park, Alaska",1.7,2024-03-09 16:25:53.307,63.0976,-151.4984,12.0
hv74132396,"9 km E of Pāhala, Hawaii",1.89,2024-03-09 16:17:53.970,19.195,-155.388666666667,30.1
nc74014546,"10 km WNW of Cobb, CA",0.42,2024-03-09 16:06:40.190,38.8624992,-122.824501,4.18
pr71442583,"6 km SSE of Salinas, Puerto Rico",2.42,2024-03-09 16:02:00.330,17.9238333333333,-66.277,8.02
ak02436dcyox,"55 km SW of Cantwell, Alaska",1.8,2024-03-09 15:58:39.059,63.021,-149.6914,9.4
nc74014541,"7 km NW of The Geysers, CA",0.78,2024-03-09 15:51:42.990,38.8168335,-122.8221664,2.35
ok2024evlc,"8 km NE of Verden, Oklahoma",2.05,2024-03-09 15:36:38.259,35.12983333,-98.01,10.08
ci40684432,"3 km NW of Little Lake, CA",0.58,2024-03-09 15:36:32.830,35.9548333,-117.9283333,6.19
uu80062386,"17 km WSW of Georgetown, Idaho",2.14,2024-03-09 15:36:14.580,42.4425,-111.573333333333,2.57
tx2024evlb,"49 km SSE of Whites City, New Mexico",1.6,2024-03-09 15:35:16.293,31.755,-104.197,6.7151
nc74014531,"6 km W of Cobb, CA",0.27,2024-03-09 15:28:10.120,38.8288345,-122.7919998,0.19
nc74014536,"3 km WNW of Crockett, CA",0.89,2024-03-09 15:26:53.930,38.0645,-122.2485,7.24
ci40684424,"3 km NW of Little Lake, CA",1.55,2024-03-09 15:23:26.520,35.956,-117.9278333,6.36
ci40684416,"6 km W of Muscoy, CA",1.02,2024-03-09 15:20:29.690,34.1633333,-117.4048333,9.7
nc74014521,"11 km WNW of The Geysers, CA",0.61,2024-03-09 15:19:04.310,38.8264999,-122.8618317,1.69
ak02436d46ht,"6 km S of Ester, Alaska",1.1,2024-03-09 15:17:42.293,64.7872,-148.0277,0.0
nc74014516,"10 km NW of The Geysers, CA",1.09,2024-03-09 15:17:29.500,38.8273315,-122.8521652,1.74
nc74014511,"10 km WNW of The Geysers, CA",0.82,2024-03-09 15:17:00.660,38.8268333,-122.8523333,1.92
ak02436d3cup,"21 km N of Two Rivers, Alaska",1.3,2024-03-09 15:13:56.979,65.0617,-147.1136,0.7
nc74014506,"2 km SE of The Geysers, CA",0.44,2024-03-09 15:06:09.330,38.7628333,-122.7345,1.66
tx2024evka,"3 km ESE of Falls City, Texas",2.4,2024-03-09 15:03:36.399,28.976,-97.982,7.2998
ci40684400,"13 km N of Ocotillo Wells, CA",1.11,2024-03-09 15:03:07.000,33.2563333,-116.129,9.12
nc74014501,"9 km WNW of Cobb, CA",0.62,2024-03-09 15:02:18.360,38.8393326,-122.8225021,1.41
ak02436crpxb,"46 km WSW of Ferry, Alaska",1.6,2024-03-09 14:59:27.674,63.8977,-150.0301,8.3
nc74014496,"9 km WNW of Cobb, CA",0.75,2024-03-09 14:53:10.850,38.8396683,-122.8268356,1.78
ak02436cq2o1,"10 km SE of Susitna North, Alaska",2.0,2024-03-09 14:51:59.697,62.0949,-149.716,35.0
pr71442573,"3 km SSW of Indios, Puerto Rico",2.57,2024-03-09 14:48:45.270,17.9688333333333,-66.8298333333333,11.15
nc74014491,"6 km WNW of Cobb, CA",1.1,2024-03-09 14:39:49.650,38.8343315,-122.7898331,1.87
ci40684368,"10 km ENE of Ridgecrest, CA",0.68,2024-03-09 14:27:36.310,35.6411667,-117.5648333,9.78
se60572666,"5 km E of Elgin, South Carolina",2.65,2024-03-09 14:27:01.180,34.1638333333333,-80.7311666666667,2.86
ak02436cjusm,"42 km SE of Denali National Park, Alaska",1.7,2024-03-09 14:22:58.306,63.2723,-151.1233,0.0
ci40684352,"14 km E of Arvin, CA",0.58,2024-03-09 14:21:00.150,35.2025,-118.6685,8.0
pr71442568,"1 km W of Yauco, Puerto Rico",2.22,2024-03-09 14:14:57.430,18.0378333333333,-66.868,17.29
ak02436chmoi,"62 km N of Petersville, Alaska",1.9,2024-03-09 14:12:20.021,63.0458,-150.9759,110.1
ci40684344,"13 km NNE of Cabazon, CA",0.44,2024-03-09 14:10:38.930,34.0255,-116.7356667,14.18
ok2024evid,"5 km W of Arcadia, Oklahoma",1.66,2024-03-09 14:06:34.609,35.67444611,-97.38131714,3.977603197
ok2024evie,"5 km W of Arcadia, Oklahoma",1.66,2024-03-09 14:06:34.609,35.67444611,-97.38131714,3.977603197
uw61989141,"8 km NE of Conconully, Washington",1.03,2024-03-09 14:05:51.290,48.61566666666667,-119.6795,-0.1
ak02436cg4xu,"16 km ESE of Skwentna, Alaska",1.9,2024-03-09 14:05:23.544,61.9472,-151.1054,86.4
nc74014481,"9 km WNW of Cobb, CA",1.04,2024-03-09 14:05:17.760,38.8408318,-122.8228302,1.56
nn00874845,"46 km ENE of Fort Bidwell, California",1.7,2024-03-09 14:01:27.282,41.9761,-119.6135,0.0
ci40684336,"20 km S of Trona, CA",0.59,2024-03-09 13:52:54.460,35.5853333,-117.3913333,6.61
nc74014476,"8 km WNW of Cobb, CA",1.04,2024-03-09 13:50:05.210,38.8358345,-122.8085022,1.66
nc74014471,"8 km NW of The Geysers, CA",1.03,2024-03-09 13:45:17.390,38.8333321,-122.8188324,1.55
nc74014466,"7 km WNW of The Geysers, CA",1.07,2024-03-09 13:43:09.480,38.8103333,-122.8201675,2.82
ok2024evhj,"8 km SSW of Pocasset, Oklahoma",1.36,2024-03-09 13:42:50.189,35.13,-98.001,7.52
nc74014461,"7 km WNW of Cobb, CA",0.64,2024-03-09 13:41:00.950,38.8376656,-122.7961655,1.51
nn00874444,"12 km NNW of Virginia City, Nevada",0.4,2024-03-09 13:38:10.337,39.417,-119.6813,4.8
ak02436c1ldy,"22 km S of Glacier View, Alaska",1.9,2024-03-09 13:37:38.302,61.6043,-147.7124,24.0
nn00874841,"47 km E of Fort Bidwell, California",2.5,2024-03-09 13:37:34.919,41.938,-119.5921,0.4
nc74014456,"8 km WNW of Cobb, CA",0.23,2024-03-09 13:33:02.870,38.8371658,-122.8093338,2.15
nc74014451,"8 km WNW of Cobb, CA",0.31,2024-03-09 13:32:51.190,38.8368333,-122.8086667,2.05
nc74014446,"8 km WNW of Cobb, CA",1.03,2024-03-09 13:30:59.980,38.8370018,-122.8088303,1.45
nc74014441,"7 km WNW of Cobb, CA",2.32,2024-03-09 13:30:18.650,38.8381667,-122.8061667,2.25
nn00874443,"11 km NNW of Virginia City, Nevada",0.4,2024-03-09 13:29:08.713,39.4112,-119.6915,7.7
us7000m4e9,"18 km NNE of Stanley, Idaho",2.5,2024-03-09 13:18:13.293,44.3695,-114.8308,10.0
nc74014436,"8 km WNW of Cobb, CA",0.74,2024-03-09 13:14:39.490,38.8396683,-122.8113327,1.42
ok2024evgh,"10 km SSE of Tatums, Oklahoma",1.08,2024-03-09 13:10:54.420,34.40083333,-97.3995,4.37
nc74014431,"8 km NW of The Geysers, CA",0.9,2024-03-09 13:09:25.660,38.8279991,-122.8131638,1.75
us7000m4ed,"273 km SSE of Akhiok, Alaska",2.7,2024-03-09 13:07:18.297,54.8795,-151.8124,12.389
ok2024evfv,"6 km ENE of Edmond, Oklahoma",1.05,2024-03-09 12:57:09.160,35.66766667,-97.41233333,6.51
ok2024evfo,"6 km ENE of Edmond, Oklahoma",1.19,2024-03-09 12:46:56.030,35.66583333,-97.413,6.16
ok2024evfm,"6 km ENE of Edmond, Oklahoma",1.87,2024-03-09 12:46:15.300,35.66883333,-97.40783333,6.08
ok2024evfn,"6 km ENE of Edmond, Oklahoma",1.98,2024-03-09 12:46:15.051,35.67020798,-97.40435791,5.747875214
ak02436bhum5,"69 km N of Karluk, Alaska",1.3,2024-03-09 12:45:26.699,58.1869,-154.6687,98.0
nc74014426,"10 km WNW of The Geysers, CA",0.77,2024-03-09 12:38:16.370,38.8274994,-122.8541641,2.27
nc74014421,"7 km NW of The Geysers, CA",0.3,2024-03-09 12:37:02.770,38.8284988,-122.8078308,0.31
us7000m4e5,"115 km WNW of Aykol, China",4.3,2024-03-09 12:35:44.230,41.2002,78.7931,10.0
nc74014416,"6 km WNW of The Geysers, CA",-0.08,2024-03-09 12:33:29.690,38.8051667,-122.817,3.62
tx2024evfc,"32 km SE of Malaga, New Mexico",1.6,2024-03-09 12:33:00.856,31.999,-103.847,6.6125
nn00874442,"12 km NNW of Virginia City, Nevada",0.5,2024-03-09 12:26:49.819,39.4129,-119.6985,7.4
nc74014411,"8 km WNW of Cobb, CA",1.31,2024-03-09 12:23:19.840,38.839,-122.8095,1.97
nc74014406,"7 km NW of The Geysers, CA",0.78,2024-03-09 12:20:06.600,38.8131676,-122.8216629,2.88
uu80062366,"8 km NW of Fayette, Utah",1.56,2024-03-09 12:18:53.040,39.2875,-111.9195,1.41
uu80062361,"14 km NE of Milford, Utah",-0.33,2024-03-09 12:17:54.040,38.4891666666667,-112.899833333333,2.75
nc71132999,"12 km SE of Pinnacles, CA",1.03,2024-03-09 12:12:28.970,36.4621667,-121.037,7.0
nn00874441,"12 km NNW of Virginia City, Nevada",0.5,2024-03-09 12:08:59.532,39.4118,-119.6956,7.4
us7000m4e2,"239 km E of Levuka, Fiji",5.4,2024-03-09 12:01:08.528,-18.02,-178.4243,585.883
av92226476,"262 km W of Adak, Alaska",1.46,2024-03-09 11:57:14.020,51.8293333333333,179.563666666667,14.74
nc74014391,"7 km WNW of Cobb, CA",0.8,2024-03-09 11:51:53.380,38.8376656,-122.8024979,2.4
ok2024evdp,"6 km ENE of Edmond, Oklahoma",1.49,2024-03-09 11:48:47.409,35.6695,-97.41,6.75
ok2024evde,"6 km ENE of Edmond, Oklahoma",1.77,2024-03-09 11:35:39.630,35.66716667,-97.41333333,6.35
ok2024evdd,"6 km ENE of Edmond, Oklahoma",1.88,2024-03-09 11:35:23.829,35.67116667,-97.40883333,6.89
nc74014386,"2 km NE of The Geysers, CA",0.83,2024-03-09 11:18:38.100,38.7903328,-122.7351685,-0.85
nc74014381,"2 km N of The Geysers, CA",0.84,2024-03-09 11:16:11.600,38.7913322,-122.7591629,0.24
pr71442538,"48 km NW of San Antonio, Puerto Rico",3.1,2024-03-09 11:15:37.330,18.8141666666667,-67.4161666666667,8.0
ak02436aobdh,"25 km ESE of Livengood, Alaska",1.5,2024-03-09 11:07:47.098,65.4562,-148.0194,10.4
nc74014376,"7 km NW of The Geysers, CA",0.43,2024-03-09 11:04:20.220,38.8128333,-122.8183333,3.06
nc74014371,"11 km NW of Parkfield, CA",1.82,2024-03-09 10:51:56.170,35.9666667,-120.5206667,10.58
nc74014366,"8 km NW of The Geysers, CA",0.77,2024-03-09 10:50:05.120,38.833168,-122.8154984,1.62
ak02436a9062,"20 km WSW of Hope, Alaska",1.8,2024-03-09 10:36:03.460,60.8761,-150.004,34.0
ci40684320,"6 km WSW of Beaumont, CA",0.93,2024-03-09 10:31:30.170,33.9026667,-117.0323333,14.79
ak02436a7ljf,"44 km E of Denali National Park, Alaska",1.6,2024-03-09 10:29:47.313,63.5929,-150.8417,11.3
us6000mj0y,"Kermadec Islands, New Zealand",4.9,2024-03-09 10:27:17.930,-30.6758,-177.8463,44.375
ak02436a6xyd,"51 km N of Petersville, Alaska",1.6,2024-03-09 10:26:41.650,62.9595,-150.6722,98.1
us6000mj14,"Maug Islands region, Northern Mariana Islands",4.7,2024-03-09 10:25:55.753,20.2002,145.6742,10.0
ci40684312,"30 km ENE of Johannesburg, CA",1.34,2024-03-09 10:24:47.250,35.483,-117.3348333,7.22
nc74014351,"1 km NE of The Geysers, CA",1.05,2024-03-09 10:14:52.310,38.7868333,-122.7458333,0.79
tx2024evaj,"61 km S of Whites City, New Mexico",1.9,2024-03-09 10:11:33.942,31.625,-104.372,6.0999
nn00874449,"55 km NW of Indian Springs, Nevada",0.4,2024-03-09 10:08:54.332,36.9188,-116.1224,4.3
ci40684304,"6 km SSE of Alpine, CA",1.84,2024-03-09 10:08:51.600,32.787,-116.7346667,17.31
ok2024evag,"6 km NE of Verden, Oklahoma",1.02,2024-03-09 10:07:14.330,35.12733333,-98.0355,12.11
nn00874440,"11 km NNW of Virginia City, Nevada",0.3,2024-03-09 10:06:43.268,39.4107,-119.6955,7.4
us7000m4dk,"6 km NNW of Quiñota, Peru",4.5,2024-03-09 10:04:47.270,-14.26,-72.1609,119.556
hv74132256,"16 km NNE of Hawaiian Ocean View, Hawaii",1.44,2024-03-09 10:01:41.070,19.1988333333333,-155.6945,-1.59
ak024369p373,"64 km WNW of Skwentna, Alaska",1.7,2024-03-09 09:43:11.510,62.192,-152.5526,4.7
ak024369oqr2,"33 km NE of Whittier, Alaska",1.6,2024-03-09 09:41:50.220,61.0214,-148.3441,1.1
ak024369oimx,"5 km ESE of Talkeetna, Alaska",1.8,2024-03-09 09:40:45.053,62.2947,-150.014,4.3
av91135918,"43 km WSW of False Pass, Alaska",0.16,2024-03-09 09:32:34.730,54.7578333333333,-164.062333333333,7.81
ak024369mb0r,"8 km S of Salcha, Alaska",1.1,2024-03-09 09:30:13.233,64.4514,-146.9082,6.8
nc74014346,"8 km NW of The Geysers, CA",0.86,2024-03-09 09:29:57.730,38.8313332,-122.8191681,2.01
ak024369m5d7,"20 km S of Central, Alaska",1.9,2024-03-09 09:29:39.957,65.3859,-144.7879,1.0
nc74014341,"3 km NNE of The Geysers, CA",0.47,2024-03-09 09:24:06.580,38.7988333,-122.7388333,-0.77
us7000m4de,"134 km SW of San Pedro de Atacama, Chile",4.5,2024-03-09 09:22:28.848,-23.8804,-68.9994,91.813
ci40684288,"16 km NNE of Thousand Palms, CA",2.06,2024-03-09 09:21:06.830,33.9543333,-116.3163333,5.23
nc74014331,"22 km SW of New Idria, CA",1.2,2024-03-09 09:10:25.580,36.2955,-120.8713333,6.22
us7000m4db,"47 km SSW of Ollagüe, Chile",4.4,2024-03-09 08:57:17.562,-21.6368,-68.3838,123.727
ak02436968tw,"21 km N of Petersville, Alaska",1.9,2024-03-09 08:55:19.887,62.6894,-150.7088,70.0
nc74014326,"6 km WNW of Cobb, CA",0.93,2024-03-09 08:54:58.090,38.8343315,-122.795166,-0.85
nc74014321,"8 km NW of The Geysers, CA",0.73,2024-03-09 08:38:49.190,38.8334999,-122.8186646,1.48
ak02436913vp,"23 km N of Petersville, Alaska",2.0,2024-03-09 08:31:22.938,62.7073,-150.7536,77.1
tx2024euxa,"46 km NW of Toyah, Texas",1.7,2024-03-09 08:29:11.868,31.568,-104.18,7.6379
ci40684280,"17 km W of Searles Valley, CA",1.09,2024-03-09 08:27:59.020,35.7705,-117.5915,7.17
av92226296,"80 km NNW of Karluk, Alaska",0.68,2024-03-09 08:26:40.640,58.2491666666667,-154.909666666667,27.34
nc74014316,"7 km NW of The Geysers, CA",0.44,2024-03-09 08:21:43.150,38.8108333,-122.8205,2.76
ci40684264,"20 km S of Trona, CA",1.73,2024-03-09 08:21:37.210,35.5795,-117.3805,5.7
nc74014311,"10 km NNW of Avenal, CA",1.59,2024-03-09 08:12:42.090,36.0921667,-120.1655,11.23
nc74014306,"10 km NW of The Geysers, CA",0.83,2024-03-09 08:09:55.120,38.8286667,-122.8531647,1.82
ak024368vt7i,"85 km SE of Tuluksak, Alaska",2.3,2024-03-09 08:06:51.868,60.6355,-159.7065,6.8
nc74014296,"7 km NW of The Geysers, CA",0.39,2024-03-09 08:05:44.890,38.8176651,-122.8130035,4.59
ci40684256,"3 km S of Independence, CA",2.63,2024-03-09 08:05:42.290,36.7781667,-118.1921667,12.39
uw61989091,"0 km WNW of Rainier, Oregon",1.09,2024-03-09 08:03:51.970,46.091166666666666,-122.94166666666666,20.96
nc74014291,"2 km NNW of The Geysers, CA",0.84,2024-03-09 07:57:27.200,38.7893333,-122.7651672,1.84
nc74014286,"8 km WNW of Cobb, CA",0.47,2024-03-09 07:51:59.250,38.8371667,-122.8116667,4.26
nc74014281,"7 km WNW of Cobb, CA",0.24,2024-03-09 07:50:44.270,38.8365,-122.8008333,2.38
ak024368jcoz,"72 km SE of Denali National Park, Alaska",2.2,2024-03-09 07:48:39.070,63.1531,-150.5616,109.8
tx2024euvp,"51 km SSE of Whites City, New Mexico",1.8,2024-03-09 07:46:09.142,31.747,-104.156,6.1127
pr71442518,"37 km NNW of San Antonio, Puerto Rico",3.38,2024-03-09 07:46:05.680,18.814,-67.2233333333333,17.92
nc74014276,"6 km NW of The Geysers, CA",-0.13,2024-03-09 07:44:57.530,38.8148333,-122.8091667,1.12
av91135898,"11 km W of Akutan, Alaska",-0.91,2024-03-09 07:41:34.440,54.1243333333333,-165.951666666667,2.67
ak024368fia4,"31 km E of Denali National Park, Alaska",1.8,2024-03-09 07:30:45.185,63.5339,-151.0883,1.2
nc74014271,"8 km NW of The Geysers, CA",0.77,2024-03-09 07:29:06.690,38.8348351,-122.8180008,1.74
ci40684248,"7 km WSW of Anza, CA",0.29,2024-03-09 07:25:05.540,33.525,-116.7441667,3.24
ok2024euuv,"6 km W of Arcadia, Oklahoma",1.66,2024-03-09 07:22:55.780,35.66283333,-97.39466667,7.68
nn00874448,"7 km SE of Floriston, California",0.4,2024-03-09 07:17:19.121,39.341,-119.9673,4.5
ak024368c1yl,"114 km NNE of Arctic Village, Alaska",1.9,2024-03-09 07:14:34.064,69.1059,-144.7064,0.0
nn00874439,"11 km NNW of Virginia City, Nevada",0.5,2024-03-09 07:13:46.026,39.4087,-119.6946,8.1
ci40684232,"7 km N of Anza, CA",1.17,2024-03-09 07:11:55.640,33.6208333,-116.6851667,12.99
nn00874438,"11 km NNW of Virginia City, Nevada",0.6,2024-03-09 07:08:02.090,39.4102,-119.6995,7.7
ak02436892p6,"66 km ENE of Cordova, Alaska",2.5,2024-03-09 07:00:43.947,60.7574,-144.6319,4.5
ak024367xp8j,"4 km S of Salcha, Alaska",1.4,2024-03-09 06:47:37.316,64.4879,-146.8908,4.4
nn00874437,"12 km NNW of Virginia City, Nevada",0.3,2024-03-09 06:34:34.454,39.4157,-119.6967,7.0
nn00874426,"11 km NNW of Virginia City, Nevada",1.6,2024-03-09 06:29:12.261,39.4069,-119.6952,8.4
ak024367tk86,"122 km NW of Yakutat, Alaska",1.7,2024-03-09 06:28:06.144,60.2336,-141.4408,11.3
ok2024euta,"8 km SW of Pocasset, Oklahoma",0.96,2024-03-09 06:28:00.960,35.12933333,-98.00533333,7.8
nn00874424,"11 km NNW of Virginia City, Nevada",3.2,2024-03-09 06:27:25.425,39.4113,-119.6925,8.5
ak024367szd0,"122 km NW of Yakutat, Alaska",1.8,2024-03-09 06:25:35.725,60.2233,-141.442,14.3
hv74132186,"19 km N of Pāhala, Hawaii",1.87,2024-03-09 06:24:46.820,19.376,-155.470833333333,40.64
ok2024eust,"7 km ENE of Verden, Oklahoma",1.42,2024-03-09 06:20:17.890,35.11716667,-98.0125,6.95
ak024367rfju,"31 km ESE of Susitna North, Alaska",1.5,2024-03-09 06:18:12.424,62.0221,-149.3325,48.3
nn00874436,"11 km NNW of Virginia City, Nevada",0.5,2024-03-09 06:17:09.676,39.4088,-119.6886,6.4
tx2024eusl,"53 km NW of Toyah, Texas",1.6,2024-03-09 06:10:45.137,31.646,-104.197,6.0999
ak024367pj4e,"6 km N of Big Lake, Alaska",1.8,2024-03-09 06:09:25.581,61.5833,-149.958,33.0
nc74014256,"2 km NE of The Geysers, CA",0.22,2024-03-09 05:56:36.970,38.7916667,-122.7426667,0.71
ok2024eurz,"8 km ENE of Verden, Oklahoma",1.38,2024-03-09 05:56:33.509,35.12416667,-98.00783333,7.45
ak024367co8v,"3 km SE of Big Lake, Alaska",1.8,2024-03-09 05:49:26.710,61.4992,-149.9213,43.9
av92226216,"90 km SSE of Kokhanok, Alaska",0.06,2024-03-09 05:48:40.410,58.6486666666667,-154.4495,8.06
nc74014251,"9 km WNW of Cobb, CA",0.42,2024-03-09 05:40:26.470,38.8438333,-122.8261667,1.69
nc74014246,"10 km WNW of Cobb, CA",1.19,2024-03-09 05:37:57.680,38.8445,-122.8376667,1.95
nc74014241,"6 km NW of The Geysers, CA",-0.11,2024-03-09 05:36:39.800,38.8246667,-122.7996667,2.76
pr71442498,"9 km SW of Guánica, Puerto Rico",2.03,2024-03-09 05:24:33.720,17.9181666666667,-66.9731666666667,12.46
pr71442513,"8 km SSW of Guánica, Puerto Rico",1.39,2024-03-09 05:24:12.630,17.9076666666667,-66.9486666666667,7.19
uu80062346,"12 km WSW of Portage, Utah",0.88,2024-03-09 05:22:26.670,41.9341666666667,-112.382,5.38
ci40684216,"20 km SE of Bodfish, CA",0.83,2024-03-09 05:19:50.470,35.4763333,-118.316,6.17
us7000m4cj,"42 km S of Shizunai-furukawachō, Japan",4.9,2024-03-09 05:18:25.349,41.9544,142.3401,62.298
ak0243675z2r,"23 km SE of Susitna North, Alaska",1.7,2024-03-09 05:18:01.157,62.0174,-149.5125,42.2
us7000m4ck,"84 km ENE of Nagqu, China",4.3,2024-03-09 05:17:46.850,31.8953,92.7963,10.0
nc74014236,"13 km S of Tres Pinos, CA",0.7,2024-03-09 05:12:57.550,36.6725,-121.3361667,1.41
hv74132131,"13 km NW of Wai‘ōhinu, Hawaii",1.74,2024-03-09 05:10:20.550,19.1683333333333,-155.690333333333,7.85
ok2024euqi,"8 km ENE of Verden, Oklahoma",2.08,2024-03-09 05:06:40.359,35.1255,-98.00633333,6.72
ok2024euqe,"8 km NE of Verden, Oklahoma",0.81,2024-03-09 05:02:08.339,35.12483333,-98.01316667,7.3
av92226191,"67 km NE of Nikolski, Alaska",-0.14,2024-03-09 04:59:41.220,53.3956666666667,-168.1875,-0.55
ci40684200,"9 km WSW of Anza, CA",0.84,2024-03-09 04:57:59.730,33.5131667,-116.76,4.22
ok2024euqa,"8 km SW of Pocasset, Oklahoma",1.17,2024-03-09 04:57:43.899,35.1315,-98.00516667,7.86
nc74014231,"17 km E of Willows, CA",2.48,2024-03-09 04:57:19.030,39.4943333,-121.9958333,26.66
mb90042973,"17 km NE of Stanley, Idaho",2.04,2024-03-09 04:52:26.410,44.3408333333333,-114.812333333333,8.28
nc74014226,"8 km W of Cobb, CA",0.35,2024-03-09 04:49:07.190,38.8348333,-122.8158333,1.69
ok2024eupr,"7 km NW of Chickasha, Oklahoma",1.71,2024-03-09 04:47:18.751,35.10873032,-97.98638153,6.375187397
us6000mj0u,"140 km WSW of Nikolski, Alaska",4.2,2024-03-09 04:46:38.983,52.617,-170.8703,10.0
ak024366prpj,"20 km SW of Susitna, Alaska",1.9,2024-03-09 04:42:40.716,61.4009,-150.745,64.9
nc74014221,"10 km NW of The Geysers, CA",0.72,2024-03-09 04:41:18.860,38.838501,-122.8371658,1.89
nc74014216,"8 km WNW of Cobb, CA",0.35,2024-03-09 04:39:35.570,38.8388333,-122.808,1.94
av91135888,"19 km WSW of Sitka, Alaska",0.87,2024-03-09 04:38:02.860,57.0155,-135.641166666667,4.11
us7000m4c9,"20 km NNE of Stanley, Idaho",2.9,2024-03-09 04:37:53.036,44.3928,-114.8642,10.0
nc74014211,"2 km NW of The Geysers, CA",1.07,2024-03-09 04:28:51.340,38.7891667,-122.776,0.82
ok2024euox,"8 km ENE of Verden, Oklahoma",1.75,2024-03-09 04:24:03.759,35.10567093,-98.00140381,5.472360611
av92226156,"78 km SE of King Salmon, Alaska",-0.32,2024-03-09 04:16:11.840,58.2523333333333,-155.612666666667,5.98
nn00874422,"11 km NNW of Virginia City, Nevada",1.1,2024-03-09 04:15:05.543,39.4096,-119.6916,7.7
ok2024euoo,"7 km NE of Verden, Oklahoma",1.51,2024-03-09 04:12:52.829,35.124,-98.01533333,7.11
ok2024euon,"8 km ENE of Verden, Oklahoma",1.99,2024-03-09 04:11:35.649,35.12216667,-98.005,7.25
ci40684144,"8 km WSW of Anza, CA",0.53,2024-03-09 04:04:45.190,33.5193333,-116.7436667,3.81
ok2024eunv,"8 km ENE of Verden, Oklahoma",1.76,2024-03-09 03:54:37.670,35.123,-98.00833333,7.16
ok2024euns,"8 km ENE of Verden, Oklahoma",1.61,2024-03-09 03:47:57.511,35.11277771,-98.00021362,0.7414486408
ak0243663xg5,"21 km ESE of Denali National Park, Alaska",2.0,2024-03-09 03:40:50.774,63.479,-151.3121,3.3
pr71442483,"5 km WSW of Guánica, Puerto Rico",2.66,2024-03-09 03:40:07.370,17.9475,-66.9531666666667,7.2
tx2024euni,"62 km S of Whites City, New Mexico",2.4,2024-03-09 03:35:13.682,31.619,-104.499,6.8176
ak0243662kpk,"22 km ESE of Denali National Park, Alaska",2.4,2024-03-09 03:34:19.126,63.4969,-151.2917,6.4
ok2024eunc,"7 km SSW of Pocasset, Oklahoma",1.9,2024-03-09 03:28:19.264,35.13719177,-97.98686981,11.06937981
ok2024eumz,"5 km SSW of Pocasset, Oklahoma",1.58,2024-03-09 03:25:04.190,35.14661407,-97.97662354,3.740478754
nc74014196,"9 km WSW of Ridgemark, CA",0.72,2024-03-09 03:24:09.700,36.7726667,-121.4551667,12.19
ok2024eumv,"8 km SW of Pocasset, Oklahoma",0.75,2024-03-09 03:21:02.209,35.13316667,-98.003,7.39
hv74132066,"9 km S of Volcano, Hawaii",1.74,2024-03-09 03:20:34.310,19.3575,-155.221833333333,30.79
nc74014186,"8 km WNW of The Geysers, CA",-0.13,2024-03-09 03:15:33.700,38.8155,-122.8301667,1.09
nc74014181,"7 km E of Cloverdale, CA",0.69,2024-03-09 03:14:11.260,38.8005,-122.936,4.82
nc74014176,"8 km WNW of The Geysers, CA",0.75,2024-03-09 03:11:52.530,38.8036652,-122.8461685,2.27
us6000mj0t,"219 km SSE of Amahai, Indonesia",4.3,2024-03-09 03:07:58.657,-5.146,129.7333,212.841
nc74014171,"7 km WNW of The Geysers, CA",0.31,2024-03-09 03:05:50.910,38.8103333,-122.8248367,1.98
ci40684136,"8 km WSW of Anza, CA",0.66,2024-03-09 03:02:20.240,33.5223333,-116.7448333,3.68
nc74014166,"10 km WNW of The Geysers, CA",0.28,2024-03-09 02:58:56.820,38.8213348,-122.8604965,1.58
ak024365ma3k,"6 km NW of Tyonek, Alaska",1.9,2024-03-09 02:58:16.641,61.1037,-151.2305,28.9
hv74132051,"10 km ESE of Honaunau-Napoopoo, Hawaii",2.09,2024-03-09 02:57:58.170,19.421667098999,-155.776168823242,43.7999992370605
hv74132056,"17 km SW of Volcano, Hawaii",2.02,2024-03-09 02:57:56.690,19.3165,-155.330166666667,2.53
mb90042953,"17 km SE of Lincoln, Montana",1.09,2024-03-09 02:48:36.500,46.8665,-112.488833333333,12.74
mb90042948,"15 km SE of Lincoln, Montana",1.09,2024-03-09 02:48:21.770,46.872,-112.521166666667,12.76
ci40684128,"7 km WSW of Anza, CA",0.45,2024-03-09 02:38:50.800,33.5225,-116.7438333,3.49
nc74014161,"1 km SW of Anderson Springs, CA",0.47,2024-03-09 02:33:47.860,38.766,-122.6996667,1.9
nc74014156,"17 km WSW of Toms Place, CA",1.47,2024-03-09 02:33:41.410,37.487,-118.8441667,3.92
nc74014151,"6 km WNW of Cobb, CA",1.09,2024-03-09 02:21:43.220,38.8363342,-122.7961655,2.01
ak024365edwy,"17 km ESE of Funny River, Alaska",2.0,2024-03-09 02:21:33.623,60.4484,-150.4716,44.2
ok2024eukq,"7 km ENE of Verden, Oklahoma",0.76,2024-03-09 02:14:30.739,35.098,-98.00483333,7.66
nc74014146,"8 km W of Cobb, CA",0.77,2024-03-09 02:10:06.260,38.8343315,-122.8164978,1.83
ak024365byo9,"28 km SE of Chignik, Alaska",2.3,2024-03-09 02:10:02.979,56.1188,-158.0684,39.8
nc74014141,"9 km SW of Ridgemark, CA",1.02,2024-03-09 02:09:53.740,36.767,-121.4498333,10.79
ci40684120,"12 km NW of Anza, CA",0.86,2024-03-09 02:05:39.300,33.6305,-116.7738333,14.69
tx2024eukg,"60 km S of Whites City, New Mexico",2.5,2024-03-09 02:02:33.310,31.628,-104.371,6.7151
nn00874435,"12 km NNW of Virginia City, Nevada",0.4,2024-03-09 02:01:43.500,39.4148,-119.6942,6.8
us6000mj0s,Fiji region,4.2,2024-03-09 01:51:26.384,-20.4576,-178.1089,524.728
nc74014131,"6 km WNW of Cobb, CA",1.09,2024-03-09 01:43:56.710,38.8364983,-122.791832,2.11
ci40684112,"2 km ENE of Beaumont, CA",0.82,2024-03-09 01:40:53.060,33.9371667,-116.9631667,4.08
nn00874447,"30 km WNW of Indian Springs, Nevada",-0.4,2024-03-09 01:38:31.317,36.7179,-115.9517,2.8
nn00874446,"29 km WNW of Indian Springs, Nevada",-0.3,2024-03-09 01:38:19.156,36.7195,-115.9485,3.1
nc74014121,"7 km NW of The Geysers, CA",0.75,2024-03-09 01:37:11.410,38.8120003,-122.8205032,3.32
hv74131996,"4 km S of Pāhala, Hawaii",1.78,2024-03-09 01:35:38.400,19.159,-155.469833333333,32.34
av91135873,"86 km NNW of Karluk, Alaska",-0.44,2024-03-09 01:29:34.040,58.2475,-155.166833333333,1.43
nc74014111,"2 km NNW of The Geysers, CA",0.63,2024-03-09 01:28:40.520,38.7911682,-122.7668304,-0.16
nc74014106,"10 km WSW of Ridgemark, CA",0.73,2024-03-09 01:24:23.590,36.7715,-121.4595,11.68
nc74014101,"7 km NW of The Geysers, CA",0.64,2024-03-09 01:19:35.090,38.8113327,-122.8203354,3.04
tx2024euiq,"54 km NW of Toyah, Texas",2.2,2024-03-09 01:12:36.006,31.668,-104.194,6.3562
nc74014096,"7 km NW of The Geysers, CA",0.44,2024-03-09 01:09:56.360,38.8111649,-122.8199997,2.87
tx2024euif,"54 km NW of Toyah, Texas",1.8,2024-03-09 00:58:21.606,31.671,-104.185,6.0486
ci40684088,"11 km NNW of Julian, CA",0.89,2024-03-09 00:54:35.230,33.1676667,-116.657,16.37
nn00874416,"11 km NNW of Virginia City, Nevada",1.9,2024-03-09 00:44:50.679,39.407,-119.6942,7.7
ci40684080,"6 km S of Idyllwild, CA",0.77,2024-03-09 00:44:12.690,33.6833333,-116.7223333,15.51
us6000mj0p,south of the Fiji Islands,4.0,2024-03-09 00:41:04.072,-24.5837,-179.0765,403.166
nc74014076,"7 km WNW of The Geysers, CA",0.27,2024-03-09 00:40:20.410,38.8101654,-122.8208313,2.99
nc74014071,"28 km WNW of Petrolia, CA",2.16,2024-03-09 00:27:46.910,40.4235,-124.5855,17.33
nc74014066,"8 km NW of The Geysers, CA",0.35,2024-03-09 00:25:46.540,38.8206673,-122.8223343,2.04
tx2024eugz,"54 km NW of Toyah, Texas",2.0,2024-03-09 00:21:32.256,31.67,-104.196,6.7151
tx2024eugx,"54 km NW of Toyah, Texas",2.2,2024-03-09 00:19:30.119,31.672,-104.194,6.9971
nc74014056,"6 km WNW of The Geysers, CA",2.19,2024-03-09 00:17:30.290,38.8093333,-122.8183333,3.29
us6000mj0n,"180 km NW of Tuapejat, Indonesia",4.4,2024-03-09 00:15:09.901,-0.9913,98.3412,10.0
ci40684064,"7 km S of Idyllwild, CA",0.8,2024-03-09 00:14:54.060,33.676,-116.7161667,15.09
ci37630692,"7 km S of Idyllwild, CA",0.28,2024-03-09 00:14:49.770,33.6758333,-116.7096667,14.63
tx2024eugs,"54 km NW of Toyah, Texas",1.9,2024-03-09 00:13:46.425,31.666,-104.199,10.5603
tx2024eugq,"54 km NW of Toyah, Texas",2.9,2024-03-09 00:12:49.208,31.674,-104.188,7.2791
nn00874414,"2 km S of Virginia City, Nevada",1.2,2024-03-09 00:09:26.256,39.2874,-119.6491,0.0
uw61989051,"16 km NNE of Ashford, Washington",0.21,2024-03-09 00:04:53.980,46.896,-121.9495,12.21
ci40684048,"20 km ESE of Little Lake, CA",0.67,2024-03-09 00:03:59.880,35.8873333,-117.6963333,13.86
nn00874421,"12 km NNW of Virginia City, Nevada",0.6,2024-03-09 00:03:18.128,39.4156,-119.6976,7.3
nc74014036,"9 km WNW of Cobb, CA",1.29,2024-03-08 23:57:39.670,38.8401667,-122.8233333,2.15
ak02434uj74i,"3 km S of Salcha, Alaska",1.3,2024-03-08 23:49:58.907,64.4968,-146.9098,4.5
nc74014016,"7 km WSW of Redwood Valley, CA",1.25,2024-03-08 23:47:42.860,39.2483333,-123.2835,6.11
ci40684032,"3 km N of Vincent, CA",0.64,2024-03-08 23:34:25.380,34.528,-118.1106667,11.04
hv74131931,"6 km SW of Pāhala, Hawaii",1.96000004,2024-03-08 23:28:00.640,19.1555004119873,-155.515335083008,33.2900009155273
av91135868,"10 km W of Akutan, Alaska",-0.76,2024-03-08 23:27:48.790,54.129,-165.935333333333,1.91
nc74014011,"5 km WSW of Gilroy, CA",0.76,2024-03-08 23:26:22.760,36.9805,-121.6188333,7.57
nc74014006,"2 km ESE of The Geysers, CA",0.95,2024-03-08 23:23:35.390,38.7731667,-122.7361679,0.88
hv74131911,"7 km N of Pāhala, Hawaii",1.73,2024-03-08 23:07:25.820,19.2733333333333,-155.467333333333,32.36
ok2024euei,"8 km SE of Sparks, Oklahoma",1.86,2024-03-08 23:02:56.310,35.54852676,-96.75565338,4.227581024
pr71442478,"9 km SSW of Guánica, Puerto Rico",2.32,2024-03-08 22:50:08.930,17.8996666666667,-66.9556666666667,13.54
nn00874412,"12 km NNW of Virginia City, Nevada",0.7,2024-03-08 22:44:12.257,39.4168,-119.7032,7.4
us6000mivr,"222 km WNW of Fangale’ounga, Tonga",4.5,2024-03-08 22:41:14.625,-18.8559,-176.2199,10.0
ci40684000,"9 km WSW of Inyokern, CA",0.81,2024-03-08 22:36:57.030,35.6158333,-117.9068333,6.39
ci40683992,"13 km WNW of Anza, CA",0.55,2024-03-08 22:35:23.770,33.5966667,-116.8093333,7.94
nc74013976,"8 km W of Cobb, CA",0.41,2024-03-08 22:24:09.930,38.832,-122.8085,2.34
nc74013971,"4 km W of Cobb, CA",0.71,2024-03-08 22:21:58.170,38.8223343,-122.7651672,2.27
us6000mivs,South Sandwich Islands region,4.6,2024-03-08 22:20:16.642,-58.1328,-29.2466,10.0
uw61989026,"8 km S of Princeton, Canada",2.04,2024-03-08 22:18:46.030,49.382,-120.491,8.73
nc74013961,"16 km SW of Greenfield, CA",0.64,2024-03-08 22:16:24.720,36.2096667,-121.3515,4.67
ak02434tp2jx,"6 km S of Salcha, Alaska",1.6,2024-03-08 22:09:02.850,64.4698,-146.885,10.5
nc74013946,"7 km W of Cobb, CA",1.57,2024-03-08 22:00:56.200,38.8315,-122.8078333,2.23
hv74131866,"48 km SE of Pāhala, Hawaii",1.86,2024-03-08 21:53:45.750,18.8863333333333,-155.154833333333,11.28
ci40683936,"14 km NNE of Borrego Springs, CA",0.66,2024-03-08 21:50:17.640,33.3645,-116.2885,11.11
av92225861,"40 km NE of Adak, Alaska",0.68,2024-03-08 21:49:06.610,52.084,-176.150833333333,-1.8
us6000mivm,south of the Fiji Islands,4.4,2024-03-08 21:34:01.664,-24.7065,178.8467,617.934
ci40683896,"1 km NE of Anza, CA",0.53,2024-03-08 21:26:20.370,33.5648333,-116.6651667,10.09
us6000mivn,"108 km N of Lae, Papua New Guinea",4.2,2024-03-08 21:22:08.257,-5.7486,146.9061,115.68
nn00874403,"36 km NW of Indian Springs, Nevada",0.5,2024-03-08 21:17:41.128,36.84,-115.9012,7.9
ci40683872,"12 km NE of Cabazon, CA",1.09,2024-03-08 21:12:34.620,33.9813333,-116.6881667,12.95
ak02434t3x8t,"23 km NE of Susitna North, Alaska",1.8,2024-03-08 21:10:36.291,62.3284,-149.588,51.1
ci40683864,"18 km WSW of La Jolla, CA",3.03,2024-03-08 21:09:41.170,32.7955,-117.4613333,15.81
us6000mivl,northern Mid-Atlantic Ridge,5.0,2024-03-08 21:03:48.372,23.8062,-46.3561,10.0
ak02434ssx05,"38 km ESE of Skwentna, Alaska",2.1,2024-03-08 20:59:01.010,61.9185,-150.6866,5.1
ci40683840,"9 km NNW of Anza, CA",0.82,2024-03-08 20:54:03.850,33.634,-116.6935,13.76
ci37630684,"9 km NNW of Anza, CA",0.43,2024-03-08 20:52:20.510,33.6328333,-116.693,13.31
ci40683832,"9 km NNW of Anza, CA",0.54,2024-03-08 20:52:18.670,33.6378333,-116.6961667,13.9
ak02434squng,"57 km N of Aleneva, Alaska",2.1,2024-03-08 20:49:37.409,58.5683,-152.7612,62.8
pr2024068002,"32 km ENE of Cruz Bay, U.S. Virgin Islands",3.82,2024-03-08 20:48:17.350,18.422,-64.5036,100.0
ci40683800,"9 km SSE of Redlands, CA",1.18,2024-03-08 20:34:32.110,33.9843333,-117.1466667,14.81
ci40683792,"3 km NNE of San Ysidro, CA",1.27,2024-03-08 20:30:29.500,32.58,-117.0283333,-0.43
ak02434sljhn,"8 km E of Fox, Alaska",1.5,2024-03-08 20:25:02.482,64.9716,-147.4336,2.3
nc74013936,"3 km ENE of The Geysers, CA",1.06,2024-03-08 20:22:12.880,38.7840004,-122.7248306,1.04
pr71442428,"40 km NNW of San Antonio, Puerto Rico",3.01,2024-03-08 20:21:58.500,18.8068333333333,-67.2881666666667,8.75
nc74013931,"6 km W of Cobb, CA",0.43,2024-03-08 20:19:22.110,38.8263333,-122.797,2.71
uw61988906,"11 km ESE of Enumclaw, Washington",1.16,2024-03-08 20:17:21.260,47.16566666666667,-121.8545,-0.77
pr71442438,"8 km SSE of Guánica, Puerto Rico",2.45,2024-03-08 20:11:33.180,17.8985,-66.8796666666667,6.54
ci40683768,"2 km ESE of Home Gardens, CA",0.98,2024-03-08 20:00:46.400,33.8711667,-117.5043333,-0.53
ak02434sga32,"10 km W of Trapper Creek, Alaska",1.2,2024-03-08 20:00:05.233,62.3044,-150.4274,22.0
ci40683760,"5 km E of Lebec, CA",1.1,2024-03-08 19:56:31.640,34.848,-118.8086667,-1.11
ok2024etxs,"8 km NW of Prague, Oklahoma",1.75,2024-03-08 19:42:45.350,35.53333333,-96.7615,6.0
nn00874395,"46 km E of Beatty, Nevada",0.8,2024-03-08 19:38:02.309,36.8587,-116.2447,5.0
nn00874392,"10 km NNW of Virginia City, Nevada",1.9,2024-03-08 19:28:58.229,39.3896,-119.7075,6.7
us7000m494,"5 km SW of Ichinomiya, Japan",4.3,2024-03-08 19:26:41.934,35.3326,140.3377,27.849
nc74013916,"7 km NW of The Geysers, CA",1.2,2024-03-08 19:26:00.450,38.824,-122.8043333,1.45
nc74013911,"8 km W of Cobb, CA",1.06,2024-03-08 19:20:59.550,38.8339996,-122.8154984,1.6
uw61988881,"5 km W of Mehama, Oregon",1.54,2024-03-08 19:20:32.590,44.7935,-122.68283333333333,-0.37
ak02434ryjww,"33 km WNW of Petersville, Alaska",1.7,2024-03-08 19:17:34.567,62.6009,-151.3813,97.1
nc74013906,"4 km WNW of The Geysers, CA",0.31,2024-03-08 19:16:12.990,38.796833,-122.7978363,0.82
nc74013901,"4 km WNW of The Geysers, CA",0.42,2024-03-08 19:11:23.330,38.7995,-122.7996667,0.28
ci40683680,"13 km SE of Tehachapi, CA",1.11,2024-03-08 19:10:58.960,35.0588333,-118.338,-0.93
nc74013891,"4 km WNW of The Geysers, CA",1.06,2024-03-08 19:02:07.760,38.7994995,-122.800499,0.39
nc74013876,"4 km WNW of The Geysers, CA",1.06,2024-03-08 18:59:55.380,38.7991676,-122.7985001,0.55
nc74013871,"7 km NW of The Geysers, CA",0.93,2024-03-08 18:59:30.220,38.8148346,-122.819664,1.11
us7000m48w,"81 km SSE of Hengchun, Taiwan",4.6,2024-03-08 18:58:06.208,21.3162,121.016,10.0
ak02434rigbl,"59 km ESE of Whittier, Alaska",1.8,2024-03-08 18:42:23.053,60.598,-147.6635,16.0
nc74013866,"2 km N of The Geysers, CA",1.04,2024-03-08 18:41:23.390,38.7921677,-122.76017,0.25
ak02434rgkz5,"8 km S of Salcha, Alaska",1.0,2024-03-08 18:33:50.256,64.4512,-146.9305,10.8
nc74013861,"8 km W of Cobb, CA",0.76,2024-03-08 18:32:14.480,38.831665,-122.8099976,1.84
ak02434rg1od,"13 km NE of Livengood, Alaska",1.7,2024-03-08 18:31:00.137,65.6056,-148.3178,3.5
pr71442413,"11 km S of Guánica, Puerto Rico",2.45,2024-03-08 18:27:37.910,17.8695,-66.9108333333333,10.84
nn00874387,"47 km WNW of Indian Springs, Nevada",-0.3,2024-03-08 18:26:04.900,36.7871,-116.1306,7.5
av91135858,"73 km NW of Ninilchik, Alaska",-0.58,2024-03-08 18:24:21.950,60.488,-152.664,7.79
pr2024068001,"47 km NNE of Cruz Bay, U.S. Virgin Islands",3.45,2024-03-08 18:23:58.420,18.722,-64.6126,24.0
tx2024etuy,"19 km NW of Stanton, Texas",2.2,2024-03-08 18:17:31.355,32.27,-101.92,7.8857
nc74013851,"1 km ENE of The Geysers, CA",0.23,2024-03-08 18:16:53.930,38.7805,-122.7431667,0.41
ak02434rcmfb,"70 km S of Kokhanok, Alaska",2.2,2024-03-08 18:15:02.159,58.816,-154.5952,127.1
us7000m48k,"15 km WNW of Rancagua, Chile",4.0,2024-03-08 18:12:48.665,-34.1335,-70.9055,82.458
nn00874388,"12 km NNW of Virginia City, Nevada",1.0,2024-03-08 18:12:37.054,39.4119,-119.6959,7.9
nc74013846,"8 km W of Cobb, CA",0.74,2024-03-08 18:10:15.510,38.8333321,-122.8099976,1.8
ak02434raq35,"15 km W of Karluk, Alaska",1.8,2024-03-08 18:06:17.131,57.5427,-154.7043,41.9
av91135848,"31 km W of Dutch Harbor, Alaska",-0.04,2024-03-08 18:06:14.650,53.9163333333333,-167.015,34.9
ak02434qy367,"83 km NNW of Karluk, Alaska",0.8,2024-03-08 17:47:20.642,58.2697,-154.9729,12.9
ak02434qxxq5,"29 km W of Tanana, Alaska",1.8,2024-03-08 17:46:51.352,65.1918,-152.7137,8.3
us7000m486,south of the Fiji Islands,5.3,2024-03-08 17:21:55.620,-22.1543,-179.5721,598.021
us7000m485,"9 km NNW of Stanley, Idaho",2.5,2024-03-08 17:18:47.170,44.2898,-114.9924,11.178
tx2024etsv,"54 km NW of Toyah, Texas",2.0,2024-03-08 17:14:01.530,31.669,-104.195,6.2537
hv74131646,"13 km ESE of Pāhala, Hawaii",2.06,2024-03-08 17:00:25.730,19.1348333333333,-155.3705,29.51
ci40683568,"1 km N of Universal City, CA",1.13,2024-03-08 16:56:45.400,34.1463333,-118.3533333,15.77
nc74013806,"2 km SE of The Geysers, CA",0.78,2024-03-08 16:51:02.670,38.7633324,-122.73983,1.12
ak02434qcpb4,"30 km SSE of Denali National Park, Alaska",1.3,2024-03-08 16:47:44.005,63.3135,-151.3941,16.6
nc74013801,"2 km ENE of The Geysers, CA",1.08,2024-03-08 16:43:53.070,38.7804985,-122.7375031,-0.87
uw61988801,"37 km NNE of Amboy, Washington",0.14,2024-03-08 16:41:55.340,46.19466666666667,-122.18466666666667,7.49
nc74013796,"3 km WNW of Anderson Springs, CA",1.17,2024-03-08 16:35:19.410,38.7804985,-122.7226639,1.27
ak02434q92gk,"5 km SSW of Salcha, Alaska",1.1,2024-03-08 16:30:48.119,64.4818,-146.9521,9.1
nc74013786,"19 km ESE of Hidden Valley Lake, CA",1.48,2024-03-08 16:18:06.750,38.7343333,-122.357,12.16
nc74013781,"4 km W of Cobb, CA",0.21,2024-03-08 16:10:00.960,38.8256683,-122.7668304,1.95
us7000m45m,"56 km ENE of Samaná, Dominican Republic",3.1,2024-03-08 16:05:31.140,19.4685,-68.8732,10.0
nc74013776,"2 km NW of The Geysers, CA",0.29,2024-03-08 15:45:46.990,38.7905006,-122.7708359,0.1
uw61988781,"21 km ESE of Three Rivers, Oregon",0.43,2024-03-08 15:42:31.530,43.73566666666667,-121.223,-1.814952
ci40683504,"15 km N of Borrego Springs, CA",0.99,2024-03-08 15:24:56.840,33.3935,-116.3831667,6.46
nc74013771,"3 km NNW of The Geysers, CA",0.42,2024-03-08 15:23:17.010,38.8038333,-122.773,1.48
ci40683496,"13 km WSW of Searles Valley, CA",1.1,2024-03-08 15:14:46.710,35.7306667,-117.5431667,2.92
ci40683488,"9 km N of Anza, CA",0.36,2024-03-08 15:10:18.140,33.6388333,-116.6883333,12.94
ak02434ph82t,"17 km NE of Hughes, Alaska",2.2,2024-03-08 15:00:57.334,66.1604,-153.9907,2.8
uw61988761,"2 km S of Tumalo, Oregon",1.43,2024-03-08 14:55:22.860,44.125,-121.3305,7.88
tx2024etof,"40 km NW of Toyah, Texas",1.7,2024-03-08 14:54:13.807,31.547,-104.117,6.3049
nc74013766,"12 km ESE of Redway, CA",2.04,2024-03-08 14:52:30.900,40.0796667,-123.6861667,23.71
ci40683480,"11 km ENE of Ocotillo Wells, CA",1.46,2024-03-08 14:43:46.230,33.1966667,-116.0281667,8.88
ci40683472,"10 km NNE of Indio, CA",0.87,2024-03-08 14:43:01.930,33.8053333,-116.1843333,6.57
nn00874375,"10 km NNW of Virginia City, Nevada",1.4,2024-03-08 14:42:56.792,39.3872,-119.7088,6.3
nc74013761,"3 km NNW of The Geysers, CA",0.45,2024-03-08 14:42:39.510,38.8006667,-122.7708333,0.72
av91135843,"60 km SE of Pedro Bay, Alaska",0.43,2024-03-08 14:39:38.100,59.3645,-153.437833333333,2.74
nc74013756,"3 km NNW of The Geysers, CA",1.07,2024-03-08 14:38:37.710,38.8011665,-122.7701645,0.4
uw61988756,"37 km NNE of Amboy, Washington",-0.03,2024-03-08 14:34:45.890,46.19566666666667,-122.1885,7.0
nc74013751,"3 km NNW of The Geysers, CA",0.41,2024-03-08 14:34:08.100,38.8005,-122.7658333,0.75
ci40683464,"2 km WNW of Brawley, CA",1.55,2024-03-08 14:33:59.010,32.986,-115.5445,5.81
ci40683456,"2 km WNW of Brawley, CA",1.46,2024-03-08 14:33:22.860,32.9848333,-115.5465,5.57
nc74013746,"8 km NW of The Geysers, CA",0.27,2024-03-08 14:32:04.430,38.8151665,-122.828331,2.62
nc74013741,"3 km NNW of The Geysers, CA",1.08,2024-03-08 14:31:55.880,38.8016663,-122.768837,0.31
nc74013736,"3 km NNW of The Geysers, CA",0.73,2024-03-08 14:25:48.110,38.8008347,-122.7646637,0.48
ak02434p0tvi,"60 km WNW of Happy Valley, Alaska",1.8,2024-03-08 14:24:08.301,60.0602,-152.7892,95.4
tx2024etmv,"8 km NNE of Toyah, Texas",1.6,2024-03-08 14:12:22.899,31.384,-103.747,-0.5524
ak02434oy48z,"37 km ENE of Susitna North, Alaska",1.3,2024-03-08 14:11:43.078,62.2999,-149.1858,48.0
nn00874400,"10 km NNW of Virginia City, Nevada",0.7,2024-03-08 14:04:57.380,39.3907,-119.7142,5.5
pr71442403,"1 km ENE of Magas Arriba, Puerto Rico",2.3,2024-03-08 13:54:57.290,18.0256666666667,-66.7535,13.46
uw61988746,"3 km WSW of Packwood, Washington",0.85,2024-03-08 13:49:57.850,46.591,-121.7155,8.61
nc74013716,"7 km NW of The Geysers, CA",1.37,2024-03-08 13:44:42.340,38.8175,-122.815,2.25
uu80062291,"15 km NE of Milford, Utah",0.17,2024-03-08 13:39:07.870,38.4955,-112.892333333333,2.93
uu80062286,"14 km NE of Milford, Utah",0.38,2024-03-08 13:38:34.970,38.4956666666667,-112.895666666667,2.86
nn00874391,"10 km NNW of Virginia City, Nevada",0.8,2024-03-08 13:35:59.405,39.3896,-119.7162,6.3
ak02434ohuk3,"71 km N of Lake Minchumina, Alaska",1.6,2024-03-08 13:35:52.516,64.5216,-152.1941,1.0
us6000mivt,South Sandwich Islands region,4.8,2024-03-08 13:35:30.963,-58.0985,-29.2613,9.914
nc74013711,"9 km WNW of Cobb, CA",0.77,2024-03-08 13:34:42.700,38.8458328,-122.8218307,4.46
nc74013706,"8 km W of Cobb, CA",0.23,2024-03-08 13:29:18.660,38.8339996,-122.8148346,1.58
nc74013701,"7 km WNW of Cobb, CA",0.32,2024-03-08 13:21:03.030,38.8354988,-122.7994995,1.14
av92225621,"105 km W of Adak, Alaska",1.17,2024-03-08 13:16:03.790,51.8501666666667,-178.158666666667,6.34
nc74013696,"15 km N of Dixon Lane-Meadow Creek, CA",1.45,2024-03-08 13:03:27.280,37.5186667,-118.4341667,7.4
us7000m44z,"79 km E of Kandrian, Papua New Guinea",4.1,2024-03-08 12:59:56.053,-6.2617,150.261,34.312
ci40683424,"10 km NNE of Indio, CA",0.74,2024-03-08 12:48:31.600,33.8015,-116.1805,6.91
nc74013691,"8 km W of Cobb, CA",0.99,2024-03-08 12:48:11.410,38.8349991,-122.8166656,1.76
hv74131571,"0 km SSW of Pāhala, Hawaii",2.26999998,2024-03-08 12:47:53.270,19.1958332061768,-155.483337402344,29.2900009155273
ak02434nyruc,"58 km N of Chase, Alaska",1.4,2024-03-08 12:46:52.682,62.9707,-150.1194,71.2
us6000mivd,Macquarie Island region,4.3,2024-03-08 12:39:57.871,-58.9798,159.4589,10.0
av91135828,"60 km SE of Pedro Bay, Alaska",0.33,2024-03-08 12:35:48.380,59.3636666666667,-153.427666666667,-1.2
nc74013686,"2 km N of The Geysers, CA",1.05,2024-03-08 12:34:41.570,38.793335,-122.7559967,0.61
ak02434nuumy,"24 km NW of Willow, Alaska",1.5,2024-03-08 12:28:22.662,61.9299,-150.2969,19.7
nc74013681,"7 km WNW of The Geysers, CA",0.75,2024-03-08 12:25:00.000,38.8096657,-122.8223343,3.04
us6000miv6,Fiji region,4.2,2024-03-08 12:24:04.212,-20.4232,-178.1732,532.26
nc74013676,"7 km WNW of The Geysers, CA",0.76,2024-03-08 12:21:04.610,38.8106651,-122.8219986,2.87
nc74013671,"6 km WNW of Cobb, CA",1.33,2024-03-08 12:16:23.940,38.8348333,-122.7961667,1.98
nc74013666,"4 km WNW of Pleasant Hill, CA",0.98,2024-03-08 12:08:15.770,37.9558333,-122.1011667,8.49
pr2024068000,"91 km N of Culebra, Puerto Rico",3.59,2024-03-08 11:53:52.720,19.1303,-65.3461,26.0
nn00874370,"35 km SSW of Caliente, Nevada",2.0,2024-03-08 11:47:57.260,37.3158,-114.6458,5.8
nc74013661,"8 km NW of The Geysers, CA",0.35,2024-03-08 11:46:07.070,38.8325005,-122.8168335,1.81
nc74013656,"5 km NW of The Geysers, CA",0.74,2024-03-08 11:34:37.900,38.8041649,-122.8079987,1.34
nn00874390,"12 km E of Floriston, California",0.2,2024-03-08 11:24:44.064,39.3784,-119.8753,5.0
av92225556,"10 km W of Akutan, Alaska",-0.31,2024-03-08 11:23:04.660,54.1221666666667,-165.932,1.95
nc74013651,"5 km WNW of The Geysers, CA",1.38,2024-03-08 11:09:04.450,38.7945,-122.8085,3.15
ci40683416,"4 km W of Borrego Springs, CA",0.69,2024-03-08 11:06:04.880,33.2628333,-116.4208333,5.48
uu80062276,"14 km NE of Milford, Utah",0.71,2024-03-08 11:05:59.550,38.493,-112.8935,2.41
uu80062271,"14 km NE of Milford, Utah",0.5,2024-03-08 11:05:38.930,38.4903333333333,-112.895166666667,2.72
nn00874364,"44 km NNW of Moapa Town, Nevada",1.5,2024-03-08 11:05:13.976,37.0199,-114.8568,0.0
ak02434n4aig,"9 km NE of Knik River, Alaska",1.7,2024-03-08 11:04:31.280,61.5252,-148.8,27.6
us6000miv2,"46 km SSW of Gerāsh, Iran",4.3,2024-03-08 11:00:17.934,27.3145,53.8815,13.822
ak02434n3dqu,"39 km NW of Nanwalek, Alaska",1.9,2024-03-08 11:00:06.622,59.5933,-152.4323,71.9
nc74013646,"2 km N of The Geysers, CA",0.47,2024-03-08 10:53:23.090,38.793,-122.7585,0.62
nc74013641,"10 km WNW of The Geysers, CA",1.07,2024-03-08 10:50:57.400,38.8256683,-122.8539963,2.21
ci37630532,"3 km SW of Anza, CA",0.01,2024-03-08 10:50:36.020,33.5376667,-116.6985,5.93
ci40683408,"19 km ENE of Thousand Palms, CA",0.97,2024-03-08 10:49:52.700,33.8935,-116.2061667,8.48
nn00874362,"6 km WSW of Walker, California",1.6,2024-03-08 10:45:36.889,38.4912,-119.5398,8.2
nm60501723,"4 km NNW of Minturn, Arkansas",1.97,2024-03-08 10:37:46.370,36.015,-91.0436666666667,4.37
av91135813,"36 km NE of Adak, Alaska",0.61,2024-03-08 10:35:44.310,52.0676666666667,-176.199333333333,-1.8
uw61988716,"37 km NNE of Amboy, Washington",0.31,2024-03-08 10:27:49.020,46.19383333333333,-122.19033333333333,6.33
nc74013636,"6 km WNW of Cobb, CA",0.33,2024-03-08 10:27:36.550,38.8334999,-122.7929993,1.5
uw61988711,"37 km NNE of Amboy, Washington",-0.07,2024-03-08 10:23:30.340,46.19583333333333,-122.1785,7.26
ok2024etfe,"10 km ESE of Chickasha, Oklahoma",2.9,2024-03-08 10:20:45.850,35.0185,-97.828,7.33
ak02434mm9bl,"63 km NNE of Petersville, Alaska",1.1,2024-03-08 10:20:18.067,63.052,-150.489,4.3
tx2024etfb,"55 km S of Whites City, New Mexico",1.5,2024-03-08 10:17:17.334,31.68,-104.406,6.1511
ci40683400,"11 km ENE of Ocotillo Wells, CA",1.84,2024-03-08 10:08:45.220,33.1953333,-116.033,6.79
nc74013631,"10 km NW of The Geysers, CA",0.61,2024-03-08 10:08:31.370,38.8274994,-122.8503342,1.52
us7000m44b,"11 km S of Bullaburra, Australia",3.5,2024-03-08 09:53:13.045,-33.8349,150.427,8.356
uw61988706,"26 km ENE of Ashford, Washington",0.48,2024-03-08 09:42:32.150,46.8845,-121.73266666666666,-0.69
mb90042803,"16 km WSW of Cascade, Idaho",1.88,2024-03-08 09:24:45.110,44.4718333333333,-116.239666666667,5.0
ci40683392,"17 km SE of Anza, CA",0.73,2024-03-08 09:22:37.970,33.469,-116.5221667,13.71
ak02434lzqjr,"60 km NE of Chase, Alaska",1.5,2024-03-08 09:15:10.157,62.7603,-149.1419,56.7
us7000m439,"98 km SE of Pondaguitan, Philippines",6.0,2024-03-08 09:11:46.107,5.8202,126.8802,125.036
ak02434lxopo,"63 km NNW of Petersville, Alaska",1.9,2024-03-08 09:05:53.240,62.9721,-151.4351,139.0
av92225486,"85 km NNW of Karluk, Alaska",1.37,2024-03-08 08:58:09.380,58.2408333333333,-155.148666666667,31.37
us7000m437,"16 km S of Atoka, New Mexico",3.0,2024-03-08 08:54:18.900,32.6216,-104.4025,5.0
nc74013626,"5 km W of Cobb, CA",0.76,2024-03-08 08:35:46.030,38.8240013,-122.7806702,1.31
nc74013621,"6 km W of Cobb, CA",1.82,2024-03-08 08:33:09.360,38.8246667,-122.787,0.48
nc74013616,"6 km W of Cobb, CA",0.48,2024-03-08 08:33:05.980,38.8265,-122.787,0.46
av91135823,"22 km W of Sitka, Alaska",0.61,2024-03-08 08:28:18.620,57.0605,-135.699,5.15
nc74013611,"7 km WNW of Cobb, CA",1.01,2024-03-08 08:24:42.130,38.8380013,-122.7973328,1.8
ak02434lg3r4,"33 km SSE of Eureka Roadhouse, Alaska",1.5,2024-03-08 08:23:50.081,61.6626,-146.9026,26.6
ak02434lehyw,"7 km SW of Salcha, Alaska",0.9,2024-03-08 08:16:01.207,64.4751,-146.9954,5.5
se60501728,"12 km NE of Glenville, North Carolina",1.62,2024-03-08 08:05:32.590,35.2403333333333,-83.0211666666667,0.11
nc74013606,"3 km WNW of Anderson Springs, CA",0.87,2024-03-08 07:59:09.880,38.7806664,-122.7231674,1.95
ci40683384,"15 km SW of Searles Valley, CA",0.8,2024-03-08 07:50:29.990,35.6806667,-117.5248333,6.28
us7000m42y,"75 km N of La Serena, Chile",4.6,2024-03-08 07:40:45.785,-29.2216,-71.3039,45.334
us7000m42z,"167 km SE of Port Blair, India",4.4,2024-03-08 07:37:32.788,10.5246,93.7567,161.535
nc74013601,"3 km E of The Geysers, CA",0.97,2024-03-08 07:31:09.920,38.7809982,-122.7248306,1.49
nc74013596,"3 km W of Anderson Springs, CA",1.01,2024-03-08 07:29:15.620,38.7786674,-122.7236633,1.83
nc74013591,"3 km W of Anderson Springs, CA",1.09,2024-03-08 07:28:30.330,38.7781677,-122.7216644,2.2
av92225466,"63 km ENE of Pedro Bay, Alaska",-0.2,2024-03-08 07:00:26.520,60.0475,-153.092,0.23
us7000m42x,"36 km NNW of Upahuacho, Peru",4.8,2024-03-08 06:54:54.935,-14.6257,-73.5907,76.126
ci40683376,"4 km WNW of Lake Elsinore, CA",1.05,2024-03-08 06:50:42.520,33.6773333,-117.3646667,13.94
nc74013576,"3 km WNW of Anderson Springs, CA",0.88,2024-03-08 06:50:09.060,38.7833333,-122.723,1.0
nc74013571,"3 km WNW of Anderson Springs, CA",1.06,2024-03-08 06:47:40.920,38.7818336,-122.7213364,1.79
nc74013566,"3 km WNW of Anderson Springs, CA",0.4,2024-03-08 06:44:49.440,38.7831667,-122.7213333,1.52
nc74013561,"3 km WNW of Anderson Springs, CA",0.45,2024-03-08 06:38:07.990,38.7861667,-122.723,0.73
nc74013556,"3 km E of The Geysers, CA",1.09,2024-03-08 06:37:44.050,38.779335,-122.7258301,1.53
nc74013551,"3 km W of Anderson Springs, CA",2.21,2024-03-08 06:37:00.450,38.7783333,-122.7233333,1.63
pr71442383,"4 km SE of Maria Antonia, Puerto Rico",2.2,2024-03-08 06:35:04.460,17.9523333333333,-66.8606666666667,17.94
ci40683368,"12 km NNW of Ocotillo, CA",1.51,2024-03-08 06:25:05.730,32.8313333,-116.0371667,7.84
nc74013546,"2 km NNE of The Geysers, CA",0.75,2024-03-08 06:19:15.260,38.7956657,-122.7470016,1.18
ak02434k728e,"9 km SSE of Rampart, Alaska",1.4,2024-03-08 06:13:35.180,65.4253,-150.0717,0.0
ak02434k6trb,"55 km N of Lake Louise, Alaska",2.0,2024-03-08 06:12:25.355,62.7818,-146.5226,16.8
nc74013541,"2 km NW of The Geysers, CA",1.48,2024-03-08 06:11:53.180,38.7863333,-122.7711667,0.61
nc74013536,"6 km NW of The Geysers, CA",0.51,2024-03-08 06:09:32.710,38.8231667,-122.8,3.05
us7000m42p,"75 km S of Champerico, Guatemala",4.3,2024-03-08 06:03:44.734,13.6166,-91.9711,28.333
nc74013531,"3 km S of Cobb, CA",1.53,2024-03-08 06:02:56.100,38.796,-122.7258333,1.48
av91135798,"21 km W of Sitka, Alaska",1.12,2024-03-08 06:02:32.260,57.0636666666667,-135.692833333333,4.5
nc74013526,"16 km WSW of Toms Place, CA",0.52,2024-03-08 05:54:18.950,37.5286667,-118.8558333,5.89
us7000m42n,"11 km NNW of Ashkāsham, Afghanistan",4.1,2024-03-08 05:50:34.679,36.7878,71.5036,261.02
ci40683360,"3 km NW of Little Lake, CA",0.97,2024-03-08 05:32:33.580,35.9586667,-117.9268333,7.08
nc74013521,"2 km NW of The Geysers, CA",0.39,2024-03-08 05:27:03.940,38.788,-122.77,1.02
us7000m42m,"76 km WNW of Ollagüe, Chile",4.3,2024-03-08 05:25:03.107,-20.9238,-68.9139,121.852
tx2024esve,"53 km NW of Toyah, Texas",1.5,2024-03-08 05:17:33.700,31.643,-104.202,7.2278
nc74013516,"7 km NW of The Geysers, CA",0.64,2024-03-08 05:14:09.450,38.8243332,-122.8138351,0.8
ci40683352,"9 km SSW of Idyllwild, CA",0.74,2024-03-08 05:12:44.990,33.6656667,-116.7548333,13.9
ci40683344,"10 km SSW of Idyllwild, CA",0.91,2024-03-08 05:12:30.320,33.6588333,-116.7538333,13.94
ci40683336,"9 km SSW of Idyllwild, CA",0.92,2024-03-08 05:12:02.920,33.662,-116.757,13.66
av92225406,"61 km ENE of Pedro Bay, Alaska",0.27,2024-03-08 04:56:16.770,60.0263333333333,-153.1065,-3.0
ci40683328,"5 km NE of Cabazon, CA",0.81,2024-03-08 04:56:05.830,33.956,-116.7541667,15.21
nc74013511,"6 km NW of The Geysers, CA",1.08,2024-03-08 04:32:14.160,38.8154984,-122.8078308,1.21
av91135788,"10 km W of Akutan, Alaska",-1.09,2024-03-08 04:28:13.980,54.1213333333333,-165.9295,0.51
av91135783,"17 km WNW of Dutch Harbor, Alaska",-0.33,2024-03-08 04:27:56.300,53.9336666666667,-166.791666666667,3.67
us7000m42k,"16 km E of Ródos, Greece",4.7,2024-03-08 04:27:12.353,36.4347,28.4052,63.211
ci40683320,"15 km SW of La Quinta, CA",0.78,2024-03-08 04:26:36.800,33.5601667,-116.414,10.7
ak02434j2csl,"74 km NW of Skwentna, Alaska",1.2,2024-03-08 04:23:42.446,62.5365,-152.2148,0.0
ak02434j11id,"72 km W of Petersville, Alaska",2.6,2024-03-08 04:17:30.291,62.5627,-152.1746,0.9
ak02434iz4o8,"85 km SE of Ugashik, Alaska",2.6,2024-03-08 04:08:38.164,57.0891,-156.2216,3.2
ak02434iynz5,"81 km SE of Pope-Vannoy Landing, Alaska",1.7,2024-03-08 04:06:21.777,59.1571,-153.3016,84.0
ci37630524,"24 km N of Ridgecrest, CA",0.55,2024-03-08 03:54:51.300,35.834,-117.6631667,9.6
ci40683312,"3 km NW of Little Lake, CA",0.59,2024-03-08 03:54:41.890,35.9558333,-117.9238333,7.49
us7000m42h,"90 km NE of Sanana, Indonesia",5.0,2024-03-08 03:52:52.732,-1.5794,126.6372,10.0
nc74013506,"107 km W of Petrolia, CA",2.66,2024-03-08 03:50:44.400,40.423,-125.5388333,10.0
nc74013501,"10 km WNW of The Geysers, CA",0.78,2024-03-08 03:50:18.220,38.8206673,-122.856163,1.93
pr71442373,"11 km SSE of Maria Antonia, Puerto Rico",2.62,2024-03-08 03:39:23.400,17.8815,-66.8456666666667,13.94
ak02434ik4pd,"25 km WNW of Petersville, Alaska",1.8,2024-03-08 03:38:40.839,62.5661,-151.2392,73.6
hv74131326,"13 km SSE of Volcano, Hawaii",1.82000005,2024-03-08 03:32:44.740,19.3374996185303,-155.170333862305,28.6499996185303
nc74013496,"7 km WNW of Cobb, CA",0.72,2024-03-08 03:31:00.000,38.8373337,-122.8000031,1.09
pr71442368,"3 km SW of La Parguera, Puerto Rico",2.22,2024-03-08 03:26:04.560,17.9526666666667,-67.076,7.52
us7000m426,"7 km NNW of Smiths Ferry, Idaho",2.6,2024-03-08 03:21:22.538,44.367,-116.1243,10.0
ci40683296,"13 km NE of Little Lake, CA",1.65,2024-03-08 03:13:28.780,36.0113333,-117.8016667,1.32
pr71442363,"3 km WSW of La Parguera, Puerto Rico",3.04,2024-03-08 03:05:43.820,17.9608333333333,-67.073,7.93
ci40683288,"11 km S of Big Bear Lake, CA",0.86,2024-03-08 02:53:39.060,34.1466667,-116.895,8.81
uu80062241,"13 km ESE of Millville, Utah",1.41,2024-03-08 02:31:50.780,41.6366666666667,-111.678,9.92
ci40683280,"1 km NE of Anza, CA",0.42,2024-03-08 02:24:10.210,33.563,-116.6655,9.93
us7000m41u,"6 km NNW of Smiths Ferry, Idaho",2.6,2024-03-08 02:14:00.144,44.3574,-116.1192,10.0
av92225346,"64 km ENE of Pedro Bay, Alaska",-0.52,2024-03-08 02:13:38.960,60.0506666666667,-153.076333333333,-3.0
nc74013481,"7 km NW of The Geysers, CA",0.99,2024-03-08 02:10:15.370,38.8138351,-122.8176651,2.4
us6000miuy,"145 km S of False Pass, Alaska",3.9,2024-03-08 02:04:07.953,53.5448,-163.4798,36.732
uw61988681,"12 km NNE of Ashford, Washington",0.96,2024-03-08 02:03:47.280,46.85616666666667,-121.9435,4.69
uw61988676,"28 km NW of Hoodsport, Washington",2.2800000000000002,2024-03-08 01:59:28.100,47.599833333333336,-123.39,40.34
ak02434hhce1,"30 km SSW of Central, Alaska",1.8,2024-03-08 01:57:43.936,65.3076,-144.9985,0.0
nc74013476,"8 km WNW of Cobb, CA",0.29,2024-03-08 01:54:09.310,38.8401667,-122.8086667,2.3
ak02434hggmu,"65 km WSW of Cantwell, Alaska",2.0,2024-03-08 01:53:32.385,63.1439,-150.1277,76.8
us7000m41q,south of the Fiji Islands,4.5,2024-03-08 01:51:06.833,-24.4447,-179.6697,487.663
pr71442338,"2 km NE of Magas Arriba, Puerto Rico",2.33,2024-03-08 01:49:00.330,18.0283333333333,-66.7525,17.25
ci40683264,"14 km WSW of Searles Valley, CA",1.26,2024-03-08 01:47:55.750,35.7186667,-117.548,7.45
av91135763,"66 km NE of Nikolski, Alaska",-0.2,2024-03-08 01:47:53.560,53.3611666666667,-168.165333333333,19.27
ak02434heiqu,"14 km NW of Glennallen, Alaska",1.5,2024-03-08 01:44:26.625,62.2041,-145.743,0.0
nc74013466,"21 km NW of Parkfield, CA",1.44,2024-03-08 01:39:25.440,36.0376667,-120.5958333,4.15
uu80062236,"14 km N of Holden, Utah",2.26,2024-03-08 01:36:58.980,39.2288333333333,-112.279,0.44
ci40683248,"12 km NNW of Ocotillo, CA",1.45,2024-03-08 01:33:00.560,32.8326667,-116.033,8.9
nc74013461,"7 km W of Cobb, CA",0.44,2024-03-08 01:23:11.310,38.8326667,-122.8078333,2.16
nn00874359,"11 km NNW of Virginia City, Nevada",2.0,2024-03-08 01:18:43.669,39.4047,-119.6955,8.2
hv74131256,"11 km NE of Pāhala, Hawaii",2.42000008,2024-03-08 01:00:16.760,19.2661666870117,-155.386169433594,29.5799999237061
mb90042778,"17 km NE of Stanley, Idaho",2.16,2024-03-08 00:52:54.010,44.3408333333333,-114.811,9.63
pr71442333,"1 km WNW of Mariano Colón, Puerto Rico",2.09,2024-03-08 00:52:35.810,18.0286666666667,-66.3495,10.42
ak02434gs00z,"10 km W of Tatitlek, Alaska",1.6,2024-03-08 00:39:19.713,60.8787,-146.8631,22.4
ak02434grc62,"15 km E of Ferry, Alaska",1.6,2024-03-08 00:36:10.504,64.0347,-148.7989,0.0
nn00874365,"40 km ESE of Beatty, Nevada",0.5,2024-03-08 00:31:04.027,36.7256,-116.3642,3.2
ak02434gpxgh,"17 km WSW of Fort Greely, Alaska",0.8,2024-03-08 00:29:53.294,63.8582,-145.8722,14.2
uw61988636,"5 km ESE of Dufur, Oregon",1.5,2024-03-08 00:29:22.160,45.4265,-121.0665,2.41
ak02434gnxb0,"103 km NW of Yakutat, Alaska",1.8,2024-03-08 00:20:18.203,60.1558,-141.1228,5.8
av91135753,"85 km ESE of King Salmon, Alaska",-0.56,2024-03-08 00:15:35.550,58.3631666666667,-155.33,8.95
nn00874356,"11 km NNW of Virginia City, Nevada",2.7,2024-03-08 00:14:33.277,39.4042,-119.6898,8.5
av91135748,"28 km SW of Unalaska, Alaska",0.29,2024-03-08 00:11:15.720,53.705,-166.8605,10.33
ak02434gkptz,"52 km E of Denali National Park, Alaska",1.6,2024-03-08 00:05:21.671,63.5741,-150.6771,0.8
nc74013436,"7 km NW of The Geysers, CA",0.75,2024-03-07 23:55:50.040,38.8283348,-122.8113327,1.07
ak0243370ue9,"2 km N of Nanwalek, Alaska",1.8,2024-03-07 23:54:22.414,59.3756,-151.9179,54.3
nc74013431,"11 km ENE of Mammoth Lakes, CA",0.84,2024-03-07 23:52:19.480,37.6621667,-118.8583333,2.84
nc74013426,"7 km NW of The Geysers, CA",-0.19,2024-03-07 23:51:54.920,38.8166667,-122.8195,1.04
ak024336x97r,"44 km E of Pedro Bay, Alaska",1.2,2024-03-07 23:37:48.239,59.799,-153.3088,108.2
hv74131166,"10 km SSE of Volcano, Hawaii",1.75,2024-03-07 23:34:59.110,19.3541660308838,-155.211166381836,4.30999994277954
us7000m412,"81 km ESE of La Tirana, Chile",4.3,2024-03-07 23:29:11.253,-20.5779,-68.9149,107.07
ak024336v8nt,"66 km W of Skwentna, Alaska",2.3,2024-03-07 23:28:07.938,62.0926,-152.6452,0.0
ak024336ufo1,"50 km NE of Chase, Alaska",1.6,2024-03-07 23:24:32.171,62.7985,-149.4742,53.6
us7000m410,Banda Sea,4.5,2024-03-07 23:24:04.935,-6.7934,130.0144,101.947
nc74013416,"10 km WNW of The Geysers, CA",0.62,2024-03-07 23:23:21.500,38.8276672,-122.8544998,2.22
uu80062226,"14 km NE of Milford, Utah",0.13,2024-03-07 23:15:03.010,38.4921666666667,-112.899833333333,3.01
ci40683224,"17 km N of Yucca Valley, CA",1.46,2024-03-07 23:06:06.050,34.2705,-116.4445,9.61
ok2024esiu,"6 km NW of Medford, Oklahoma",2.19,2024-03-07 23:02:07.019,36.84733333,-97.78716667,7.97
tx2024esit,"49 km SSE of Whites City, New Mexico",1.6,2024-03-07 23:00:43.882,31.751,-104.201,6.9714
us7000m40x,Kuril Islands,4.7,2024-03-07 22:59:30.911,46.8146,152.7159,35.0
us7000m413,"48 km S of Mawlaik, Myanmar",4.2,2024-03-07 22:58:24.456,23.2072,94.4293,101.657
nc74013411,"4 km WNW of Cobb, CA",0.17,2024-03-07 22:55:01.760,38.8331667,-122.7695,2.2
nc71132989,"8 km NW of The Geysers, CA",0.85,2024-03-07 22:53:34.250,38.8325,-122.8151667,2.12
nc74013406,"5 km ESE of Lake Pillsbury, CA",1.96,2024-03-07 22:53:22.490,39.3878333,-122.9016667,5.35
ak024336f1jy,"71 km WSW of Karluk, Alaska",1.9,2024-03-07 22:52:50.862,57.4291,-155.614,13.8
ci40683208,"13 km SE of Anza, CA",0.64,2024-03-07 22:47:51.820,33.4873333,-116.5573333,7.35
nc74013401,"9 km NNE of Gonzales, CA",1.28,2024-03-07 22:44:38.520,36.5821667,-121.4211667,2.02
hv74131096,"23 km SE of Waimea, Hawaii",1.72,2024-03-07 22:42:05.090,19.8731666666667,-155.516333333333,16.22
av91135728,"20 km W of Sitka, Alaska",0.55,2024-03-07 22:40:18.040,57.0446666666667,-135.6705,2.86
nc74013396,"14 km W of Toms Place, CA",1.36,2024-03-07 22:38:34.850,37.5463333,-118.8335,3.53
nc74013391,"14 km W of Toms Place, CA",1.42,2024-03-07 22:36:32.720,37.5475,-118.8328333,4.0
ci40683200,"8 km WNW of Anza, CA",0.73,2024-03-07 22:30:43.220,33.5823333,-116.748,12.93
ak024336a3f7,"81 km W of Anvik, Alaska",2.9,2024-03-07 22:29:42.219,62.6139,-161.8011,0.0
us7000m40r,"70 km W of Illapel, Chile",4.2,2024-03-07 22:25:44.025,-31.7366,-71.9068,35.0
uw61988491,"2 km E of East Cathlamet, Washington",0.89,2024-03-07 22:15:50.180,46.197833333333335,-123.33983333333333,-0.6
us6000min9,Fiji region,4.1,2024-03-07 21:56:17.467,-20.4261,-178.2008,521.348
nc74013371,"7 km W of Cobb, CA",1.08,2024-03-07 21:48:22.340,38.8330002,-122.7981644,2.4
ci40683176,"11 km NNW of Banning, CA",1.68,2024-03-07 21:39:03.190,34.0203333,-116.9021667,10.96
us6000min8,"77 km E of Kandrian, Papua New Guinea",4.1,2024-03-07 21:38:01.427,-6.3125,150.24,24.656
ak024335qbqm,"54 km NNE of Kobuk, Alaska",2.9,2024-03-07 21:37:21.237,67.3244,-156.2374,21.4
us7000m40h,"17 km NNE of Stanley, Idaho",3.0,2024-03-07 21:36:05.469,44.3508,-114.8195,10.876
nc74013366,"6 km NNW of The Geysers, CA",0.68,2024-03-07 21:29:59.950,38.8243332,-122.7953339,0.67
nc74013356,"2 km NW of The Geysers, CA",0.89,2024-03-07 21:18:18.380,38.7896652,-122.7683334,0.46
nc74013351,"6 km NW of The Geysers, CA",0.79,2024-03-07 21:14:59.310,38.8129997,-122.8075027,2.36
nc74013346,"7 km WNW of Cobb, CA",0.26,2024-03-07 21:14:49.480,38.8351667,-122.8023333,2.56
nc74013341,"7 km WNW of Cobb, CA",1.09,2024-03-07 21:12:47.480,38.8356667,-122.8036652,2.2
tx2024esew,"57 km S of Whites City, New Mexico",2.9,2024-03-07 21:02:45.811,31.655,-104.396,5.3821
us7000m40a,"41 km ENE of Noda, Japan",4.3,2024-03-07 20:54:56.387,40.2787,142.2468,51.353
ak02433583k6,"13 km NE of Point Possession, Alaska",1.5,2024-03-07 20:52:14.787,61.0007,-150.4961,41.6
us7000m406,"220 km SSW of Tambolaka, Indonesia",4.5,2024-03-07 20:46:45.448,-11.3703,118.7824,10.0
av92225166,"62 km ENE of Pedro Bay, Alaska",-0.66,2024-03-07 20:46:07.010,60.0065,-153.077333333333,-2.07
nc74013331,"9 km E of Alum Rock, CA",1.51,2024-03-07 20:42:10.140,37.3681667,-121.723,8.9
nc74013326,"10 km WNW of The Geysers, CA",0.64,2024-03-07 20:39:56.380,38.8224983,-122.8529968,2.57
ak0243354gtk,"31 km NW of Willow, Alaska",1.6,2024-03-07 20:35:20.402,61.9791,-150.3744,13.0
nc74013321,"10 km WNW of The Geysers, CA",0.84,2024-03-07 20:34:46.970,38.8241653,-122.8526688,2.65
us6000min6,Prince Edward Islands region,4.3,2024-03-07 20:31:52.313,-44.8566,36.7011,10.0
ci40683160,"3 km ESE of Home Gardens, CA",1.11,2024-03-07 20:30:13.060,33.8651667,-117.4893333,-0.53
nc74013316,"10 km WNW of The Geysers, CA",2.15,2024-03-07 20:27:42.900,38.8215,-122.8528333,2.59
nc74013311,"1 km WNW of The Geysers, CA",0.76,2024-03-07 20:19:41.120,38.7820015,-122.7708359,-0.38
av92225156,"38 km NE of Adak, Alaska",0.34,2024-03-07 20:17:30.070,52.0705,-176.1685,5.56
nc74013306,"2 km NE of The Geysers, CA",0.7,2024-03-07 20:10:06.540,38.7895012,-122.7373352,-0.8
nc74013301,"3 km SE of The Geysers, CA",0.75,2024-03-07 20:03:18.650,38.7583351,-122.7389984,1.83
mb90042743,"5 km E of Butte, Montana",1.91,2024-03-07 20:02:53.780,46.0068333333333,-112.463166666667,-2.0
tx2024escv,"18 km E of Pleasanton, Texas",1.8,2024-03-07 20:01:34.919,28.972,-98.286,8.0322
ak024334wxur,"3 km W of Sunrise, Alaska",2.0,2024-03-07 20:00:09.118,60.8901,-149.4872,31.6
pr71442323,"17 km S of Central Aguirre, Puerto Rico",2.89,2024-03-07 19:58:37.110,17.7971666666667,-66.2026666666667,6.91
us6000minc,"41 km WNW of Lata, Solomon Islands",4.4,2024-03-07 19:57:46.333,-10.612,165.4343,35.0
ci40683152,"8 km SSW of Mojave, CA",1.53,2024-03-07 19:56:28.800,34.9875,-118.1953333,-0.81
ci40683144,"14 km W of Mojave, CA",1.26,2024-03-07 19:38:02.920,35.0516667,-118.3218333,-0.81
av92225101,"86 km W of Adak, Alaska",1.48,2024-03-07 19:27:54.040,51.8681666666667,-177.896833333333,7.6
nc74013296,"7 km NW of The Geysers, CA",0.76,2024-03-07 19:24:34.570,38.8221664,-122.8108368,1.82
mb90042818,"8 km WSW of Townsend, Montana",1.19,2024-03-07 19:24:23.340,46.3003333333333,-111.6295,-2.0
ak024334f6i0,"14 km NNE of Cantwell, Alaska",1.0,2024-03-07 19:17:22.691,63.4982,-148.7962,6.4
pr71442313,"0 km E of Sabana Grande, Puerto Rico",2.15,2024-03-07 19:12:43.190,18.0783333333333,-66.9565,3.29
ak024334e28n,"69 km NNW of Karluk, Alaska",0.9,2024-03-07 19:12:00.872,58.1776,-154.7001,22.5
nc74013291,"5 km WNW of Cobb, CA",0.34,2024-03-07 19:09:15.200,38.8364983,-122.7751694,1.09
ak024334czph,"13 km NW of Healy Lake, Alaska",1.8,2024-03-07 19:07:01.214,64.0643,-144.9073,8.9
nc74013286,"8 km NW of The Geysers, CA",0.44,2024-03-07 19:06:54.310,38.8296661,-122.8160019,1.79
ak024334bk0i,"38 km WSW of Skwentna, Alaska",1.7,2024-03-07 19:00:33.264,61.8872,-152.1072,106.4
ak0243342jba,"5 km ESE of Ninilchik, Alaska",1.6,2024-03-07 18:58:23.427,60.0365,-151.5696,66.0
nc74013281,"6 km WNW of Cobb, CA",0.01,2024-03-07 18:48:14.030,38.8338333,-122.7871667,4.12
ak024333y25t,"38 km WNW of Skwentna, Alaska",2.0,2024-03-07 18:37:34.890,62.1688,-152.0289,110.8
ci40683104,"17 km ESE of Kernville, CA",1.38,2024-03-07 18:30:32.970,35.717,-118.2475,10.55
ci40683096,"26 km NE of Lamont, CA",1.62,2024-03-07 18:30:00.800,35.4388333,-118.7336667,5.26
uw61988281,"36 km NNE of Amboy, Washington",0.07,2024-03-07 18:15:31.930,46.193333333333335,-122.19866666666667,7.0
nc74013266,"3 km E of The Geysers, CA",0.38,2024-03-07 18:09:01.880,38.7745,-122.7243333,2.02
nc74013261,"14 km ESE of Gilroy, CA",0.85,2024-03-07 18:05:30.920,36.9771667,-121.4116667,10.24
nc74013256,"13 km W of Toms Place, CA",0.62,2024-03-07 18:00:13.970,37.5423333,-118.822,2.58
mb90042733,"8 km NW of Smiths Ferry, Idaho",2.51,2024-03-07 17:59:12.290,44.3611666666667,-116.1475,6.94
av91135718,"61 km SE of Pedro Bay, Alaska",0.36,2024-03-07 17:57:31.110,59.3548333333333,-153.441166666667,-0.34
av91135713,"61 km SE of Pedro Bay, Alaska",-0.04,2024-03-07 17:57:11.720,59.362,-153.424333333333,-1.16
us7000m405,southeast of Easter Island,4.8,2024-03-07 17:56:07.272,-35.3403,-104.2976,10.0
nn00874647,"11 km NNW of Virginia City, Nevada",1.3,2024-03-07 17:47:37.576,39.4006,-119.7013,6.5
nn00874369,"48 km ESE of Beatty, Nevada",-0.3,2024-03-07 17:46:30.125,36.7292,-116.2583,6.7
ak024333eaiv,"126 km NW of Yakutat, Alaska",1.8,2024-03-07 17:45:12.072,60.387,-141.2539,4.0
pr71442298,"4 km E of Jayuya, Puerto Rico",2.91,2024-03-07 17:45:08.410,18.2153333333333,-66.548,74.0
nc74013246,"10 km WNW of The Geysers, CA",0.27,2024-03-07 17:44:15.320,38.8226662,-122.8535004,2.26
nc74013241,"10 km NW of The Geysers, CA",1.06,2024-03-07 17:28:50.080,38.8395004,-122.8355026,2.06
us7000m3yw,"61 km SSW of La Tirana, Chile",4.6,2024-03-07 17:04:24.642,-20.8563,-69.8486,46.08
tx2024erwo,"52 km NW of Toyah, Texas",1.8,2024-03-07 16:50:34.952,31.638,-104.2,6.3306
pr71442293,"29 km NNE of Suárez, Puerto Rico",3.29,2024-03-07 16:47:08.030,18.6896666666667,-65.7848333333333,33.77
us7000m3wf,"9 km SSE of Chincha Alta, Peru",5.0,2024-03-07 16:32:01.276,-13.4876,-76.0934,36.311
tx2024ervw,"59 km S of Whites City, New Mexico",1.5,2024-03-07 16:29:41.378,31.636,-104.363,6.3818
nc74013231,"10 km WNW of The Geysers, CA",1.0,2024-03-07 16:27:59.530,38.8028333,-122.8625,2.04
av91135708,"49 km NE of Adak, Alaska",0.8,2024-03-07 16:26:04.690,52.1258333333333,-176.0365,13.31
nc74013226,"7 km NW of The Geysers, CA",0.75,2024-03-07 16:13:39.270,38.8175011,-122.8231659,2.3
ak024332lzee,"59 km SSE of Cantwell, Alaska",2.0,2024-03-07 16:13:04.229,62.9196,-148.3987,45.5
tx2024ervh,"60 km S of Whites City, New Mexico",2.0,2024-03-07 16:12:35.284,31.632,-104.372,6.0999
nn00874645,"49 km NE of Beatty, Nevada",0.4,2024-03-07 16:10:36.625,37.1866,-116.322,6.1
nc74013221,"8 km NW of The Geysers, CA",0.76,2024-03-07 16:07:53.000,38.8296661,-122.8128357,2.12
ok2024erva,"9 km SW of Waynoka, Oklahoma",0.77,2024-03-07 16:03:59.359,36.53316667,-98.9645,7.46
ci40682984,"5 km NE of Coso Junction, CA",1.34,2024-03-07 16:01:15.000,36.0786667,-117.9125,7.11
uw61988246,"42 km SSE of Morton, Washington",0.24,2024-03-07 16:00:27.050,46.21483333333333,-122.03733333333334,15.3
av91135698,"85 km NNW of Karluk, Alaska",-0.31,2024-03-07 15:56:59.720,58.2561666666667,-155.102333333333,3.09
us7000m3w7,"37 km SSW of Pathein, Myanmar",4.6,2024-03-07 15:47:42.069,16.4516,94.6606,32.34
ak0243327gfj,"51 km SSW of Nabesna, Alaska",1.8,2024-03-07 15:45:26.552,61.9654,-143.4853,0.0
av92224956,"256 km W of Adak, Alaska",0.74,2024-03-07 15:39:31.920,51.9183333333333,179.633666666667,5.85
ok2024erue,"6 km E of Edmond, Oklahoma",1.2,2024-03-07 15:39:03.520,35.662,-97.4065,6.09
ak02433255pg,"6 km SSW of Salcha, Alaska",1.0,2024-03-07 15:34:54.448,64.4748,-146.9567,6.5
nn00874402,"13 km SSE of Sparks, Nevada",0.8,2024-03-07 15:29:13.885,39.4226,-119.7001,7.0
nc74013216,"8 km E of Mammoth Lakes, CA",0.27,2024-03-07 15:27:29.920,37.6243333,-118.8873333,1.12
nc71132994,"8 km WNW of The Geysers, CA",-0.26,2024-03-07 15:25:51.420,38.8165,-122.8366667,2.16
nc74013211,"17 km SSW of Willits, CA",1.17,2024-03-07 15:25:41.500,39.2605,-123.4085,4.45
ci40682952,"7 km SW of Anza, CA",0.31,2024-03-07 15:22:13.950,33.518,-116.7323333,2.42
nc74013201,"8 km WNW of The Geysers, CA",0.75,2024-03-07 15:12:02.870,38.8113327,-122.8310013,0.98
nc74013206,"1 km NE of Bolinas, CA",0.87,2024-03-07 15:10:07.480,37.9165,-122.6748333,5.31
ci37630076,"5 km SW of Redlands, CA",0.66,2024-03-07 15:07:34.780,34.0256667,-117.217,16.48
ci40682936,"3 km WSW of Redlands, CA",0.6,2024-03-07 15:07:31.780,34.0425,-117.2141667,17.85
uu80062176,"12 km S of Morgan, Utah",1.25,2024-03-07 15:06:07.760,40.922,-111.667,9.6
us7000m3w0,"37 km ENE of Kuji, Japan",4.4,2024-03-07 15:00:52.356,40.306,142.1848,57.745
ci40682920,"12 km WSW of Searles Valley, CA",1.07,2024-03-07 14:50:17.280,35.7108333,-117.5215,3.24
ci37630068,"22 km ESE of Little Lake, CA",0.69,2024-03-07 14:49:57.370,35.8785,-117.6735,6.55
nc74013196,"16 km ESE of Pinnacles, CA",1.52,2024-03-07 14:46:33.070,36.494,-120.9651667,0.17
ak024331lfvi,"61 km NNW of Petersville, Alaska",2.2,2024-03-07 14:42:55.029,63.0373,-151.0041,113.6
uw61988231,"37 km NNE of Amboy, Washington",0.2,2024-03-07 14:42:28.640,46.194,-122.18383333333334,6.86
uu80062171,"31 km SSE of Sunnyside, Utah",1.28,2024-03-07 14:35:22.340,39.2775,-110.279666666667,11.16
nc74013191,"14 km SW of Toms Place, CA",0.74,2024-03-07 14:34:20.500,37.482,-118.8036667,6.36
nc74013186,"4 km WNW of Cobb, CA",1.0,2024-03-07 14:24:08.150,38.8381653,-122.7699966,1.27
nc74013181,"10 km WNW of The Geysers, CA",0.77,2024-03-07 14:09:51.150,38.8264999,-122.8511658,1.38
nc74013176,"4 km WNW of Cobb, CA",0.79,2024-03-07 14:05:53.600,38.8356667,-122.7711639,0.99
uw61988221,"22 km ENE of Ashford, Washington",-0.22,2024-03-07 14:04:02.480,46.849666666666664,-121.76716666666667,1.79
nc74013171,"4 km WNW of Cobb, CA",1.71,2024-03-07 14:00:27.380,38.8338333,-122.7683333,1.17
nc74013166,"7 km NW of The Geysers, CA",1.07,2024-03-07 13:56:33.980,38.8166656,-122.8235016,2.22
nc74013161,"7 km WNW of Cobb, CA",1.09,2024-03-07 13:56:04.670,38.8371658,-122.8026657,2.27
tx2024erqu,"52 km NW of Toyah, Texas",2.0,2024-03-07 13:55:49.841,31.637,-104.204,6.1255
uu80062166,"12 km S of Morgan, Utah",0.88,2024-03-07 13:53:16.110,40.926,-111.664333333333,8.21
ak024330xjdm,"52 km N of Chickaloon, Alaska",1.6,2024-03-07 13:31:02.982,62.2722,-148.4666,33.4
ci40682896,"14 km NE of Ridgecrest, CA",0.93,2024-03-07 13:24:47.620,35.6926667,-117.5436667,6.67
av92224896,"40 km ENE of Adak, Alaska",0.4,2024-03-07 13:14:42.670,52.066,-176.132833333333,0.56
av92224891,"85 km NNW of Karluk, Alaska",-0.24,2024-03-07 13:02:26.310,58.2575,-155.083666666667,4.43
hv74130826,"13 km SSE of Volcano, Hawaii",1.80999994,2024-03-07 12:42:59.870,19.3320007324219,-155.188003540039,2.76999998092651
nc74013156,"7 km NW of The Geysers, CA",1.03,2024-03-07 12:42:21.470,38.8136673,-122.8253326,1.67
nc74013151,"3 km W of Cobb, CA",0.75,2024-03-07 12:37:36.660,38.8193321,-122.76017,2.17
ci40682880,"21 km ESE of Little Lake, CA",0.53,2024-03-07 12:37:10.550,35.8585,-117.6893333,7.67
av91135683,"86 km NNW of Karluk, Alaska",-0.44,2024-03-07 12:32:22.690,58.2945,-154.992666666667,3.14
nc74013141,"21 km NW of Parkfield, CA",2.19,2024-03-07 12:25:58.400,36.037,-120.5965,4.5
us6000min1,"18 km WNW of San Jose Village, Northern Mariana Islands",4.2,2024-03-07 12:24:27.718,15.0375,145.4669,226.049
us7000m3vg,"271 km S of Sanana, Indonesia",4.0,2024-03-07 12:23:11.146,-4.5074,125.8333,428.594
ci40682864,"24 km NE of Pine Valley, CA",1.14,2024-03-07 12:20:00.140,32.9531667,-116.3313333,9.33
hv74130806,"19 km NNE of Pāhala, Hawaii",1.88999999,2024-03-07 12:10:56.690,19.3758335113525,-155.435836791992,7.05999994277954
us7000m3v3,"254 km W of Bandon, Oregon",3.1,2024-03-07 12:04:56.410,43.5074,-127.4967,10.0
nc74013136,"2 km NW of The Geysers, CA",0.86,2024-03-07 11:52:50.470,38.7890015,-122.7668304,2.0
ak02432zum6m,"97 km NNW of Karluk, Alaska",1.4,2024-03-07 11:49:43.509,58.4188,-154.8305,3.1
ak02432zub7t,"50 km SSE of Denali National Park, Alaska",1.4,2024-03-07 11:48:01.377,63.0987,-151.4813,12.7
tx2024ermk,"56 km S of Whites City, New Mexico",1.9,2024-03-07 11:43:13.170,31.662,-104.371,7.6379
nc74013131,"2 km NW of The Geysers, CA",1.2,2024-03-07 11:43:07.860,38.789,-122.7673333,1.54
ak02432zt4wg,"21 km SSW of Trapper Creek, Alaska",1.7,2024-03-07 11:42:52.961,62.1353,-150.3465,13.5
ak02432zr6sz,"44 km NNE of Aleneva, Alaska",2.1,2024-03-07 11:33:44.511,58.4268,-152.5898,33.7
us7000m3v1,"110 km S of Yudomari, Japan",4.4,2024-03-07 11:31:23.984,29.2463,130.3671,39.357
ci40682856,"7 km NNE of Banning, CA",1.83,2024-03-07 11:27:44.960,33.9835,-116.8465,12.22
ak02432zlmtj,"25 km WNW of Minto, Alaska",1.5,2024-03-07 11:07:52.715,65.2171,-149.8719,22.0
ci40682848,"11 km SSW of Valle Vista, CA",0.79,2024-03-07 11:05:43.550,33.6575,-116.9303333,15.66
ci40682840,"11 km SSE of Hemet, CA",1.17,2024-03-07 11:05:09.880,33.6538333,-116.9331667,16.13
hv74130766,"9 km NE of Pāhala, Hawaii",2.38000011,2024-03-07 11:03:12.300,19.2544994354248,-155.401504516602,30.2000007629395
ak02432zk8pv,"39 km W of Happy Valley, Alaska",1.5,2024-03-07 11:01:03.399,60.0038,-152.4392,81.6
av91135668,"26 km WSW of Dutch Harbor, Alaska",-0.8,2024-03-07 10:48:55.690,53.8126666666667,-166.919833333333,7.85
tx2024erkj,"18 km NNW of Toyah, Texas",1.6,2024-03-07 10:42:01.205,31.476,-103.855,5.7922
mb90042823,"27 km W of Roscoe, Montana",1.03,2024-03-07 10:26:24.590,45.3045,-109.835666666667,6.08
nn00874644,"16 km SSE of Walker, California",1.3,2024-03-07 10:24:18.345,38.3676,-119.4319,5.3
us7000m3us,"20 km WSW of Tiblawan, Philippines",4.5,2024-03-07 10:14:58.504,6.3837,125.9501,78.59
nc74013121,"7 km W of Cobb, CA",0.81,2024-03-07 10:09:24.220,38.829834,-122.7985001,1.92
us7000m3ut,"223 km NNE of Nagqu, China",5.0,2024-03-07 10:09:15.384,33.3794,92.8542,10.0
ak02432yzykc,"41 km W of Karluk, Alaska",1.9,2024-03-07 10:06:40.600,57.5289,-155.1486,66.0
us7000m3ur,"244 km NNE of Nagqu, China",5.6,2024-03-07 10:06:30.777,33.5338,92.9943,10.0
us6000min0,"195 km NE of Hicks Bay, New Zealand",4.6,2024-03-07 10:00:44.034,-36.3223,179.806,79.547
nc74013116,"5 km WNW of The Geysers, CA",0.86,2024-03-07 09:59:16.700,38.7976685,-122.8099976,3.36
nc74013111,"2 km W of Concord, CA",1.32,2024-03-07 09:55:21.160,37.9688333,-122.032,10.52
ak02432yo62t,"15 km S of Minto, Alaska",1.1,2024-03-07 09:51:38.306,65.0138,-149.3855,19.4
nc74013106,"8 km NW of The Geysers, CA",0.36,2024-03-07 09:48:04.380,38.8313333,-122.8166667,1.79
nc74013101,"8 km NW of The Geysers, CA",0.75,2024-03-07 09:45:45.910,38.831501,-122.8181686,1.81
ci40682832,"10 km SSW of Valle Vista, CA",0.73,2024-03-07 09:44:23.350,33.6578333,-116.9285,15.29
us7000m3uq,"60 km SSW of Labuha, Indonesia",4.7,2024-03-07 09:41:36.297,-1.1623,127.3633,10.0
nc74013096,"8 km NW of The Geysers, CA",0.3,2024-03-07 09:39:47.720,38.8321648,-122.8188324,1.92
nc74013091,"7 km NW of The Geysers, CA",0.84,2024-03-07 09:39:19.330,38.8226662,-122.8126678,3.1
av91135658,"44 km ENE of Adak, Alaska",0.22,2024-03-07 09:38:53.280,52.0831666666667,-176.088166666667,-1.8
ak02432ykw6a,"45 km ESE of Port Alsworth, Alaska",2.1,2024-03-07 09:36:11.021,60.0908,-153.5217,158.3
ak02432ykhwz,"85 km NNE of Yakutat, Alaska",2.0,2024-03-07 09:34:26.434,60.2648,-139.2083,0.0
nn00874404,"46 km ENE of Fort Bidwell, California",1.3,2024-03-07 09:34:23.752,41.9582,-119.6067,2.2
uu80062116,"20 km SSW of Apple Valley, Utah",1.31,2024-03-07 09:19:45.390,36.9316666666667,-113.242833333333,17.38
ak02432yh9bs,"14 km NW of Four Mile Road, Alaska",1.6,2024-03-07 09:19:15.449,64.7049,-149.3166,21.5
uu80062106,"14 km NE of Milford, Utah",0.09,2024-03-07 09:18:27.430,38.493,-112.898333333333,2.56
nc74013086,"2 km ESE of The Geysers, CA",1.51,2024-03-07 09:07:46.410,38.7723333,-122.7371667,2.03
hv74130736,"4 km S of Pāhala, Hawaii",2.22000003,2024-03-07 09:06:40.050,19.1603336334229,-155.479339599609,32.8199996948242
hv74130726,"10 km NNE of Pāhala, Hawaii",1.76,2024-03-07 08:55:47.720,19.2973333333333,-155.4555,9.38
nc74013081,"7 km NW of The Geysers, CA",1.08,2024-03-07 08:53:08.060,38.8120003,-122.8198318,2.75
nc74013071,"14 km NW of Laytonville, CA",2.3,2024-03-07 08:39:46.120,39.7848333,-123.588,4.73
ci40682824,"16 km NE of Ojai, CA",1.28,2024-03-07 08:35:01.100,34.5268333,-119.1035,16.36
us7000m3ud,"78 km SW of Tamarindo, Costa Rica",5.7,2024-03-07 08:20:11.159,9.7781,-86.3237,11.148
nc74013066,"6 km WNW of Cobb, CA",0.37,2024-03-07 08:19:58.830,38.837,-122.7951667,1.92
uw61988171,"36 km NNE of Amboy, Washington",-0.14,2024-03-07 08:17:18.690,46.19133333333333,-122.1995,7.28
us7000m3uc,"22 km SSW of Saiki, Japan",4.4,2024-03-07 08:14:07.461,32.7724,131.7876,57.352
ci40682816,"3 km N of Vincent, CA",0.41,2024-03-07 08:13:45.280,34.5276667,-118.1101667,9.91
nc74013061,"9 km NNW of Redwood Valley, CA",1.84,2024-03-07 08:05:22.940,39.3393333,-123.2465,6.25
hv74130701,"12 km E of Pāhala, Hawaii",1.90999997,2024-03-07 08:05:13.820,19.1831665039062,-155.359497070312,30.2199993133545
av91135653,"86 km SSE of Kokhanok, Alaska",0.05,2024-03-07 08:04:21.500,58.6888333333333,-154.380666666667,4.59
nn00874307,"45 km ESE of Beatty, Nevada",-0.4,2024-03-07 07:57:00.119,36.7364,-116.2963,7.2
ci40682808,"14 km ENE of Borrego Springs, CA",0.91,2024-03-07 07:47:23.820,33.3125,-116.2383333,5.98
nc74013056,"7 km WNW of Cobb, CA",0.43,2024-03-07 07:41:44.920,38.8355,-122.8021667,2.29
ak02432xeybf,"50 km NW of Tatitlek, Alaska",2.1,2024-03-07 07:40:43.476,61.1276,-147.4392,0.0
ci40682800,"15 km SE of Ocotillo Wells, CA",2.1,2024-03-07 07:27:48.530,33.0465,-116.0221667,8.6
ci40682792,"16 km SE of Ocotillo Wells, CA",0.91,2024-03-07 07:24:40.100,33.047,-116.0115,9.71
nc74013051,"7 km WNW of Cobb, CA",-0.23,2024-03-07 07:24:04.930,38.8366667,-122.8041667,2.34
ci40682784,"9 km S of Idyllwild, CA",0.3,2024-03-07 07:23:46.880,33.6601667,-116.7228333,13.67
ci40682776,"15 km ENE of Ocotillo, CA",1.4,2024-03-07 07:11:46.660,32.7786667,-115.8438333,3.1
hv74130686,"8 km SW of Volcano, Hawaii",1.70000005,2024-03-07 07:10:43.620,19.3819999694824,-155.27766418457,0.930000007152557
ak02432x7shn,"60 km N of Petersville, Alaska",2.2,2024-03-07 07:07:02.038,63.0272,-150.5504,95.0
ak02432wvnm5,"22 km WNW of Beluga, Alaska",2.2,2024-03-07 06:50:40.132,61.2129,-151.4735,57.3
uu80062076,"14 km NE of Milford, Utah",0.27,2024-03-07 06:49:50.870,38.491,-112.8985,2.51
nc74013041,"8 km WNW of Cobb, CA",0.56,2024-03-07 06:44:20.210,38.8600006,-122.8014984,1.78
us7000m3u6,"25 km ENE of Anamizu, Japan",4.3,2024-03-07 06:41:46.052,37.2861,137.1816,9.322
nn00874303,"33 km SSW of Rachel, Nevada",1.1,2024-03-07 06:37:23.180,37.3776,-115.909,9.3
ok2024erbz,"8 km NW of Prague, Oklahoma",0.67,2024-03-07 06:27:39.200,35.536,-96.75283333,6.46
ak02432wot44,"60 km N of Karluk, Alaska",1.5,2024-03-07 06:18:45.489,58.1048,-154.3302,61.2
pr71442248,"92 km N of Tierras Nuevas Poniente, Puerto Rico",3.3,2024-03-07 05:52:32.680,19.2965,-66.4633333333333,47.59
mb90042718,"11 km ESE of Lincoln, Montana",2.2,2024-03-07 05:49:01.340,46.9333333333333,-112.534666666667,0.29
ci40682768,"6 km ESE of Valle Vista, CA",0.55,2024-03-07 05:36:39.440,33.7196667,-116.8411667,14.5
uw61988156,"27 km NNE of Queets, Washington",2.6,2024-03-07 05:22:19.350,47.74666666666667,-124.13666666666667,25.24
us7000m3ty,"267 km N of Kuril’sk, Russia",4.2,2024-03-07 05:09:05.437,47.6198,147.5241,379.496
ok2024eqzj,"8 km NW of Prague, Oklahoma",0.97,2024-03-07 05:08:20.190,35.53766667,-96.75066667,6.3
ak02432vzfyy,"13 km ESE of Tyonek, Alaska",1.6,2024-03-07 05:00:11.142,61.0423,-150.8839,30.9
nc74013031,"10 km WNW of The Geysers, CA",0.4,2024-03-07 04:59:40.320,38.8260002,-122.8563309,2.42
ak02432vpklq,"35 km WSW of Petersville, Alaska",2.6,2024-03-07 04:54:05.628,62.3556,-151.3788,90.7
ci40682760,"14 km ENE of Tijuana, B.C., MX",2.35,2024-03-07 04:45:12.780,32.5796667,-116.8873333,15.12
nc74013026,"10 km NW of The Geysers, CA",0.4,2024-03-07 04:36:15.450,38.8398323,-122.8371658,1.4
nc74013021,"8 km WNW of Cobb, CA",1.05,2024-03-07 04:25:14.520,38.8470001,-122.8113327,0.77
us7000m3tv,"53 km SW of Ollagüe, Chile",4.3,2024-03-07 04:21:30.866,-21.5937,-68.5857,135.565
nc74013011,"7 km WNW of The Geysers, CA",0.75,2024-03-07 04:06:02.160,38.810833,-122.8268356,2.04
nc74013006,"10 km WNW of The Geysers, CA",0.84,2024-03-07 03:51:57.810,38.8230019,-122.8526688,2.5
nc74012996,"3 km WSW of Cobb, CA",1.1,2024-03-07 03:46:12.170,38.8146667,-122.7610016,1.31
nc74012991,"8 km W of Cobb, CA",-0.46,2024-03-07 03:45:08.150,38.8358333,-122.8161667,1.77
hv74130596,"2 km NE of Pāhala, Hawaii",1.90999997,2024-03-07 03:43:20.560,19.2194995880127,-155.46549987793,33.3600006103516
ak02432v1e5y,"28 km WNW of Aleknagik, Alaska",2.4,2024-03-07 03:41:24.705,59.4018,-159.0417,240.3
av91135633,"26 km W of Dutch Harbor, Alaska",-0.43,2024-03-07 03:40:55.170,53.881,-166.9505,6.56
nc74012986,"6 km W of Cobb, CA",0.1,2024-03-07 03:39:27.660,38.8313333,-122.7963333,2.27
ci40682744,"9 km NNW of Anza, CA",0.57,2024-03-07 03:37:30.910,33.636,-116.695,14.06
us7000m3tr,"71 km ESE of Sarangani, Philippines",4.7,2024-03-07 03:30:12.782,5.1356,126.0498,104.044
mb90042713,"9 km ENE of Ronan, Montana",1.65,2024-03-07 03:28:22.970,47.5631666666667,-113.990333333333,17.48
uw61988136,"37 km NNE of Amboy, Washington",-0.1,2024-03-07 03:17:39.860,46.197833333333335,-122.18633333333334,6.92
ak02432uuqa0,"52 km W of Nanwalek, Alaska",2.2,2024-03-07 03:10:15.765,59.4308,-152.8374,86.7
nc74012976,"2 km ENE of The Geysers, CA",1.24,2024-03-07 03:06:30.460,38.7851667,-122.7356667,0.82
ak02432usl2w,"6 km S of Salcha, Alaska",0.8,2024-03-07 03:00:17.188,64.4641,-146.8836,13.5
ak02432ujmzx,"9 km NW of Tatitlek, Alaska",2.0,2024-03-07 02:58:41.098,60.937,-146.7851,23.8
nn00874297,"14 km ENE of Boulder City, Nevada",2.6,2024-03-07 02:54:26.977,36.0099,-114.6737,5.8
nc74012971,"10 km WNW of The Geysers, CA",0.76,2024-03-07 02:47:33.310,38.8219986,-122.8536682,2.34
nc74012966,"10 km WNW of The Geysers, CA",1.1,2024-03-07 02:47:03.560,38.8224983,-122.8531647,2.6
ci40682728,"5 km WNW of Borrego Springs, CA",0.78,2024-03-07 02:42:03.000,33.272,-116.4236667,4.54
nc74012961,"9 km WNW of Cobb, CA",0.72,2024-03-07 02:13:23.310,38.8453331,-122.8273315,1.87
nc74012956,"9 km WNW of Cobb, CA",0.53,2024-03-07 02:13:10.680,38.8446655,-122.8274994,2.08
nc74012951,"2 km NNW of The Geysers, CA",0.76,2024-03-07 02:10:37.430,38.7908325,-122.7659988,0.13
nc74012946,"10 km NW of The Geysers, CA",1.16,2024-03-07 02:07:19.940,38.8408333,-122.8366667,1.81
nc74012941,"8 km WNW of Cobb, CA",0.81,2024-03-07 01:59:30.820,38.8476677,-122.8143311,1.28
ak02432ty14b,"7 km ESE of Point MacKenzie, Alaska",2.0,2024-03-07 01:57:59.794,61.3394,-149.8466,30.9
uw61988131,"37 km NNE of Amboy, Washington",-0.31,2024-03-07 01:55:16.930,46.19583333333333,-122.18033333333334,6.58
av91135613,"21 km ENE of Adak, Alaska",1.54,2024-03-07 01:55:13.270,51.9375,-176.342666666667,5.06
nc74012936,"3 km WNW of Anderson Springs, CA",0.3,2024-03-07 01:49:19.080,38.7816667,-122.723,1.63
uw61988126,"7 km WSW of Snoqualmie, Washington",3.12,2024-03-07 01:48:35.340,47.49466666666667,-121.90816666666667,12.01
uu80062036,"14 km ENE of Beaver, Utah",0.52,2024-03-07 01:46:21.240,38.3066666666667,-112.478,5.99
ak02432ttaga,"52 km WNW of Ninilchik, Alaska",1.5,2024-03-07 01:35:47.945,60.1593,-152.5953,98.2
nc74012926,"8 km NW of The Geysers, CA",0.27,2024-03-07 01:34:05.600,38.8351669,-122.8209991,0.84
nn00874642,"55 km ESE of Lovelock, Nevada",1.4,2024-03-07 01:30:17.968,39.9842,-117.8699,2.2
ok2024eqse,"8 km NW of Prague, Oklahoma",1.07,2024-03-07 01:29:57.740,35.53633333,-96.75216667,6.69
ak02432tq0vo,"54 km E of Whittier, Alaska",1.6,2024-03-07 01:20:23.930,60.8324,-147.6877,15.1
nc74012921,"2 km N of The Geysers, CA",0.73,2024-03-07 01:19:58.020,38.7924995,-122.7594986,1.35
ak02432tpcwe,"39 km WNW of Cantwell, Alaska",2.8,2024-03-07 01:17:13.427,63.4904,-149.7188,0.0
ak02432tp8gd,"16 km NNW of Anderson, Alaska",2.7,2024-03-07 01:16:55.818,64.4672,-149.3723,13.2
ci40682720,"5 km NNE of Big Bear City, CA",1.28,2024-03-07 01:10:15.230,34.3025,-116.8335,4.11
ak02432tmeua,"48 km WNW of Nanwalek, Alaska",2.1,2024-03-07 01:03:38.592,59.4678,-152.7521,85.0
ci40682712,"6 km ENE of Cabazon, CA",1.05,2024-03-07 01:03:01.280,33.9428333,-116.7258333,14.84
pr2024067000,"56 km ESE of Punta Cana, Dominican Republic",3.58,2024-03-07 01:02:15.630,18.3023,-67.9621,99.0
us7000m3ta,"1 km SW of Dubrava, Croatia",2.9,2024-03-07 00:58:24.426,45.824,16.0451,5.0
nn00874295,"58 km S of Kingston, Nevada",1.2,2024-03-07 00:55:55.305,38.6849,-117.1055,0.0
nc74012916,"1 km SW of Anderson Springs, CA",1.1,2024-03-07 00:44:25.990,38.7685013,-122.7021637,1.88
hv74130476,"11 km SSW of Volcano, Hawaii",1.98,2024-03-07 00:41:49.040,19.3531666666667,-155.2885,25.59
ak02432t70o5,"16 km E of Ferry, Alaska",1.5,2024-03-07 00:31:58.520,63.994,-148.7809,0.0
av91135588,"42 km WSW of False Pass, Alaska",0.63,2024-03-07 00:22:59.300,54.7521666666667,-164.0505,1.79
ak02432t4mv9,"44 km E of Denali Park, Alaska",1.3,2024-03-07 00:20:44.854,63.8007,-148.0345,2.7
tx2024eqpw,"54 km S of Whites City, New Mexico",1.7,2024-03-07 00:20:41.213,31.69,-104.308,6.2537
ak02432t3he6,"23 km NW of Susitna, Alaska",1.9,2024-03-07 00:15:07.342,61.7145,-150.7692,87.5
ak02432t339a,"8 km ENE of Fox, Alaska",1.6,2024-03-07 00:13:24.143,64.9813,-147.4385,0.0
ak02432t2xwk,"61 km W of Akhiok, Alaska",2.3,2024-03-07 00:12:54.763,56.9814,-155.1794,25.4
nc74012896,"20 km SW of San Lucas, CA",1.1,2024-03-07 00:04:02.530,35.9986667,-121.1641667,5.8
tx2024eqpe,"53 km S of Whites City, New Mexico",1.9,2024-03-06 23:58:17.249,31.696,-104.291,6.4075
us7000m3t3,"174 km ENE of Tual, Indonesia",5.1,2024-03-06 23:56:55.639,-4.8435,134.12,10.0
ak02431jhbp6,"56 km SSE of Chignik, Alaska",2.2,2024-03-06 23:53:42.023,55.819,-158.0943,58.6
av91135578,"60 km SE of Pedro Bay, Alaska",-0.52,2024-03-06 23:44:12.790,59.3633333333333,-153.433,-0.54
ak02431jcyr6,"8 km WNW of Houston, Alaska",1.3,2024-03-06 23:33:28.346,61.6549,-149.9743,37.9
nc74012881,"8 km W of Cobb, CA",0.77,2024-03-06 23:32:48.900,38.8359985,-122.8199997,2.18
ok2024eqog,"1 km SSE of Mill Creek, Oklahoma",1.17,2024-03-06 23:31:26.199,34.38916667,-96.8155,0.0
nc74012876,"8 km NW of The Geysers, CA",0.87,2024-03-06 23:15:00.170,38.8296661,-122.8126678,2.14
ci40682664,"8 km ENE of Cabazon, CA",0.68,2024-03-06 23:14:09.150,33.9401667,-116.6991667,16.99
nc74012871,"3 km NE of The Geysers, CA",0.81,2024-03-06 23:13:08.440,38.793335,-122.7283325,-0.18
nc74012861,"3 km ENE of The Geysers, CA",1.01,2024-03-06 23:12:47.670,38.7926667,-122.7258333,0.88
nc74012866,"17 km SW of Toms Place, CA",1.05,2024-03-06 23:10:35.170,37.4488333,-118.8158333,3.43
hv74130401,"7 km SSE of Fern Forest, Hawaii",2.11999989,2024-03-06 23:07:10.190,19.4011669158936,-155.112335205078,11.8500003814697
hv74130396,"23 km WNW of Volcano, Hawaii",1.37,2024-03-06 23:07:06.840,19.4843333333333,-155.450333333333,-0.01
tx2024eqni,"60 km S of Whites City, New Mexico",2.4,2024-03-06 23:03:26.193,31.637,-104.491,8.3044
nc74012856,"6 km W of Cobb, CA",0.83,2024-03-06 23:02:45.840,38.8243332,-122.7898331,1.22
nc74012851,"8 km NW of The Geysers, CA",1.21,2024-03-06 23:01:07.720,38.8345,-122.817,1.87
ci40682648,"5 km SSE of Lake Henshaw, CA",0.87,2024-03-06 22:42:20.880,33.1966667,-116.7405,7.79
ak02431irtwc,"39 km SSW of Dry Creek, Alaska",1.2,2024-03-06 22:34:47.460,63.3568,-145.0942,13.6
nc74012841,"7 km WNW of Cobb, CA",0.22,2024-03-06 22:33:27.920,38.8406677,-122.8056641,1.03
nc74012836,"7 km NW of The Geysers, CA",0.76,2024-03-06 22:30:37.250,38.8266678,-122.8059998,2.42
uw61988036,"3 km E of Barview, Oregon",1.06,2024-03-06 22:28:30.250,43.354166666666664,-124.26666666666667,2.2
nc74012831,"10 km ESE of Boonville, CA",1.48,2024-03-06 22:16:25.580,38.9735,-123.2583333,5.92
uw61988031,"11 km S of Princeton, Canada",1.87,2024-03-06 22:16:24.030,49.355666666666664,-120.4885,-0.37
nn00874293,"15 km NNW of Sutcliffe, Nevada",0.3,2024-03-06 22:09:40.811,40.0759,-119.6852,14.7
nc74012826,"1 km SW of Anderson Springs, CA",1.34,2024-03-06 22:03:57.270,38.7688333,-122.7028333,2.1
nc74012821,"2 km SSW of Anderson Springs, CA",1.13,2024-03-06 22:00:20.740,38.7631667,-122.7003333,2.25
ci40682616,"13 km SW of Searles Valley, CA",0.87,2024-03-06 21:58:34.640,35.7003333,-117.5205,3.18
pr71442228,"57 km W of Puerto Real, Puerto Rico",3.19,2024-03-06 21:41:05.890,18.0605,-67.7261666666667,157.52
us7000m3sh,"62 km ENE of Kinablangan, Philippines",5.1,2024-03-06 21:39:29.034,7.8906,127.0758,12.673
nc74012811,"4 km NNW of The Geysers, CA",1.08,2024-03-06 21:38:29.830,38.8115005,-122.770668,0.24
ak02431i63x7,"3 km SSW of Salcha, Alaska",1.3,2024-03-06 21:33:12.915,64.4975,-146.9302,4.0
ok2024eqkc,"4 km W of Lucien, Oklahoma",1.88,2024-03-06 21:25:03.188,36.27571106,-97.5065155,4.209304333
ok2024eqjz,"2 km SSW of Mill Creek, Oklahoma",1.2,2024-03-06 21:22:09.720,34.37916667,-96.83766667,0.06
us7000m3se,"Bonin Islands, Japan region",4.1,2024-03-06 21:20:37.619,27.585,139.7935,486.573
ak02431i2p7j,"48 km N of McGrath, Alaska",1.6,2024-03-06 21:17:22.555,63.3876,-155.5383,1.2
us7000m3sa,"13 km SSW of Piedecuesta, Colombia",4.4,2024-03-06 21:12:44.247,6.8828,-73.1185,141.949
us7000m3s7,"114 km WSW of Puerto Madero, Mexico",4.1,2024-03-06 21:06:21.286,14.1863,-93.335,10.0
nc74012796,"5 km SSW of Redwood Valley, CA",1.22,2024-03-06 20:48:40.330,39.2231667,-123.2325,3.97
nc71132984,"10 km ESE of Willits, CA",1.25,2024-03-06 20:48:20.560,39.3858333,-123.2445,7.91
hv74130281,"29 km NNW of Pāhala, Hawaii",1.97,2024-03-06 20:47:21.450,19.4483333333333,-155.5845,39.71
ci40682544,"5 km W of Borrego Springs, CA",1.46,2024-03-06 20:45:15.210,33.2648333,-116.4325,4.05
nn00874292,"5 km SE of Cold Springs, Nevada",1.0,2024-03-06 20:38:14.073,39.6505,-119.9212,5.0
mb90042703,"6 km SSE of Lincoln, Montana",0.98,2024-03-06 20:26:29.030,46.8986666666667,-112.644333333333,13.93
ci40682520,"5 km SE of Home Gardens, CA",1.35,2024-03-06 20:23:52.080,33.8446667,-117.4908333,2.26
nc74012781,"7 km NW of The Geysers, CA",1.08,2024-03-06 20:20:41.580,38.8273315,-122.8128357,1.15
us7000m3rt,"42 km ENE of Kinablangan, Philippines",5.1,2024-03-06 20:19:45.191,7.8976,126.8787,57.085
mb90042698,"39 km NE of Spencer, Idaho",1.45,2024-03-06 20:19:22.990,44.6481666666667,-111.893166666667,9.58
mb90042688,"24 km W of Dillon, Montana",1.17,2024-03-06 20:19:05.560,45.229,-112.9485,14.57
nc74012776,"7 km NW of The Geysers, CA",0.77,2024-03-06 20:18:47.140,38.8276672,-122.8101654,1.4
mb90042678,"40 km NE of Spencer, Idaho",2.27,2024-03-06 20:09:32.290,44.665,-111.900666666667,11.12
tx2024eqhp,"54 km S of Whites City, New Mexico",2.4,2024-03-06 20:09:18.990,31.691,-104.297,6.0999
us7000m3rs,"11 km SSE of Marihatag, Philippines",4.8,2024-03-06 20:08:10.033,8.7047,126.3266,78.179
av91135568,"60 km SE of Pedro Bay, Alaska",-0.04,2024-03-06 20:06:30.760,59.365,-153.436333333333,-1.11
tx2024eqhl,"48 km W of Mentone, Texas",2.3,2024-03-06 20:04:56.986,31.738,-104.113,6.51
av91135563,"86 km NNW of Karluk, Alaska",-0.06,2024-03-06 20:00:53.290,58.2921666666667,-154.991166666667,3.11
nc74012766,"13 km SSW of Tres Pinos, CA",0.93,2024-03-06 19:48:34.610,36.6775,-121.352,2.76
nc74012761,"8 km WSW of Petrolia, CA",2.18,2024-03-06 19:45:58.810,40.3006667,-124.3793333,30.49
nc74012756,"2 km E of Aromas, CA",1.79,2024-03-06 19:36:48.500,36.8868333,-121.6163333,-0.12
nc74012751,"13 km NW of The Geysers, CA",0.75,2024-03-06 19:36:07.770,38.8416672,-122.8773346,2.76
us7000m3re,"26 km WSW of Lata, Solomon Islands",5.0,2024-03-06 19:27:01.825,-10.7836,165.5646,36.102
uu80061991,"23 km ENE of West Yellowstone, Montana",0.02,2024-03-06 19:16:14.080,44.7646666666667,-110.849666666667,7.16
uu80061971,"23 km ENE of West Yellowstone, Montana",0.75,2024-03-06 19:02:43.180,44.7658333333333,-110.852833333333,6.95
mb90042673,"2 km S of Lima, Montana",1.82,2024-03-06 19:02:07.930,44.6173333333333,-112.587833333333,8.11
tx2024eqfg,"18 km E of Pleasanton, Texas",2.8,2024-03-06 18:58:05.162,28.971,-98.293,7.7148
uu80061966,"11 km NW of Veyo, Utah",0.77,2024-03-06 18:54:24.960,37.405,-113.785333333333,0.58
mb90042663,"2 km S of Lima, Montana",2.12,2024-03-06 18:53:46.650,44.6175,-112.592833333333,7.83
uu80061961,"22 km ENE of West Yellowstone, Montana",1.22,2024-03-06 18:50:14.150,44.7638333333333,-110.8555,6.27
nc74012726,"6 km WNW of Cobb, CA",0.03,2024-03-06 18:38:05.700,38.8328333,-122.7913333,1.88
nc74012721,"9 km WNW of Cobb, CA",0.77,2024-03-06 18:37:44.340,38.8433342,-122.8251648,1.93
ok2024eqeh,"4 km ESE of Skedee, Oklahoma",1.73,2024-03-06 18:28:48.399,36.36966667,-96.65566667,3.52
ci40682344,"4 km ENE of Ocotillo Wells, CA",1.16,2024-03-06 18:18:56.590,33.1621667,-116.0916667,9.59
ok2024eqdu,"8 km NW of Prague, Oklahoma",0.94,2024-03-06 18:13:34.119,35.53933333,-96.75283333,5.64
nc74012716,"19 km NW of Parkfield, CA",0.98,2024-03-06 18:07:35.140,36.022,-120.5826667,3.61
pr71442218,"2 km SSW of Liborio Negron Torres, Puerto Rico",2.3,2024-03-06 18:02:54.920,18.022,-66.9505,10.94
uu80061941,"22 km ENE of West Yellowstone, Montana",0.3,2024-03-06 18:02:54.640,44.7643333333333,-110.852,6.0
nn00874291,"11 km SE of Smith, Nevada",1.2,2024-03-06 17:58:53.685,38.7349,-119.2238,10.1
uu80061936,"22 km ENE of West Yellowstone, Montana",-0.04,2024-03-06 17:57:29.340,44.7591666666667,-110.854666666667,5.2
uw61987866,"9 km NNE of Government Camp, Oregon",0.08,2024-03-06 17:54:24.890,45.382333333333335,-121.69466666666666,-0.73
nc74012711,"2 km SE of The Geysers, CA",1.05,2024-03-06 17:49:01.520,38.7631683,-122.7350006,1.5
us7000m3qu,"73 km NE of Kashgar, China",4.5,2024-03-06 17:37:46.210,39.9226,76.6104,10.0
ci40682288,"11 km ESE of Anza, CA",0.84,2024-03-06 17:33:50.500,33.5211667,-116.5618333,14.56
ci37629820,"19 km ESE of Anza, CA",0.47,2024-03-06 17:33:32.460,33.504,-116.477,15.46
nc74012701,"8 km NW of The Geysers, CA",0.43,2024-03-06 17:32:48.980,38.8315,-122.8155,1.47
ak02431fq2ck,"120 km S of McCarthy, Alaska",2.0,2024-03-06 17:22:35.240,60.3528,-143.1026,0.0
tx2024eqca,"56 km S of Whites City, New Mexico",1.6,2024-03-06 17:20:07.235,31.669,-104.387,6.1255
us7000m3qr,"133 km NNE of Hihifo, Tonga",5.1,2024-03-06 17:17:27.144,-14.8968,-173.2016,10.0
nc74012696,"4 km NW of The Geysers, CA",1.67,2024-03-06 17:14:56.070,38.8038333,-122.7933333,3.44
ak02431fmvy0,"37 km WNW of Anchor Point, Alaska",1.8,2024-03-06 17:07:52.571,59.8444,-152.4875,69.1
nc74012691,"11 km WSW of Fall River Mills, CA",2.16,2024-03-06 17:05:01.900,40.9641667,-121.5595,15.1
av92224411,"13 km WNW of Atka, Alaska",1.55,2024-03-06 17:04:53.740,52.253,-174.3745,6.02
nc74012686,"8 km NW of The Geysers, CA",0.48,2024-03-06 17:04:07.350,38.8311653,-122.81633,2.02
nc74012681,"8 km NW of The Geysers, CA",0.33,2024-03-06 16:58:30.300,38.8315,-122.8178333,1.76
uw61987846,"5 km S of Wilderness Rim, Washington",1.6300000000000001,2024-03-06 16:57:47.620,47.39833333333333,-121.77516666666666,25.73
us7000m3qn,"64 km ESE of Marihatag, Philippines",4.4,2024-03-06 16:54:45.920,8.6377,126.8579,35.0
ci40682240,"4 km N of Lake Henshaw, CA",0.42,2024-03-06 16:51:15.100,33.2756667,-116.7706667,14.54
ak02431f9tom,"2 km NNE of Nanwalek, Alaska",2.5,2024-03-06 16:46:57.981,59.377,-151.8978,66.5
nc74012676,"8 km W of Cobb, CA",-0.39,2024-03-06 16:40:16.250,38.836,-122.8168333,1.41
nc74012671,"13 km SSW of Tres Pinos, CA",0.64,2024-03-06 16:35:49.010,36.676,-121.3561667,1.95
ak02431f6ti3,"24 km NNE of Paxson, Alaska",1.6,2024-03-06 16:32:56.347,63.2933,-145.4563,8.6
uu80061911,"23 km ENE of West Yellowstone, Montana",0.92,2024-03-06 16:31:34.970,44.774,-110.852833333333,8.44
uu80061906,"23 km ENE of West Yellowstone, Montana",0.53,2024-03-06 16:30:33.660,44.7706666666667,-110.854666666667,7.8
nc74012666,"2 km NW of Anderson Springs, CA",0.83,2024-03-06 16:29:38.930,38.7855,-122.7118333,1.37
uu80061901,"14 km NE of Milford, Utah",0.62,2024-03-06 16:25:13.060,38.4968333333333,-112.904666666667,2.66
nc74012656,"6 km NW of The Geysers, CA",0.28,2024-03-06 16:23:10.480,38.8156662,-122.8081665,1.39
uu80000593,"22 km ENE of West Yellowstone, Montana",0.02,2024-03-06 16:20:33.180,44.7525,-110.849,3.78
uu80061896,"22 km ENE of West Yellowstone, Montana",0.52,2024-03-06 16:19:57.430,44.757,-110.851,5.38
nc74012651,"10 km WNW of The Geysers, CA",1.1,2024-03-06 16:19:37.520,38.8260002,-122.8529968,1.73
ok2024epzz,"16 km NW of Bromide, Oklahoma",1.22,2024-03-06 16:19:02.439,34.52583333,-96.61833333,0.0
nc74012636,"3 km ENE of The Geysers, CA",0.61,2024-03-06 16:15:05.260,38.7866667,-122.7275,0.75
uu80061891,"23 km ENE of West Yellowstone, Montana",0.39,2024-03-06 16:12:19.100,44.7675,-110.852166666667,7.72
uu80000598,"22 km ENE of West Yellowstone, Montana",-0.15,2024-03-06 16:11:41.640,44.7501666666667,-110.853333333333,3.75
ak02431f17i4,"46 km N of Petersville, Alaska",1.7,2024-03-06 16:06:38.049,62.9123,-150.7826,125.5
uu80061886,"23 km ENE of West Yellowstone, Montana",0.29,2024-03-06 16:04:24.380,44.764,-110.851,6.07
uu80000603,"22 km ENE of West Yellowstone, Montana",0.14,2024-03-06 16:03:47.500,44.76,-110.855333333333,5.3
pr71442213,"1 km SSE of Yauco, Puerto Rico",2.07,2024-03-06 16:03:10.370,18.0176666666667,-66.846,15.88
uu80061881,"23 km ENE of West Yellowstone, Montana",0.16,2024-03-06 16:03:09.410,44.7713333333333,-110.853,8.02
ak02431eqxne,"17 km WNW of Seldovia, Alaska",2.6,2024-03-06 15:58:46.178,59.5232,-151.972,33.4
mb90042618,"18 km NNE of Seeley Lake, Montana",0.91,2024-03-06 15:56:15.100,47.3343333333333,-113.412166666667,17.31
uu80061871,"22 km ENE of West Yellowstone, Montana",1.26,2024-03-06 15:52:10.100,44.7663333333333,-110.858,8.63
hv74130076,"5 km SSW of Pāhala, Hawaii",2.42000008,2024-03-06 15:51:39.910,19.1515007019043,-155.489837646484,31.75
nc74012621,"8 km NW of The Geysers, CA",1.08,2024-03-06 15:49:35.110,38.8320007,-122.8153305,1.45
nc74012616,"3 km ENE of The Geysers, CA",0.75,2024-03-06 15:45:04.740,38.7866669,-122.7253342,-0.87
uu80061866,"14 km NE of Milford, Utah",0.38,2024-03-06 15:43:24.840,38.4925,-112.898,2.34
nc74012611,"7 km NW of The Geysers, CA",0.7,2024-03-06 15:41:29.560,38.8255005,-122.8128357,1.64
tx2024epys,"35 km NW of Toyah, Texas",2.0,2024-03-06 15:40:30.437,31.569,-104.012,6.8176
nc74012606,"9 km NW of The Geysers, CA",0.27,2024-03-06 15:35:31.400,38.8356667,-122.8216629,2.19
nc74012601,"8 km NW of The Geysers, CA",2.26,2024-03-06 15:31:11.500,38.8303333,-122.8125,2.5
hv74130066,"14 km NE of Pāhala, Hawaii",1.41,2024-03-06 15:29:49.090,19.2951666666667,-155.381333333333,2.31
us7000m3p3,"128 km S of False Pass, Alaska",4.8,2024-03-06 15:25:09.205,53.7027,-163.3856,12.986
av92224341,"28 km W of Dutch Harbor, Alaska",0.72,2024-03-06 15:19:52.390,53.8833333333333,-166.9765,3.2
nc74012596,"17 km SW of Toms Place, CA",0.81,2024-03-06 15:14:55.390,37.4528333,-118.8131667,4.7
nn00874271,"47 km ENE of Fort Bidwell, California",1.4,2024-03-06 15:10:21.620,41.9509,-119.5966,0.0
uu80061861,"23 km ENE of West Yellowstone, Montana",0.46,2024-03-06 15:08:22.460,44.7735,-110.8555,9.25
nc74012591,"10 km NW of The Geysers, CA",0.65,2024-03-06 15:05:41.000,38.828167,-122.8521652,2.26
ci40682152,"21 km N of Neenach, CA",1.07,2024-03-06 15:05:20.790,34.9621667,-118.619,4.83
uu80061856,"14 km NE of Milford, Utah",1.11,2024-03-06 15:05:04.980,38.4953333333333,-112.906,2.22
ci40682144,"6 km S of Banning, CA",0.8,2024-03-06 15:03:17.440,33.8698333,-116.8728333,12.18
nc74012586,"16 km SW of Toms Place, CA",1.26,2024-03-06 14:53:41.440,37.457,-118.8095,4.06
ak02431e44zm,"86 km NNW of Karluk, Alaska",1.5,2024-03-06 14:52:08.729,58.2584,-155.1142,0.0
nc74012581,"3 km SW of Anderson Springs, CA",0.89,2024-03-06 14:44:01.280,38.7514992,-122.7128296,1.42
nc74012576,"6 km SSW of Calistoga, CA",1.15,2024-03-06 14:38:16.660,38.5345,-122.6171667,7.65
mb90042653,"2 km NNW of Manhattan, Montana",0.75,2024-03-06 14:34:35.980,45.872,-111.3465,5.0
mb90042598,"7 km NNW of Smiths Ferry, Idaho",1.82,2024-03-06 14:32:20.990,44.3651666666667,-116.123166666667,5.01
nc71133034,"2 km NW of The Geysers, CA",0.37,2024-03-06 14:29:16.770,38.7876667,-122.7705,0.57
nc74012571,"7 km NW of The Geysers, CA",0.38,2024-03-06 14:28:59.440,38.8275,-122.8126667,1.26
ci40682136,"15 km E of Coso Junction, CA",0.9,2024-03-06 14:27:56.900,36.0343333,-117.7826667,1.69
nc74012566,"7 km NW of The Geysers, CA",0.76,2024-03-06 14:22:58.300,38.8144989,-122.8251648,1.99
mb90042593,"16 km NE of Stanley, Idaho",1.81,2024-03-06 14:13:24.320,44.337,-114.815833333333,9.16
hv74130006,"14 km SSE of Fern Forest, Hawaii",1.61,2024-03-06 14:10:42.280,19.3436666666667,-155.076166666667,5.07
ak02431duqzs,"65 km W of Karluk, Alaska",1.9,2024-03-06 14:08:28.565,57.5414,-155.5532,0.0
nc74012561,"2 km NNE of Pinnacles, CA",1.59,2024-03-06 13:48:20.010,36.5443333,-121.1366667,8.53
nc74012556,"2 km N of The Geysers, CA",0.25,2024-03-06 13:34:18.350,38.7941666,-122.7596664,1.61
nc74012551,"8 km W of Cobb, CA",0.36,2024-03-06 13:29:05.570,38.8348333,-122.8136667,2.25
us7000m3ny,"278 km W of Tual, Indonesia",4.6,2024-03-06 13:28:59.121,-5.8375,130.2447,196.567
uu80061846,"14 km NE of Milford, Utah",-0.02,2024-03-06 13:27:20.560,38.4971666666667,-112.903333333333,2.38
us7000m3tl,"2 km E of East Hampton, Connecticut",1.7,2024-03-06 13:24:49.803,41.572,-72.475,5.0
hv74129971,"5 km SSW of Pāhala, Hawaii",2.21000004,2024-03-06 13:08:52.410,19.156665802002,-155.492492675781,30.7900009155273
ci40682104,"15 km NE of Ridgecrest, CA",1.54,2024-03-06 13:03:29.160,35.7186667,-117.561,4.12
tx2024epta,"54 km NW of Toyah, Texas",1.5,2024-03-06 12:46:51.638,31.643,-104.218,7.3816
nc74012531,"3 km NW of Cobb, CA",1.02,2024-03-06 12:33:43.380,38.8408318,-122.7419968,1.08
uu80061836,"14 km NE of Milford, Utah",1.01,2024-03-06 12:33:22.260,38.4923333333333,-112.9055,1.61
ak02431cstbt,"6 km SSW of Salcha, Alaska",1.5,2024-03-06 12:31:29.538,64.4707,-146.939,3.0
nc74012521,"4 km WNW of Mammoth Lakes, CA",0.6,2024-03-06 12:31:02.630,37.6461667,-119.0283333,0.92
nc71133024,"9 km W of Mammoth Lakes, CA",0.67,2024-03-06 12:30:37.030,37.642,-119.0815,1.37
nc74012516,"24 km WSW of Petrolia, CA",1.89,2024-03-06 12:30:13.670,40.2766667,-124.5658333,20.08
hv74129916,"5 km S of Pāhala, Hawaii",2.36999989,2024-03-06 12:15:22.770,19.1523342132568,-155.47917175293,31.6100006103516
uu80061831,"23 km ENE of West Yellowstone, Montana",0.17,2024-03-06 12:01:47.550,44.7711666666667,-110.849166666667,8.23
nc74012511,"7 km NW of The Geysers, CA",1.01,2024-03-06 12:00:53.340,38.8186667,-122.8216667,2.55
nn00874262,"11 km E of Wilkerson, California",1.0,2024-03-06 11:59:24.920,37.2687,-118.2539,2.3
tx2024eprl,"54 km NW of Toyah, Texas",1.6,2024-03-06 11:59:24.532,31.638,-104.229,3.075
nc74012506,"2 km E of The Geysers, CA",0.16,2024-03-06 11:55:10.450,38.7745,-122.7308333,2.49
hv74129896,"23 km W of Volcano, Hawaii",1.41,2024-03-06 11:54:13.920,19.4728333333333,-155.4595,4.62
nc74012501,"8 km NW of The Geysers, CA",0.38,2024-03-06 11:53:19.260,38.8305,-122.8178333,1.83
uu80061826,"14 km NE of Milford, Utah",0.57,2024-03-06 11:49:39.580,38.4925,-112.897833333333,2.64
nn00874284,"9 km ESE of Doyle, California",0.3,2024-03-06 11:41:41.762,39.981,-120.0077,9.4
av91135553,"Rat Islands, Aleutian Islands, Alaska",1.2,2024-03-06 11:40:11.980,51.8745,178.325833333333,17.59
nc74012496,"14 km ESE of Gilroy, CA",0.93,2024-03-06 11:35:17.480,36.975,-121.4133333,7.21
ci40682088,"26 km SSE of Campo, CA",2.46,2024-03-06 11:35:10.710,32.3906667,-116.3596667,16.65
mb90042648,"13 km ESE of Lincoln, Montana",0.72,2024-03-06 11:34:08.590,46.8881666666667,-112.527,11.16
uu80061821,"14 km NE of Milford, Utah",0.77,2024-03-06 11:21:15.840,38.4931666666667,-112.901833333333,2.62
ak02431c47mu,"21 km W of Willow, Alaska",2.0,2024-03-06 11:16:50.947,61.7757,-150.4443,8.0
nc74012491,"8 km WSW of Petrolia, CA",2.21,2024-03-06 11:14:11.520,40.3113333,-124.3738333,30.8
av91135548,"23 km W of Dutch Harbor, Alaska",0.07,2024-03-06 11:12:48.940,53.8743333333333,-166.905666666667,2.62
nc74012481,"1 km NNW of The Geysers, CA",0.88,2024-03-06 11:11:50.650,38.7874985,-122.7645035,2.47
us7000m3nm,"53 km W of Ollagüe, Chile",4.4,2024-03-06 11:10:23.380,-21.1804,-68.7673,114.368
ci40682080,"15 km E of Little Lake, CA",0.82,2024-03-06 11:05:08.030,35.9105,-117.7428333,9.22
nn00874270,"69 km N of Black Rock City, Nevada",2.1,2024-03-06 10:58:15.022,41.3953,-119.1913,1.5
ci40682072,"14 km SW of Searles Valley, CA",0.55,2024-03-06 10:53:10.830,35.6668333,-117.4881667,5.88
nc74012476,"2 km NNW of The Geysers, CA",0.76,2024-03-06 10:50:08.260,38.7906685,-122.7600021,1.41
nn00874260,"60 km S of Silver Peak, Nevada",0.6,2024-03-06 10:48:07.022,37.2111,-117.5639,7.8
nn00874283,"32 km W of Empire, Nevada",1.0,2024-03-06 10:39:57.116,40.5701,-119.7285,19.2
ci40682064,"9 km ENE of Villa Park, CA",0.76,2024-03-06 10:39:15.040,33.8326667,-117.7218333,8.11
ci40682056,"15 km SSE of Valle Vista, CA",0.54,2024-03-06 10:31:09.060,33.6178333,-116.8606667,17.41
ak02431bj7xr,"36 km NW of Beluga, Alaska",2.3,2024-03-06 10:18:57.111,61.4069,-151.473,83.6
us7000m3ng,Fiji region,4.3,2024-03-06 10:13:31.620,-21.3713,-178.6473,531.886
nn00874258,"11 km NNW of Virginia City, Nevada",1.9,2024-03-06 10:07:44.147,39.4048,-119.6876,7.7
ci40682048,"20 km ESE of Anza, CA",0.78,2024-03-06 09:52:44.300,33.4745,-116.4796667,12.67
av92224136,"86 km NW of Karluk, Alaska",0.38,2024-03-06 09:48:34.040,58.1648333333333,-155.386333333333,2.47
nc74012471,"7 km NW of The Geysers, CA",0.95,2024-03-06 09:47:14.250,38.8180008,-122.8188324,2.39
ci40682040,"6 km WNW of Borrego Springs, CA",1.25,2024-03-06 09:46:21.250,33.2686667,-116.4335,4.77
ak02431b31ng,"57 km WSW of Anchor Point, Alaska",2.3,2024-03-06 09:43:10.834,59.6613,-152.8254,90.1
ci40682032,"10 km NNE of Indio, CA",0.63,2024-03-06 09:25:36.380,33.804,-116.1866667,4.0
tx2024epmg,"47 km W of Mentone, Texas",1.5,2024-03-06 09:22:00.459,31.734,-104.104,7.4457
hv74129831,"13 km ENE of Pāhala, Hawaii",1.89999998,2024-03-06 09:14:42.910,19.2396659851074,-155.358993530273,28.7099990844727
ak02431avlw6,"51 km NNE of Chickaloon, Alaska",1.6,2024-03-06 09:08:40.549,62.2382,-148.1531,31.1
uu80061801,"22 km ENE of West Yellowstone, Montana",0.24,2024-03-06 09:03:21.000,44.7611666666667,-110.853,6.29
uu80061796,"23 km ENE of West Yellowstone, Montana",0.25,2024-03-06 09:02:26.530,44.7733333333333,-110.852833333333,8.76
ak02431au8tv,"50 km NNE of Chickaloon, Alaska",4.1,2024-03-06 09:02:05.462,62.2323,-148.1998,29.5
nc74012461,"8 km NW of The Geysers, CA",0.76,2024-03-06 08:55:44.650,38.8196678,-122.8236694,2.2
ci40682024,"8 km ENE of Anza, CA",0.64,2024-03-06 08:50:57.340,33.5828333,-116.5991667,14.19
nn00874282,"11 km NNW of Virginia City, Nevada",0.6,2024-03-06 08:49:38.018,39.4056,-119.6994,6.1
hv74129821,"11 km NE of Pāhala, Hawaii",1.67,2024-03-06 08:45:10.450,19.2601666666667,-155.3925,31.14
us7000m3n8,"259 km WSW of Tofino, Canada",4.5,2024-03-06 08:41:27.072,48.0889,-129.0349,10.0
ci40682016,"13 km ENE of Ridgecrest, CA",0.91,2024-03-06 08:39:31.350,35.6803333,-117.5498333,7.18
pr71442203,"2 km WSW of Sabana Grande, Puerto Rico",2.14,2024-03-06 08:35:32.740,18.0693333333333,-66.9848333333333,15.27
nn00874281,"11 km NNW of Virginia City, Nevada",1.0,2024-03-06 08:33:32.663,39.4042,-119.6904,8.1
nc74012456,"10 km NW of The Geysers, CA",0.62,2024-03-06 08:28:07.500,38.838501,-122.8366699,1.26
nc74012451,"8 km NW of The Geysers, CA",0.7,2024-03-06 08:27:58.040,38.8286667,-122.8150024,1.42
ci40682008,"2 km WSW of Imperial, CA",1.08,2024-03-06 08:23:26.800,32.835,-115.592,12.75
uw61987816,"22 km ENE of Ashford, Washington",-0.26,2024-03-06 08:13:54.320,46.8525,-121.76933333333334,0.17
uu80061771,"14 km NE of Milford, Utah",-0.02,2024-03-06 08:13:36.060,38.4973333333333,-112.899833333333,2.95
ci40682000,"9 km SW of Anza, CA",0.43,2024-03-06 08:12:39.090,33.5081667,-116.7558333,4.71
ci40681992,"3 km SW of Imperial, CA",1.25,2024-03-06 08:06:19.410,32.824,-115.5928333,14.02
uu80061761,"22 km ENE of West Yellowstone, Montana",0.15,2024-03-06 08:05:38.130,44.7655,-110.852666666667,7.09
uw61987811,"5 km W of Wilderness Rim, Washington",1.08,2024-03-06 08:04:14.690,47.43816666666667,-121.84483333333333,19.88
nn00874280,"39 km SE of Beatty, Nevada",0.1,2024-03-06 07:32:29.044,36.6913,-116.4088,10.5
av92224071,"24 km W of Dutch Harbor, Alaska",-0.07,2024-03-06 07:28:09.010,53.881,-166.9075,3.51
nc74012441,"10 km WNW of The Geysers, CA",0.76,2024-03-06 07:27:53.020,38.8238335,-122.8533325,2.01
hv74129796,"12 km ESE of Pāhala, Hawaii",2.09,2024-03-06 07:24:45.940,19.1416666666667,-155.381833333333,30.03
nc74012436,"7 km NW of The Geysers, CA",1.04,2024-03-06 07:18:28.340,38.8129997,-122.8231659,2.33
nn00874279,"11 km NNW of Virginia City, Nevada",0.6,2024-03-06 07:14:33.059,39.4113,-119.6884,5.4
ci40681984,"10 km NNE of Indio, CA",0.78,2024-03-06 07:00:34.930,33.804,-116.1836667,6.12
nc74012431,"11 km WNW of Cobb, CA",0.69,2024-03-06 06:59:58.580,38.8658333,-122.8324966,1.26
nc74012426,"2 km N of The Geysers, CA",1.15,2024-03-06 06:58:36.680,38.7948341,-122.7570038,3.04
tx2024ephh,"52 km NW of Toyah, Texas",2.1,2024-03-06 06:52:09.701,31.638,-104.204,6.7151
nc74012421,"9 km WSW of Petrolia, CA",2.33,2024-03-06 06:47:15.450,40.3078333,-124.3866667,30.59
ak024319a6n4,"27 km S of Denali National Park, Alaska",2.6,2024-03-06 06:40:48.966,63.2931,-151.7988,8.5
nn00874278,"11 km NNW of Virginia City, Nevada",0.9,2024-03-06 06:31:34.275,39.4053,-119.7008,7.5
tx2024epgk,"54 km NW of Toyah, Texas",1.6,2024-03-06 06:24:36.932,31.646,-104.217,6.0999
ak0243195eoo,"11 km ENE of Fox, Alaska",1.3,2024-03-06 06:18:20.407,65.0069,-147.4041,4.0
ak02431959xb,"43 km NNW of Sutton-Alpine, Alaska",1.5,2024-03-06 06:17:58.716,62.1508,-148.9908,32.4
ci40681976,"6 km WNW of Granada Hills, CA",1.17,2024-03-06 06:08:24.200,34.2915,-118.5576667,10.72
ak0243192lcc,"51 km WNW of Tyonek, Alaska",1.7,2024-03-06 06:05:07.008,61.2556,-152.0149,0.2
ci40681968,"3 km SE of El Centro, CA",1.37,2024-03-06 06:02:17.250,32.7711667,-115.5321667,11.04
ci40681960,"7 km NNW of Warner Springs, CA",0.49,2024-03-06 05:59:50.780,33.3353333,-116.6745,12.63
ci40681952,"29 km WSW of Olancha, CA",1.83,2024-03-06 05:58:17.140,36.2298333,-118.3203333,4.71
ci37629748,"22 km ESE of Anza, CA",0.49,2024-03-06 05:52:54.520,33.4625,-116.4676667,14.09
ci40681944,"10 km NW of Anza, CA",0.18,2024-03-06 05:52:12.790,33.62,-116.7411667,14.48
ok2024epey,"8 km NW of Prague, Oklahoma",1.3,2024-03-06 05:40:31.539,35.5405,-96.74466667,6.55
ak024318numw,"54 km NNE of Kobuk, Alaska",2.8,2024-03-06 05:36:29.045,67.3537,-156.3796,7.0
ci40681936,"14 km SSW of Searles Valley, CA",0.59,2024-03-06 05:30:59.660,35.6663333,-117.4858333,5.2
ak024318mm7k,"18 km ENE of Skwentna, Alaska",1.8,2024-03-06 05:30:53.287,62.0278,-151.0626,60.1
nc74012411,"7 km W of Cobb, CA",0.76,2024-03-06 05:24:20.320,38.8348351,-122.8069992,2.33
nc74012401,"10 km WSW of Petrolia, CA",2.87,2024-03-06 05:17:06.810,40.3033333,-124.3966667,32.42
ci40681928,"12 km WSW of Searles Valley, CA",0.83,2024-03-06 05:13:53.650,35.7083333,-117.5131667,4.48
nc74012396,"8 km WNW of Cobb, CA",0.44,2024-03-06 05:13:23.630,38.8395,-122.8115,2.12
ci40681920,"23 km NNW of California City, CA",1.04,2024-03-06 05:07:51.500,35.3265,-118.0585,8.25
us7000m41v,"9 km NE of Port Leyden, New York",1.4,2024-03-06 05:02:25.884,43.6319,-75.2522,3.356
ak02431869c1,"27 km NW of Susitna, Alaska",1.8,2024-03-06 04:54:21.459,61.6909,-150.9389,60.7
av91135538,"19 km W of Sitka, Alaska",0.7,2024-03-06 04:46:54.880,57.028,-135.641666666667,6.42
us6000mig7,South Sandwich Islands region,4.6,2024-03-06 04:43:16.419,-59.1791,-25.3673,35.0
nc74012386,"6 km NW of The Geysers, CA",0.47,2024-03-06 04:37:32.010,38.8155,-122.796,2.54
us7000m3mh,Fiji region,4.2,2024-03-06 04:29:52.366,-20.5262,-178.5672,600.22
mb90042573,"17 km W of Lincoln, Montana",1.3,2024-03-06 04:28:45.460,46.9693333333333,-112.9055,16.42
tx2024epcn,"56 km S of Whites City, New Mexico",1.9,2024-03-06 04:27:10.802,31.667,-104.375,6.5613
us7000m3mf,"51 km WNW of Burang, China",4.2,2024-03-06 04:25:08.296,30.4056,80.6551,10.0
ci40681904,"9 km WSW of Anza, CA",0.71,2024-03-06 04:19:39.250,33.5103333,-116.7558333,4.32
us7000m3mb,"98 km WSW of San Antonio de los Cobres, Argentina",4.4,2024-03-06 03:58:06.661,-24.4073,-67.2681,192.398
nn00874251,"15 km NNW of Indian Springs, Nevada",0.3,2024-03-06 03:44:23.795,36.7027,-115.7299,0.0
nc74012381,"7 km NW of The Geysers, CA",1.13,2024-03-06 03:44:20.040,38.8238333,-122.805,2.5
us6000mig6,"47 km WNW of Curup, Indonesia",4.3,2024-03-06 03:41:56.109,-3.2433,102.1542,84.003
nc74012376,"2 km NNE of The Geysers, CA",1.04,2024-03-06 03:38:41.330,38.7949982,-122.7493362,1.22
ak024317gphz,"4 km S of Salcha, Alaska",0.9,2024-03-06 03:35:00.393,64.4859,-146.8945,6.7
nc74012366,"8 km NW of The Geysers, CA",0.89,2024-03-06 03:34:55.400,38.8336678,-122.8174973,2.07
nc74012371,"5 km WSW of Avenal, CA",1.06,2024-03-06 03:33:27.670,35.9816667,-120.1798333,8.13
nc74012361,"9 km NW of The Geysers, CA",1.06,2024-03-06 03:32:17.250,38.8390007,-122.8273315,1.43
ak024317f08g,"23 km E of Denali Park, Alaska",1.8,2024-03-06 03:27:06.402,63.7719,-148.4405,79.8
uw61987786,"6 km E of Mossyrock, Washington",0.59,2024-03-06 03:19:44.680,46.537333333333336,-122.39916666666667,21.73
ci40681896,"14 km SSW of Ludlow, CA",0.22,2024-03-06 03:18:40.210,34.6053333,-116.2066667,-0.76
nc74012356,"6 km NW of The Geysers, CA",1.08,2024-03-06 03:17:09.140,38.8161659,-122.8069992,1.27
ci40681888,"9 km WSW of Anza, CA",0.71,2024-03-06 03:15:02.750,33.5115,-116.7555,4.45
nn00874276,"16 km E of Hawthorne, Nevada",0.8,2024-03-06 03:12:52.866,38.5396,-118.4415,8.9
nn00874268,"47 km ENE of Fort Bidwell, California",1.2,2024-03-06 03:07:06.685,41.9624,-119.5987,0.0
ci40681880,"19 km ESE of Little Lake, CA",1.56,2024-03-06 03:06:03.450,35.8973333,-117.6983333,3.89
ci40681872,"12 km NNE of Ocotillo Wells, CA",1.82,2024-03-06 03:05:28.770,33.2446667,-116.0771667,7.83
us7000m3m3,"234 km WNW of Houma, Tonga",4.8,2024-03-06 03:04:57.083,-20.223,-177.3208,338.478
nn00874274,"12 km NNW of Virginia City, Nevada",0.5,2024-03-06 03:00:54.369,39.4138,-119.6935,7.0
tx2024eozr,"56 km S of Whites City, New Mexico",1.6,2024-03-06 03:00:18.185,31.667,-104.446,5.0745
tx2024eozq,"55 km S of Whites City, New Mexico",1.6,2024-03-06 02:59:21.800,31.676,-104.423,6.9714
ak024316zkob,"14 km NE of Perryville, Alaska",2.2,2024-03-06 02:55:06.355,56.009,-158.9903,105.5
ak024316zel8,"25 km SSE of Chickaloon, Alaska",1.2,2024-03-06 02:54:27.485,61.5908,-148.2468,4.8
tx2024eozi,"52 km NW of Toyah, Texas",1.7,2024-03-06 02:51:08.549,31.635,-104.197,6.0486
nc74012341,"9 km NW of The Geysers, CA",0.7,2024-03-06 02:50:14.770,38.8359985,-122.8219986,5.48
nc74012336,"15 km SE of Pinnacles, CA",1.05,2024-03-06 02:45:38.560,36.4416667,-121.012,9.36
tx2024eoze,"55 km S of Whites City, New Mexico",1.7,2024-03-06 02:44:38.754,31.678,-104.411,5.6384
ok2024eozd,"8 km NW of Prague, Oklahoma",0.49,2024-03-06 02:44:17.539,35.53133333,-96.76133333,6.49
ci40681864,"4 km ESE of Placentia, CA",1.94,2024-03-06 02:32:18.910,33.8531667,-117.8353333,11.61
tx2024eoyp,"54 km S of Whites City, New Mexico",1.8,2024-03-06 02:27:26.688,31.684,-104.421,5.177
nc74012331,"5 km NNW of The Geysers, CA",0.78,2024-03-06 02:15:24.360,38.8163338,-122.7870026,4.94
uu80061701,"14 km NE of Milford, Utah",0.02,2024-03-06 02:11:34.630,38.4891666666667,-112.899833333333,2.93
nc74012326,"7 km WNW of The Geysers, CA",0.77,2024-03-06 02:07:00.620,38.8096657,-122.819664,2.85
us7000m3lv,"6 km SSE of Santee, Nebraska",2.3,2024-03-06 01:54:52.663,42.7861,-97.816,5.0
uu80061696,"12 km S of Saint George, Utah",1.28,2024-03-06 01:54:34.430,36.9898333333333,-113.572166666667,9.35
ci40681848,"4 km NNE of Heber, CA",1.37,2024-03-06 01:47:00.990,32.7631667,-115.522,12.9
uw61987771,"7 km SSW of Cosmopolis, Washington",1.79,2024-03-06 01:45:54.060,46.888666666666666,-123.79766666666667,-0.08
nn00874248,"12 km NNW of Virginia City, Nevada",1.1,2024-03-06 01:42:12.732,39.414,-119.6985,8.0
uu80061681,"14 km NE of Milford, Utah",-0.15,2024-03-06 01:39:41.720,38.4933333333333,-112.8985,2.01
tx2024eoww,"54 km NW of Toyah, Texas",1.6,2024-03-06 01:35:16.518,31.645,-104.216,6.0999
av92223896,"106 km W of Adak, Alaska",0.82,2024-03-06 01:35:14.160,51.896,-178.174833333333,12.4
ci40681840,"7 km ENE of El Centro, CA",1.23,2024-03-06 01:30:47.540,32.8193333,-115.4966667,4.47
nc74012321,"6 km NW of The Geysers, CA",0.79,2024-03-06 01:29:50.240,38.8168335,-122.7969971,2.22
us6000mifw,"57 km WNW of Kirakira, Solomon Islands",4.2,2024-03-06 01:20:09.886,-10.3038,161.4178,82.294
ci40681832,"5 km WNW of Borrego Springs, CA",1.05,2024-03-06 01:17:43.840,33.2698333,-116.4285,4.25
ak02431660m5,"9 km SE of Salcha, Alaska",1.1,2024-03-06 01:17:16.136,64.4616,-146.7715,12.7
av91135528,"22 km W of Dutch Harbor, Alaska",0.66,2024-03-06 01:16:37.000,53.8658333333333,-166.884833333333,4.74
av91135523,"67 km NE of Nikolski, Alaska",0.08,2024-03-06 01:16:18.920,53.3938333333333,-168.191,0.07
nc74012316,"8 km NW of The Geysers, CA",0.68,2024-03-06 01:16:17.830,38.8351669,-122.8184967,1.68
av92223881,"69 km NE of Nikolski, Alaska",-0.66,2024-03-06 01:16:09.410,53.3833333333333,-168.125833333333,3.68
hv74129536,"11 km NE of Pāhala, Hawaii",1.73,2024-03-06 01:06:30.180,19.263,-155.392166666667,31.32
nn00874247,"12 km NNW of Virginia City, Nevada",0.6,2024-03-06 00:59:33.830,39.4135,-119.6938,6.1
nn00874238,"10 km NNW of Virginia City, Nevada",2.2,2024-03-06 00:52:22.517,39.4021,-119.6889,9.5
ak024315rws6,"30 km WNW of Chalkyitsik, Alaska",1.4,2024-03-06 00:51:34.514,66.7707,-144.358,9.8
pr2024066000,"118 km N of Suárez, Puerto Rico",3.63,2024-03-06 00:51:09.960,19.4963,-65.7405,50.0
nc74012306,"7 km NW of The Geysers, CA",0.84,2024-03-06 00:50:41.190,38.8183327,-122.8190002,2.31
uu80061656,"23 km ENE of Hebgen Lake Estates, Montana",-0.19,2024-03-06 00:43:14.280,44.8156666666667,-110.905833333333,5.94
tx2024eova,"55 km S of Whites City, New Mexico",1.8,2024-03-06 00:39:23.855,31.68,-104.421,6.0999
av92223836,"68 km NE of Nikolski, Alaska",-0.11,2024-03-06 00:35:17.750,53.3938333333333,-168.182166666667,0.28
nc74012301,"9 km WNW of The Geysers, CA",0.62,2024-03-06 00:24:08.000,38.8204994,-122.8421631,2.01
nc74012296,"3 km NNW of The Geysers, CA",0.26,2024-03-06 00:24:01.820,38.8066667,-122.7663333,1.49
uw61987751,"1 km SSE of Kapowsin, Washington",1.33,2024-03-06 00:23:33.870,46.96933333333333,-122.219,-0.4
nn00874233,"11 km NNW of Virginia City, Nevada",3.2,2024-03-06 00:22:11.052,39.4079,-119.6893,8.6
hv74129491,"23 km WNW of Volcano, Hawaii",1.83,2024-03-06 00:20:08.310,19.487,-155.4575,0.8
ok2024eoui,"8 km NW of Prague, Oklahoma",1.18,2024-03-06 00:18:59.250,35.52866667,-96.7595,5.13
ok2024eoug,"8 km NW of Prague, Oklahoma",1.46,2024-03-06 00:16:12.640,35.53416667,-96.764,4.65
nc74012286,"8 km NW of The Geysers, CA",-0.15,2024-03-06 00:12:23.960,38.8328333,-122.8136667,2.56
us7000m3lf,"127 km WNW of Aykol, China",5.1,2024-03-06 00:09:59.842,41.3127,78.6922,10.0
tx2024eotv,"13 km ESE of Olney, Texas",2.7,2024-03-06 00:01:42.777,33.301,-98.628,4.0527
ci40681792,"9 km WSW of Anza, CA",0.75,2024-03-05 23:54:22.430,33.5151667,-116.758,4.53
nn00874231,"29 km SE of Mina, Nevada",1.4,2024-03-05 23:32:09.702,38.1826,-117.8928,12.0
uw61987741,"3 km WNW of Lafayette, Oregon",1.6400000000000001,2024-03-05 23:27:30.240,45.25833333333333,-123.15516666666667,21.8
nn00874242,"30 km NE of Herlong, California",1.1,2024-03-05 23:26:15.142,40.3214,-119.8606,13.5
nc74012281,"6 km WNW of The Geysers, CA",1.06,2024-03-05 23:23:03.220,38.8074989,-122.8154984,3.23
tx2024eosl,"52 km NW of Toyah, Texas",1.7,2024-03-05 23:22:20.234,31.639,-104.202,6.0999
av92223806,"40 km ENE of Adak, Alaska",0.14,2024-03-05 23:20:43.070,52.0623333333333,-176.134,-1.8
ak0242zvpn8e,"16 km W of Clam Gulch, Alaska",1.4,2024-03-05 23:14:54.389,60.2319,-151.6964,58.0
nm60572151,"4 km NNW of Ridgely, Tennessee",2.44,2024-03-05 23:14:29.030,36.3045,-89.5036666666667,7.96
ak0242zvo3qh,"23 km ENE of Ouzinkie, Alaska",2.7,2024-03-05 23:07:35.130,58.0096,-152.1464,46.0
tx2024eorp,"48 km W of Mentone, Texas",2.6,2024-03-05 22:56:18.291,31.736,-104.113,7.1765
ok2024eoro,"8 km NW of Prague, Oklahoma",1.43,2024-03-05 22:54:55.460,35.53033333,-96.759,5.0
tx2024eork,"55 km S of Whites City, New Mexico",1.5,2024-03-05 22:51:44.883,31.677,-104.422,5.8948
av91135518,"23 km W of Dutch Harbor, Alaska",-0.36,2024-03-05 22:46:12.460,53.8708333333333,-166.897333333333,2.61
ak0242zv9bu0,"28 km N of Glacier View, Alaska",1.4,2024-03-05 22:38:41.689,62.0628,-147.7109,35.5
uw61987721,"2 km WNW of Mirrormont, Washington",1.54,2024-03-05 22:38:30.550,47.474333333333334,-122.02383333333333,8.21
tx2024eoqo,"55 km S of Whites City, New Mexico",2.3,2024-03-05 22:24:35.584,31.674,-104.423,6.0999
tx2024eoqn,"55 km S of Whites City, New Mexico",1.3,2024-03-05 22:24:05.254,31.674,-104.423,5.6384
nc74012266,"7 km NW of The Geysers, CA",1.07,2024-03-05 22:22:54.800,38.8168335,-122.822998,2.09
uw61987706,"12 km ESE of Enumclaw, Washington",1.11,2024-03-05 22:16:36.220,47.15683333333333,-121.83966666666667,-0.77
tx2024eoqc,"60 km S of Whites City, New Mexico",1.5,2024-03-05 22:10:48.452,31.633,-104.48,6.4331
tx2024eopy,"55 km S of Whites City, New Mexico",1.9,2024-03-05 22:05:21.278,31.679,-104.422,5.5359
nc74012256,"3 km ESE of The Geysers, CA",0.41,2024-03-05 21:46:19.650,38.7685,-122.7256667,0.89
ci40681712,"6 km WNW of Borrego Springs, CA",1.13,2024-03-05 21:46:02.600,33.2713333,-116.4321667,3.7
nc74012251,"7 km NW of The Geysers, CA",0.72,2024-03-05 21:37:13.700,38.8273315,-122.8026657,1.51
nc74012246,"1 km WSW of Anderson Springs, CA",1.05,2024-03-05 21:36:57.330,38.7698326,-122.7021637,1.79
nc74012236,"3 km NE of The Geysers, CA",0.89,2024-03-05 21:34:39.140,38.7956657,-122.731163,-0.34
tx2024eoor,"27 km SW of Jal, New Mexico",2.1,2024-03-05 21:27:21.127,31.929,-103.392,6.8689
uw61987691,"9 km ENE of Sprague, Washington",1.73,2024-03-05 21:26:48.420,47.343333333333334,-117.87433333333334,-0.63
us7000m3kk,"Kepulauan Babar, Indonesia",4.4,2024-03-05 21:24:56.929,-7.0227,129.537,144.1
hv74129286,"10 km ENE of Pāhala, Hawaii",2.67,2024-03-05 21:17:52.560,19.2366666666667,-155.381166666667,31.4
pr2024065004,"3 km WSW of Sabana Grande, Puerto Rico",3.37,2024-03-05 21:15:12.040,18.0716,-66.9908,15.0
us7000m3kb,south of the Fiji Islands,5.1,2024-03-05 21:10:04.719,-23.6362,179.1651,535.584
uw61987666,"13 km NNE of Ashford, Washington",0.38,2024-03-05 21:09:22.630,46.87233333333333,-121.9535,9.75
ci40681664,"2 km ESE of Home Gardens, CA",0.83,2024-03-05 21:07:48.750,33.8723333,-117.4971667,-0.53
nc74012226,"7 km NW of The Geysers, CA",1.1,2024-03-05 21:03:03.610,38.8148346,-122.8188324,2.6
av91135513,"24 km W of Dutch Harbor, Alaska",-0.41,2024-03-05 20:59:31.200,53.8761666666667,-166.907833333333,2.43
ak0242zu6wp0,"6 km S of Salcha, Alaska",0.9,2024-03-05 20:59:16.254,64.4629,-146.8948,8.6
nc74012221,"6 km W of Cobb, CA",0.9,2024-03-05 20:58:23.960,38.8261667,-122.7876667,1.83
nc74012216,"2 km N of The Geysers, CA",0.99,2024-03-05 20:51:38.160,38.7946663,-122.7539978,0.23
mb90042548,"10 km ENE of Trout Creek, Montana",1.36,2024-03-05 20:44:59.640,47.8776666666667,-115.478833333333,8.47
us7000m3k1,"37 km SW of Tocopilla, Chile",4.3,2024-03-05 20:30:11.935,-22.3566,-70.4205,38.369
ak0242ztyy5d,"83 km WNW of Karluk, Alaska",1.8,2024-03-05 20:22:02.578,57.81,-155.7787,97.8
nc74012206,"9 km WNW of Cobb, CA",1.33,2024-03-05 20:18:29.500,38.8388333,-122.8208333,1.89
av92223696,"67 km ENE of Pedro Bay, Alaska",-0.31,2024-03-05 20:15:25.590,60.0716666666667,-153.0335,4.82
pr71442168,"7 km SSE of Maria Antonia, Puerto Rico",2.63,2024-03-05 20:10:45.960,17.9168333333333,-66.8511666666667,14.74
nc74012201,"18 km WSW of Toms Place, CA",1.8,2024-03-05 20:02:44.340,37.4798333,-118.8531667,3.04
hv74129136,"14 km S of Fern Forest, Hawaii",1.53,2024-03-05 20:00:34.960,19.3315,-155.119,3.97
ci40681568,"7 km SSW of Mojave, CA",0.94,2024-03-05 19:59:36.610,34.989,-118.1918333,-0.95
nc74012196,"7 km NW of The Geysers, CA",-0.13,2024-03-05 19:58:24.770,38.8161667,-122.8163333,2.0
us6000mgyj,Macquarie Island region,6.1,2024-03-05 19:52:52.778,-59.1677,158.7962,10.0
nc74012181,"8 km NW of The Geysers, CA",0.73,2024-03-05 19:46:20.580,38.8311653,-122.8186646,1.51
tx2024eokl,"55 km S of Whites City, New Mexico",2.4,2024-03-05 19:19:34.840,31.673,-104.372,4.7668
tx2024eokh,"45 km NW of Toyah, Texas",1.8,2024-03-05 19:13:31.589,31.621,-104.115,6.933
ci40681480,"13 km WNW of Searles Valley, CA",1.34,2024-03-05 19:12:54.090,35.809,-117.5346667,-0.69
ci37629516,"13 km NNE of Coso Junction, CA",0.49,2024-03-05 18:57:05.780,36.1486667,-117.8728333,7.52
ci40681472,"13 km NE of Coso Junction, CA",1.19,2024-03-05 18:56:51.870,36.135,-117.86,6.95
nc74012176,"7 km NW of The Geysers, CA",1.08,2024-03-05 18:55:18.800,38.8110008,-122.8184967,2.92
hv74129071,"1 km WSW of Pāhala, Hawaii",2.08,2024-03-05 18:54:50.650,19.2001666666667,-155.490833333333,31.89
hv74129066,"15 km W of Volcano, Hawaii",1.25,2024-03-05 18:46:09.100,19.4306666666667,-155.383833333333,8.95
mb90042538,"7 km NNW of Smiths Ferry, Idaho",2.41,2024-03-05 18:39:43.050,44.3613333333333,-116.117333333333,8.32
ak0242zsvji5,"67 km W of Happy Valley, Alaska",1.4,2024-03-05 18:38:16.936,60.0333,-152.9309,114.0
uw61987581,"39 km NE of Amboy, Washington",0.88,2024-03-05 18:37:46.630,46.123333333333335,-122.04083333333334,7.08
nc74012171,"8 km WNW of Cobb, CA",0.45,2024-03-05 18:29:19.560,38.8365,-122.8125,1.9
uu80061551,"24 km SSE of Mammoth, Wyoming",0.56,2024-03-05 18:23:49.480,44.781,-110.571,2.1
nc74012166,"8 km NW of The Geysers, CA",-0.21,2024-03-05 18:16:03.970,38.8291667,-122.816,2.93
ok2024eoig,"3 km SE of Owasso, Oklahoma",1.22,2024-03-05 18:12:57.600,36.25066667,-95.82166667,0.0
us6000mgws,"104 km ESE of Akutan, Alaska",2.5,2024-03-05 18:10:20.608,53.7892,-164.2928,35.0
ak0242zse18q,"50 km NNW of Petersville, Alaska",1.3,2024-03-05 17:56:48.740,62.8945,-151.2254,111.9
uu80061546,"2 km ENE of Magna, Utah",0.49,2024-03-05 17:52:13.240,40.719,-112.072166666667,9.44
ak0242zscbgp,"25 km ENE of Minto, Alaska",1.0,2024-03-05 17:48:48.099,65.2091,-148.8211,17.8
nc74012161,"3 km ESE of The Geysers, CA",0.19,2024-03-05 17:48:30.060,38.7723333,-122.7271667,0.76
nc74012156,"8 km W of Cobb, CA",1.1,2024-03-05 17:46:16.900,38.8348351,-122.815834,1.92
ci40681360,"15 km SE of Ocotillo Wells, CA",1.01,2024-03-05 17:43:46.270,33.0486667,-116.0118333,10.55
ak0242zsathw,"5 km SSW of Salcha, Alaska",0.9,2024-03-05 17:41:48.994,64.4743,-146.9427,6.5
uw61987556,"6 km NW of Bandon, Oregon",1.55,2024-03-05 17:38:11.440,43.16683333333334,-124.457,18.61
nn00874212,"10 km NNW of Virginia City, Nevada",0.7,2024-03-05 17:33:51.635,39.4015,-119.6956,8.2
ci40681336,"27 km W of Olancha, CA",0.65,2024-03-05 17:20:06.300,36.2408333,-118.3048333,7.09
ak0242zs58kd,"39 km WSW of Akhiok, Alaska",2.4,2024-03-05 17:15:44.615,56.7579,-154.7243,50.0
us6000mgwg,Fiji region,4.5,2024-03-05 17:05:20.424,-20.9516,-179.0362,602.492
nc74012146,"1 km N of The Geysers, CA",0.97,2024-03-05 16:48:08.240,38.7825012,-122.7553329,0.09
nc74012141,"7 km W of Cobb, CA",1.77,2024-03-05 16:45:42.030,38.8336667,-122.7985,2.26
nn00874244,"45 km WNW of Indian Springs, Nevada",-0.1,2024-03-05 16:42:47.406,36.7629,-116.1144,5.6
nc74012136,"2 km N of The Geysers, CA",0.59,2024-03-05 16:38:53.460,38.7928352,-122.7555008,0.87
nn00874202,"48 km ENE of Beatty, Nevada",0.7,2024-03-05 16:37:42.913,37.1408,-116.2982,9.1
nm60501713,"6 km ENE of Pinckneyville, Illinois",2.53,2024-03-05 16:34:45.280,38.0921666666667,-89.3145,16.92
uu80061511,"14 km NE of Milford, Utah",-0.06,2024-03-05 16:31:19.420,38.492,-112.897333333333,2.63
ci40681224,"29 km WSW of Olancha, CA",1.62,2024-03-05 16:22:40.840,36.226,-118.3228333,6.17
hv74128966,"9 km NE of Pāhala, Hawaii",2.02999997,2024-03-05 16:20:37.880,19.2613334655762,-155.410003662109,31.6100006103516
nc74012126,"10 km SE of Pinnacles, CA",1.92,2024-03-05 16:15:49.350,36.4726667,-121.0635,4.89
ak0242zrjb6b,"7 km NE of Fox, Alaska",1.5,2024-03-05 16:13:14.114,64.9973,-147.4971,0.0
nn00874226,"47 km ESE of Beatty, Nevada",-0.2,2024-03-05 16:12:04.229,36.7582,-116.2646,7.7
ak0242zrii7r,"66 km S of Cantwell, Alaska",1.6,2024-03-05 16:09:38.791,62.7918,-148.9617,3.7
ak0242zrgz68,"21 km NNE of Old Harbor, Alaska",2.6,2024-03-05 16:02:25.815,57.3831,-153.1843,35.6
av92223556,"62 km ENE of Pedro Bay, Alaska",0.14,2024-03-05 16:00:20.800,60.0025,-153.07,1.84
ci40681200,"18 km ESE of Little Lake, CA",0.37,2024-03-05 15:50:14.850,35.8808333,-117.7155,11.43
ak0242zr5srz,"68 km NNW of Tanana, Alaska",1.2,2024-03-05 15:50:10.375,65.7657,-152.4874,0.0
uw61987541,"38 km NNE of Amboy, Washington",-0.16,2024-03-05 15:39:15.040,46.20183333333333,-122.18233333333333,1.94
nc74012121,"6 km WNW of Cobb, CA",0.55,2024-03-05 15:34:14.040,38.835,-122.7908333,1.92
ak0242zqysku,"6 km SW of Big Lake, Alaska",1.2,2024-03-05 15:18:00.739,61.4864,-150.0539,29.5
nn00874199,"35 km N of Beatty, Nevada",0.7,2024-03-05 15:12:38.202,37.2276,-116.7321,7.7
nc74012111,"7 km ENE of New Idria, CA",1.18,2024-03-05 15:05:43.090,36.4448333,-120.5978333,13.52
nc74012106,"18 km WSW of Toms Place, CA",1.86,2024-03-05 14:48:57.780,37.4766667,-118.8501667,3.6
ok2024eobn,"5 km ENE of Edmond, Oklahoma",1.24,2024-03-05 14:48:45.229,35.67233333,-97.42583333,6.29
nn00874224,"11 km NNW of Virginia City, Nevada",0.7,2024-03-05 14:37:49.540,39.4074,-119.6939,8.3
hv74128916,"3 km SW of Pāhala, Hawaii",2.35,2024-03-05 14:37:45.730,19.1805000305176,-155.498001098633,30.7800006866455
nc74012101,"7 km NW of The Geysers, CA",0.4,2024-03-05 14:37:34.510,38.8145,-122.8238333,2.46
pr2024065003,"48 km NW of San Antonio, Puerto Rico",4.0,2024-03-05 14:35:55.140,18.7671,-67.4601,9.0
av92223526,"81 km NNW of Karluk, Alaska",0.67,2024-03-05 14:30:30.130,58.2531666666667,-154.939833333333,2.76
ci40681144,"16 km N of Borrego Springs, CA",0.93,2024-03-05 14:17:32.210,33.4018333,-116.399,11.11
nc74012096,"4 km SSW of San Francisco Zoo, CA",1.98,2024-03-05 14:08:01.950,37.7038333,-122.526,9.45
ak0242zqaydp,"68 km SSE of Cantwell, Alaska",1.3,2024-03-05 14:06:19.656,62.8542,-148.274,68.3
pr2024065002,"60 km SE of Punta Cana, Dominican Republic",3.8,2024-03-05 14:05:36.610,18.1936,-67.998,108.0
ci40681128,"15 km N of Borrego Springs, CA",0.69,2024-03-05 14:00:57.520,33.3891667,-116.3658333,3.17
ak0242zpwtwu,"36 km NNW of Petersville, Alaska",1.6,2024-03-05 13:40:29.909,62.8168,-150.9292,94.4
nc74012091,"18 km SW of Manton, CA",1.9,2024-03-05 13:34:07.960,40.3176667,-122.0296667,15.92
nc74012086,"6 km WNW of Cobb, CA",1.1,2024-03-05 13:33:50.080,38.8344994,-122.7961655,0.37
nc74012081,"7 km NW of The Geysers, CA",0.41,2024-03-05 13:29:36.900,38.8141667,-122.82,1.63
ak0242zpsr65,"43 km WNW of Tyonek, Alaska",1.9,2024-03-05 13:21:28.139,61.1738,-151.9104,102.3
ci40681120,"16 km ESE of Anza, CA",0.57,2024-03-05 13:21:18.620,33.4821667,-116.521,12.16
nn00874201,"4 km N of Mogul, Nevada",0.7,2024-03-05 13:20:12.334,39.5581,-119.9344,7.8
us6000mgv7,"33 km SE of Karpathos, Greece",4.3,2024-03-05 13:17:51.479,35.3114,27.4964,10.0
nc74012076,"7 km WNW of The Geysers, CA",1.08,2024-03-05 13:15:11.690,38.8118324,-122.8288345,1.6
uu80061441,"15 km NE of Milford, Utah",0.38,2024-03-05 13:12:24.320,38.5033333333333,-112.892833333333,2.11
ak0242zpqg1f,"14 km W of Anchorage, Alaska",1.6,2024-03-05 13:10:50.750,61.1949,-150.1688,40.2
ak0242zpq0r9,"46 km W of Anchor Point, Alaska",2.2,2024-03-05 13:08:52.695,59.7547,-152.65,96.2
nc74012066,"7 km NW of The Geysers, CA",0.49,2024-03-05 13:05:17.310,38.8153343,-122.8251648,1.94
nc74012071,"4 km SW of Tres Pinos, CA",0.4,2024-03-05 13:04:39.270,36.7615,-121.3551667,7.53
us6000mgv4,"9 km N of Smiths Ferry, Idaho",3.4,2024-03-05 12:57:50.743,44.3874,-116.0745,15.879
ak0242zpemhe,"42 km SE of Nelchina, Alaska",1.2,2024-03-05 12:55:43.716,61.6841,-146.2895,49.8
nn00874198,"50 km WNW of Indian Springs, Nevada",-0.2,2024-03-05 12:50:01.898,36.7359,-116.1949,1.7
ak0242zpcatc,"61 km WNW of Tyonek, Alaska",1.4,2024-03-05 12:45:08.919,61.2612,-152.1984,0.1
ok2024enxl,"7 km W of Arcadia, Oklahoma",2.43,2024-03-05 12:45:01.490,35.67416667,-97.40366667,6.2
nc74012061,"19 km SW of Manton, CA",1.94,2024-03-05 12:42:41.330,40.3136667,-122.0348333,16.07
tx2024enxb,"11 km ENE of Pleasanton, Texas",2.1,2024-03-05 12:33:06.415,29.021,-98.372,4.9561
ak0242zp9pm8,"9 km SSW of Sunrise, Alaska",1.4,2024-03-05 12:32:43.360,60.8064,-149.483,30.3
tx2024enwy,"18 km E of Pleasanton, Texas",2.2,2024-03-05 12:30:23.872,28.97,-98.292,8.1299
uu80061411,"24 km SSE of Mammoth, Wyoming",0.78,2024-03-05 12:17:35.390,44.781,-110.567333333333,2.01
ci40681112,"10 km N of Morongo Valley, CA",1.32,2024-03-05 12:14:33.030,34.139,-116.5628333,11.73
tx2024enwh,"46 km NW of Toyah, Texas",2.1,2024-03-05 12:09:27.406,31.565,-104.191,7.8943
nn00874200,"11 km NNW of Virginia City, Nevada",1.0,2024-03-05 12:09:12.228,39.4071,-119.6918,9.1
hv74128846,"12 km NE of Pāhala, Hawaii",2.1500001,2024-03-05 12:04:48.940,19.2738342285156,-155.391830444336,31.4200000762939
nn00874217,"15 km NNW of Sutcliffe, Nevada",-0.1,2024-03-05 11:58:02.576,40.0737,-119.6792,16.0
ak0242zotjtx,"17 km SW of Point Possession, Alaska",1.4,2024-03-05 11:57:03.416,60.8223,-150.9386,61.4
hv74128836,"3 km SSE of Pāhala, Hawaii",2.08999991,2024-03-05 11:57:02.890,19.1743335723877,-155.458999633789,33.1199989318848
ak0242zoteyd,"49 km SSE of Manley Hot Springs, Alaska",1.2,2024-03-05 11:56:40.211,64.5866,-150.2739,4.4
uw61987511,"38 km NNE of Amboy, Washington",0.14,2024-03-05 11:46:03.630,46.20783333333333,-122.181,6.33
av92223456,"83 km NNW of Karluk, Alaska",0.14,2024-03-05 11:40:43.480,58.2328333333333,-155.110333333333,35.18
ci40681104,"12 km SW of Searles Valley, CA",1.1,2024-03-05 11:38:30.310,35.6993333,-117.5141667,6.45
ci40681096,"10 km NNE of Indio, CA",2.08,2024-03-05 11:34:23.290,33.8045,-116.1843333,6.73
uu80061386,"37 km S of Silver Gate, Montana",2.27,2024-03-05 11:32:51.230,44.6668333333333,-110.0275,8.39
ak0242zokze9,"13 km NW of Point Possession, Alaska",1.4,2024-03-05 11:17:06.093,61.0118,-150.8564,60.2
nc74012051,"11 km NE of Talmage, CA",1.36,2024-03-05 11:17:03.020,39.1946667,-123.0691667,7.88
nc74012046,"7 km WNW of Cobb, CA",0.77,2024-03-05 11:12:50.920,38.8344994,-122.8008347,2.11
mb90042643,"30 km NW of Stanley, Idaho",1.85,2024-03-05 11:11:01.150,44.4103333333333,-115.212833333333,11.48
av91135503,"94 km N of Karluk, Alaska",-0.55,2024-03-05 11:05:20.670,58.4171666666667,-154.4305,2.42
nc74012041,"2 km WSW of Tres Pinos, CA",0.99,2024-03-05 10:43:40.990,36.781,-121.3371667,2.95
nc74012036,"8 km W of Cobb, CA",0.45,2024-03-05 10:41:22.310,38.8356667,-122.8153333,1.04
nc74012031,"7 km WNW of Cobb, CA",0.79,2024-03-05 10:40:49.210,38.8361664,-122.8036652,1.95
us6000mguk,"New Siberian Islands, Sakha, Russia",4.2,2024-03-05 10:36:31.708,73.8678,136.0673,10.0
nn00874193,"39 km NW of Pahrump, Nevada",0.9,2024-03-05 10:33:28.097,36.4818,-116.267,7.2
ak0242zo2l1h,"66 km S of Cantwell, Alaska",1.6,2024-03-05 10:31:21.970,62.7989,-148.7899,10.5
ak0242zo1ze2,"13 km NNW of Fritz Creek, Alaska",1.4,2024-03-05 10:28:41.386,59.8507,-151.3628,78.5
ak0242zo19dh,"17 km ENE of Skwentna, Alaska",1.5,2024-03-05 10:25:04.214,62.0452,-151.076,0.9
ak0242zo01r8,"158 km ESE of Chignik, Alaska",3.2,2024-03-05 10:19:36.374,55.8704,-155.9694,5.7
tx2024ensi,"54 km S of Whites City, New Mexico",1.6,2024-03-05 10:10:47.151,31.681,-104.411,5.3821
uu80061321,"14 km NE of Milford, Utah",0.76,2024-03-05 10:07:27.730,38.4906666666667,-112.893166666667,2.17
av92223371,"72 km NW of Karluk, Alaska",0.04,2024-03-05 10:06:55.440,58.0485,-155.28,11.13
ci40681088,"10 km E of Borrego Springs, CA",0.9,2024-03-05 10:05:02.400,33.2535,-116.268,10.72
us6000mguh,"62 km ESE of Pangai, Tonga",5.3,2024-03-05 10:04:57.548,-20.1244,-173.859,35.0
ak0242znw7xs,"94 km S of Kokhanok, Alaska",1.2,2024-03-05 10:01:51.691,58.6013,-154.4731,17.0
ak0242znvz1u,"55 km S of Denali National Park, Alaska",2.3,2024-03-05 10:00:37.622,63.0431,-151.5719,3.3
nc74012026,"6 km W of Glen Ellen, CA",1.89,2024-03-05 09:51:12.750,38.3585,-122.5983333,6.06
av91135488,"87 km NNW of Karluk, Alaska",-0.46,2024-03-05 09:48:33.070,58.3116666666667,-154.910333333333,3.41
ak0242znk0jh,"65 km WSW of Karluk, Alaska",2.1,2024-03-05 09:44:58.219,57.3374,-155.4522,70.9
uu80061296,"14 km NE of Milford, Utah",-0.21,2024-03-05 09:44:38.080,38.49,-112.894,2.19
tx2024enrl,"57 km S of Whites City, New Mexico",1.6,2024-03-05 09:43:18.263,31.665,-104.452,6.0999
av92223351,"12 km WNW of Dutch Harbor, Alaska",0.85,2024-03-05 09:34:56.800,53.9326666666667,-166.713666666667,3.85
nn00874188,"12 km NNW of Virginia City, Nevada",2.0,2024-03-05 09:29:32.223,39.4122,-119.6951,7.9
us6000mgud,Reykjanes Ridge,4.8,2024-03-05 09:29:23.975,56.8644,-33.7105,10.0
uu80061291,"14 km NE of Milford, Utah",-0.18,2024-03-05 09:28:47.390,38.4893333333333,-112.901,2.63
pr71442128,"7 km ESE of La Parguera, Puerto Rico",2.75,2024-03-05 09:20:08.940,17.9523333333333,-66.9843333333333,14.82
nc74012021,"16 km SE of Pinnacles, CA",1.05,2024-03-05 09:14:44.000,36.4448333,-121.0075,0.58
av91135483,"21 km W of Sitka, Alaska",-0.43,2024-03-05 09:10:13.000,57.059,-135.691,8.84
av91135478,"20 km W of Sitka, Alaska",-0.24,2024-03-05 09:09:38.670,57.0421666666667,-135.670166666667,5.76
av92223346,"64 km ENE of Pedro Bay, Alaska",-0.1,2024-03-05 09:08:02.920,60.0358333333333,-153.063166666667,0.64
nc74012016,"10 km WNW of The Geysers, CA",1.29,2024-03-05 09:06:51.960,38.8265,-122.8531667,1.57
uu80061271,"14 km NE of Milford, Utah",-0.01,2024-03-05 09:04:42.520,38.4911666666667,-112.9025,2.76
nc74012006,"2 km ESE of The Geysers, CA",2.1,2024-03-05 09:00:06.340,38.7721667,-122.729,2.5
nc74012001,"1 km NNE of The Geysers, CA",0.36,2024-03-05 08:58:07.400,38.7828333,-122.7541667,1.07
nc74012011,"6 km NE of Pinnacles, CA",0.98,2024-03-05 08:57:49.940,36.5731667,-121.1,9.47
nc74011996,"3 km NE of The Geysers, CA",0.66,2024-03-05 08:52:34.730,38.7928352,-122.7294998,-0.79
nc74011991,"11 km NW of Pinnacles, CA",2.1,2024-03-05 08:49:47.510,36.6061667,-121.2226667,8.74
ak0242zmxeim,"42 km NNW of Skwentna, Alaska",1.3,2024-03-05 08:39:08.463,62.3609,-151.619,84.8
nc74011986,"8 km WNW of Cobb, CA",0.41,2024-03-05 08:32:18.110,38.8373333,-122.8078333,2.3
tx2024enoz,"57 km S of Whites City, New Mexico",2.3,2024-03-05 08:29:03.310,31.658,-104.451,6.0999
mb90042608,"44 km SSE of Magrath, Canada",1.06,2024-03-05 08:26:00.820,49.0376666666667,-112.6775,8.05
pr71442113,"48 km NW of San Antonio, Puerto Rico",3.34,2024-03-05 08:14:11.500,18.7883333333333,-67.4343333333333,5.9
ak0242zmpzzd,"67 km E of Port Alsworth, Alaska",1.9,2024-03-05 08:04:54.177,60.221,-153.0922,129.3
tx2024enni,"37 km SSW of Los Ybanez, Texas",3.8,2024-03-05 07:37:56.969,32.427,-102.113,6.2744
av92223326,"86 km NNW of Karluk, Alaska",-0.36,2024-03-05 07:37:38.880,58.2505,-155.154,1.08
av91135473,"83 km W of Adak, Alaska",0.68,2024-03-05 07:36:34.780,51.8611666666667,-177.843833333333,4.81
ak0242zmb5vg,"7 km SE of Susitna North, Alaska",1.4,2024-03-05 07:35:32.120,62.1161,-149.7477,47.2
nc74011976,"5 km SSW of Gilroy, CA",0.88,2024-03-05 07:31:35.190,36.9611667,-121.5933333,4.13
ci40681080,"27 km SSW of Ocotillo Wells, CA",0.88,2024-03-05 07:31:00.970,32.9165,-116.2373333,8.57
ak0242zm9vlh,"22 km E of Chase, Alaska",2.1,2024-03-05 07:29:32.372,62.4639,-149.673,56.0
ak0242zm4919,"8 km ENE of Point MacKenzie, Alaska",1.2,2024-03-05 07:03:07.172,61.3806,-149.8279,34.2
uu80061216,"14 km NE of Milford, Utah",-0.33,2024-03-05 06:58:43.760,38.4978333333333,-112.904166666667,2.19
uu80061211,"14 km NE of Milford, Utah",0.14,2024-03-05 06:58:21.370,38.4963333333333,-112.903666666667,2.17
av91135468,"24 km W of Dutch Harbor, Alaska",-0.16,2024-03-05 06:57:14.210,53.877,-166.908,2.36
av92223311,"22 km W of Dutch Harbor, Alaska",0.36,2024-03-05 06:56:57.970,53.858,-166.887333333333,5.97
tx2024enlu,"54 km NW of Toyah, Texas",2.4,2024-03-05 06:51:38.987,31.673,-104.188,6.2024
pr71442103,"2 km ENE of Magas Arriba, Puerto Rico",2.48,2024-03-05 06:36:10.770,18.0265,-66.752,16.07
nc74011971,"4 km NNW of The Geysers, CA",1.05,2024-03-05 06:31:37.410,38.8079987,-122.7686691,0.68
ci40681072,"10 km NNW of Anza, CA",0.65,2024-03-05 06:28:11.560,33.6381667,-116.7073333,13.53
av91135463,"24 km W of Dutch Harbor, Alaska",-0.36,2024-03-05 06:20:26.800,53.8751666666667,-166.9155,3.48
mb90042513,"23 km NW of Stanley, Idaho",2.15,2024-03-05 06:17:38.110,44.3543333333333,-115.169666666667,3.79
nm60571961,"4 km NW of Marston, Missouri",1.54,2024-03-05 06:14:26.660,36.5433333333333,-89.6511666666667,12.92
nn00874216,"32 km E of Alamo, Nevada",-0.1,2024-03-05 06:05:24.732,37.3617,-114.7946,14.6
pr71442093,"3 km ESE of Indios, Puerto Rico",2.24,2024-03-05 06:05:00.950,17.9856666666667,-66.7865,15.29
av91135458,"16 km W of Dutch Harbor, Alaska",-0.31,2024-03-05 05:52:15.110,53.8616666666667,-166.7945,6.1
us6000mgtl,"48 km NNE of Kon Tum, Vietnam",4.5,2024-03-05 05:49:28.860,14.7394,108.2256,9.561
tx2024enjn,"55 km NW of Toyah, Texas",1.8,2024-03-05 05:43:04.625,31.653,-104.22,6.6638
ci40681056,"12 km N of Banning, CA",1.02,2024-03-05 05:38:11.110,34.0333333,-116.8555,12.74
tx2024enjf,"54 km NW of Toyah, Texas",1.9,2024-03-05 05:33:11.472,31.67,-104.187,6.0999
us7000m46y,"231 km WSW of Tual, Indonesia",4.1,2024-03-05 05:23:19.686,-6.1563,130.7258,133.962
nc74011966,"2 km N of The Geysers, CA",0.76,2024-03-05 05:22:40.770,38.7960014,-122.7556686,0.78
ak0242zl1hsd,"84 km NW of Karluk, Alaska",1.2,2024-03-05 05:22:24.772,58.1884,-155.2683,0.0
nc74011961,"3 km NW of The Geysers, CA",0.46,2024-03-05 05:14:37.730,38.7995,-122.7761667,2.0
pr2024065001,"49 km NW of San Antonio, Puerto Rico",4.03,2024-03-05 05:14:28.610,18.8028,-67.4346,9.0
av91135453,"27 km W of Dutch Harbor, Alaska",0.2,2024-03-05 05:13:29.650,53.8626666666667,-166.961666666667,36.43
nc74011956,"7 km NW of The Geysers, CA",0.79,2024-03-05 05:11:09.280,38.8163338,-122.8239975,2.41
nc74011951,"7 km NW of The Geysers, CA",1.08,2024-03-05 05:10:57.700,38.8166656,-122.8251648,2.34
av91135448,"15 km NNE of Atka, Alaska",0.57,2024-03-05 05:07:53.330,52.3315,-174.133,2.82
tx2024enih,"58 km S of Whites City, New Mexico",1.9,2024-03-05 05:06:12.136,31.651,-104.282,6.9202
ak0242zkntzi,"7 km NNE of Point Possession, Alaska",1.5,2024-03-05 04:58:51.029,60.991,-150.6561,57.0
hv74128701,"19 km N of Pāhala, Hawaii",2.33,2024-03-05 04:58:20.760,19.379,-155.504333333333,7.87
pr2024065000,"25 km ESE of Punta Cana, Dominican Republic",3.67,2024-03-05 04:48:21.480,18.479,-68.1915,90.0
us6000mgta,"115 km SSE of Pondaguitan, Philippines",4.4,2024-03-05 04:43:56.842,5.4137,126.6263,100.432
ak0242zkk6zf,"55 km NNW of Karluk, Alaska",1.3,2024-03-05 04:41:53.230,57.9948,-154.9443,86.6
tx2024enhh,"62 km SSW of Whites City, New Mexico",1.9,2024-03-05 04:35:32.798,31.622,-104.518,6.5869
us6000mgt8,"61 km NNW of Fannūj, Iran",5.1,2024-03-05 04:20:15.042,27.0645,59.3502,40.958
av92223221,"84 km NW of Karluk, Alaska",-0.4,2024-03-05 04:14:41.610,58.1895,-155.262,2.77
av91135438,"23 km W of Dutch Harbor, Alaska",0.4,2024-03-05 04:11:24.060,53.8708333333333,-166.900833333333,2.31
av92223216,"24 km W of Dutch Harbor, Alaska",0.35,2024-03-05 04:11:21.270,53.8766666666667,-166.916666666667,2.58
ak0242zkbap7,"29 km NE of Yakutat, Alaska",1.4,2024-03-05 04:00:02.349,59.7608,-139.4297,8.4
av91135433,"24 km W of Dutch Harbor, Alaska",-0.38,2024-03-05 03:58:18.140,53.8748333333333,-166.908333333333,3.05
nc74011946,"7 km WNW of Cobb, CA",0.4,2024-03-05 03:55:47.050,38.8373333,-122.8016667,2.11
uu80061131,"43 km SE of Mammoth, Wyoming",1.52,2024-03-05 03:49:02.060,44.6668333333333,-110.362,3.92
av91135393,"41 km NE of Adak, Alaska",0.54,2024-03-05 03:39:16.740,52.1031666666667,-176.155166666667,3.05
av91135428,"23 km W of Dutch Harbor, Alaska",-0.19,2024-03-05 03:34:50.910,53.8676666666667,-166.8965,3.14
nc74011936,"1 km SW of Redwood Valley, CA",1.05,2024-03-05 03:31:40.980,39.2606667,-123.2098333,5.21
uw61987466,"39 km NNE of Amboy, Washington",0.26,2024-03-05 03:28:01.070,46.2095,-122.17633333333333,7.23
av92223196,"22 km W of Dutch Harbor, Alaska",0.28,2024-03-05 03:25:41.180,53.8608333333333,-166.888333333333,5.89
uw61987461,"37 km NNE of Amboy, Washington",0.47000000000000003,2024-03-05 03:22:29.450,46.195,-122.19183333333334,0.14
pr71442058,"2 km ENE of Magas Arriba, Puerto Rico",2.72,2024-03-05 03:19:59.300,18.0275,-66.7498333333333,16.64
av91135423,"24 km W of Dutch Harbor, Alaska",-0.52,2024-03-05 03:19:15.640,53.8748333333333,-166.914333333333,3.92
av91135408,"23 km W of Dutch Harbor, Alaska",-0.09,2024-03-05 03:17:41.150,53.8701666666667,-166.903333333333,3.93
av91135413,"24 km W of Dutch Harbor, Alaska",-0.47,2024-03-05 03:17:29.670,53.876,-166.912833333333,0.94
nn00874213,"6 km WNW of Carnelian Bay, California",0.7,2024-03-05 03:17:10.342,39.257,-120.1455,11.4
av91135403,"24 km W of Dutch Harbor, Alaska",-0.4,2024-03-05 03:16:43.280,53.8766666666667,-166.9145,3.05
uu80061096,"22 km ENE of West Yellowstone, Montana",0.09,2024-03-05 03:16:26.740,44.757,-110.854333333333,5.89
av92223191,"23 km W of Dutch Harbor, Alaska",0.12,2024-03-05 03:16:24.490,53.8641666666667,-166.895,4.19
av91135398,"24 km W of Dutch Harbor, Alaska",-0.33,2024-03-05 03:16:20.220,53.8726666666667,-166.909833333333,2.34
ak0242zjt3vs,"20 km W of Dutch Harbor, Alaska",1.2,2024-03-05 03:15:17.522,53.8583,-166.8419,5.5
av92223181,"22 km W of Dutch Harbor, Alaska",0.56,2024-03-05 03:14:21.260,53.8573333333333,-166.877166666667,4.69
us6000mgt1,"8 km N of San Pedro de Atacama, Chile",4.2,2024-03-05 03:12:51.172,-22.8343,-68.2091,134.579
pr71442048,"3 km W of Central Aguirre, Puerto Rico",2.34,2024-03-05 03:10:35.070,17.9576666666667,-66.2545,10.47
ci40681032,"22 km WNW of Ludlow, CA",1.66,2024-03-05 03:07:34.360,34.8208333,-116.3646667,3.96
pr71442043,"6 km W of Maricao, Puerto Rico",3.14,2024-03-05 03:06:23.810,18.177,-67.0448333333333,115.43
nc74011931,"8 km NW of The Geysers, CA",0.54,2024-03-05 02:58:24.860,38.8356667,-122.8201675,1.63
uw61987451,"39 km S of Morton, Washington",0.5700000000000001,2024-03-05 02:57:54.900,46.211333333333336,-122.18166666666667,6.29
nn00874186,"7 km SW of Cold Springs, Nevada",0.5,2024-03-05 02:53:25.761,39.6255,-120.0298,8.5
ci40681024,"18 km E of Ridgecrest, CA",1.24,2024-03-05 02:53:00.530,35.598,-117.4843333,9.67
ak0242zjdps7,"16 km NE of Hughes, Alaska",2.0,2024-03-05 02:43:34.796,66.1483,-153.9768,5.9
nc74011926,"10 km NW of The Geysers, CA",1.05,2024-03-05 02:38:56.640,38.8424988,-122.8381653,1.94
av92223166,"89 km W of Adak, Alaska",0.92,2024-03-05 02:35:42.730,51.8653333333333,-177.938833333333,5.92
ci40681016,"7 km N of Beaumont, CA",1.35,2024-03-05 02:33:56.870,33.9891667,-116.9758333,15.94
uu80061086,"14 km NE of Milford, Utah",1.71,2024-03-05 02:28:32.080,38.4886666666667,-112.8985,1.88
ak0242zja245,"38 km SE of Denali National Park, Alaska",1.4,2024-03-05 02:26:28.374,63.3113,-151.158,6.3
nc74011916,"6 km W of Cobb, CA",0.23,2024-03-05 02:23:37.090,38.8318329,-122.796669,3.5
uu80061076,"14 km NE of Milford, Utah",0.61,2024-03-05 02:10:53.980,38.4933333333333,-112.901833333333,1.68
ci40681000,"9 km SSW of Idyllwild, CA",0.66,2024-03-05 02:10:52.420,33.6703333,-116.7633333,14.18
pr71442033,"44 km NW of San Antonio, Puerto Rico",3.12,2024-03-05 02:09:23.500,18.7983333333333,-67.3666666666667,6.9
us6000mgsv,"240 km NNE of Nagqu, China",5.4,2024-03-05 02:07:32.226,33.4821,93.0259,10.0
av91135383,"79 km W of Adak, Alaska",1.02,2024-03-05 01:55:59.770,51.8493333333333,-177.786,7.89
nc74011911,"7 km WNW of San Francisco Zoo, CA",1.4,2024-03-05 01:54:07.510,37.752,-122.5733333,8.98
nc74011906,"3 km W of Cobb, CA",0.88,2024-03-05 01:52:23.380,38.8173333,-122.7611667,1.14
nc74011901,"3 km W of Cobb, CA",0.77,2024-03-05 01:51:44.530,38.8195,-122.7581635,0.94
us6000mgsr,"104 km N of Tobelo, Indonesia",4.3,2024-03-05 01:44:41.649,2.6708,128.1157,171.157
ak0242zipb04,"34 km WSW of Akhiok, Alaska",2.1,2024-03-05 01:29:45.808,56.8279,-154.6938,0.0
nc74011896,"6 km W of Cobb, CA",0.59,2024-03-05 01:16:10.430,38.8238333,-122.7871667,2.02
us7000m470,"175 km SSE of Mata-Utu, Wallis and Futuna",4.0,2024-03-05 01:10:49.560,-14.8114,-175.7325,247.186
ok2024enam,"10 km NW of Edmond, Oklahoma",1.76,2024-03-05 01:08:46.189,35.71983333,-97.55366667,5.19
us7000m46w,south of the Fiji Islands,4.2,2024-03-05 01:05:57.839,-25.1369,179.2902,572.928
ci40680984,"5 km NNW of Boron, CA",1.65,2024-03-05 01:03:58.590,35.0395,-117.6788333,-0.83
av92223121,"63 km ENE of Pedro Bay, Alaska",-0.81,2024-03-05 00:55:10.860,60.0135,-153.063,0.6
pr71442018,"49 km NW of San Antonio, Puerto Rico",3.44,2024-03-05 00:53:27.480,18.7995,-67.4395,6.31
nc74011891,"6 km WNW of San Francisco Zoo, CA",1.2,2024-03-05 00:52:48.080,37.7493333,-122.5691667,9.19
uu80061031,"13 km NE of Milford, Utah",-0.81,2024-03-05 00:49:25.460,38.487,-112.908833333333,2.54
pr71442003,"49 km NW of San Antonio, Puerto Rico",3.2,2024-03-05 00:48:44.910,18.7958333333333,-67.4421666666667,6.69
us6000mgsi,"107 km SW of Pelabuhanratu, Indonesia",4.4,2024-03-05 00:45:07.086,-7.5867,105.783,28.858
uw61987431,"10 km SE of La Grande, Oregon",1.8,2024-03-05 00:42:03.530,45.25083333333333,-118.0135,-0.93
us7000m46v,Mariana Islands region,4.0,2024-03-05 00:38:05.103,21.5837,142.9374,296.549
av91135373,"20 km W of Sitka, Alaska",0.74,2024-03-05 00:24:30.770,57.0526666666667,-135.666333333333,7.69
uw61987426,"39 km SSE of Morton, Washington",-0.2,2024-03-05 00:21:16.810,46.213166666666666,-122.17483333333334,7.46
nc74011881,"9 km WNW of Cobb, CA",0.41,2024-03-05 00:15:09.950,38.8398333,-122.8233333,1.64
nc74011871,"6 km WNW of San Francisco Zoo, CA",1.72,2024-03-05 00:02:59.430,37.7501667,-122.5718333,8.9
tx2024emyh,"59 km S of Whites City, New Mexico",2.0,2024-03-05 00:02:47.300,31.645,-104.454,6.5613
ci40680960,"10 km NNE of Indio, CA",1.21,2024-03-04 23:40:53.070,33.802,-116.185,6.89
uw61987411,"40 km NE of Amboy, Washington",0.19,2024-03-04 23:38:20.180,46.17483333333333,-122.08183333333334,12.32
nc74011861,"4 km NNW of The Geysers, CA",1.7,2024-03-04 23:36:20.100,38.804,-122.7773333,2.04
nc74011856,"4 km NW of The Geysers, CA",0.3,2024-03-04 23:33:42.190,38.8043327,-122.7911682,3.08
ci40680952,"7 km SSW of Ocotillo Wells, CA",1.28,2024-03-04 23:32:27.160,33.0875,-116.1651667,7.75
uu80060971,"14 km NE of Milford, Utah",1.09,2024-03-04 23:31:35.580,38.4891666666667,-112.8995,2.02
us7000m46i,"120 km SSW of La Esperanza (El Zapotal), Mexico",4.0,2024-03-04 23:26:33.723,14.4196,-93.5216,35.0
ci40680944,"18 km N of Borrego Springs, CA",1.26,2024-03-04 23:12:04.730,33.4158333,-116.3766667,12.14
hv74128521,"14 km SSE of Fern Forest, Hawaii",1.91,2024-03-04 23:07:21.430,19.3516666666667,-155.076833333333,7.44
ci40680936,"13 km ESE of Lucerne Valley, CA",1.47,2024-03-04 23:06:50.180,34.3831667,-116.8485,-1.7
ak0242y83gtl,"38 km NNW of Stevens Village, Alaska",1.2,2024-03-04 23:01:33.530,66.3077,-149.4945,35.0
ak0242y7u13u,"52 km SW of Tatitlek, Alaska",1.6,2024-03-04 22:57:30.823,60.5725,-147.4252,16.3
uw61987396,"25 km ENE of Ashford, Washington",-0.32,2024-03-04 22:53:04.660,46.882,-121.74316666666667,-2.16
ak0242y7s3nt,"25 km E of Knik River, Alaska",2.5,2024-03-04 22:48:31.834,61.4675,-148.4426,25.3
ak0242y7s32v,"5 km SSW of Houston, Alaska",2.8,2024-03-04 22:48:23.395,61.5832,-149.8636,32.0
nc74011836,"10 km NW of The Geysers, CA",0.28,2024-03-04 22:42:34.660,38.8411667,-122.8366667,1.65
nc74011831,"25 km E of San Ardo, CA",1.03,2024-03-04 22:40:41.710,36.0613333,-120.6301667,2.2
ak0242y7q52i,"25 km ESE of Livengood, Alaska",1.1,2024-03-04 22:39:15.947,65.4475,-148.0277,13.0
tx2024emvm,"55 km S of Whites City, New Mexico",1.7,2024-03-04 22:34:52.382,31.679,-104.396,6.3562
uw61503023,"10 km NW of Entiat, Washington",0.51,2024-03-04 22:34:41.070,47.74166666666667,-120.30483333333333,-0.46
uw61987386,"5 km SW of Rainier, Washington",1.08,2024-03-04 22:34:25.210,46.849833333333336,-122.74383333333333,-0.09
tx2024emvj,"53 km S of Whites City, New Mexico",2.5,2024-03-04 22:33:33.427,31.696,-104.398,1.8958
tx2024emvg,"54 km S of Whites City, New Mexico",3.3,2024-03-04 22:31:07.388,31.682,-104.401,6.2024
us7000m46g,"16 km W of Frontino, Colombia",4.4,2024-03-04 22:25:55.805,6.7477,-76.2773,35.366
pr71441998,"44 km NW of San Antonio, Puerto Rico",2.89,2024-03-04 22:19:37.640,18.793,-67.3803333333333,8.75
uu80060906,"14 km NE of Milford, Utah",0.11,2024-03-04 22:17:22.950,38.4991666666667,-112.903833333333,2.41
nc74011826,"7 km NW of The Geysers, CA",1.0,2024-03-04 22:13:10.140,38.8260002,-122.8116684,1.14
nc74011821,"12 km NW of Pinnacles, CA",1.4,2024-03-04 22:05:51.410,36.599,-121.2483333,3.6
us6000mgrm,"12 km N of Camiña, Chile",4.9,2024-03-04 22:01:31.794,-19.1969,-69.4188,105.645
ci40680912,"5 km WNW of Borrego Springs, CA",0.94,2024-03-04 22:00:35.490,33.2656667,-116.4241667,4.82
tx2024emtz,"55 km S of Whites City, New Mexico",1.7,2024-03-04 21:52:28.799,31.675,-104.396,6.9202
nc74011816,"6 km W of Cobb, CA",-0.2,2024-03-04 21:48:04.330,38.8245,-122.7863333,1.47
ak0242y766nu,"31 km NNE of Paxson, Alaska",1.6,2024-03-04 21:46:07.688,63.3387,-145.3353,7.2
nc74011806,"7 km NW of The Geysers, CA",0.93,2024-03-04 21:45:45.340,38.8256683,-122.814003,1.47
av91135363,"85 km NW of Karluk, Alaska",-0.32,2024-03-04 21:43:19.260,58.1775,-155.337666666667,1.22
nc74011801,"3 km NNE of The Geysers, CA",0.76,2024-03-04 21:42:57.200,38.7989998,-122.7446671,0.24
mb90042638,"28 km S of Ennis, Montana",1.33,2024-03-04 21:41:14.780,45.0883333333333,-111.709,-2.0
pr71441988,"50 km NW of San Antonio, Puerto Rico",3.34,2024-03-04 21:33:17.060,18.8095,-67.4431666666667,8.32
uw61987351,"3 km WSW of Stafford, Oregon",1.58,2024-03-04 21:32:42.920,45.34866666666667,-122.76916666666666,-0.14
ci40680896,"10 km NNW of Anza, CA",0.84,2024-03-04 21:25:08.350,33.6353333,-116.7083333,13.27
ak0242y71hn0,"25 km SSW of Tanana, Alaska",1.3,2024-03-04 21:24:14.848,64.951,-152.1893,9.2
ak0242y70h83,"41 km NE of Chignik, Alaska",2.1,2024-03-04 21:19:42.912,56.5954,-157.9944,90.0
pr2024064003,"47 km NW of San Antonio, Puerto Rico",3.79,2024-03-04 21:18:12.630,18.7738,-67.441,6.0
us6000mgrc,"1 km NNW of Caburan, Philippines",4.7,2024-03-04 21:15:20.817,5.9286,125.6375,188.887
hv74128451,"4 km NE of Pāhala, Hawaii",1.67,2024-03-04 21:12:34.200,19.2316666666667,-155.45,30.14
nc74011791,"7 km NW of The Geysers, CA",0.77,2024-03-04 21:07:45.710,38.8263321,-122.8051682,1.21
nn00874165,"17 km E of Crescent Valley, Nevada",3.8,2024-03-04 21:02:46.579,40.4036,-116.3653,9.8
tx2024emsc,"55 km S of Whites City, New Mexico",2.6,2024-03-04 20:54:39.407,31.676,-104.408,6.4075
nc74011786,"6 km W of Cobb, CA",0.39,2024-03-04 20:54:28.220,38.8235,-122.7871667,1.0
tx2024emsb,"55 km S of Whites City, New Mexico",2.5,2024-03-04 20:53:16.892,31.677,-104.401,6.4587
av92222961,"85 km NW of Karluk, Alaska",0.3,2024-03-04 20:51:31.000,58.1781666666667,-155.337166666667,1.27
mb90042633,"16 km NE of Stanley, Idaho",1.82,2024-03-04 20:40:40.230,44.3405,-114.816,8.31
mb90042498,"18 km NNW of Seeley Lake, Montana",0.62,2024-03-04 20:31:24.670,47.3345,-113.588333333333,19.43
nc74011776,"7 km NW of The Geysers, CA",1.31,2024-03-04 20:28:54.640,38.819,-122.8205,2.38
ak0242y6fo5l,"108 km S of McCarthy, Alaska",1.4,2024-03-04 20:22:34.977,60.4646,-143.1553,14.1
uu80060786,"14 km NE of Milford, Utah",1.57,2024-03-04 20:12:58.950,38.4898333333333,-112.899833333333,1.84
pr71441958,"5 km NNW of Santo Domingo, Puerto Rico",1.89,2024-03-04 20:05:44.890,18.111,-66.773,8.1
mb90042463,"5 km E of Butte, Montana",1.86,2024-03-04 20:03:28.610,46.0046666666667,-112.461833333333,-2.0
ak0242y6b4yo,"5 km SSW of Salcha, Alaska",0.5,2024-03-04 20:01:48.407,64.4719,-146.9332,6.2
tx2024empi,"3 km S of Falls City, Texas",2.2,2024-03-04 19:30:52.202,28.954,-98.013,0.0244
ci40680848,"10 km NE of Borrego Springs, CA",1.08,2024-03-04 19:27:35.560,33.3251667,-116.2998333,9.28
tx2024empf,"3 km S of Falls City, Texas",2.2,2024-03-04 19:27:16.569,28.948,-98.015,0.0244
nc74011766,"4 km N of San Juan Bautista, CA",1.27,2024-03-04 19:26:05.280,36.8825,-121.5453333,7.12
ak0242y5tytk,"46 km N of Petersville, Alaska",1.2,2024-03-04 19:21:08.888,62.9032,-150.5944,96.1
av92222916,"71 km NW of Karluk, Alaska",0.45,2024-03-04 19:19:41.060,58.0411666666667,-155.2685,9.81
us6000mgql,"21 km WNW of Itháki, Greece",4.2,2024-03-04 19:18:47.662,38.4024,20.4828,10.0
nc74011756,"6 km WNW of Cobb, CA",0.74,2024-03-04 19:13:03.060,38.8343315,-122.7906647,1.74
uu80060726,"14 km NE of Milford, Utah",0.95,2024-03-04 19:05:37.250,38.496,-112.9,2.48
uu80060721,"14 km NE of Milford, Utah",-0.04,2024-03-04 19:02:01.150,38.4966666666667,-112.897,2.6
us6000mgqi,"116 km ESE of Tomioka, Japan",4.4,2024-03-04 18:58:14.686,36.8923,142.2066,29.154
av91135353,"21 km W of Sitka, Alaska",0.35,2024-03-04 18:51:28.400,57.0726666666667,-135.687333333333,4.73
nc74011746,"7 km NW of The Geysers, CA",0.39,2024-03-04 18:48:16.400,38.824501,-122.8105011,2.15
us6000mgqe,"21 km NE of Hamdibey, Turkey",4.3,2024-03-04 18:38:56.156,39.9775,27.4318,15.05
hv74128321,"10 km NE of Pāhala, Hawaii",1.77999997,2024-03-04 18:32:03.620,19.2586669921875,-155.397003173828,30.8299999237061
av91135348,"88 km W of Adak, Alaska",0.36,2024-03-04 18:30:04.290,51.8578333333333,-177.920166666667,5.4
nc74011741,"7 km NW of The Geysers, CA",0.42,2024-03-04 18:16:45.730,38.8246667,-122.8106667,1.15
mb90042623,"7 km NNW of Smiths Ferry, Idaho",2.05,2024-03-04 18:15:49.250,44.3678333333333,-116.122,7.6
nc74011731,"6 km W of Cobb, CA",1.1,2024-03-04 17:57:55.830,38.828167,-122.7959976,1.14
hv74128306,"5 km NNE of Pāhala, Hawaii",1.78999996,2024-03-04 17:51:14.980,19.2425003051758,-155.453506469727,0.430000007152557
nc74011726,"2 km NNE of The Geysers, CA",0.8,2024-03-04 17:49:40.140,38.7981682,-122.7471695,0.42
nc74011721,"15 km NW of Pinnacles, CA",0.79,2024-03-04 17:48:04.450,36.621,-121.273,8.57
av92222886,"10 km W of Akutan, Alaska",0.44,2024-03-04 17:47:18.630,54.1368333333333,-165.933,1.66
ak0242y4pybo,"13 km SSE of Mentasta Lake, Alaska",1.2,2024-03-04 17:34:40.042,62.8148,-143.6467,3.6
nc74011716,"8 km W of Cobb, CA",0.74,2024-03-04 17:19:06.890,38.8351669,-122.8168335,1.34
us7000m3mj,"3 km WSW of Dayton, Maine",1.9,2024-03-04 17:15:09.846,43.5415,-70.6177,0.0
uu80060546,"14 km NE of Milford, Utah",0.62,2024-03-04 17:12:46.340,38.4946666666667,-112.901833333333,2.43
tx2024emkl,"53 km NW of Toyah, Texas",2.1,2024-03-04 17:04:05.398,31.615,-104.24,6.4075
tx2024emkj,"12 km N of Coyanosa, Texas",3.1,2024-03-04 17:01:51.160,31.353,-103.055,3.4338
ak0242y49nxd,"33 km NNW of Glacier View, Alaska",1.8,2024-03-04 16:58:40.332,62.0974,-147.8393,34.3
us6000mgp4,Fiji region,4.6,2024-03-04 16:46:42.195,-20.0833,-178.1719,578.271
uw61987271,"16 km ENE of Springfield, Oregon",1.21,2024-03-04 16:41:49.840,44.124833333333335,-122.85066666666667,3.05
nc74011706,"4 km ENE of Walnut Creek, CA",2.25,2024-03-04 16:39:34.090,37.9181667,-122.0278333,13.43
mb90042503,"15 km SE of Pony, Montana",1.11,2024-03-04 16:37:12.480,45.565,-111.754166666667,5.35
ci40680744,"3 km SE of Loma Linda, CA",1.11,2024-03-04 16:21:29.700,34.026,-117.2356667,16.31
ak0242y40ogj,"6 km S of Salcha, Alaska",1.3,2024-03-04 16:16:48.193,64.4699,-146.9269,2.5
nc74011696,"10 km WNW of The Geysers, CA",0.38,2024-03-04 16:05:36.870,38.8223333,-122.8535,2.36
uu80060491,"14 km NE of Milford, Utah",-0.11,2024-03-04 16:00:17.750,38.494,-112.900166666667,2.75
ak0242y3hqkq,"18 km NW of Glacier View, Alaska",1.0,2024-03-04 15:28:10.808,61.9222,-147.9188,48.4
tx2024emhb,"55 km S of Whites City, New Mexico",1.8,2024-03-04 15:20:23.512,31.677,-104.403,6.4331
tx2024emgw,"43 km NW of Toyah, Texas",1.9,2024-03-04 15:15:27.401,31.611,-104.101,6.5613
uu80060461,"14 km NE of Milford, Utah",0.43,2024-03-04 15:06:15.140,38.4968333333333,-112.9,2.26
ci40680680,"8 km SSW of Calimesa, CA",1.35,2024-03-04 15:00:33.160,33.9151667,-117.0721667,17.16
us6000mgnf,"4 km NW of Ricardo Palma, Peru",4.4,2024-03-04 14:59:28.233,-11.8906,-76.6909,83.847
av91135333,"10 km W of Akutan, Alaska",-0.77,2024-03-04 14:57:16.840,54.1391666666667,-165.937166666667,1.41
av91135323,"11 km W of Akutan, Alaska",-0.82,2024-03-04 14:56:47.130,54.138,-165.9445,1.47
av91135313,"11 km W of Akutan, Alaska",-0.76,2024-03-04 14:55:36.650,54.136,-165.949333333333,5.65
ak0242y31au9,"63 km WNW of Ninilchik, Alaska",1.3,2024-03-04 14:51:42.093,60.2139,-152.7596,112.7
tx2024emfy,"56 km S of Whites City, New Mexico",2.2,2024-03-04 14:47:08.672,31.665,-104.398,7.6636
hv74128216,"1 km SW of Honaunau-Napoopoo, Hawaii",1.65,2024-03-04 14:47:08.040,19.4491666666667,-155.8735,8.26
hv74128206,"4 km SW of Volcano, Hawaii",1.87,2024-03-04 14:46:05.520,19.4131660461426,-155.26432800293,2.63000011444092
uu80060446,"14 km NE of Milford, Utah",0.2,2024-03-04 14:45:28.020,38.4953333333333,-112.902333333333,2.34
uw61987246,"15 km SSE of Glacier, Washington",1.44,2024-03-04 14:38:10.440,48.7665,-121.84966666666666,-0.67
tx2024emfr,"51 km SSE of Whites City, New Mexico",1.8,2024-03-04 14:38:07.244,31.74,-104.189,6.0999
uu80060426,"14 km NE of Milford, Utah",0.44,2024-03-04 14:24:31.090,38.4945,-112.9045,2.27
nc74011686,"4 km W of Cobb, CA",1.11,2024-03-04 14:18:32.120,38.8213348,-122.7653351,1.85
ci40680664,"10 km NNE of Indio, CA",1.28,2024-03-04 14:03:02.830,33.8066667,-116.1873333,6.2
us6000mgn5,"44 km SSE of Malim, Philippines",4.7,2024-03-04 13:59:05.106,7.0943,123.6163,18.982
uu80060391,"14 km NE of Milford, Utah",0.53,2024-03-04 13:58:18.520,38.4988333333333,-112.902666666667,2.23
uu80060386,"14 km NE of Milford, Utah",0.75,2024-03-04 13:57:22.870,38.4975,-112.903666666667,2.32
ak0242y2g9as,"4 km S of Salcha, Alaska",0.7,2024-03-04 13:53:24.804,64.4799,-146.9141,6.4
uu80060366,"14 km NE of Milford, Utah",0.2,2024-03-04 13:51:05.150,38.5,-112.902333333333,2.43
hv74128191,"5 km SW of Volcano, Hawaii",1.45,2024-03-04 13:50:59.930,19.4128333333333,-155.2715,11.9
uu80060346,"14 km NE of Milford, Utah",1.13,2024-03-04 13:48:04.720,38.4968333333333,-112.9,2.49
ci40680648,"6 km WNW of Anza, CA",0.17,2024-03-04 13:40:48.970,33.5813333,-116.726,11.65
nn00874173,"29 km W of Alamo, Nevada",1.2,2024-03-04 13:39:53.255,37.4119,-115.4942,8.6
pr71441943,"10 km SSE of Maria Antonia, Puerto Rico",2.59,2024-03-04 13:38:10.180,17.8901666666667,-66.8523333333333,12.72
ci40680632,"4 km S of Redlands, CA",0.97,2024-03-04 13:30:43.850,34.016,-117.1783333,10.23
ak0242y28z0r,"7 km S of Salcha, Alaska",2.0,2024-03-04 13:19:25.237,64.4587,-146.8901,13.1
uu80060261,"14 km NE of Milford, Utah",0.31,2024-03-04 13:17:09.190,38.496,-112.901833333333,2.63
uu80060246,"14 km NE of Milford, Utah",1.17,2024-03-04 13:10:47.940,38.4903333333333,-112.9015,2.01
us6000mgmz,"8 km NNW of Smiths Ferry, Idaho",2.9,2024-03-04 13:05:26.660,44.3742,-116.1233,5.0
ci40680616,"27 km SSW of Ocotillo Wells, CA",1.26,2024-03-04 13:00:17.320,32.918,-116.2381667,7.65
uu80060211,"14 km NE of Milford, Utah",0.35,2024-03-04 12:59:39.570,38.4978333333333,-112.899166666667,2.63
nc74011676,"8 km NW of The Geysers, CA",-0.26,2024-03-04 12:59:15.200,38.8323333,-122.8195,1.79
ak0242y1w2ez,"31 km WNW of Nanwalek, Alaska",1.9,2024-03-04 12:59:03.954,59.4996,-152.4072,64.1
av92222711,"40 km NE of Adak, Alaska",0.47,2024-03-04 12:53:55.160,52.081,-176.149,-1.8
uu80060196,"14 km NE of Milford, Utah",0.77,2024-03-04 12:53:39.420,38.4915,-112.899333333333,2.01
uu80060181,"14 km NE of Milford, Utah",1.05,2024-03-04 12:51:30.860,38.4948333333333,-112.898666666667,2.51
uu80060176,"33 km ESE of West Yellowstone, Montana",0.41,2024-03-04 12:50:27.300,44.5853333333333,-110.701666666667,9.19
uu80060146,"14 km NE of Milford, Utah",0.84,2024-03-04 12:44:35.270,38.49,-112.889166666667,2.35
uu80060141,"32 km ESE of West Yellowstone, Montana",0.92,2024-03-04 12:43:53.470,44.5913333333333,-110.7005,9.17
mb90042448,"12 km SE of Elliston, Montana",1.85,2024-03-04 12:40:51.100,46.4853333333333,-112.316833333333,2.49
us7000m463,Kermadec Islands region,4.5,2024-03-04 12:38:51.312,-31.0218,-177.2209,10.0
uu80060121,"32 km ESE of West Yellowstone, Montana",0.82,2024-03-04 12:38:19.060,44.5926666666667,-110.704833333333,8.98
nn00874172,"33 km NE of Herlong, California",1.2,2024-03-04 12:25:13.910,40.3145,-119.8113,9.2
nn00874149,"19 km NW of Indian Springs, Nevada",0.3,2024-03-04 12:24:17.501,36.6715,-115.845,9.8
av91135303,"83 km NNW of Karluk, Alaska",0.05,2024-03-04 12:06:53.090,58.2393333333333,-155.103833333333,5.15
ok2024emap,"8 km NW of Prague, Oklahoma",1.36,2024-03-04 12:04:31.059,35.5505,-96.74566667,5.24
ci40680608,"26 km NNE of Kernville, CA",1.42,2024-03-04 12:04:22.200,35.9785,-118.3345,1.94
nc74011671,"7 km WNW of Cobb, CA",0.32,2024-03-04 12:03:56.120,38.8351667,-122.8023333,1.62
uw61987226,"26 km ENE of Ashford, Washington",0.27,2024-03-04 12:02:28.180,46.86983333333333,-121.72916666666667,1.0
pr71441938,"2 km NNE of Magas Arriba, Puerto Rico",2.28,2024-03-04 12:01:38.730,18.0383333333333,-66.76,16.35
nc74011666,"2 km N of The Geysers, CA",1.08,2024-03-04 11:57:55.290,38.7921677,-122.7578354,0.48
ak0242y1a9cq,"76 km S of Kaktovik, Alaska",1.2,2024-03-04 11:57:29.546,69.4516,-143.4397,16.6
nc74011661,"8 km NW of The Geysers, CA",0.79,2024-03-04 11:54:38.270,38.8301659,-122.8141632,1.47
nc74011656,"5 km WSW of San Francisco Zoo, CA",1.49,2024-03-04 11:54:09.450,37.7128333,-122.555,7.84
pr2024064002,"24 km W of Pole Ojea, Puerto Rico",3.46,2024-03-04 11:48:57.060,18.0005,-67.4118,5.0
ak0242y173qc,"56 km NW of Tatitlek, Alaska",1.1,2024-03-04 11:42:57.879,61.2184,-147.42,10.0
nc74011651,"8 km NW of The Geysers, CA",1.3,2024-03-04 11:41:26.270,38.8288333,-122.8125,1.76
nn00874171,"59 km NE of Beatty, Nevada",-0.2,2024-03-04 11:35:12.307,37.3084,-116.3175,8.8
ak0242y15beo,"177 km S of Atka, Alaska",2.8,2024-03-04 11:34:23.364,50.601,-174.2712,17.6
nn00874148,"47 km ESE of Beatty, Nevada",-0.1,2024-03-04 11:28:22.688,36.6987,-116.2942,8.6
ci40680600,"18 km E of Little Lake, CA",1.07,2024-03-04 11:26:54.620,35.9516667,-117.7041667,3.93
uu80000588,"23 km ENE of West Yellowstone, Montana",-0.67,2024-03-04 11:24:00.810,44.7608333333333,-110.847,6.61
uu80000583,"22 km ENE of West Yellowstone, Montana",-0.11,2024-03-04 11:23:34.900,44.7611666666667,-110.853166666667,6.37
uu80060026,"22 km ENE of West Yellowstone, Montana",-0.15,2024-03-04 11:23:25.350,44.7596666666667,-110.855166666667,5.87
nn00874144,"17 km NNW of Indian Springs, Nevada",0.3,2024-03-04 11:21:16.409,36.7044,-115.7647,6.5
ak0242y11nz0,"192 km WSW of Point Hope, Alaska",1.9,2024-03-04 11:17:19.964,67.6675,-170.9742,14.5
pr71441918,"2 km NNE of Magas Arriba, Puerto Rico",2.78,2024-03-04 11:14:56.560,18.0353333333333,-66.7603333333333,15.96
ak0242y107ks,"21 km E of False Pass, Alaska",1.9,2024-03-04 11:10:40.928,54.844,-163.0759,86.2
tx2024elyq,"27 km SW of Jal, New Mexico",2.3,2024-03-04 11:04:39.503,31.934,-103.393,6.0999
ci40680592,"4 km NNE of Heber, CA",1.55,2024-03-04 11:03:49.710,32.7653333,-115.507,10.91
av91135298,"82 km NNW of Karluk, Alaska",0.16,2024-03-04 11:03:40.500,58.2583333333333,-154.961833333333,-2.2
ci40680584,"16 km NE of Olancha, CA",1.55,2024-03-04 11:03:23.130,36.3768333,-117.8646667,0.6
us6000mgmp,"72 km W of Ollagüe, Chile",4.5,2024-03-04 11:02:06.581,-21.11,-68.9388,117.192
av92222681,"0 km WSW of Unalaska, Alaska",0.21,2024-03-04 11:00:02.930,53.8708333333333,-166.545166666667,3.39
uw61987221,"25 km ENE of Ashford, Washington",0.19,2024-03-04 10:59:14.780,46.86966666666667,-121.742,-1.63
tx2024elxz,"38 km NNW of Toyah, Texas",1.6,2024-03-04 10:45:41.448,31.614,-103.998,6.9202
ak0242y0lg3u,"62 km N of Petersville, Alaska",1.3,2024-03-04 10:41:53.062,63.0424,-151.0001,111.7
hv74128116,"3 km SSW of Pāhala, Hawaii",1.95000005,2024-03-04 10:40:31.600,19.171667098999,-155.488830566406,33.9799995422363
nc74011641,"8 km NW of The Geysers, CA",0.33,2024-03-04 10:39:11.040,38.8334999,-122.815834,0.84
nc74011636,"7 km W of Cobb, CA",1.27,2024-03-04 10:35:00.400,38.832,-122.8075,2.43
tx2024elxl,"55 km S of Whites City, New Mexico",1.8,2024-03-04 10:29:03.587,31.679,-104.424,6.0999
ak0242y0hwoq,"52 km ENE of Susitna North, Alaska",1.1,2024-03-04 10:25:01.677,62.419,-148.9998,11.4
ci40680576,"10 km N of Julian, CA",0.99,2024-03-04 10:24:57.500,33.1716667,-116.5883333,14.13
nc74011631,"9 km WNW of Cobb, CA",0.28,2024-03-04 10:24:26.930,38.8441658,-122.8183365,2.38
mb90042438,"21 km WNW of Stanley, Idaho",2.07,2024-03-04 10:14:15.670,44.2995,-115.1765,4.17
ci40680568,"13 km SE of Bodfish, CA",1.13,2024-03-04 10:13:56.520,35.4951667,-118.401,4.44
ak0242y0d90k,"65 km NNE of Petersville, Alaska",1.1,2024-03-04 10:03:28.688,63.0681,-150.5055,103.2
ci40680560,"13 km ESE of Anza, CA",0.64,2024-03-04 09:59:23.650,33.527,-116.5373333,12.91
ak0242y03cin,"27 km WNW of Valdez, Alaska",1.2,2024-03-04 09:57:08.270,61.2107,-146.8264,9.8
nc74011626,"7 km NW of The Geysers, CA",0.74,2024-03-04 09:56:55.450,38.8148346,-122.8174973,0.84
nc74011621,"7 km NW of The Geysers, CA",0.28,2024-03-04 09:50:36.600,38.8284988,-122.810997,1.58
nc74011616,"3 km N of The Geysers, CA",0.29,2024-03-04 09:49:51.330,38.8014984,-122.7588348,1.59
nc74011611,"4 km NW of The Geysers, CA",1.07,2024-03-04 09:45:38.010,38.8003349,-122.793335,2.96
uu80059966,"14 km NE of Milford, Utah",0.46,2024-03-04 09:44:03.440,38.4958333333333,-112.902666666667,2.49
ak0242xzywf8,"24 km NE of Girdwood, Alaska",1.2,2024-03-04 09:36:27.769,61.0676,-148.7887,0.0
uu80059946,"14 km NE of Milford, Utah",0.27,2024-03-04 09:34:19.860,38.4943333333333,-112.896666666667,2.51
ak0242xzwzgs,"49 km ESE of Unalaska, Alaska",2.4,2024-03-04 09:27:38.891,53.6862,-165.854,33.7
ak0242xzu7h4,"62 km WNW of Ninilchik, Alaska",2.7,2024-03-04 09:14:45.209,60.3292,-152.6431,105.9
us6000mgmd,"42 km W of Coquimbo, Chile",4.6,2024-03-04 09:13:06.703,-30.0001,-71.7744,28.124
uu80059891,"14 km NE of Milford, Utah",0.09,2024-03-04 09:10:37.740,38.4923333333333,-112.895833333333,2.29
nc74011606,"19 km NW of Parkfield, CA",0.88,2024-03-04 09:10:13.410,36.021,-120.5821667,3.36
nc74011601,"19 km NW of Parkfield, CA",1.66,2024-03-04 09:09:04.680,36.02,-120.5801667,4.12
ci40680544,"7 km SSW of Yucca Valley, CA",1.47,2024-03-04 09:03:00.100,34.0556667,-116.4496667,8.32
pr71441913,"1 km NNE of Magas Arriba, Puerto Rico",2.04,2024-03-04 08:56:08.620,18.0325,-66.7598333333333,14.37
nc74011596,"8 km NW of The Geysers, CA",0.45,2024-03-04 08:50:40.090,38.834,-122.8195,1.43
ak0242xzggnq,"83 km E of McCarthy, Alaska",1.0,2024-03-04 08:50:31.120,61.5318,-141.3714,12.0
ok2024elud,"8 km NW of Prague, Oklahoma",1.15,2024-03-04 08:48:23.000,35.54416667,-96.7435,5.56
nc74011591,"4 km NNW of The Geysers, CA",1.1,2024-03-04 08:47:18.230,38.8048325,-122.7763367,1.7
ak0242xzekv6,"73 km SE of Alcan Border, Alaska",2.0,2024-03-04 08:41:51.841,62.1982,-140.144,3.1
ak0242xzed0a,"35 km NNE of Whittier, Alaska",1.3,2024-03-04 08:40:48.596,61.0542,-148.3878,0.0
nc74011586,"19 km NW of Parkfield, CA",1.75,2024-03-04 08:38:48.960,36.0221667,-120.581,4.13
ak0242xzden3,"63 km S of Glacier View, Alaska",1.0,2024-03-04 08:36:04.985,61.2386,-147.6923,0.0
us6000mgm5,"11 km NNW of Nurhak, Turkey",4.5,2024-03-04 08:26:05.344,38.0648,37.4003,10.0
ak0242xz9neq,"52 km NW of Tatitlek, Alaska",1.3,2024-03-04 08:18:49.858,61.1638,-147.436,0.0
nn00874139,"34 km SE of Mina, Nevada",1.3,2024-03-04 08:09:43.116,38.1705,-117.8366,10.5
ak0242xz6lp9,"50 km NNW of Karluk, Alaska",1.7,2024-03-04 08:04:31.012,57.963,-154.8617,84.6
nn00874134,"34 km SE of Mina, Nevada",2.5,2024-03-04 08:03:38.469,38.1582,-117.8421,12.2
tx2024elsp,"54 km S of Whites City, New Mexico",1.5,2024-03-04 08:01:42.631,31.686,-104.422,5.2283
ak0242xz5wjh,"67 km W of Salamatof, Alaska",1.8,2024-03-04 08:01:06.561,60.6171,-152.5594,108.6
ak0242xywanu,"60 km S of Glacier View, Alaska",0.8,2024-03-04 07:56:33.024,61.2694,-147.7555,0.0
us6000mgm0,"130 km WNW of Aykol, China",4.5,2024-03-04 07:54:31.964,41.2128,78.6226,10.0
nc74011576,"9 km WNW of Cobb, CA",1.33,2024-03-04 07:41:09.310,38.8371667,-122.8201667,1.86
av92222576,"63 km ENE of Pedro Bay, Alaska",-1.04,2024-03-04 07:34:44.830,60.0181666666667,-153.065833333333,4.6
nc74011571,"7 km NW of The Geysers, CA",1.1,2024-03-04 07:33:26.380,38.8263321,-122.8130035,1.11
ak0242xyq5kw,"58 km SSE of Kokhanok, Alaska",1.9,2024-03-04 07:27:57.125,58.9562,-154.39,119.9
uu80059776,"8 km WSW of Marysvale, Utah",1.52,2024-03-04 07:24:25.850,38.417,-112.3185,1.85
ak0242xyp7l9,"36 km ESE of Adak, Alaska",2.0,2024-03-04 07:23:16.612,51.7958,-176.1235,68.7
tx2024elrd,"40 km NNW of Toyah, Texas",2.6,2024-03-04 07:18:23.872,31.624,-104.012,7.6379
us6000mglu,"107 km SSW of Pagar Alam, Indonesia",4.9,2024-03-04 06:55:13.629,-4.9067,102.8424,61.571
us6000mglt,"142 km S of Kyzyl-Suu, Kyrgyzstan",3.7,2024-03-04 06:45:23.872,41.0621,78.1571,10.0
mb90042423,"7 km N of Smiths Ferry, Idaho",2.07,2024-03-04 06:35:01.880,44.3693333333333,-116.081833333333,10.18
av91135278,"3 km SSE of Unalaska, Alaska",0.04,2024-03-04 06:34:40.850,53.8461666666667,-166.512166666667,7.07
us6000mgln,"54 km SSW of Muborak, Uzbekistan",4.6,2024-03-04 06:29:28.257,38.8137,64.8816,10.0
tx2024elpn,"58 km NW of Toyah, Texas",1.6,2024-03-04 06:28:23.942,31.653,-104.27,7.1765
us6000mglm,"29 km NNW of Cholpon-Ata, Kyrgyzstan",5.3,2024-03-04 06:22:04.601,42.9034,76.9713,10.0
nc74011561,"7 km WNW of The Geysers, CA",1.07,2024-03-04 06:21:00.050,38.8064995,-122.8280029,2.4
pr2024064001,"55 km N of Cruz Bay, U.S. Virgin Islands",3.5,2024-03-04 06:19:43.260,18.8283,-64.7743,6.0
nc74011556,"4 km W of Cobb, CA",0.44,2024-03-04 06:18:46.760,38.8199997,-122.7651672,2.21
ak0242xy2ji3,"22 km S of Atka, Alaska",4.0,2024-03-04 06:17:38.912,51.9931,-174.1411,65.5
ak0242xy2gne,"44 km NW of Beluga, Alaska",2.0,2024-03-04 06:17:02.969,61.437,-151.6276,81.6
av91135283,"22 km W of Sitka, Alaska",-0.17,2024-03-04 06:07:51.140,57.0453333333333,-135.694,7.03
ak0242xxzzh8,"26 km W of Beaver, Alaska",1.1,2024-03-04 06:05:47.239,66.3993,-147.9717,5.3
av92222516,"63 km ENE of Pedro Bay, Alaska",-0.59,2024-03-04 06:02:28.680,60.024,-153.073833333333,0.42
us6000mgle,"29 km SE of King Cove, Alaska",3.9,2024-03-04 05:58:45.174,54.8949,-161.9527,95.704
nc74011551,"2 km NNE of Pinnacles, CA",0.97,2024-03-04 05:58:21.540,36.5536667,-121.1368333,8.03
us6000mglf,South Sandwich Islands region,4.9,2024-03-04 05:57:19.288,-59.35,-25.4897,27.052
nc74011546,"7 km W of Cobb, CA",1.11,2024-03-04 05:51:15.600,38.8323326,-122.7994995,2.14
nc74011541,"7 km W of Cobb, CA",0.84,2024-03-04 05:50:52.620,38.8320007,-122.7990036,2.13
tx2024elog,"55 km S of Whites City, New Mexico",1.5,2024-03-04 05:50:11.639,31.678,-104.4,5.6897
ak0242xxnjha,"26 km ENE of Point Possession, Alaska",1.2,2024-03-04 05:47:41.427,60.9699,-150.2167,38.8
av91135273,"20 km W of Sitka, Alaska",-0.44,2024-03-04 05:44:38.470,57.0313333333333,-135.67,4.68
uu80059716,"8 km WSW of Marysvale, Utah",2.05,2024-03-04 05:39:59.350,38.4321666666667,-112.328833333333,2.18
av91135268,"18 km W of Sitka, Alaska",-0.58,2024-03-04 05:38:46.640,57.0408333333333,-135.642333333333,7.74
ci40680528,"10 km SW of Morongo Valley, CA",0.92,2024-03-04 05:37:04.110,33.9746667,-116.6391667,16.23
ak0242xxkc8s,"92 km SSW of Unalaska, Alaska",2.2,2024-03-04 05:32:47.473,53.1452,-167.2184,33.9
ak0242xxkbnt,"78 km WNW of Karluk, Alaska",1.4,2024-03-04 05:32:40.378,57.9471,-155.5667,2.7
mb90042493,"6 km E of Alberton, Montana",0.94,2024-03-04 05:29:01.550,46.9971666666667,-114.394,14.06
ak0242xxj2ds,"66 km WNW of Tatitlek, Alaska",1.1,2024-03-04 05:27:05.048,61.1989,-147.6974,0.0
ci40680520,"17 km W of Searles Valley, CA",1.12,2024-03-04 05:20:00.830,35.78,-117.5896667,2.09
av91135263,"22 km W of Sitka, Alaska",-0.32,2024-03-04 05:11:09.150,57.0495,-135.706,7.29
ak0242xx4mgj,"12 km ENE of Willow, Alaska",1.4,2024-03-04 04:59:16.166,61.8014,-149.8342,34.8
nc74011536,"8 km NW of The Geysers, CA",1.07,2024-03-04 04:49:16.940,38.8325005,-122.8170013,1.64
pr71441898,"2 km NE of Magas Arriba, Puerto Rico",2.42,2024-03-04 04:46:48.400,18.0316666666667,-66.7565,17.82
nc74011531,"10 km NW of The Geysers, CA",0.22,2024-03-04 04:42:26.520,38.8380013,-122.8353348,1.66
ak0242xx07pd,"59 km ENE of Pedro Bay, Alaska",1.7,2024-03-04 04:38:55.215,59.9187,-153.073,95.6
pr2024064000,"0 km E of Magas Arriba, Puerto Rico",3.48,2024-03-04 04:37:38.050,18.016,-66.7603,13.0
us6000mgl7,"38 km S of La Libertad, El Salvador",4.0,2024-03-04 04:34:33.162,13.1391,-89.2973,57.441
ak0242xwyoso,"85 km E of McCarthy, Alaska",0.8,2024-03-04 04:31:46.322,61.4924,-141.322,10.0
nc74011526,"7 km WNW of Cobb, CA",-0.34,2024-03-04 04:29:51.200,38.8351667,-122.8066667,2.49
nc74011521,"7 km W of Cobb, CA",1.38,2024-03-04 04:28:40.790,38.8333333,-122.8076667,1.89
ak0242xwvom8,"14 km SE of Denali Park, Alaska",1.3,2024-03-04 04:17:44.618,63.6316,-148.7176,2.4
nc74011516,"9 km NE of San Martin, CA",0.82,2024-03-04 04:12:46.990,37.1446667,-121.542,2.71
tx2024elkz,"39 km NNW of Toyah, Texas",1.8,2024-03-04 04:11:21.150,31.62,-104.005,7.9456
uu80059696,"2 km S of Hebgen Lake Estates, Montana",-0.35,2024-03-04 04:08:42.970,44.7478333333333,-111.193,11.61
av91135258,"22 km W of Sitka, Alaska",0.06,2024-03-04 04:08:28.540,57.053,-135.706,5.59
ak0242xwtcbn,"50 km NNE of Yakutat, Alaska",1.7,2024-03-04 04:06:51.344,59.9834,-139.4731,0.0
ak0242xwt1s9,"5 km SE of Willow, Alaska",1.5,2024-03-04 04:05:15.569,61.7158,-149.9477,3.9
us6000mgkx,"83 km NE of Aksu, China",4.4,2024-03-04 03:50:32.504,41.6111,81.0968,10.0
us7000m45t,"193 km WSW of Bamboo Flat, India",4.1,2024-03-04 03:50:16.199,10.7472,91.2332,10.0
nm60571746,"4 km E of Caruthersville, Missouri",1.26,2024-03-04 03:48:37.730,36.1956666666667,-89.6078333333333,5.38
ak0242xwgmbh,"64 km NNE of Chickaloon, Alaska",1.2,2024-03-04 03:47:16.137,62.3531,-148.1196,5.6
tx2024elkd,"59 km SSW of Whites City, New Mexico",2.0,2024-03-04 03:45:53.800,31.655,-104.527,7.0483
pr71441878,"3 km WSW of La Parguera, Puerto Rico",2.37,2024-03-04 03:44:55.330,17.9588333333333,-67.077,7.75
nc74011511,"7 km WNW of The Geysers, CA",1.01,2024-03-04 03:44:53.010,38.8128319,-122.8264999,1.93
us6000mgku,"3 km SSW of San Marcos, Mexico",4.2,2024-03-04 03:44:43.286,16.7731,-99.4021,25.673
nc74011506,"10 km NW of The Geysers, CA",0.77,2024-03-04 03:42:20.380,38.840168,-122.8355026,1.3
nc74011501,"10 km NW of The Geysers, CA",1.14,2024-03-04 03:39:32.710,38.840168,-122.8358307,1.12
tx2024eljv,"56 km SSW of Whites City, New Mexico",2.0,2024-03-04 03:36:16.070,31.675,-104.5,6.3049
hv74127971,"6 km SSW of Pāhala, Hawaii",2.22000003,2024-03-04 03:34:43.390,19.1446666717529,-155.491333007812,33.2599983215332
us6000mix6,"52 km ENE of Atka, Alaska",2.8,2024-03-04 03:27:57.790,52.3418,-173.4695,10.0
ak0242xwan8a,"50 km NNW of Tanana, Alaska",0.8,2024-03-04 03:19:21.813,65.6041,-152.393,13.0
nc74011496,"3 km W of Cobb, CA",1.2,2024-03-04 03:18:38.960,38.8198333,-122.7615,1.57
nc74011491,"9 km ENE of San Martin, CA",0.93,2024-03-04 03:14:02.510,37.1276667,-121.5195,7.69
nc74011486,"8 km ENE of Cloverdale, CA",1.21,2024-03-04 03:13:15.590,38.8281667,-122.9268333,3.97
nn00874163,"48 km E of Fort Bidwell, California",1.5,2024-03-04 03:00:14.222,41.9342,-119.5706,0.0
uu80059676,"14 km NE of Milford, Utah",0.63,2024-03-04 02:59:32.990,38.4928333333333,-112.8945,2.6
ak0242xvwnzx,"74 km N of Karluk, Alaska",1.9,2024-03-04 02:54:07.535,58.235,-154.2757,85.7
us6000mgkc,"217 km S of Bengkulu, Indonesia",5.2,2024-03-04 02:48:21.373,-5.7671,102.2524,10.0
nn00874130,"16 km WNW of Yerington, Nevada",2.1,2024-03-04 02:46:53.243,39.0583,-119.329,9.2
nc74011476,"8 km NW of The Geysers, CA",0.93,2024-03-04 02:38:32.160,38.831501,-122.8195038,1.55
ci40680504,"6 km S of Lytle Creek, CA",1.52,2024-03-04 02:31:57.560,34.2035,-117.4935,4.59
nc74011471,"8 km NW of The Geysers, CA",1.09,2024-03-04 02:30:47.560,38.8305016,-122.8178329,1.72
uu80059666,"23 km SE of Elmo, Utah",2.7,2024-03-04 02:28:51.580,39.262,-110.596333333333,9.58
ak0242xvp6wp,"106 km SSE of Sand Point, Alaska",2.3,2024-03-04 02:19:19.298,54.4918,-159.7253,22.9
nc74011466,"8 km NW of The Geysers, CA",1.23,2024-03-04 02:16:28.100,38.8305,-122.8151667,1.77
ak0242xvoazl,"44 km SSE of Nelchina, Alaska",1.3,2024-03-04 02:15:07.439,61.6161,-146.4629,27.0
nc74011461,"8 km NW of The Geysers, CA",0.67,2024-03-04 02:14:36.290,38.831501,-122.8174973,1.66
tx2024elhc,"60 km S of Whites City, New Mexico",1.6,2024-03-04 02:13:42.429,31.64,-104.471,5.6897
nc74011456,"6 km W of Cobb, CA",0.38,2024-03-04 02:12:20.220,38.8251667,-122.7871667,0.61
ak0242xvnfq9,"74 km NNW of Aleneva, Alaska",1.6,2024-03-04 02:11:00.491,58.6265,-153.6002,71.8
ak0242xvm7zi,"52 km NNE of Petersville, Alaska",1.2,2024-03-04 02:05:32.223,62.9575,-150.543,94.0
nc74011446,"9 km WNW of Cobb, CA",0.78,2024-03-04 02:02:57.470,38.8501663,-122.8241653,3.69
nc74011436,"7 km WNW of Cobb, CA",0.39,2024-03-04 01:49:56.250,38.8336667,-122.7975,2.33
nc74011431,"7 km WNW of Cobb, CA",0.41,2024-03-04 01:46:13.310,38.8355,-122.7981667,1.9
nc74011426,"8 km NW of The Geysers, CA",1.11,2024-03-04 01:44:26.550,38.8311653,-122.8184967,1.71
ci40680496,"6 km WSW of Beaumont, CA",1.11,2024-03-04 01:43:06.990,33.901,-117.0326667,15.09
us6000mgk6,"86 km NE of Dawson City, Canada",3.3,2024-03-04 01:30:23.335,64.6664,-138.3297,11.661
nc74011421,"7 km WNW of Cobb, CA",0.34,2024-03-04 01:29:49.050,38.8348333,-122.7971667,2.26
ci40680488,"22 km ESE of Anza, CA",1.33,2024-03-04 01:20:24.200,33.4778333,-116.4486667,10.61
nn00874147,"3 km NE of Sutcliffe, Nevada",0.5,2024-03-04 01:18:01.417,39.9707,-119.5682,10.5
ci40680480,"23 km ESE of Anza, CA",1.18,2024-03-04 01:16:18.690,33.4755,-116.4476667,10.74
ak0242xv2hpo,"56 km S of Cantwell, Alaska",0.9,2024-03-04 01:13:37.158,62.8833,-148.9479,18.5
us7000m45r,"52 km NNW of Cabodiongan, Philippines",4.4,2024-03-04 01:00:14.618,13.1206,124.9139,35.0
nc74011406,"4 km WSW of Cobb, CA",1.61,2024-03-04 00:53:44.220,38.8121667,-122.7631667,1.29
us7000m45q,"53 km NE of Port-Olry, Vanuatu",4.4,2024-03-04 00:49:15.039,-14.69,167.4081,113.102
us7000m45p,"293 km NW of Houma, Tonga",4.0,2024-03-04 00:47:45.663,-19.4441,-177.4342,562.504
nn00874129,"5 km ESE of Dyer, Nevada",1.7,2024-03-04 00:44:36.556,37.6419,-118.0172,4.7
ak0242xulxud,"37 km SSE of Whittier, Alaska",1.1,2024-03-04 00:36:05.970,60.4872,-148.3248,13.2
us6000mgk4,"65 km NNE of Cold Bay, Alaska",3.5,2024-03-04 00:35:08.273,55.6901,-162.1861,157.473
nc74011401,"7 km NW of The Geysers, CA",0.49,2024-03-04 00:34:23.350,38.8178333,-122.8245,2.29
ak0242xul2ok,"7 km SSE of Salcha, Alaska",1.5,2024-03-04 00:32:02.273,64.4626,-146.8678,7.4
ak0242xuki36,"17 km SSE of Skwentna, Alaska",2.0,2024-03-04 00:29:35.466,61.8359,-151.3293,74.9
us7000m45n,Macquarie Island region,4.6,2024-03-04 00:27:14.431,-59.4825,159.744,10.0
nn00874127,"5 km ESE of Dyer, Nevada",1.4,2024-03-04 00:19:05.844,37.6443,-118.0056,2.5
nc74011391,"9 km WNW of Cobb, CA",0.27,2024-03-04 00:15:45.400,38.8411674,-122.8258362,3.8
nc74011381,"6 km WNW of Cobb, CA",0.51,2024-03-04 00:13:23.310,38.8338333,-122.794,2.36
ak0242xugv76,"10 km E of Fox, Alaska",1.3,2024-03-04 00:12:38.917,64.9734,-147.3919,0.0
ak0242xuflsg,"12 km E of Fox, Alaska",1.2,2024-03-04 00:06:50.212,64.9799,-147.3481,0.0
nc74011371,"4 km WNW of Cobb, CA",0.9,2024-03-04 00:03:54.460,38.8366661,-122.7721634,-0.27
us6000mix4,"196 km SSE of Sand Point, Alaska",2.5,2024-03-04 00:02:21.362,53.639,-159.6505,10.0
ak0242xuei0t,"64 km S of Glacier View, Alaska",1.1,2024-03-04 00:01:29.753,61.2334,-147.7792,0.0
nc74011366,"6 km WNW of Cobb, CA",1.04,2024-03-03 23:59:54.440,38.8370018,-122.7860031,4.41
us7000m3yl,"50 km W of Palaióchora, Greece",4.1,2024-03-03 23:55:14.707,35.1745,23.1285,61.486
us6000mgjy,"66 km ESE of La Tirana, Chile",3.9,2024-03-03 23:52:52.868,-20.4639,-69.0329,95.911
nn00874124,"5 km ESE of Dyer, Nevada",2.0,2024-03-03 23:48:41.821,37.6407,-118.0075,2.5
nc74011356,"5 km WNW of The Geysers, CA",1.38,2024-03-03 23:45:00.770,38.7993333,-122.8051667,1.18
hv74127866,"1 km N of Pāhala, Hawaii",2.31999993,2024-03-03 23:37:55.280,19.2193336486816,-155.475830078125,33.4099998474121
us7000m3yk,"290 km ENE of Waitangi, New Zealand",4.3,2024-03-03 23:30:20.319,-43.1925,-173.1169,11.402
ak0242wkotj4,"19 km NNW of Tatitlek, Alaska",2.2,2024-03-03 23:23:26.400,61.0224,-146.833,23.5
nc74011341,"10 km WNW of The Geysers, CA",0.76,2024-03-03 23:15:14.380,38.8274994,-122.8539963,2.0
nc74011336,"10 km NW of The Geysers, CA",0.97,2024-03-03 23:14:41.840,38.8276672,-122.8526688,1.86
nc74011331,"6 km WNW of Cobb, CA",0.21,2024-03-03 23:09:17.130,38.8339996,-122.7928314,3.9
ak0242wkljuu,"14 km SW of Denali National Park, Alaska",1.2,2024-03-03 23:08:01.344,63.4644,-151.9668,8.2
ci40680472,"27 km SSW of Ocotillo Wells, CA",2.66,2024-03-03 23:06:47.530,32.9155,-116.2421667,8.41
ak0242wkjuho,"7 km ENE of Point MacKenzie, Alaska",1.4,2024-03-03 23:00:06.042,61.3874,-149.8473,30.4
hv74127811,"1 km WSW of Pāhala, Hawaii",2.17000008,2024-03-03 22:40:28.790,19.1961669921875,-155.495162963867,31.4200000762939
ci40680456,"4 km S of Lytle Creek, CA",1.43,2024-03-03 22:35:36.160,34.227,-117.4951667,8.8
nc74011321,"10 km NW of The Geysers, CA",0.3,2024-03-03 22:30:11.150,38.837,-122.8371667,1.61
av92222301,"61 km ENE of Pedro Bay, Alaska",-1.19,2024-03-03 22:19:15.120,60.0166666666667,-153.115333333333,-0.21
ak0242wjzpr8,"9 km S of Badger, Alaska",0.5,2024-03-03 22:06:14.458,64.7168,-147.5334,9.2
tx2024ekyy,"38 km NNW of Toyah, Texas",2.5,2024-03-03 22:05:48.544,31.616,-103.995,8.2788
ak0242wjyhu7,"28 km S of Denali National Park, Alaska",1.4,2024-03-03 22:00:44.294,63.283,-151.8009,0.0
nc74011311,"8 km NW of The Geysers, CA",0.72,2024-03-03 21:56:42.540,38.8320007,-122.8144989,1.79
tx2024ekyo,"50 km SSE of Whites City, New Mexico",1.9,2024-03-03 21:54:43.528,31.745,-104.189,6.6125
us7000m3yh,"78 km ESE of Hicks Bay, New Zealand",4.4,2024-03-03 21:47:04.418,-37.9147,179.0965,15.294
uw61987181,"12 km SW of Packwood, Washington",1.0,2024-03-03 21:46:12.790,46.529833333333336,-121.78216666666667,13.23
us7000m3yi,south of the Fiji Islands,4.4,2024-03-03 21:43:17.602,-25.3467,179.6344,508.695
nc74011306,"8 km W of Cobb, CA",0.36,2024-03-03 21:40:56.460,38.8355,-122.8183333,2.02
hv74127781,"3 km SSE of Pāhala, Hawaii",2.27999997,2024-03-03 21:33:24.230,19.1801662445068,-155.462661743164,31.4500007629395
ci40680432,"29 km WSW of Olancha, CA",2.23,2024-03-03 21:26:59.560,36.2241667,-118.3216667,6.32
ak0242wji60p,"4 km SE of Talkeetna, Alaska",1.4,2024-03-03 21:24:26.178,62.3008,-150.0418,2.6
ak0242wjhsf9,"28 km N of Pleasant Valley, Alaska",1.4,2024-03-03 21:22:49.971,65.1356,-146.9783,1.1
nc74011281,"7 km NW of The Geysers, CA",0.5,2024-03-03 21:18:22.370,38.8228333,-122.8115,1.63
us7000m3yf,"51 km SE of Inarajan Village, Guam",4.3,2024-03-03 21:10:52.621,12.971,145.1054,33.092
av92222286,"12 km W of Akutan, Alaska",-0.04,2024-03-03 21:10:32.980,54.1355,-165.960833333333,3.34
ci40680424,"29 km WSW of Olancha, CA",2.11,2024-03-03 21:04:12.690,36.2235,-118.3243333,6.16
nc74011246,"2 km N of The Geysers, CA",0.31,2024-03-03 20:43:51.720,38.7956667,-122.7585,0.55
av92222276,"64 km ENE of Pedro Bay, Alaska",-0.78,2024-03-03 20:42:41.370,60.0446666666667,-153.082666666667,-2.37
nc74011236,"9 km WNW of Cobb, CA",0.95,2024-03-03 20:36:36.480,38.8496666,-122.8153305,1.83
nc74011231,"8 km NW of The Geysers, CA",0.68,2024-03-03 20:33:43.120,38.8318329,-122.8153305,1.99
nc74011226,"8 km NW of The Geysers, CA",1.36,2024-03-03 20:33:27.760,38.8305,-122.8126667,2.01
pr71441853,"68 km NNE of Luquillo, Puerto Rico",2.91,2024-03-03 20:22:51.480,18.9481666666667,-65.468,9.99
nc74011216,"7 km WNW of The Geysers, CA",0.26,2024-03-03 20:20:49.050,38.8098335,-122.8221664,3.23
us7000m3ys,"72 km SE of Inarajan Village, Guam",4.1,2024-03-03 20:08:44.349,12.881,145.2784,10.0
ak0242wisa87,"51 km SSE of Denali National Park, Alaska",1.3,2024-03-03 20:03:50.151,63.0951,-151.4802,12.3
ci40680416,"6 km ENE of Running Springs, CA",1.98,2024-03-03 19:50:00.670,34.2211667,-117.0451667,7.1
ak0242wieqpn,"8 km NNW of Four Mile Road, Alaska",2.4,2024-03-03 19:40:31.955,64.6763,-149.1966,19.5
hv74127746,"10 km E of Pāhala, Hawaii",1.73,2024-03-03 19:40:23.830,19.2111666666667,-155.377,30.38
pr71441873,"5 km SW of La Parguera, Puerto Rico",1.72,2024-03-03 19:35:58.840,17.9433333333333,-67.0825,7.16
ak0242widq78,"7 km SSW of Willow, Alaska",1.9,2024-03-03 19:35:58.762,61.6916,-150.1065,22.0
pr71441843,"3 km WSW of La Parguera, Puerto Rico",2.05,2024-03-03 19:35:20.800,17.966,-67.0743333333333,7.85
pr71441868,"4 km N of La Parguera, Puerto Rico",1.19,2024-03-03 19:35:04.550,18.013,-67.0401666666667,7.83
hv74127741,"9 km NE of Pāhala, Hawaii",1.88999999,2024-03-03 19:30:26.450,19.2490005493164,-155.406829833984,32.0400009155273
ak0242wibh6c,"32 km WNW of Valdez, Alaska",1.7,2024-03-03 19:25:08.688,61.1975,-146.9306,9.7
ci40680408,"5 km WNW of Borrego Springs, CA",1.5,2024-03-03 19:24:16.170,33.2661667,-116.4295,4.67
nc74011206,"7 km NW of The Geysers, CA",0.82,2024-03-03 19:23:55.230,38.8134995,-122.8170013,1.45
nc74011201,"10 km NW of The Geysers, CA",0.73,2024-03-03 18:53:35.670,38.8404999,-122.8356705,1.54
us6000mgi8,"16 km SSE of Marihatag, Philippines",4.5,2024-03-03 18:51:08.452,8.667,126.362,71.008
nc74011196,"10 km NW of The Geysers, CA",1.23,2024-03-03 18:51:01.680,38.8413333,-122.8356667,1.48
av92222236,"12 km W of Akutan, Alaska",0.28,2024-03-03 18:44:07.600,54.1453333333333,-165.972833333333,2.08
av91135228,"13 km W of Akutan, Alaska",-0.08,2024-03-03 18:43:16.770,54.1375,-165.975333333333,2.48
av91135223,"11 km W of Akutan, Alaska",-0.62,2024-03-03 18:39:22.800,54.1311666666667,-165.951166666667,1.4
av91135218,"13 km W of Akutan, Alaska",-0.46,2024-03-03 18:38:53.560,54.1443333333333,-165.973666666667,2.08
nc74011191,"6 km NW of The Geysers, CA",1.2,2024-03-03 18:38:46.090,38.8151667,-122.8136667,2.89
nc71132974,"3 km SW of Anderson Springs, CA",0.48,2024-03-03 18:33:31.990,38.7528333,-122.714,1.49
nc74011186,"6 km W of Cobb, CA",0.35,2024-03-03 18:32:23.770,38.8268333,-122.7878333,1.2
uu80059466,"18 km SSW of Kanosh, Utah",1.1,2024-03-03 18:31:52.210,38.6543333333333,-112.548166666667,3.06
nc74011181,"7 km NW of The Geysers, CA",0.83,2024-03-03 18:30:39.460,38.8163338,-122.8146667,2.77
nc74011176,"8 km NW of The Geysers, CA",0.35,2024-03-03 18:29:15.980,38.8323333,-122.8163333,1.7
ak0242whq2hx,"24 km NNE of Four Mile Road, Alaska",1.0,2024-03-03 18:25:20.694,64.8046,-148.9127,25.4
ci40680392,"4 km SSE of Redlands, CA",1.57,2024-03-03 18:19:33.960,34.0258333,-117.159,11.23
ak0242whol6e,"56 km NNW of Petersville, Alaska",1.9,2024-03-03 18:18:29.663,62.9311,-151.3235,31.2
ci40680376,"4 km SE of Redlands, CA",1.58,2024-03-03 18:18:26.710,34.0268333,-117.1586667,11.47
us7000m3yd,"275 km ENE of Nabire, Indonesia",4.4,2024-03-03 18:12:29.315,-2.8658,137.9287,48.05
us6000mghy,Southwest Indian Ridge,5.0,2024-03-03 18:08:32.755,-28.7289,61.6042,10.0
nc74011166,"2 km S of Alamo, CA",0.95,2024-03-03 18:03:45.620,37.8331667,-122.0351667,9.43
nc74011156,"8 km NW of The Geysers, CA",0.49,2024-03-03 18:02:19.340,38.8305,-122.8146667,1.66
hv74127711,"10 km NE of Pāhala, Hawaii",2.32,2024-03-03 18:00:37.180,19.2651672363281,-155.402160644531,30.0799999237061
nm60571721,"3 km ENE of Marston, Missouri",1.65,2024-03-03 17:49:20.500,36.5315,-89.578,8.19
nc74011151,"8 km NW of The Geysers, CA",0.71,2024-03-03 17:43:56.290,38.8303337,-122.814003,2.18
uu80059421,"14 km NE of Milford, Utah",1.75,2024-03-03 17:43:49.410,38.4878333333333,-112.894833333333,1.84
uw61987126,"24 km ENE of Ashford, Washington",0.33,2024-03-03 17:27:56.000,46.88033333333333,-121.75716666666666,1.46
ak0242wh52nt,"10 km S of Cantwell, Alaska",1.8,2024-03-03 17:27:25.057,63.303,-148.9202,77.5
nc71132969,"7 km WNW of Cobb, CA",1.34,2024-03-03 17:13:45.110,38.8363333,-122.7993333,2.63
nc74011146,"7 km WNW of Cobb, CA",0.84,2024-03-03 17:13:42.230,38.837,-122.8008333,1.88
nc74011141,"8 km NW of The Geysers, CA",1.01,2024-03-03 17:08:54.940,38.8305016,-122.8156662,0.98
nm60571701,"3 km NE of Dell, Arkansas",2.29,2024-03-03 17:07:03.540,35.8786666666667,-90.0081666666667,7.19
hv74127691,"7 km SW of Volcano, Hawaii",1.79999995,2024-03-03 17:05:29.100,19.3931674957275,-155.278671264648,0.990000009536743
ak0242wgmto3,"20 km E of Healy, Alaska",1.6,2024-03-03 16:42:10.438,63.8578,-148.5486,90.5
nc74011136,"16 km SE of Pinnacles, CA",1.6,2024-03-03 16:32:25.450,36.4355,-121.0123333,8.87
ak0242wgjwvz,"12 km N of Ninilchik, Alaska",1.8,2024-03-03 16:28:52.477,60.1646,-151.6678,57.0
us6000mghg,"55 km SW of Puerto San José, Guatemala",4.2,2024-03-03 16:28:15.550,13.6019,-91.2143,52.209
nc74011131,"2 km NNE of The Geysers, CA",0.5,2024-03-03 16:27:36.820,38.7985,-122.7495,0.21
ak0242wgif8h,"33 km SE of King Salmon, Alaska",2.6,2024-03-03 16:21:56.267,58.492,-156.2281,176.7
nc74011126,"16 km E of Seven Trees, CA",1.07,2024-03-03 16:17:51.590,37.28,-121.6543333,3.77
ci40680360,"2 km NNE of Colton, CA",0.93,2024-03-03 16:17:02.320,34.0941667,-117.304,8.73
us6000mghc,Macquarie Island region,6.7,2024-03-03 16:16:51.940,-58.9042,159.1636,10.0
us6000mgha,Easter Island region,5.0,2024-03-03 15:56:32.895,-29.5155,-112.014,10.0
us7000m3yg,south of the Kermadec Islands,4.9,2024-03-03 15:49:41.678,-32.3214,-178.0585,10.0
nc74011121,"8 km WNW of Cobb, CA",0.54,2024-03-03 15:49:14.710,38.8398323,-122.8079987,1.63
us7000m3yb,south of the Kermadec Islands,4.5,2024-03-03 15:47:25.341,-32.5345,-177.9362,10.0
nc74011116,"9 km NE of San Martin, CA",1.26,2024-03-03 15:40:47.250,37.136,-121.5325,6.71
us7000m3ya,"Volcano Islands, Japan region",4.4,2024-03-03 15:39:32.333,23.5174,143.591,10.0
ak0242wg0kho,"14 km NNE of Healy, Alaska",1.9,2024-03-03 15:38:27.163,63.9661,-148.8048,110.8
us7000m3y9,"Volcano Islands, Japan region",4.5,2024-03-03 15:37:59.190,23.4698,143.6147,10.0
tx2024ekmc,"53 km S of Whites City, New Mexico",1.6,2024-03-03 15:36:33.582,31.691,-104.411,6.2537
ci40680352,"2 km NNE of Colton, CA",1.03,2024-03-03 15:30:14.920,34.0951667,-117.3041667,10.73
uu80059326,"14 km NE of Milford, Utah",1.06,2024-03-03 15:11:35.790,38.4871666666667,-112.893333333333,2.19
nn00874120,"10 km NNW of Virginia City, Nevada",1.4,2024-03-03 15:09:22.942,39.3997,-119.6911,10.2
us6000mgh3,"117 km SSW of Pagar Alam, Indonesia",5.1,2024-03-03 15:07:42.871,-5.0509,102.9659,62.209
ak0242wftpta,"8 km WNW of Beluga, Alaska",2.5,2024-03-03 15:06:30.153,61.1797,-151.2254,65.1
mb90042403,"9 km ENE of Leadore, Idaho",1.45,2024-03-03 15:01:38.220,44.7071666666667,-113.247166666667,3.88
tx2024ekkj,"37 km NNW of Toyah, Texas",1.7,2024-03-03 14:44:02.309,31.607,-103.991,6.9202
us6000mgh0,"14 km NNW of Gölbaşı, Turkey",4.2,2024-03-03 14:43:56.753,37.9121,37.5988,10.0
us7000m3y8,"25 km ENE of Yigo Village, Guam",4.2,2024-03-03 14:38:53.072,13.639,145.0984,118.122
nc74011106,"6 km WNW of Cobb, CA",0.51,2024-03-03 14:25:16.910,38.8361667,-122.7963333,2.58
ci40680344,"17 km N of Borrego Springs, CA",1.06,2024-03-03 14:23:31.250,33.4113333,-116.3688333,11.37
uw61987106,"1 km SSE of Tracyton, Washington",1.18,2024-03-03 14:08:41.930,47.596,-122.64583333333333,21.52
tx2024ekja,"39 km NNW of Toyah, Texas",2.3,2024-03-03 14:04:39.697,31.618,-104.004,7.8943
uw61987101,"26 km WSW of Penticton, Canada",2.35,2024-03-03 14:00:02.960,49.41566666666667,-119.9415,8.46
nn00874181,"46 km ENE of Fort Bidwell, California",1.3,2024-03-03 13:59:49.526,41.9673,-119.614,3.7
nn00874184,"31 km W of Gerlach, Nevada",1.4,2024-03-03 13:58:40.458,40.6709,-119.7316,14.2
ak0242wevmpk,"7 km SSW of Willow, Alaska",1.5,2024-03-03 13:47:26.968,61.6854,-150.0985,30.2
hv74127526,"15 km ENE of Honaunau-Napoopoo, Hawaii",1.71000004,2024-03-03 13:31:57.350,19.4978332519531,-155.720169067383,5.28000020980835
nc74011101,"5 km NW of The Geysers, CA",0.7,2024-03-03 13:09:27.680,38.8110008,-122.7888336,3.93
nc74011096,"7 km NW of The Geysers, CA",0.72,2024-03-03 13:01:10.810,38.8264999,-122.8123322,0.9
nc74011091,"7 km NW of The Geysers, CA",0.34,2024-03-03 13:01:01.330,38.8261681,-122.8121643,1.04
nc74011081,"7 km NW of The Geysers, CA",1.13,2024-03-03 13:00:28.440,38.8268333,-122.8123333,0.98
nc74011076,"7 km NW of The Geysers, CA",1.05,2024-03-03 13:00:18.320,38.8261681,-122.8128357,0.96
nc74011071,"2 km NNW of Canyondam, CA",2.23,2024-03-03 12:56:33.100,40.1853333,-121.082,7.47
uw61987091,"30 km SW of Twisp, Washington",0.43,2024-03-03 12:56:09.500,48.17883333333333,-120.42533333333333,9.27
ak0242we9ci8,"20 km SW of Petersville, Alaska",1.6,2024-03-03 12:43:30.403,62.3602,-151.0226,66.5
av92222056,"Rat Islands, Aleutian Islands, Alaska",0.89,2024-03-03 12:42:31.450,51.9095,178.506666666667,4.44
us6000mggs,"25 km ENE of Parapat, Indonesia",4.5,2024-03-03 12:36:37.689,2.7088,99.1554,174.724
nc74011066,"9 km WNW of Cobb, CA",0.94,2024-03-03 12:36:32.100,38.840168,-122.8225021,1.9
ak0242we7f4e,"67 km N of Pleasant Valley, Alaska",1.4,2024-03-03 12:34:31.182,65.4887,-146.7481,1.6
nc74011061,"9 km WNW of Cobb, CA",1.84,2024-03-03 12:34:17.750,38.8375,-122.8218333,2.12
ak0242we471y,"68 km N of Pleasant Valley, Alaska",1.2,2024-03-03 12:19:26.944,65.4917,-146.7215,14.1
mb90042398,"17 km NNE of Dillon, Montana",0.94,2024-03-03 12:18:38.600,45.3686666666667,-112.58,8.53
nc74011056,"6 km W of Cobb, CA",1.23,2024-03-03 12:14:53.820,38.8268333,-122.7888333,1.57
nc74011051,"6 km W of Cobb, CA",0.78,2024-03-03 12:03:25.600,38.8241653,-122.7873306,0.54
tx2024ekex,"37 km WSW of Mentone, Texas",2.5,2024-03-03 11:59:11.077,31.612,-103.976,7.3303
av91135203,"68 km W of Salamatof, Alaska",0.53,2024-03-03 11:52:50.840,60.5298333333333,-152.5485,9.37
nc74011041,"6 km NW of The Geysers, CA",1.08,2024-03-03 11:51:34.150,38.8110008,-122.8088303,3.2
us7000m3y4,"252 km WNW of Houma, Tonga",4.1,2024-03-03 11:49:24.416,-20.531,-177.6291,449.598
nc74011036,"7 km WNW of Cobb, CA",0.08,2024-03-03 11:48:42.240,38.837,-122.7998333,2.19
hv74127461,"7 km SW of Volcano, Hawaii",1.94,2024-03-03 11:44:04.370,19.3906669616699,-155.276336669922,1.37000000476837
us7000m3y6,"188 km ENE of Lospalos, Timor Leste",4.4,2024-03-03 11:38:03.570,-7.7817,128.5342,166.277
hv74127456,"1 km W of Pāhala, Hawaii",2.96,2024-03-03 11:34:05.760,19.2058333333333,-155.496333333333,32.03
nc74011026,"10 km NW of The Geysers, CA",0.95,2024-03-03 11:19:21.890,38.8376656,-122.8361664,1.76
ci40680336,"2 km E of Pine Mountain Club, CA",1.79,2024-03-03 11:15:09.790,34.8466667,-119.1241667,3.49
tx2024ekdj,"37 km NNW of Toyah, Texas",1.6,2024-03-03 11:11:49.375,31.611,-103.978,6.51
ak0242wdftb4,"32 km WSW of Salamatof, Alaska",2.0,2024-03-03 11:05:51.368,60.5332,-151.8895,80.5
nc74011016,"6 km W of Cobb, CA",1.09,2024-03-03 10:59:22.040,38.8323326,-122.7911682,6.1
ak0242wd5i26,"44 km ENE of Susitna North, Alaska",1.4,2024-03-03 10:57:39.988,62.3701,-149.1225,15.0
nc74011011,"3 km NE of The Geysers, CA",1.12,2024-03-03 10:57:21.680,38.7958336,-122.7318344,0.77
nc74011006,"6 km W of Cobb, CA",0.95,2024-03-03 10:51:57.040,38.8238335,-122.7868347,0.21
hv74127446,"13 km SE of Pāhala, Hawaii",1.97000003,2024-03-03 10:42:47.180,19.1079998016357,-155.394332885742,31.2600002288818
av92221986,"35 km ENE of Adak, Alaska",0.87,2024-03-03 10:13:08.050,52.0451666666667,-176.1985,-1.66
ci40680320,"15 km ENE of Ocotillo, CA",1.21,2024-03-03 10:05:05.330,32.7771667,-115.8398333,7.27
ak0242wckav2,"66 km NNE of Petersville, Alaska",1.3,2024-03-03 09:58:48.948,63.0637,-150.3415,107.3
us7000m3y3,"130 km ENE of Tual, Indonesia",4.2,2024-03-03 09:55:05.728,-5.3349,133.8917,10.0
tx2024ekar,"38 km NNW of Toyah, Texas",2.1,2024-03-03 09:43:41.893,31.612,-103.993,7.6379
uu80059156,"14 km NE of Milford, Utah",0.06,2024-03-03 09:43:17.360,38.4928333333333,-112.895666666667,2.52
pr2024063001,"137 km NNE of Vieques, Puerto Rico",3.85,2024-03-03 09:40:09.500,19.5471,-65.2791,25.0
av92221961,"66 km NE of Nikolski, Alaska",0.48,2024-03-03 09:39:26.300,53.3898333333333,-168.200333333333,2.95
tx2024ekan,"37 km NNW of Toyah, Texas",1.8,2024-03-03 09:38:57.826,31.608,-103.998,6.8433
tx2024ekak,"37 km WSW of Mentone, Texas",3.3,2024-03-03 09:36:26.403,31.618,-103.986,6.933
tx2024ekai,"37 km NNW of Toyah, Texas",1.6,2024-03-03 09:35:26.748,31.615,-103.986,6.7664
ci40680312,"15 km ENE of Ocotillo, CA",2.0,2024-03-03 09:34:54.130,32.7768333,-115.8376667,8.09
us7000m3y2,southwestern Atlantic Ocean,4.6,2024-03-03 09:28:29.922,-53.207,-24.3078,10.0
ci40680304,"10 km NNW of Anza, CA",0.84,2024-03-03 09:26:08.630,33.6421667,-116.711,14.33
nm60571646,"4 km E of Caruthersville, Missouri",1.6,2024-03-03 09:25:05.750,36.195,-89.6061666666667,5.46
us6000mgfz,"133 km W of Aykol, China",4.4,2024-03-03 09:24:29.295,41.1314,78.5595,10.631
tx2024ekap,"37 km NNW of Toyah, Texas",1.6,2024-03-03 09:23:17.311,31.611,-103.976,6.6125
tx2024ejzx,"36 km NNW of Toyah, Texas",1.8,2024-03-03 09:22:19.267,31.607,-103.976,6.9458
tx2024ejzv,"38 km NNW of Toyah, Texas",3.2,2024-03-03 09:20:53.533,31.614,-103.995,8.3685
tx2024ejzu,"37 km NNW of Toyah, Texas",1.7,2024-03-03 09:20:28.457,31.611,-103.978,6.6125
ci40680296,"15 km ENE of Ocotillo, CA",2.52,2024-03-03 09:20:04.010,32.7791667,-115.8428333,4.92
tx2024ejzt,"37 km NNW of Toyah, Texas",2.1,2024-03-03 09:19:11.807,31.611,-103.989,6.7151
nc74010996,"6 km WNW of The Geysers, CA",0.76,2024-03-03 09:19:07.440,38.8081665,-122.8186646,2.9
tx2024ejzs,"36 km NNW of Toyah, Texas",2.1,2024-03-03 09:18:37.542,31.606,-103.982,6.7664
ak0242wcbnza,"28 km WNW of Petersville, Alaska",1.5,2024-03-03 09:18:19.905,62.5522,-151.3082,86.5
tx2024ejzq,"37 km NNW of Toyah, Texas",2.7,2024-03-03 09:17:32.817,31.607,-103.982,5.7455
tx2024ejzp,"35 km NNW of Toyah, Texas",2.9,2024-03-03 09:16:38.300,31.583,-103.997,6.6125
tx2024ejzn,"36 km NNW of Toyah, Texas",3.5,2024-03-03 09:15:53.133,31.607,-103.978,6.51
tx2024ejzm,"37 km NNW of Toyah, Texas",3.9,2024-03-03 09:15:23.955,31.611,-103.99,8.4454
hv74127371,"1 km WNW of Pāhala, Hawaii",1.81,2024-03-03 09:14:52.110,19.2056666666667,-155.488333333333,29.52
av91135193,"85 km NNW of Karluk, Alaska",-0.25,2024-03-03 09:12:29.020,58.2496666666667,-155.124333333333,34.63
av91135178,"85 km NNW of Karluk, Alaska",-0.2,2024-03-03 09:11:04.090,58.2506666666667,-155.103333333333,34.2
av91135188,"85 km NNW of Karluk, Alaska",-0.3,2024-03-03 09:10:52.290,58.2551666666667,-155.111666666667,30.76
tx2024ejzg,"6 km SW of Westbrook, Texas",2.1,2024-03-03 09:07:13.176,32.309,-101.051,4.9316
nc74010991,"4 km W of Cobb, CA",0.18,2024-03-03 09:06:59.230,38.8211667,-122.7738333,2.2
tx2024ejzf,"20 km ENE of Falls City, Texas",2.1,2024-03-03 09:05:51.756,29.071,-97.833,3.2471
hv74127366,"6 km SW of Volcano, Hawaii",1.78,2024-03-03 09:02:48.590,19.394,-155.276166666667,1.14
nc74010986,"9 km WNW of Ferndale, CA",2.19,2024-03-03 08:51:40.620,40.6023333,-124.3645,8.85
ak0242wbubh5,"81 km WNW of Paxson, Alaska",1.5,2024-03-03 08:37:26.383,63.4396,-147.04,35.8
us6000mgfj,"61 km ENE of Yokohama, Japan",4.9,2024-03-03 08:32:00.042,41.2026,141.9684,60.365
hv74127351,"1 km SW of Pāhala, Hawaii",1.71,2024-03-03 08:21:15.560,19.1935,-155.485833333333,30.57
ak0242wbdcn4,"16 km ESE of Skwentna, Alaska",1.7,2024-03-03 07:58:09.922,61.9607,-151.0845,61.9
ak0242wbc3cg,"27 km ENE of Beluga, Alaska",1.6,2024-03-03 07:52:22.881,61.2266,-150.6056,40.4
ak0242wb8hb4,"19 km WNW of Nikiski, Alaska",1.8,2024-03-03 07:35:37.604,60.7724,-151.613,69.4
us6000mgf8,"42 km NE of Hoehne, Colorado",1.9,2024-03-03 07:21:20.776,37.5976,-104.1025,5.0
mb90042373,"21 km ENE of Condon, Montana",0.9,2024-03-03 07:17:04.410,47.6108333333333,-113.448666666667,4.99
ak0242wb3itp,"67 km NNW of Tanana, Alaska",3.2,2024-03-03 07:12:24.458,65.7569,-152.4363,14.7
us6000mgf6,"19 km SSE of Murghob, Tajikistan",4.3,2024-03-03 07:05:37.835,38.0163,74.0663,152.579
ak0242warr12,"27 km S of Central, Alaska",1.5,2024-03-03 06:57:32.064,65.3268,-144.8333,0.8
ak0242wapm53,"30 km SSW of Central, Alaska",1.5,2024-03-03 06:47:35.599,65.3063,-144.9873,0.1
nc74010976,"3 km ENE of The Geysers, CA",1.29,2024-03-03 06:45:27.830,38.7835,-122.724,1.06
nc74010971,"6 km WNW of Cobb, CA",0.69,2024-03-03 06:44:38.030,38.8339996,-122.7883301,1.92
hv74127316,"7 km SW of Volcano, Hawaii",1.21,2024-03-03 06:43:36.610,19.3933333333333,-155.280166666667,1.43
mb90042393,"3 km S of Sheridan, Montana",0.28,2024-03-03 06:41:19.490,45.426,-112.2,4.96
nc74010966,"8 km W of Cobb, CA",0.47,2024-03-03 06:37:54.130,38.8351667,-122.8165,1.97
av91135173,"85 km NW of Karluk, Alaska",-0.13,2024-03-03 06:32:44.030,58.1785,-155.340833333333,1.69
hv74127311,"2 km NNW of Pāhala, Hawaii",2.29,2024-03-03 06:32:30.850,19.2215003967285,-155.485992431641,34.9599990844727
ak0242walxza,"29 km SSW of Central, Alaska",1.5,2024-03-03 06:30:22.784,65.3237,-145.0387,0.0
uw61987086,"6 km WNW of Entiat, Washington",0.17,2024-03-03 06:26:00.150,47.70066666666666,-120.28816666666667,0.91
hv74127286,"16 km S of Volcano, Hawaii",1.45,2024-03-03 06:22:03.280,19.296,-155.2225,7.03
mb90042388,"32 km S of Virginia City, Montana",0.81,2024-03-03 06:20:54.040,44.9996666666667,-111.9345,4.94
nc74010961,"10 km WSW of Petrolia, CA",2.86,2024-03-03 06:20:52.570,40.3035,-124.406,32.29
hv74127266,"6 km SSE of Pāhala, Hawaii",2.29999995,2024-03-03 06:06:18.520,19.1494998931885,-155.464492797852,33.2000007629395
us6000mgew,"36 km S of Coquimbo, Chile",4.0,2024-03-03 06:05:31.924,-30.2816,-71.3557,43.502
nc74010956,"1 km SSW of Alamo, CA",1.62,2024-03-03 06:02:11.640,37.8385,-122.0356667,10.91
hv74127256,"11 km SW of Volcano, Hawaii",1.28,2024-03-03 05:59:35.230,19.3576666666667,-155.3035,0.92
ak0242wa6hil,"6 km SE of Susitna, Alaska",1.5,2024-03-03 05:58:29.396,61.5006,-150.4256,48.5
us7000m3xw,western Indian-Antarctic Ridge,4.6,2024-03-03 05:41:19.117,-48.8676,123.6893,10.0
us6000mget,Owen Fracture Zone region,4.9,2024-03-03 05:35:37.150,11.6167,57.7992,10.0
nn00874119,"31 km SSE of Mina, Nevada",1.9,2024-03-03 05:17:49.350,38.1248,-117.9863,10.8
ak0242w9xc0h,"95 km NNW of Yakutat, Alaska",1.8,2024-03-03 05:15:40.654,60.2865,-140.6035,12.6
ak0242w9vrrs,"49 km SE of Denali National Park, Alaska",1.8,2024-03-03 05:08:11.766,63.2325,-151.0139,0.0
hv74127206,"12 km ESE of Pāhala, Hawaii",2.1500001,2024-03-03 05:05:42.210,19.155834197998,-155.368835449219,30.1200008392334
pr2024063000,"60 km SE of Punta Cana, Dominican Republic",3.58,2024-03-03 04:51:10.330,18.1308,-68.0831,101.0
mb90042368,"25 km SSW of Irwin, Idaho",0.88,2024-03-03 04:49:02.080,43.192,-111.398666666667,4.28
mb90042483,"16 km ESE of Lincoln, Montana",0.89,2024-03-03 04:40:20.130,46.8745,-112.492833333333,7.98
us6000mgel,"178 km ENE of Agats, Indonesia",4.9,2024-03-03 04:34:43.747,-4.7634,139.5475,34.593
us7000m3yr,western Indian-Antarctic Ridge,4.7,2024-03-03 04:32:18.331,-48.8536,123.745,10.0
ak0242w9efem,"27 km ENE of Cantwell, Alaska",1.6,2024-03-03 04:27:19.981,63.4758,-148.4393,0.0
pr71441793,"6 km SSW of Indios, Puerto Rico",2.53,2024-03-03 04:20:09.100,17.9416666666667,-66.842,15.14
ak0242w9cj0k,"28 km SW of Cantwell, Alaska",1.7,2024-03-03 04:18:33.649,63.2408,-149.4207,73.9
pr71441803,"6 km SSW of Indios, Puerto Rico",2.27,2024-03-03 04:15:58.730,17.9343333333333,-66.8375,14.64
hv74127161,"16 km ENE of Pāhala, Hawaii",1.5,2024-03-03 04:14:11.170,19.2858333333333,-155.344,5.16
pr71441788,"0 km S of Guayanilla, Puerto Rico",2.26,2024-03-03 04:13:03.890,18.0103333333333,-66.7925,15.36
ci40680280,"6 km W of Borrego Springs, CA",2.63,2024-03-03 04:11:50.460,33.2641667,-116.4338333,4.88
ci40680272,"20 km ESE of Little Lake, CA",1.03,2024-03-03 04:11:31.260,35.8773333,-117.6928333,8.84
nc74010946,"8 km WNW of The Geysers, CA",0.75,2024-03-03 04:09:50.210,38.8115005,-122.8311691,1.79
nc74010941,"2 km N of The Geysers, CA",1.12,2024-03-03 04:06:59.790,38.7903333,-122.7588333,-0.91
nn00874183,"10 km NNW of Virginia City, Nevada",0.2,2024-03-03 03:57:57.115,39.4033,-119.6911,6.5
uu80058886,"12 km E of Providence, Utah",1.46,2024-03-03 03:57:50.720,41.698,-111.671333333333,10.63
hv74127146,"3 km SSW of Pāhala, Hawaii",2.20000005,2024-03-03 03:52:10.460,19.1721668243408,-155.493835449219,34.1100006103516
nc74010931,"7 km NW of The Geysers, CA",0.75,2024-03-03 03:48:17.630,38.815834,-122.8188324,2.71
av92221776,"63 km ENE of Pedro Bay, Alaska",-0.45,2024-03-03 03:46:19.790,60.048,-153.095333333333,-1.07
ak0242w8wwvy,"35 km NW of Valdez, Alaska",1.8,2024-03-03 03:46:12.367,61.3877,-146.7476,20.2
ak0242w8vv1c,"79 km ESE of Denali Park, Alaska",1.4,2024-03-03 03:40:57.929,63.5417,-147.3764,0.0
ak0242w8t0fe,"1 km SSE of Badger, Alaska",1.0,2024-03-03 03:27:28.107,64.7851,-147.5202,15.8
us7000m3xr,"272 km NW of Houma, Tonga",4.2,2024-03-03 03:26:11.777,-19.7655,-177.4492,528.244
uu80058871,"14 km NE of Milford, Utah",0.17,2024-03-03 03:21:49.940,38.4956666666667,-112.8955,2.27
us6000mge6,"4 km ENE of Guaymango, El Salvador",4.3,2024-03-03 03:20:29.429,13.7683,-89.8088,95.256
hv74127136,"5 km SSW of Pāhala, Hawaii",2.1400001,2024-03-03 03:20:23.220,19.1618328094482,-155.50016784668,34.2700004577637
nc74010921,"5 km W of Cobb, CA",1.09,2024-03-03 03:18:26.580,38.8258324,-122.7838364,1.23
ak0242w8e0k2,"67 km SE of Cantwell, Alaska",2.1,2024-03-03 02:57:31.389,62.8957,-148.1738,58.0
ak0242w8dr3k,"2 km NNE of Petersville, Alaska",1.4,2024-03-03 02:56:08.801,62.5152,-150.7511,79.7
nc74010911,"8 km NW of The Geysers, CA",1.11,2024-03-03 02:50:47.520,38.831665,-122.8171692,1.51
ak0242w8bmgc,"9 km NNW of Beluga, Alaska",1.6,2024-03-03 02:46:15.487,61.2135,-151.1819,67.4
nc74010906,"2 km W of Anderson Springs, CA",0.86,2024-03-03 02:38:50.520,38.7745,-122.7131667,1.43
av92221731,"62 km ENE of Pedro Bay, Alaska",-0.85,2024-03-03 02:37:53.740,60.0238333333333,-153.088,0.78
ci40680248,"6 km WSW of Beaumont, CA",1.21,2024-03-03 02:37:20.340,33.9006667,-117.0318333,15.84
hv74127106,"3 km SSW of Pāhala, Hawaii",2.28999996,2024-03-03 02:35:19.460,19.1731662750244,-155.49299621582,33.0900001525879
nn00874182,"34 km WSW of Empire, Nevada",1.2,2024-03-03 02:34:05.547,40.515,-119.7387,19.4
nc74010901,"5 km WNW of The Geysers, CA",0.76,2024-03-03 02:32:55.880,38.7949982,-122.8096695,3.25
nc74010896,"3 km E of The Geysers, CA",1.34,2024-03-03 02:28:18.390,38.7791667,-122.724,1.45
nc74010891,"7 km NW of The Geysers, CA",0.47,2024-03-03 02:27:21.300,38.8111667,-122.8206667,3.69
mb90042383,"2 km E of Pony, Montana",0.67,2024-03-03 02:27:18.850,45.6556666666667,-111.860333333333,10.45
us7000m3xq,south of the Kermadec Islands,4.6,2024-03-03 02:13:07.253,-32.2464,-178.0663,10.0
ak0242w83z48,"85 km N of Chickaloon, Alaska",1.9,2024-03-03 02:10:47.129,62.5648,-148.3205,36.0
us6000mgdt,south of the Kermadec Islands,5.0,2024-03-03 02:01:06.220,-32.4116,-178.0679,10.0
hv74127076,"12 km SW of Volcano, Hawaii",1.31,2024-03-03 01:57:25.170,19.3481666666667,-155.3035,0.66
ak0242w7rr42,"72 km ENE of Ugashik, Alaska",1.5,2024-03-03 01:53:44.668,57.7111,-156.2428,11.8
us7000m3xp,"230 km ENE of Lospalos, Timor Leste",4.0,2024-03-03 01:52:11.048,-7.41,128.7627,132.267
hv74127066,"6 km SW of Pāhala, Hawaii",2.56,2024-03-03 01:49:50.220,19.1553325653076,-155.51416015625,0.0799999982118607
uw61987066,"9 km S of Morton, Washington",0.46,2024-03-03 01:49:48.140,46.475833333333334,-122.2875,14.02
hv74127071,"4 km SSW of Pāhala, Hawaii",2.75,2024-03-03 01:49:44.400,19.1696666666667,-155.495,35.75
ak0242w7qorm,"63 km WNW of Beluga, Alaska",1.6,2024-03-03 01:48:47.708,61.302,-152.217,0.0
hv74127061,"15 km S of Volcano, Hawaii",1.47,2024-03-03 01:44:53.940,19.3006666666667,-155.247833333333,6.64
ak0242w7pjwp,"57 km WNW of Nanwalek, Alaska",1.3,2024-03-03 01:43:18.172,59.5841,-152.8289,82.5
nc74010876,"6 km NW of The Geysers, CA",1.44,2024-03-03 01:39:13.920,38.8071667,-122.8118333,2.47
ci40680240,"3 km SE of San Jacinto, CA",0.71,2024-03-03 01:37:10.770,33.7665,-116.9348333,13.51
us7000m3xm,"Kermadec Islands, New Zealand",4.3,2024-03-03 01:31:24.456,-30.4448,-178.3586,105.743
ok2024ejka,"8 km NW of Prague, Oklahoma",1.71,2024-03-03 01:25:58.979,35.53154373,-96.76011658,4.13301754
us7000m3xu,Kuril Islands,4.3,2024-03-03 01:23:23.392,46.7731,152.6004,35.0
nc74010871,"6 km WNW of Cobb, CA",0.77,2024-03-03 01:20:26.620,38.8351669,-122.7876663,1.88
nc74010866,"6 km WNW of Cobb, CA",-0.09,2024-03-03 01:10:36.400,38.8376667,-122.7836667,3.06
ak0242w7hncg,"35 km SE of Denali National Park, Alaska",1.4,2024-03-03 01:06:30.240,63.2907,-151.271,3.3
nc74010861,"4 km WNW of Cobb, CA",1.3,2024-03-03 01:02:49.700,38.8321667,-122.7715,1.36
ak0242w7gmlo,"68 km N of Chase, Alaska",1.7,2024-03-03 01:01:54.049,63.0669,-150.1681,83.9
nm60571641,"4 km SSE of Bertrand, Missouri",1.89,2024-03-03 00:50:58.240,36.8748333333333,-89.4285,6.22
ci40680232,"8 km SW of Idyllwild, CA",0.92,2024-03-03 00:49:17.430,33.6901667,-116.7845,14.23
uw61987061,"5 km W of Coupeville, Washington",1.51,2024-03-03 00:28:39.240,48.214666666666666,-122.76633333333334,21.78
us6000mgdl,"77 km S of Challapata, Bolivia",4.4,2024-03-03 00:25:14.537,-19.5994,-66.8144,259.927
ak0242w6zo7u,"11 km ESE of Fox, Alaska",1.4,2024-03-03 00:22:43.253,64.9322,-147.3912,14.6
nc74010856,"3 km WNW of Pacific Grove, CA",1.63,2024-03-03 00:16:18.700,36.6236667,-121.9521667,8.83
tx2024ejhn,"27 km SSE of Midland, Texas",2.4,2024-03-03 00:07:27.864,31.788,-101.928,6.3721
nc74010851,"8 km NW of The Geysers, CA",1.08,2024-03-03 00:04:56.700,38.8318329,-122.8184967,1.81
tx2024ejhe,"54 km S of Whites City, New Mexico",1.7,2024-03-02 23:57:47.004,31.682,-104.424,6.0999
uu80058736,"14 km NE of Milford, Utah",0.13,2024-03-02 23:54:55.520,38.4915,-112.889,2.07
uu80058731,"14 km NE of Milford, Utah",0.45,2024-03-02 23:48:34.020,38.4933333333333,-112.898166666667,2.6
tx2024ejgu,"54 km NW of Toyah, Texas",2.1,2024-03-02 23:47:20.087,31.643,-104.219,5.7922
ak0242ux9bj5,"10 km WNW of Eagle River, Alaska",1.6,2024-03-02 23:41:21.294,61.3632,-149.741,29.6
ci40680216,"5 km S of Cabazon, CA",0.8,2024-03-02 23:33:21.210,33.8753333,-116.7925,14.94
hv74126926,"3 km SW of Pāhala, Hawaii",2.28,2024-03-02 23:24:04.620,19.1749992370605,-155.501831054688,34.3600006103516
us6000mgdc,south of the Kermadec Islands,5.4,2024-03-02 23:14:42.924,-32.5086,-177.6678,10.0
us6000mgd9,"112 km WNW of Uken, Japan",4.8,2024-03-02 23:09:53.570,28.8045,128.2367,157.581
nc74010841,"7 km ENE of Bishop, CA",1.74,2024-03-02 22:55:58.740,37.3916667,-118.32,5.05
us7000m3xc,south of the Kermadec Islands,4.9,2024-03-02 22:54:05.593,-32.4514,-177.7306,10.0
ci40680208,"14 km E of Maricopa, CA",2.1,2024-03-02 22:52:00.550,35.0566667,-119.248,12.41
ak0242uwm4ka,"63 km SE of Denali National Park, Alaska",1.3,2024-03-02 22:33:03.228,63.21,-150.6897,73.9
ci40680200,"17 km ESE of Little Lake, CA",1.1,2024-03-02 22:29:09.930,35.8986667,-117.7276667,4.45
hv74126876,"2 km W of Pāhala, Hawaii",2.26999998,2024-03-02 22:28:04.730,19.2041664123535,-155.49983215332,32.7900009155273
us7000m3xb,"107 km W of Panguna, Papua New Guinea",4.3,2024-03-02 22:24:53.351,-6.3896,154.5172,10.0
nc74010831,"10 km NNE of Larkfield-Wikiup, CA",1.24,2024-03-02 22:23:24.480,38.594,-122.7013333,6.61
av92221626,"63 km ENE of Pedro Bay, Alaska",-0.61,2024-03-02 22:21:07.180,60.0168333333333,-153.0605,1.09
tx2024ejdo,"27 km SW of Jal, New Mexico",2.2,2024-03-02 22:09:44.361,31.935,-103.393,6.1511
av92221621,"19 km NNE of Atka, Alaska",0.77,2024-03-02 22:09:16.110,52.361,-174.113,-2.23
nc74010826,"8 km W of Cobb, CA",0.44,2024-03-02 22:07:04.400,38.8344994,-122.8093338,0.53
ak0242uwf44x,"37 km WSW of Stevens Village, Alaska",1.2,2024-03-02 22:00:28.650,65.8834,-149.865,14.6
hv74126851,"14 km S of Fern Forest, Hawaii",1.80999994,2024-03-02 22:00:05.020,19.3366661071777,-155.130004882812,4.28000020980835
nc74010821,"12 km SE of Middletown, CA",1.2,2024-03-02 21:55:26.540,38.6846667,-122.4995,6.85
ci40680184,"8 km N of Lake Henshaw, CA",1.17,2024-03-02 21:52:21.440,33.3115,-116.7605,12.63
ak0242uw47ry,"10 km W of Point Possession, Alaska",1.8,2024-03-02 21:50:03.277,60.9069,-150.8721,75.6
nc74010811,"2 km ESE of The Geysers, CA",2.27,2024-03-02 21:49:36.290,38.7705,-122.7401667,0.46
nn00874177,"50 km E of Fort Bidwell, California",1.2,2024-03-02 21:44:28.392,41.9504,-119.5486,1.3
nc74010806,"13 km WNW of The Geysers, CA",0.56,2024-03-02 21:39:13.240,38.84,-122.8771667,2.37
ak0242uw1tvr,"37 km SW of Cantwell, Alaska",1.8,2024-03-02 21:38:30.478,63.1436,-149.4561,78.5
ci40680176,"3 km N of Palomar Observatory, CA",1.12,2024-03-02 21:32:27.530,33.3853333,-116.8676667,5.4
ak0242uvyuwh,"39 km NNE of Chignik Lagoon, Alaska",2.4,2024-03-02 21:24:44.014,56.6575,-158.3839,104.0
ak0242uvxxss,"25 km WNW of Valdez, Alaska",1.6,2024-03-02 21:20:15.003,61.1771,-146.8084,34.3
nc74010801,"2 km NNE of Pinnacles, CA",2.09,2024-03-02 21:13:02.890,36.5515,-121.1363333,8.64
us6000mgcu,"94 km WSW of Tsetserleg, Mongolia",4.3,2024-03-02 21:07:45.614,47.0994,100.3337,10.0
us6000mgct,"282 km WSW of Tual, Indonesia",4.6,2024-03-02 21:07:25.364,-6.4229,130.3259,130.651
hv74126701,"7 km SSW of Volcano, Hawaii",1.90999997,2024-03-02 21:05:00.910,19.3836669921875,-155.267837524414,0.230000004172325
hv74126691,"7 km SW of Volcano, Hawaii",1.75,2024-03-02 21:05:00.590,19.3850002288818,-155.27766418457,0.910000026226044
uw61987016,"31 km W of Okanagan Falls, Canada",1.19,2024-03-02 20:55:58.060,49.33116666666667,-120.00133333333333,-0.54
us6000mgdh,"43 km S of Adak, Alaska",3.8,2024-03-02 20:38:30.667,51.482,-176.6714,41.012
nc74010796,"9 km WSW of Templeton, CA",1.43,2024-03-02 20:38:11.110,35.5195,-120.797,6.57
us7000m3m5,"15 km SE of Fort Fairfield, Maine",1.6,2024-03-02 20:28:18.671,46.6798,-67.689,9.193
ci40680160,"7 km NNW of Cabazon, CA",1.14,2024-03-02 20:14:28.810,33.9755,-116.8045,15.0
us6000mgcp,"81 km NNE of Maketu, New Zealand",4.3,2024-03-02 20:11:04.765,-37.11,176.8555,382.672
nc74010786,"6 km NW of The Geysers, CA",0.52,2024-03-02 20:07:03.050,38.8105,-122.8183333,2.96
tx2024eizi,"25 km SW of Jal, New Mexico",1.9,2024-03-02 20:01:48.599,31.929,-103.355,5.5103
ak0242uuzhu5,"31 km NW of Willow, Alaska",1.6,2024-03-02 19:59:45.094,61.9579,-150.4355,15.9
tx2024eize,"53 km NW of Toyah, Texas",2.1,2024-03-02 19:57:17.687,31.642,-104.214,5.5359
ak0242uuy0ac,"28 km SW of Tanacross, Alaska",2.3,2024-03-02 19:52:51.085,63.2092,-143.746,0.0
ok2024eiyy,"9 km NW of Prague, Oklahoma",1.84,2024-03-02 19:50:13.941,35.55350494,-96.74448395,4.480149746
ak0242uux9ia,"46 km S of Nelchina, Alaska",1.3,2024-03-02 19:49:11.733,61.5747,-146.6552,14.9
us7000m3x8,Kermadec Islands region,4.3,2024-03-02 19:39:12.911,-30.317,-176.312,10.0
ak0242uuuz1k,"117 km S of McCarthy, Alaska",1.7,2024-03-02 19:38:35.285,60.38,-143.0312,13.8
tx2024eiyi,"26 km SW of Jal, New Mexico",2.0,2024-03-02 19:32:11.198,31.939,-103.392,6.0486
us6000mgch,"79 km SSE of King Cove, Alaska",4.4,2024-03-02 19:17:41.538,54.4149,-161.7829,35.0
ci40680152,"3 km N of Colton, CA",1.23,2024-03-02 19:16:02.580,34.1025,-117.31,14.14
ak0242uupyvz,"4 km NW of Karluk, Alaska",2.3,2024-03-02 19:15:00.474,57.593,-154.5192,17.1
tx2024eixs,"27 km SW of Jal, New Mexico",1.7,2024-03-02 19:12:11.108,31.943,-103.398,4.5618
hv74126576,"3 km NNE of Pāhala, Hawaii",1.73000002,2024-03-02 18:51:30.370,19.2268333435059,-155.462829589844,29.2000007629395
nc74010771,"4 km SSW of Saratoga, CA",0.71,2024-03-02 18:50:10.470,37.2278333,-122.042,9.35
ak0242uuamun,"1 km E of Big Lake, Alaska",1.6,2024-03-02 18:43:46.075,61.5221,-149.9242,29.3
nc74010766,"12 km SE of Point Arena, CA",1.79,2024-03-02 18:23:18.230,38.846,-123.5925,4.7
nc74010751,"6 km S of Gilroy, CA",0.96,2024-03-02 18:07:10.310,36.9543333,-121.5715,4.13
nc74010746,"10 km NW of The Geysers, CA",0.79,2024-03-02 18:03:59.220,38.8376656,-122.838501,0.88
us6000mgcd,"51 km NNW of Te Anau, New Zealand",4.3,2024-03-02 18:00:54.445,-44.9701,167.5352,98.433
ci40680136,"15 km ESE of Anza, CA",1.21,2024-03-02 17:59:39.610,33.5141667,-116.5201667,12.92
tx2024eivi,"53 km NW of Toyah, Texas",1.9,2024-03-02 17:59:36.580,31.64,-104.208,5.1257
pr2024062003,"152 km N of Cruz Bay, U.S. Virgin Islands",3.76,2024-03-02 17:58:40.550,19.6928,-64.5793,89.0
nc74010741,"3 km E of The Geysers, CA",0.44,2024-03-02 17:57:38.570,38.7738333,-122.7243333,1.62
tx2024eivd,"53 km NW of Toyah, Texas",1.8,2024-03-02 17:52:08.037,31.639,-104.209,3.075
tx2024eiva,"53 km NW of Toyah, Texas",1.9,2024-03-02 17:51:20.076,31.642,-104.208,6.0999
us6000mgc9,"52 km W of Hawaiian Ocean View, Hawaii",2.9,2024-03-02 17:45:09.642,19.1209,-156.2635,35.59
ak0242utobno,"47 km NW of Tatitlek, Alaska",1.7,2024-03-02 17:39:36.688,61.124,-147.3772,34.7
nc74010736,"5 km W of Cobb, CA",1.07,2024-03-02 17:34:41.270,38.8238335,-122.7856674,1.19
nc74010731,"12 km SE of Point Arena, CA",1.87,2024-03-02 17:28:18.090,38.8471667,-123.5913333,4.1
ak0242utlda9,"88 km NW of Aleneva, Alaska",1.6,2024-03-02 17:25:52.510,58.5674,-154.0636,80.6
nc74010726,"8 km NW of The Geysers, CA",0.32,2024-03-02 16:42:39.450,38.832,-122.8193333,2.19
nc74010721,"8 km NW of The Geysers, CA",0.22,2024-03-02 16:34:58.420,38.8343315,-122.8174973,1.55
av92221401,"Rat Islands, Aleutian Islands, Alaska",1.4,2024-03-02 16:25:29.130,51.9371666666667,178.342833333333,9.96
nc74010711,"2 km NE of The Geysers, CA",1.11,2024-03-02 16:21:17.770,38.7879982,-122.7460022,0.45
mb90042378,"32 km SW of Anaconda, Montana",0.91,2024-03-02 16:20:22.090,45.9371666666667,-113.258,10.35
nc74010706,"6 km NW of The Geysers, CA",0.76,2024-03-02 16:18:57.510,38.8139992,-122.8115005,3.17
us6000mgca,"15 km S of Fern Forest, Hawaii",2.6,2024-03-02 16:11:28.311,19.3235,-155.1192,5.0
hv74126481,"15 km S of Fern Forest, Hawaii",2.27,2024-03-02 16:11:20.730,19.3268333333333,-155.116833333333,6.37
hv74126476,"14 km S of Fern Forest, Hawaii",1.78,2024-03-02 16:08:45.890,19.3330001831055,-155.120162963867,3.38000011444092
nn00874117,"54 km S of Silver Peak, Nevada",1.5,2024-03-02 16:06:28.487,37.2616,-117.6346,7.2
us6000mgbw,"44 km N of San Pedro de Atacama, Chile",4.4,2024-03-02 16:05:54.598,-22.5102,-68.2188,166.512
nc74010701,"14 km NW of Toms Place, CA",1.17,2024-03-02 16:05:16.480,37.6511667,-118.798,6.46
nc74010696,"11 km NE of Hollister, CA",0.98,2024-03-02 16:03:38.920,36.924,-121.3258333,6.39
ok2024eirf,"9 km SSE of Tatums, Oklahoma",2.57,2024-03-02 15:55:39.535,34.40950394,-97.4176712,3.463616133
av92221376,"Rat Islands, Aleutian Islands, Alaska",1.16,2024-03-02 15:50:26.990,51.9388333333333,178.3465,11.08
nc74010691,"2 km NNE of The Geysers, CA",0.72,2024-03-02 15:45:54.460,38.7931671,-122.7473297,1.8
tx2024eiqx,"53 km NW of Toyah, Texas",1.8,2024-03-02 15:44:29.179,31.645,-104.207,4.9719
tx2024eiqr,"51 km SSE of Whites City, New Mexico",2.0,2024-03-02 15:34:38.087,31.744,-104.19,6.0999
hv74126456,"2 km S of Pāhala, Hawaii",2.19000006,2024-03-02 15:31:43.300,19.181999206543,-155.474670410156,32.1100006103516
av91135143,"77 km NE of Nikolski, Alaska",-0.49,2024-03-02 15:30:53.550,53.4428333333333,-168.055333333333,0.71
us6000mgbp,"34 km WNW of Whites City, New Mexico",2.9,2024-03-02 15:29:08.445,32.3323,-104.6886,8.741
pr71441768,"1 km NW of Indios, Puerto Rico",2.2,2024-03-02 15:22:53.930,18.0038333333333,-66.827,18.17
tx2024eips,"3 km ESE of Falls City, Texas",2.4,2024-03-02 15:09:40.794,28.97,-97.982,0.0244
tx2024eipp,"50 km SSE of Whites City, New Mexico",2.1,2024-03-02 15:06:50.784,31.753,-104.191,6.7151
ak0242urysh9,"27 km WSW of Point MacKenzie, Alaska",1.8,2024-03-02 14:52:27.977,61.2407,-150.422,42.0
nc74010681,"2 km NNW of The Geysers, CA",0.79,2024-03-02 14:43:41.330,38.7901649,-122.7665024,1.28
nc74010676,"1 km ENE of The Geysers, CA",0.72,2024-03-02 14:36:42.330,38.7831667,-122.7435,1.14
pr71441763,"3 km WSW of La Parguera, Puerto Rico",2.36,2024-03-02 14:35:08.230,17.9613333333333,-67.0715,7.92
av92221351,"40 km ENE of Adak, Alaska",0.47,2024-03-02 14:30:52.290,52.0615,-176.129666666667,-1.8
nn00874160,"47 km ENE of Fort Bidwell, California",2.7,2024-03-02 14:30:06.182,41.9906,-119.6012,0.0
nc74010666,"8 km NW of The Geysers, CA",0.77,2024-03-02 14:27:52.840,38.831501,-122.8166656,1.67
nc74010661,"7 km NW of The Geysers, CA",0.28,2024-03-02 14:23:42.550,38.8146667,-122.8198318,2.85
tx2024eioa,"53 km NW of Toyah, Texas",1.7,2024-03-02 14:19:40.608,31.644,-104.207,5.2026
nc74010656,"7 km NW of The Geysers, CA",1.09,2024-03-02 14:16:52.710,38.8146667,-122.819664,2.55
nc74010651,"7 km WNW of Cobb, CA",0.7,2024-03-02 14:13:40.750,38.8358345,-122.8054962,2.07
nc74010646,"7 km NW of The Geysers, CA",1.8,2024-03-02 14:11:21.760,38.8145,-122.819,2.89
ci40680104,"10 km SSW of Idyllwild, CA",0.74,2024-03-02 14:02:38.650,33.668,-116.7735,14.19
us6000mgba,"7 km NNE of Tsunō, Japan",4.5,2024-03-02 14:00:46.062,32.311,131.6003,22.978
tx2024einl,"55 km S of Whites City, New Mexico",1.7,2024-03-02 14:00:13.517,31.679,-104.412,5.741
tx2024eini,"53 km NW of Toyah, Texas",1.8,2024-03-02 13:57:56.427,31.642,-104.208,6.0229
ak0242ureh3o,"49 km N of Valdez, Alaska",1.6,2024-03-02 13:57:49.326,61.5787,-146.362,28.2
us6000mgep,"52 km ENE of Zeerust, South Africa",3.8,2024-03-02 13:55:27.191,-25.3701,26.5589,9.078
us6000mgb8,"6 km E of Néon Monastírion, Greece",4.1,2024-03-02 13:47:04.517,39.2417,22.3449,93.839
nc74010641,"6 km NW of The Geysers, CA",0.47,2024-03-02 13:33:23.180,38.813,-122.8083333,2.73
hv74126386,"16 km S of Volcano, Hawaii",1.92999995,2024-03-02 13:32:08.710,19.2950000762939,-155.245834350586,1.0900000333786
pr71441758,"7 km SSE of Salinas, Puerto Rico",1.95,2024-03-02 13:17:51.960,17.9128333333333,-66.283,14.1
nc74010636,"6 km NW of The Geysers, CA",1.54,2024-03-02 13:11:51.220,38.811,-122.8105,2.79
ak0242ur4bkq,"61 km WNW of Ninilchik, Alaska",1.5,2024-03-02 13:10:12.108,60.2716,-152.6896,108.3
ak0242ur3asn,"2 km SSW of Salcha, Alaska",1.2,2024-03-02 13:05:35.436,64.5067,-146.9166,4.7
hv74126376,"5 km S of Pāhala, Hawaii",1.88,2024-03-02 12:57:51.810,19.15016746521,-155.473831176758,31.4300003051758
av92221291,"41 km ENE of Adak, Alaska",0.29,2024-03-02 12:56:44.770,52.0675,-176.120166666667,-1.8
ak0242uqs5i9,"5 km SSW of Salcha, Alaska",1.5,2024-03-02 12:53:34.735,64.4796,-146.9266,5.4
ci40680096,"8 km SSW of Hemet, CA",1.1,2024-03-02 12:49:30.870,33.676,-116.9908333,5.58
av91135133,"70 km NE of Nikolski, Alaska",-0.79,2024-03-02 12:49:02.450,53.36,-168.074166666667,2.0
nc74010631,"8 km NW of The Geysers, CA",-0.26,2024-03-02 12:46:43.960,38.835,-122.8196667,2.03
us6000mgb3,South Sandwich Islands region,5.0,2024-03-02 12:38:29.921,-55.7171,-25.5983,10.0
ci40680088,"12 km SW of Searles Valley, CA",1.13,2024-03-02 12:36:47.030,35.6925,-117.5043333,6.43
nc74010626,"3 km W of Cobb, CA",0.71,2024-03-02 12:24:52.080,38.8180008,-122.7591629,1.68
ci40680080,"45 km ENE of Ensenada, B.C., MX",1.78,2024-03-02 12:21:15.800,32.032,-116.1848333,13.58
us6000mgc1,"66 km ESE of Atka, Alaska",3.1,2024-03-02 12:03:27.146,51.8686,-173.394,35.0
ak0242uq7qhe,"14 km WNW of Four Mile Road, Alaska",1.3,2024-03-02 11:58:08.825,64.6568,-149.3861,16.4
ok2024eiji,"13 km ESE of Crowder, Oklahoma",1.62,2024-03-02 11:56:43.310,35.07624435,-95.5376358,2.300811291
us7000m3x6,"171 km ENE of Agats, Indonesia",4.4,2024-03-02 11:51:03.165,-4.772,139.4746,31.586
nc74010616,"6 km WNW of The Geysers, CA",0.46,2024-03-02 11:49:23.550,38.801,-122.817,3.37
ak0242uq5gkf,"26 km NW of Lake Minchumina, Alaska",1.7,2024-03-02 11:47:46.294,64.0469,-152.6921,14.3
nc74010611,"6 km NW of The Geysers, CA",1.49,2024-03-02 11:46:31.000,38.812,-122.8018333,2.27
nc74010621,"3 km E of The Geysers, CA",0.4,2024-03-02 11:38:37.790,38.777,-122.7245,1.73
av91135138,"19 km W of Sitka, Alaska",0.05,2024-03-02 11:37:04.000,57.0386666666667,-135.643166666667,5.67
hv74126341,"7 km SW of Volcano, Hawaii",1.78,2024-03-02 11:36:52.910,19.3875007629395,-155.275329589844,1.0
us6000mgav,"7 km ESE of Maketu, New Zealand",4.6,2024-03-02 11:31:20.657,-37.8014,176.5193,173.403
ak0242uq0j61,"50 km S of Denali National Park, Alaska",1.8,2024-03-02 11:24:48.096,63.0939,-151.5503,0.1
us6000mgaw,"5 km SSW of Ishioka, Japan",4.5,2024-03-02 11:23:12.533,36.1393,140.2519,60.254
tx2024eihz,"37 km NNW of Toyah, Texas",2.1,2024-03-02 11:11:36.084,31.609,-103.988,6.6638
ak0242upxorb,"23 km SW of Trapper Creek, Alaska",2.1,2024-03-02 11:11:21.056,62.164,-150.5381,7.2
tx2024eihw,"38 km NNW of Toyah, Texas",1.8,2024-03-02 11:11:13.228,31.615,-103.992,9.0222
ak0242upxja0,"38 km WSW of Karluk, Alaska",3.1,2024-03-02 11:10:49.711,57.429,-155.0349,28.0
ci40680072,"18 km W of Searles Valley, CA",1.3,2024-03-02 11:10:10.470,35.7886667,-117.6076667,7.73
hv74126326,"9 km N of Pāhala, Hawaii",1.7,2024-03-02 11:10:01.090,19.2911666666667,-155.468666666667,31.9
uw61986961,"5 km NNW of Waterville, Washington",0.67,2024-03-02 11:06:47.970,47.696,-120.09783333333333,-0.78
nc74010601,"8 km W of Cobb, CA",1.04,2024-03-02 11:03:45.920,38.8344994,-122.8148346,1.83
pr2024062002,"85 km NNE of Cruz Bay, U.S. Virgin Islands",4.0,2024-03-02 11:02:19.010,19.0245,-64.4351,25.0
us6000mgam,"36 km SSE of Pelabuhanratu, Indonesia",4.7,2024-03-02 10:48:43.249,-7.2923,106.6838,61.817
ak0242upk7y4,"35 km NW of Ninilchik, Alaska",1.9,2024-03-02 10:48:37.729,60.2458,-152.166,89.9
ci40680064,"24 km NNW of Tehachapi, CA",1.23,2024-03-02 10:37:52.240,35.3461667,-118.5055,4.73
nc74010596,"3 km SW of Anderson Springs, CA",1.16,2024-03-02 10:35:03.220,38.7551667,-122.7163333,1.51
uu80057716,"7 km SSW of Malad City, Idaho",1.09,2024-03-02 10:27:04.810,42.1263333333333,-112.272666666667,5.97
ci40680056,"9 km ENE of Coso Junction, CA",2.12,2024-03-02 10:23:10.170,36.0873333,-117.8688333,4.74
av92221166,"64 km ENE of Pedro Bay, Alaska",-0.57,2024-03-02 10:21:52.290,60.0493333333333,-153.083333333333,1.11
nc74010581,"4 km N of San Juan Bautista, CA",2.2,2024-03-02 10:16:30.610,36.8788333,-121.5455,6.85
ak0242upd6vg,"66 km SE of Old Harbor, Alaska",2.6,2024-03-02 10:16:01.297,56.7812,-152.5362,8.3
nc74010576,"6 km NW of The Geysers, CA",0.9,2024-03-02 10:10:12.810,38.8076668,-122.8088303,3.6
av92221146,"46 km WSW of Adak, Alaska",1.45,2024-03-02 10:00:16.240,51.7205,-177.259833333333,10.18
pr2024062000,"51 km ESE of Boca de Yuma, Dominican Republic",3.52,2024-03-02 09:47:31.430,18.1403,-68.1881,75.0
us7000m3wz,"280 km WNW of Houma, Tonga",4.2,2024-03-02 09:41:53.479,-19.8119,-177.5728,536.86
ak0242uovqpo,"72 km SE of Old Harbor, Alaska",3.8,2024-03-02 09:34:15.579,56.7602,-152.4374,4.1
ok2024eiej,"8 km NW of Prague, Oklahoma",2.08,2024-03-02 09:25:59.448,35.53356934,-96.76412964,3.843970537
us7000m3wy,"8 km WSW of Liliongan, Philippines",4.3,2024-03-02 09:06:55.720,7.3398,124.7203,12.919
pr2024062001,"108 km NNE of Cruz Bay, U.S. Virgin Islands",4.24,2024-03-02 09:00:05.480,19.2081,-64.3348,28.0
se60571571,"0 km S of Niota, Tennessee",1.96,2024-03-02 08:59:37.470,35.5083333333333,-84.545,11.89
ci40680040,"13 km SSE of Salton City, CA",1.18,2024-03-02 08:59:20.780,33.1966667,-115.8863333,7.09
us6000mga4,"31 km ENE of Fraccionamiento del Valle, Mexico",2.2,2024-03-02 08:57:32.941,32.0423,-115.9707,5.0
av92221121,"47 km WSW of Adak, Alaska",1.39,2024-03-02 08:48:08.410,51.726,-177.281333333333,10.11
nc74010566,"7 km W of Cobb, CA",0.74,2024-03-02 08:36:11.120,38.8288345,-122.7996674,1.87
ci40680024,"12 km SE of Bodfish, CA",1.12,2024-03-02 08:29:31.880,35.516,-118.401,5.2
nn00874175,"48 km E of Fort Bidwell, California",1.9,2024-03-02 08:27:00.282,41.9458,-119.5729,0.0
ak0242uo7xqx,"109 km SSW of McCarthy, Alaska",1.9,2024-03-02 08:23:10.657,60.4778,-143.3527,19.5
ak0242uo7rbm,"9 km NNW of Susitna, Alaska",2.0,2024-03-02 08:22:27.432,61.6296,-150.5595,35.3
nc74010561,"8 km NW of The Geysers, CA",1.05,2024-03-02 08:18:19.170,38.83,-122.819,1.68
ak0242uo6q4z,"16 km SW of Ester, Alaska",0.1,2024-03-02 08:18:08.668,64.7319,-148.2298,12.3
nc74010556,"8 km NW of The Geysers, CA",1.19,2024-03-02 08:17:59.700,38.8301667,-122.8141667,1.9
us7000m3ww,Mid-Indian Ridge,4.6,2024-03-02 08:15:32.717,-16.1865,67.6767,10.0
av91135123,"Rat Islands, Aleutian Islands, Alaska",0.84,2024-03-02 08:03:22.630,51.943,178.502833333333,6.85
us6000mga0,"79 km SSE of King Cove, Alaska",4.5,2024-03-02 08:02:33.102,54.4613,-161.6403,47.301
nc74010551,"6 km WNW of Cobb, CA",1.53,2024-03-02 07:57:50.820,38.8333333,-122.7941667,2.17
ci40680016,"7 km NW of Anza, CA",0.43,2024-03-02 07:57:21.870,33.5995,-116.7306667,12.39
us6000mg9x,"50 km NW of Ovalle, Chile",4.2,2024-03-02 07:52:43.151,-30.3449,-71.6322,35.918
us6000mg9z,"Rat Islands, Aleutian Islands, Alaska",5.0,2024-03-02 07:50:48.332,51.4808,177.8356,56.918
pr71441703,"3 km SW of La Parguera, Puerto Rico",2.6,2024-03-02 07:24:52.440,17.9486666666667,-67.0706666666667,6.35
ok2024eiaa,"8 km SE of Sparks, Oklahoma",2.14,2024-03-02 07:14:02.284,35.55995178,-96.74679565,4.137138367
nc74010546,"11 km E of Mammoth Lakes, CA",0.51,2024-03-02 07:09:47.780,37.626,-118.8566667,5.65
nn00874158,"31 km NNW of Gabbs, Nevada",1.0,2024-03-02 07:09:18.731,39.1403,-118.0256,6.9
ok2024ehzu,"7 km SSE of Manchester, Oklahoma",1.96,2024-03-02 07:07:40.232,36.93280029,-98.01302338,2.749636173
us7000m3wt,"49 km NNW of Puerto Villamil, Ecuador",4.4,2024-03-02 07:07:08.913,-0.5305,-91.0978,10.0
ak0242unhne3,"50 km SSE of Denali National Park, Alaska",2.0,2024-03-02 07:00:45.873,63.0942,-151.5037,9.0
ak0242un5elz,"24 km S of Susitna, Alaska",2.0,2024-03-02 06:43:33.355,61.3244,-150.5447,35.9
nc74010536,"14 km N of Hollister, CA",0.96,2024-03-02 06:40:57.930,36.9751667,-121.4115,8.34
ak0242un3qs8,"23 km ENE of Beluga, Alaska",1.9,2024-03-02 06:35:58.000,61.2551,-150.7142,42.4
ci40680008,"17 km ESE of Little Lake, CA",1.15,2024-03-02 06:30:22.190,35.8941667,-117.7291667,4.23
ak0242un1ywm,"7 km NW of Four Mile Road, Alaska",1.3,2024-03-02 06:27:30.145,64.6426,-149.2343,9.5
tx2024ehyl,"16 km NE of Hermleigh, Texas",2.1,2024-03-02 06:27:13.924,32.753,-100.649,7.6904
ak0242umzchn,"37 km NW of Lake Louise, Alaska",1.9,2024-03-02 06:15:06.514,62.5201,-147.07,2.9
ci40680000,"5 km NE of Banning, CA",0.78,2024-03-02 06:01:42.020,33.9593333,-116.844,8.8
nn00874157,"48 km ENE of Fort Bidwell, California",2.6,2024-03-02 06:00:51.533,41.9523,-119.578,0.3
us7000m3wq,western Indian-Antarctic Ridge,4.3,2024-03-02 05:55:04.253,-49.7271,125.7341,10.0
us6000mg9l,"144 km NW of Neiafu, Tonga",4.9,2024-03-02 05:54:23.369,-17.9094,-175.1093,250.95
ci40679992,"14 km ENE of Borrego Springs, CA",1.12,2024-03-02 05:46:20.630,33.309,-116.2415,6.56
ak0242umja8h,"7 km SW of Salcha, Alaska",1.4,2024-03-02 05:40:12.336,64.4694,-147.0063,6.3
us6000mg9j,off the coast of Central America,4.0,2024-03-02 05:39:21.022,4.4338,-83.0287,10.0
nc74010531,"8 km NW of The Geysers, CA",0.87,2024-03-02 05:25:39.890,38.8316667,-122.8201667,2.01
av91135103,"84 km NW of Karluk, Alaska",0.61,2024-03-02 05:21:58.890,58.1646666666667,-155.325,1.77
tx2024ehwb,"56 km NW of Toyah, Texas",1.8,2024-03-02 05:14:56.350,31.67,-104.214,7.074
av92220986,"46 km WSW of Adak, Alaska",1.12,2024-03-02 05:14:23.390,51.7201666666667,-177.259333333333,10.13
av92220981,"47 km WSW of Adak, Alaska",0.78,2024-03-02 05:12:00.210,51.7335,-177.281666666667,9.77
us6000mg9k,"66 km E of Aras-asan, Philippines",4.6,2024-03-02 05:09:48.606,8.8568,126.9154,10.0
av92220976,"49 km WSW of Adak, Alaska",1.51,2024-03-02 05:07:32.520,51.725,-177.304666666667,9.96
nn00874156,"6 km NW of Virginia City, Nevada",1.2,2024-03-02 04:56:40.564,39.3549,-119.7038,0.0
tx2024ehvi,"58 km S of Whites City, New Mexico",1.5,2024-03-02 04:52:47.280,31.652,-104.456,6.7151
hv74126096,"7 km SW of Volcano, Hawaii",1.3,2024-03-02 04:51:34.640,19.387,-155.2805,1.47
hv74126091,"7 km SW of Volcano, Hawaii",1.86,2024-03-02 04:50:08.400,19.3856658935547,-155.276840209961,1.11000001430511
hv74126081,"3 km SW of Pāhala, Hawaii",2.24000001,2024-03-02 04:48:47.890,19.1805000305176,-155.497497558594,31.0100002288818
us7000m3wn,Fiji region,4.2,2024-03-02 04:35:08.283,-20.6202,-178.3031,545.648
nn00874155,"48 km ENE of Fort Bidwell, California",2.7,2024-03-02 04:31:41.437,41.9621,-119.5801,0.0
us6000mg97,"107 km SSE of San Agustín de Valle Fértil, Argentina",4.2,2024-03-02 04:28:53.879,-31.4518,-66.8559,131.637
ci40679984,"23 km E of Little Lake, CA",1.29,2024-03-02 04:28:27.120,35.9611667,-117.6553333,3.58
ci40679976,"5 km WSW of El Centro, CA",1.89,2024-03-02 04:21:20.050,32.7635,-115.6055,11.09
nc74010521,"7 km W of Cobb, CA",0.52,2024-03-02 04:20:38.400,38.8338333,-122.8063333,2.9
nc74010526,"7 km W of Cobb, CA",0.42,2024-03-02 04:20:33.450,38.8336667,-122.8065,2.88
nc74010516,"7 km W of Cobb, CA",1.46,2024-03-02 04:18:11.630,38.833,-122.8066667,2.4
av91135098,"47 km WSW of Adak, Alaska",0.95,2024-03-02 04:15:09.120,51.7283333333333,-177.288666666667,9.92
av92220941,"46 km WSW of Adak, Alaska",1.23,2024-03-02 04:14:51.820,51.7326666666667,-177.273333333333,9.88
ak0242uls4vc,"34 km SSW of Lake Minchumina, Alaska",1.7,2024-03-02 04:13:45.683,63.5984,-152.5994,5.4
ak0242ulpb8l,"11 km E of Fox, Alaska",1.3,2024-03-02 04:00:28.531,64.9703,-147.382,5.9
ok2024ehtn,"6 km S of Manchester, Oklahoma",2.19,2024-03-02 03:57:11.503,36.93568802,-98.04143524,2.301043987
ak0242ulfvpc,"14 km SE of Clam Gulch, Alaska",1.9,2024-03-02 03:56:28.169,60.1327,-151.2219,55.8
nc74010511,"10 km NW of The Geysers, CA",0.87,2024-03-02 03:40:31.820,38.8365,-122.8355,1.91
ak0242ulc926,"79 km ENE of Port Alsworth, Alaska",2.6,2024-03-02 03:39:35.557,60.4018,-152.9302,119.6
ci40679968,"23 km E of Little Lake, CA",1.39,2024-03-02 03:39:27.410,35.961,-117.6556667,3.71
av92220896,"51 km WSW of Adak, Alaska",0.78,2024-03-02 03:13:40.450,51.7448333333333,-177.349833333333,8.64
av92220891,"46 km WSW of Adak, Alaska",1.2,2024-03-02 03:08:33.780,51.7183333333333,-177.2635,10.11
pr71441698,"7 km SSE of Maria Antonia, Puerto Rico",2.57,2024-03-02 03:06:40.610,17.918,-66.8546666666667,12.93
uu80056956,"14 km NE of Milford, Utah",-0.05,2024-03-02 02:59:54.520,38.4903333333333,-112.899666666667,2.72
nc74010506,"3 km NW of The Geysers, CA",0.41,2024-03-02 02:59:20.790,38.798,-122.776,1.47
nc74010501,"7 km WNW of The Geysers, CA",1.89,2024-03-02 02:54:27.670,38.8068333,-122.8235,1.99
ci40679952,"14 km WSW of Searles Valley, CA",1.32,2024-03-02 02:43:47.150,35.7323333,-117.5491667,5.81
ak0242ukpx6e,"84 km NNW of Karluk, Alaska",0.6,2024-03-02 02:35:16.706,58.2631,-155.0184,1.1
av91135093,"47 km WSW of Adak, Alaska",0.93,2024-03-02 02:35:15.820,51.6908333333333,-177.258333333333,9.64
av92220886,"47 km WSW of Adak, Alaska",1.44,2024-03-02 02:35:08.490,51.7263333333333,-177.281,10.1
ci40679944,"3 km ENE of Beaumont, CA",0.99,2024-03-02 02:33:06.990,33.9381667,-116.9441667,14.06
pr71441688,"1 km NNE of Indios, Puerto Rico",2.81,2024-03-02 02:32:05.750,18.0046666666667,-66.8163333333333,16.92
uw61986906,"38 km S of Morton, Washington",-0.04,2024-03-02 02:27:55.850,46.2205,-122.18033333333334,6.21
av92220866,"46 km WSW of Adak, Alaska",0.9,2024-03-02 02:23:55.760,51.719,-177.257333333333,10.24
av92220856,"46 km WSW of Adak, Alaska",1.15,2024-03-02 02:15:22.580,51.7171666666667,-177.257333333333,10.52
av92220851,"47 km WSW of Adak, Alaska",1.48,2024-03-02 02:10:09.340,51.7348333333333,-177.288166666667,9.71
ak0242ukjy8z,"4 km SSW of Salcha, Alaska",1.4,2024-03-02 02:07:31.238,64.4887,-146.9225,0.2
ci40679936,"10 km NNW of Big Bear City, CA",1.38,2024-03-02 02:06:10.390,34.3406667,-116.8895,1.8
av92220846,"83 km NNW of Karluk, Alaska",-0.37,2024-03-02 02:04:55.670,58.2321666666667,-155.121666666667,2.26
us7000m3wu,Fiji region,4.3,2024-03-02 02:01:52.456,-20.474,-178.4769,547.539
nc74010496,"10 km SE of Pinnacles, CA",1.42,2024-03-02 01:57:04.960,36.4638333,-121.0608333,2.64
ci40679920,"10 km NNW of Big Bear City, CA",1.33,2024-03-02 01:43:24.430,34.3408333,-116.8888333,1.82
av92220836,"46 km WSW of Adak, Alaska",0.77,2024-03-02 01:37:13.420,51.7155,-177.261,10.19
av92220831,"46 km WSW of Adak, Alaska",0.68,2024-03-02 01:31:38.640,51.7143333333333,-177.259,10.04
hv74125931,"3 km S of Pāhala, Hawaii",2.20000005,2024-03-02 01:19:13.160,19.1725006103516,-155.484664916992,33.7000007629395
nc74010481,"8 km WNW of The Geysers, CA",0.55,2024-03-02 00:52:15.170,38.8141667,-122.8306667,2.36
us6000mg8l,"Kepulauan Babar, Indonesia",4.5,2024-03-02 00:49:22.029,-7.0063,129.491,153.324
us7000m3wr,"46 km SSE of Wada, Japan",4.4,2024-03-02 00:44:45.518,34.6441,140.2021,10.0
us6000mg8j,Fiji region,4.6,2024-03-02 00:39:37.879,-20.5228,-178.2695,541.528
us7000m3xg,"205 km WNW of Pangai, Tonga",4.3,2024-03-02 00:39:28.212,-19.0889,-176.1605,351.025
ak0242ujhzzk,"16 km E of Ferry, Alaska",2.1,2024-03-02 00:30:24.488,64.024,-148.7861,0.0
us6000mg8a,Fiji region,5.8,2024-03-02 00:26:40.699,-20.5605,-178.3444,547.709
pr71441683,"2 km S of Guánica, Puerto Rico",2.22,2024-03-02 00:25:53.990,17.9508333333333,-66.9041666666667,13.86
av92220751,"46 km WSW of Adak, Alaska",1.2,2024-03-02 00:22:03.520,51.7018333333333,-177.251333333333,10.33
ci40679888,"18 km N of Pine Mountain Club, CA",1.52,2024-03-02 00:06:09.500,35.0086667,-119.1371667,11.14
hv74125851,"18 km NNE of Pāhala, Hawaii",1.34,2024-03-02 00:01:36.110,19.3708333333333,-155.4415,7.45
us7000m3q7,"22 km ENE of Isangel, Vanuatu",4.2,2024-03-01 23:55:23.114,-19.4322,169.4637,283.756
nc74010461,"2 km NW of The Geysers, CA",0.93,2024-03-01 23:51:10.520,38.7879982,-122.7721634,-0.1
mb90042348,"5 km ENE of Lake Mary Ronan, Montana",0.67,2024-03-01 23:48:16.290,47.9636666666667,-114.3225,0.88
us7000m3q4,"213 km ENE of Levuka, Fiji",4.1,2024-03-01 23:39:23.778,-17.3376,-178.8236,532.248
ak0242t9oygq,"9 km S of Eureka Roadhouse, Alaska",1.9,2024-03-01 23:36:47.302,61.8509,-147.1587,29.6
ak0242t9mds0,"31 km ESE of Pedro Bay, Alaska",2.0,2024-03-01 23:24:46.081,59.6882,-153.591,5.1
av91135068,"52 km WSW of Adak, Alaska",0.25,2024-03-01 23:24:33.280,51.7743333333333,-177.380333333333,4.3
mb90042343,"11 km SE of Elliston, Montana",1.83,2024-03-01 23:21:39.680,46.4863333333333,-112.321666666667,3.13
av91135063,"49 km WSW of Adak, Alaska",0.36,2024-03-01 23:18:35.920,51.7861666666667,-177.345166666667,-1.77
us6000mg8t,"218 km NW of Tobelo, Indonesia",4.4,2024-03-01 23:18:02.040,3.317,126.8359,81.765
uw61986881,"11 km SSE of Toledo, Washington",1.3900000000000001,2024-03-01 23:16:38.960,46.345166666666664,-122.80183333333333,-0.47
ak0242t9iqdi,"71 km ESE of Denali National Park, Alaska",1.2,2024-03-01 23:07:43.056,63.2476,-150.4538,46.6
ak0242t9inl9,"15 km WSW of Manley Hot Springs, Alaska",1.3,2024-03-01 23:07:07.092,64.9374,-150.9183,16.0
uu80056756,"14 km NE of Milford, Utah",2.26,2024-03-01 23:03:08.060,38.4873333333333,-112.888666666667,1.42
ci40679872,"11 km NW of Anza, CA",0.57,2024-03-01 22:50:00.880,33.636,-116.739,15.54
ak0242t93xpv,"9 km NNE of Houston, Alaska",2.1,2024-03-01 22:38:39.874,61.7127,-149.7687,35.0
hv74125726,"15 km S of Fern Forest, Hawaii",1.87,2024-03-01 22:21:26.890,19.329833984375,-155.117828369141,2.88000011444092
ak0242t8ybld,"5 km SW of Salcha, Alaska",0.6,2024-03-01 22:12:25.727,64.4921,-146.9845,6.3
ci40679832,"2 km ESE of Home Gardens, CA",1.09,2024-03-01 22:06:30.370,33.8745,-117.5006667,-0.51
nn00874115,"2 km SW of Virginia City, Nevada",1.1,2024-03-01 22:02:19.606,39.2933,-119.6735,6.7
nc74010441,"18 km NW of Parkfield, CA",1.15,2024-03-01 21:59:04.010,36.0176667,-120.5713333,3.37
ak0242t8m5zn,"58 km ESE of Whittier, Alaska",2.0,2024-03-01 21:55:48.999,60.6217,-147.6628,18.6
ak0242t8lo40,"2 km S of Salcha, Alaska",1.6,2024-03-01 21:53:19.907,64.4972,-146.9056,3.3
nc74010431,"5 km NW of The Geysers, CA",0.75,2024-03-01 21:49:40.330,38.8126678,-122.7971649,1.69
uw61986841,"4 km WSW of Entiat, Washington",0.09,2024-03-01 21:42:42.430,47.656,-120.26683333333334,3.43
ci40679792,"15 km ESE of Anza, CA",0.88,2024-03-01 21:35:29.470,33.5218333,-116.521,13.14
us7000m3q2,"86 km ESE of Koseda, Japan",4.4,2024-03-01 21:24:48.612,29.9962,131.4267,10.0
hv74125671,"0 km W of Pāhala, Hawaii",1.77,2024-03-01 21:24:08.680,19.2035,-155.481833333333,34.97
nc74010426,"3 km SW of San Ramon, CA",1.5,2024-03-01 21:20:14.560,37.761,-122.0068333,8.35
nc74010421,"10 km NW of The Geysers, CA",0.85,2024-03-01 21:18:41.010,38.838665,-122.8431702,4.06
ci40679784,"13 km WNW of Anza, CA",0.4,2024-03-01 21:06:02.420,33.5933333,-116.8101667,8.14
av91135058,"79 km W of Adak, Alaska",-0.05,2024-03-01 21:03:34.910,51.8555,-177.7895,7.67
uw61986821,"2 km ENE of Darrington, Washington",0.8,2024-03-01 21:01:13.810,48.260666666666665,-121.57533333333333,-0.95
ci40679776,"2 km ESE of Home Gardens, CA",1.16,2024-03-01 21:00:30.040,33.8706667,-117.4961667,-0.5
av91135053,"79 km W of Adak, Alaska",0.33,2024-03-01 21:00:05.570,51.8553333333333,-177.7895,7.79
tx2024ehfh,"54 km NW of Toyah, Texas",1.9,2024-03-01 20:46:12.838,31.666,-104.193,6.4587
nc74010416,"40 km NNE of Toms Place, CA",1.5,2024-03-01 20:42:45.400,37.8811667,-118.4711667,5.8
ak0242t7xp2c,"5 km SW of Meadow Lakes, Alaska",1.7,2024-03-01 20:41:32.202,61.5946,-149.6905,30.3
nc74010411,"5 km W of Cobb, CA",1.12,2024-03-01 20:37:34.980,38.8245,-122.784,0.49
ak0242t7u3o3,"14 km N of Meadow Lakes, Alaska",2.6,2024-03-01 20:24:55.429,61.7501,-149.5705,28.2
pr71441673,"3 km SE of Indios, Puerto Rico",2.23,2024-03-01 20:22:08.600,17.9755,-66.7986666666667,15.23
nc74010401,"2 km NNW of Point Arena, CA",1.6,2024-03-01 20:14:18.720,38.9283333,-123.7056667,3.65
ak0242t7qg2h,"42 km N of Petersville, Alaska",1.9,2024-03-01 20:07:49.694,62.8808,-150.7527,91.5
av92220626,"260 km W of Adak, Alaska",0.87,2024-03-01 20:03:22.540,51.8956666666667,179.579333333333,10.08
nc74010391,"11 km WNW of Burney, CA",2.36,2024-03-01 19:52:55.690,40.9028333,-121.7933333,15.94
hv74125636,"1 km NNW of Pāhala, Hawaii",2.05999994,2024-03-01 19:44:12.650,19.2178325653076,-155.481826782227,34.7400016784668
us6000mg6f,"Rat Islands, Aleutian Islands, Alaska",4.2,2024-03-01 19:43:03.633,51.8559,178.2753,125.472
ak0242t7bump,"20 km SSW of Anchor Point, Alaska",2.2,2024-03-01 19:39:35.499,59.6026,-151.9315,43.2
av91135033,"117 km W of Adak, Alaska",0.67,2024-03-01 19:38:27.280,51.9158333333333,-178.333,17.85
nc74010386,"40 km NNE of Toms Place, CA",1.73,2024-03-01 19:37:16.520,37.8811667,-118.4633333,9.1
ak0242t7b68m,"68 km ENE of Pedro Bay, Alaska",1.3,2024-03-01 19:36:23.904,60.0915,-153.0438,120.8
uu80056621,"15 km NE of Milford, Utah",0.15,2024-03-01 19:30:21.470,38.5036666666667,-112.896,2.4
uu80056611,"15 km NE of Milford, Utah",1.76,2024-03-01 19:28:25.860,38.4998333333333,-112.8955,2.08
ok2024ehch,"8 km ENE of Drumright, Oklahoma",1.48,2024-03-01 19:15:36.820,36.01966667,-96.52066667,0.0
tx2024ehch,"43 km NW of Toyah, Texas",1.6,2024-03-01 19:14:45.651,31.615,-104.094,6.3947
av92220591,"40 km W of Adak, Alaska",0.34,2024-03-01 19:12:02.140,51.933,-177.2075,7.12
uu80056586,"14 km NE of Milford, Utah",1.31,2024-03-01 19:11:01.030,38.488,-112.896166666667,2.38
av91135038,"85 km NW of Karluk, Alaska",0.89,2024-03-01 19:08:18.450,58.1678333333333,-155.367333333333,0.74
av92220586,"85 km NW of Karluk, Alaska",0.89,2024-03-01 19:08:18.440,58.1675,-155.367166666667,0.76
uu80056551,"15 km NE of Milford, Utah",0.43,2024-03-01 18:46:57.070,38.4921666666667,-112.887333333333,2.22
uu80056546,"15 km NE of Milford, Utah",0.1,2024-03-01 18:45:44.470,38.4948333333333,-112.889833333333,2.35
us6000mg68,"3 km SSE of Ōhara, Japan",4.6,2024-03-01 18:40:27.438,35.2219,140.4129,29.341
us6000mg5q,"74 km E of Teluk Dalam, Indonesia",4.9,2024-03-01 18:39:26.443,0.4888,98.47,52.109
us6000mg5t,"6 km NW of Shinmachi, Japan",4.5,2024-03-01 18:38:47.618,35.2254,140.3025,31.937
nc74010381,"11 km NW of The Geysers, CA",0.77,2024-03-01 18:37:32.120,38.8325005,-122.856163,2.13
nc74010376,"12 km ESE of Mammoth Lakes, CA",1.13,2024-03-01 18:30:58.090,37.6008333,-118.8503333,6.14
av91135028,"89 km W of Adak, Alaska",0.24,2024-03-01 18:13:40.030,51.8668333333333,-177.9335,4.71
av92220551,"89 km W of Adak, Alaska",0.52,2024-03-01 18:12:32.370,51.8645,-177.931,6.53
us6000mg5h,"5 km WSW of Colonia Dora, Argentina",4.4,2024-03-01 18:06:12.732,-28.6271,-63.0012,614.791
ci40679688,"5 km NW of San Jacinto, CA",1.9,2024-03-01 18:05:21.210,33.8165,-116.9905,13.63
nc74010361,"10 km WNW of The Geysers, CA",0.76,2024-03-01 18:03:46.780,38.8255005,-122.8544998,2.23
hv74125566,"2 km WSW of Pāhala, Hawaii",2.37,2024-03-01 18:01:47.000,19.1973323822021,-155.505004882812,31.9899997711182
nc74010356,"5 km WNW of The Geysers, CA",1.05,2024-03-01 18:00:48.620,38.7994995,-122.80867,2.08
nc74010346,"9 km E of Coalinga, CA",1.42,2024-03-01 17:51:25.900,36.1518333,-120.2606667,10.53
tx2024egzn,"43 km NW of Toyah, Texas",1.5,2024-03-01 17:51:22.332,31.613,-104.091,6.1896
uu80056481,"14 km NE of Milford, Utah",-0.45,2024-03-01 17:32:23.420,38.492,-112.893166666667,2.11
us6000mg58,Owen Fracture Zone region,5.9,2024-03-01 17:29:44.574,11.502,57.671,6.001
ok2024egyu,"8 km SE of Sparks, Oklahoma",1.71,2024-03-01 17:29:00.012,35.5427475,-96.76332092,4.194904327
nm60571551,"5 km NE of Etowah, Arkansas",1.64,2024-03-01 17:28:58.490,35.7691666666667,-90.189,5.7
ak0242t628dm,"61 km SSE of Kokhanok, Alaska",2.1,2024-03-01 17:26:50.150,58.9092,-154.4502,124.1
us6000mg56,"33 km W of Bandar Abbas, Iran",4.6,2024-03-01 17:25:38.191,27.1335,55.952,16.07
uu80056466,"14 km NE of Milford, Utah",-0.54,2024-03-01 17:22:46.170,38.4935,-112.891833333333,1.76
uu80056451,"15 km NE of Milford, Utah",1.76,2024-03-01 17:10:19.980,38.493,-112.887,1.8
uu80056446,"14 km NE of Milford, Utah",1.2,2024-03-01 17:09:59.270,38.497,-112.896666666667,2.32
uu80056441,"14 km NE of Milford, Utah",1.27,2024-03-01 17:09:28.820,38.4925,-112.898333333333,2.17
uu80056436,"14 km NE of Milford, Utah",1.01,2024-03-01 17:08:37.950,38.4943333333333,-112.895833333333,2.23
tx2024egyb,"56 km S of Whites City, New Mexico",2.0,2024-03-01 17:06:22.345,31.668,-104.375,6.0486
nc71132979,"2 km NW of The Geysers, CA",0.39,2024-03-01 17:02:12.730,38.7908333,-122.7745,1.21
nc74010341,"13 km NE of Brooktrails, CA",1.78,2024-03-01 17:01:56.720,39.5358333,-123.3005,5.13
uu80056416,"15 km NE of Milford, Utah",1.08,2024-03-01 16:58:11.090,38.4995,-112.891833333333,1.63
us6000mg4v,"2 km NNW of Ōhara, Japan",5.1,2024-03-01 16:49:03.100,35.2677,140.3845,20.796
ak0242t5kvg3,"15 km WNW of Willow, Alaska",2.1,2024-03-01 16:45:57.313,61.8117,-150.3042,35.8
tx2024egxj,"43 km NW of Toyah, Texas",2.1,2024-03-01 16:45:18.705,31.609,-104.095,6.5356
ci40679632,"13 km NE of Little Lake, CA",1.14,2024-03-01 16:44:03.900,36.0045,-117.7918333,1.28
nc74010336,"10 km WNW of The Geysers, CA",0.7,2024-03-01 16:40:18.290,38.8238335,-122.8516693,2.0
pr71441663,"3 km WSW of La Parguera, Puerto Rico",2.42,2024-03-01 16:31:18.070,17.9628333333333,-67.0765,7.43
uu80056356,"15 km NE of Milford, Utah",0.99,2024-03-01 16:19:28.220,38.4941666666667,-112.890666666667,2.32
av91135018,"19 km N of Atka, Alaska",0.32,2024-03-01 16:18:36.070,52.3691666666667,-174.195333333333,5.28
ak0242t5ekc6,"69 km ESE of Pope-Vannoy Landing, Alaska",2.2,2024-03-01 16:16:14.245,59.2229,-153.4641,110.8
ak0242t5dii4,"25 km ENE of Four Mile Road, Alaska",1.1,2024-03-01 16:11:23.640,64.7123,-148.6509,21.4
tx2024egwc,"6 km SSW of Westbrook, Texas",2.5,2024-03-01 16:07:52.639,32.308,-101.047,8.5205
ci37628788,"6 km S of Idyllwild, CA",0.83,2024-03-01 16:00:15.010,33.6863333,-116.7165,16.63
ci40679608,"6 km S of Idyllwild, CA",0.99,2024-03-01 16:00:12.160,33.6881667,-116.7135,16.15
uu80056306,"14 km NE of Milford, Utah",0.37,2024-03-01 15:55:50.540,38.4925,-112.896666666667,2.57
us6000mg2y,"11 km S of Atoka, New Mexico",2.7,2024-03-01 15:21:14.056,32.6638,-104.3771,6.256
nc74010316,"9 km WNW of Cobb, CA",0.82,2024-03-01 15:20:45.070,38.8406677,-122.8239975,1.74
ak0242t4sond,"69 km E of Denali Park, Alaska",1.8,2024-03-01 15:14:05.531,63.6589,-147.5167,84.1
nn00874093,"30 km SSE of Mina, Nevada",1.3,2024-03-01 15:09:24.776,38.148,-117.9397,9.3
nc74010301,"3 km S of Cobb, CA",0.82,2024-03-01 15:01:00.300,38.7963333,-122.726,1.94
ci40679560,"10 km NE of Desert Hot Springs, CA",1.39,2024-03-01 14:55:12.660,34.0143333,-116.4091667,3.04
nc74010296,"6 km W of Cobb, CA",0.87,2024-03-01 14:54:17.660,38.8318333,-122.7908333,1.88
nc74010291,"3 km WSW of Anderson Springs, CA",0.9,2024-03-01 14:47:02.040,38.7611667,-122.725,2.26
ak0242t4dxzl,"16 km NNE of Susitna, Alaska",1.9,2024-03-01 14:45:28.175,61.6736,-150.374,26.9
tx2024egsz,"43 km NW of Toyah, Texas",2.2,2024-03-01 14:33:02.008,31.613,-104.096,6.7151
nc74010286,"1 km NE of The Geysers, CA",0.4,2024-03-01 14:28:17.510,38.7843333,-122.7458333,0.86
nc74010281,"2 km N of Aromas, CA",1.58,2024-03-01 14:15:08.050,36.904,-121.6426667,6.1
av91135008,"39 km WSW of False Pass, Alaska",0.65,2024-03-01 14:10:50.260,54.757,-164.006333333333,2.95
pr2024061002,"2 km WNW of Fuig, Puerto Rico",3.32,2024-03-01 14:08:34.170,17.9985,-66.9361,12.0
ok2024egse,"8 km NW of Prague, Oklahoma",1.7,2024-03-01 14:08:32.969,35.547,-96.74716667,5.58
nc74010276,"2 km ESE of The Geysers, CA",1.07,2024-03-01 14:02:55.170,38.7676659,-122.7368317,1.57
mb90042303,"6 km NNW of Smiths Ferry, Idaho",2.55,2024-03-01 13:51:49.780,44.3603333333333,-116.114,5.58
ak0242t3tn7e,"34 km N of Petersville, Alaska",2.5,2024-03-01 13:50:57.299,62.8072,-150.7392,105.3
uu80056216,"1 km S of Hebgen Lake Estates, Montana",0.73,2024-03-01 13:41:31.560,44.7546666666667,-111.189833333333,7.68
ak0242t3rn6r,"51 km NE of Chase, Alaska",1.9,2024-03-01 13:41:23.872,62.7619,-149.3766,8.5
mb90042308,"6 km NNW of Smiths Ferry, Idaho",2.07,2024-03-01 13:40:57.180,44.3621666666667,-116.111833333333,4.96
nc74010271,"3 km NNE of Pinnacles, CA",2.34,2024-03-01 13:32:19.980,36.5543333,-121.1325,8.69
nn00874102,"20 km ESE of Hawthorne, Nevada",0.9,2024-03-01 13:30:50.939,38.4763,-118.3944,0.0
ci40679536,"4 km NE of Frazier Park, CA",1.5,2024-03-01 13:26:11.460,34.843,-118.915,11.99
mb90042333,"7 km N of Smiths Ferry, Idaho",2.36,2024-03-01 13:21:10.120,44.3711666666667,-116.104666666667,5.0
av91135003,"7 km W of Akutan, Alaska",-0.31,2024-03-01 13:19:36.660,54.141,-165.885166666667,2.09
us6000mg2a,"7 km N of Smiths Ferry, Idaho",3.5,2024-03-01 13:19:15.836,44.368,-116.0953,10.0
uu80056206,"14 km NE of Milford, Utah",-0.58,2024-03-01 13:18:24.130,38.4911666666667,-112.897166666667,2.42
pr2024061001,"4 km WSW of Fuig, Puerto Rico",3.21,2024-03-01 13:04:02.580,17.9775,-66.9533,12.0
tx2024egqa,"55 km S of Whites City, New Mexico",1.9,2024-03-01 13:02:47.083,31.673,-104.394,6.8176
tx2024egpz,"56 km S of Whites City, New Mexico",2.1,2024-03-01 13:01:51.916,31.663,-104.403,6.9202
uu80056191,"14 km NE of Milford, Utah",0.36,2024-03-01 12:59:03.980,38.4916666666667,-112.8985,2.17
us6000mg24,"41 km E of Yokohama, Japan",4.4,2024-03-01 12:44:55.117,41.1129,141.7408,83.205
uu80056176,"18 km NE of West Yellowstone, Montana",1.17,2024-03-01 12:43:12.370,44.789,-110.957,7.06
mb90042318,"8 km NNW of Smiths Ferry, Idaho",2.32,2024-03-01 12:42:46.840,44.3745,-116.118833333333,4.88
hv74125486,"4 km W of Pāhala, Hawaii",2.25,2024-03-01 12:39:46.060,19.1981658935547,-155.519500732422,35.2000007629395
ci40679504,"11 km ENE of Trabuco Canyon, CA",0.95,2024-03-01 12:35:22.990,33.6886667,-117.4706667,5.57
ci40679496,"11 km ENE of Borrego Springs, CA",0.94,2024-03-01 12:21:49.870,33.307,-116.2726667,9.27
nc74010266,"8 km NW of The Geysers, CA",0.76,2024-03-01 12:14:34.240,38.8193321,-122.8243332,2.34
pr71441608,"7 km SW of Central Aguirre, Puerto Rico",1.9,2024-03-01 12:13:09.820,17.9048333333333,-66.2756666666667,14.21
ok2024egob,"8 km NW of Prague, Oklahoma",2.81,2024-03-01 12:04:00.240,35.54433333,-96.74383333,7.23
nc74010261,"6 km NW of The Geysers, CA",1.08,2024-03-01 12:01:53.700,38.8123322,-122.8048325,2.62
pr71441598,"5 km NW of Mayagüez, Puerto Rico",2.54,2024-03-01 12:01:18.510,18.238,-67.1713333333333,20.92
uu80056166,"14 km NE of Milford, Utah",0.52,2024-03-01 11:58:51.370,38.4905,-112.896833333333,2.56
ci40679488,"13 km ENE of Borrego Springs, CA",0.67,2024-03-01 11:50:41.560,33.3098333,-116.2458333,6.83
uu80056151,"12 km NW of Orangeville, Utah",1.34,2024-03-01 11:41:19.640,39.3155,-111.149166666667,-2.52
ak0242t2klbs,"20 km NNW of Susitna, Alaska",1.6,2024-03-01 11:40:38.022,61.719,-150.6525,46.9
nc74010256,"7 km NW of The Geysers, CA",0.85,2024-03-01 11:39:51.910,38.8163333,-122.824,2.18
us6000mg1x,"117 km NNE of Finschhafen, Papua New Guinea",4.8,2024-03-01 11:37:57.517,-5.6005,148.3124,193.837
ak0242t2jqhd,"15 km SSE of Point Possession, Alaska",1.6,2024-03-01 11:36:38.110,60.8035,-150.5551,54.2
mb90042313,"33 km SE of Wisdom, Montana",1.44,2024-03-01 11:35:42.980,45.3828333333333,-113.185666666667,5.01
ak0242t2feo3,"3 km SSW of Salcha, Alaska",1.1,2024-03-01 11:16:18.588,64.4973,-146.9389,4.8
uu80056126,"14 km NE of Milford, Utah",1.09,2024-03-01 11:12:26.030,38.4888333333333,-112.895666666667,2.55
ak0242t2byi1,"73 km SSW of Harding-Birch Lakes, Alaska",1.3,2024-03-01 11:00:08.134,63.8088,-147.3897,80.1
nc74010251,"2 km NNE of Aromas, CA",1.42,2024-03-01 10:46:39.930,36.9041667,-121.6388333,6.08
tx2024eglk,"53 km NW of Toyah, Texas",1.6,2024-03-01 10:43:40.839,31.641,-104.203,6.2024
nc74010246,"1 km N of Aromas, CA",1.78,2024-03-01 10:40:21.220,36.9013333,-121.6418333,5.99
av91134993,"51 km NE of King Cove, Alaska",0.35,2024-03-01 10:31:02.590,55.4346666666667,-161.8505,27.26
uw61986736,"1 km NE of Six Mile, Canada",1.1400000000000001,2024-03-01 10:18:40.660,48.467333333333336,-123.445,23.85
pr71441588,"76 km E of Christiansted, U.S. Virgin Islands",3.31,2024-03-01 10:17:35.540,17.7161666666667,-63.9803333333333,30.72
ak0242t1tdqd,"37 km SSW of Manley Hot Springs, Alaska",1.0,2024-03-01 10:13:42.131,64.6882,-150.9021,9.4
nn00874099,"37 km E of Big Pine, California",0.3,2024-03-01 10:12:39.538,37.184,-117.8735,5.9
ak0242t1svok,"66 km SE of Pedro Bay, Alaska",2.1,2024-03-01 10:11:08.952,59.4221,-153.1778,79.7
nc74010241,"7 km NW of The Geysers, CA",0.76,2024-03-01 10:07:24.260,38.8120003,-122.8218307,2.13
av91134983,"5 km NE of Atka, Alaska",0.7,2024-03-01 10:01:54.190,52.2303333333333,-174.141666666667,7.32
tx2024egjy,"54 km S of Whites City, New Mexico",1.5,2024-03-01 09:58:51.581,31.691,-104.483,5.7922
uu80056086,"14 km NE of Milford, Utah",-0.36,2024-03-01 09:53:01.650,38.491,-112.897833333333,2.35
ak0242t1fvg8,"36 km SSW of Dry Creek, Alaska",1.6,2024-03-01 09:50:39.041,63.3492,-144.955,7.2
nc74010236,"7 km NW of The Geysers, CA",1.44,2024-03-01 09:49:04.660,38.813,-122.8215,2.75
ci40679480,"9 km N of Anza, CA",0.16,2024-03-01 09:42:10.580,33.6353333,-116.687,15.05
av91134978,"21 km W of Sitka, Alaska",0.07,2024-03-01 09:30:20.660,57.0731666666667,-135.686333333333,7.15
us6000mg1k,"43 km E of Aras-asan, Philippines",5.3,2024-03-01 09:29:02.013,8.8205,126.704,35.0
uu80056066,"14 km NE of Milford, Utah",1.2,2024-03-01 09:26:34.450,38.4896666666667,-112.9015,2.24
uu80056056,"14 km NE of Milford, Utah",0.38,2024-03-01 09:23:30.710,38.488,-112.899833333333,2.79
ok2024egir,"8 km NW of Prague, Oklahoma",1.9,2024-03-01 09:20:44.670,35.54183333,-96.74316667,6.53
ok2024egim,"8 km NW of Prague, Oklahoma",1.32,2024-03-01 09:14:42.539,35.538,-96.75666667,6.62
nc74010231,"7 km W of Cobb, CA",1.1,2024-03-01 09:10:17.560,38.8344994,-122.8033371,1.68
nc74010226,"5 km WNW of The Geysers, CA",0.59,2024-03-01 09:03:19.900,38.7976685,-122.8034973,5.29
nc74010221,"7 km W of Cobb, CA",1.16,2024-03-01 08:56:43.630,38.8343315,-122.8041687,1.79
nc74010216,"7 km NW of The Geysers, CA",0.8,2024-03-01 08:54:00.800,38.8173332,-122.8238297,2.2
tx2024eghl,"52 km NW of Toyah, Texas",1.5,2024-03-01 08:43:35.810,31.64,-104.196,6.0999
ci40679472,"2 km NNE of Colton, CA",0.85,2024-03-01 08:43:34.720,34.092,-117.3028333,10.91
ak0242t0s2y9,"7 km WSW of Trapper Creek, Alaska",1.7,2024-03-01 08:39:39.707,62.2856,-150.3566,5.5
ok2024eghb,"8 km NW of Prague, Oklahoma",1.09,2024-03-01 08:31:47.219,35.53066667,-96.76116667,6.04
ak0242t0por0,"187 km W of Adak, Alaska",2.3,2024-03-01 08:28:21.851,51.6951,-179.3318,6.7
nc74010206,"6 km NW of The Geysers, CA",1.07,2024-03-01 08:26:25.220,38.8116667,-122.816,2.78
ci40679464,"3 km NNW of Palomar Observatory, CA",0.44,2024-03-01 08:21:28.880,33.3858333,-116.8715,6.27
nc74010201,"5 km WNW of The Geysers, CA",1.18,2024-03-01 08:21:19.370,38.794,-122.8091667,3.3
ci40679456,"10 km NNE of Yucaipa, CA",0.92,2024-03-01 08:20:27.020,34.1075,-116.9846667,4.48
hv74125421,"12 km ESE of Pāhala, Hawaii",2.2,2024-03-01 08:18:20.300,19.1465,-155.3705,28.77
nc74010196,"7 km W of Cobb, CA",0.94,2024-03-01 08:11:49.250,38.8330002,-122.8078308,3.08
us6000mg1b,"171 km NNW of Las Khorey, Somalia",4.8,2024-03-01 08:09:45.939,12.5345,47.4751,10.0
ci40679448,"13 km NNE of Julian, CA",1.01,2024-03-01 07:58:23.550,33.178,-116.5255,16.6
av91134973,"11 km W of Akutan, Alaska",-0.58,2024-03-01 07:57:24.550,54.1318333333333,-165.953666666667,2.92
nc74010191,"9 km NW of The Geysers, CA",1.03,2024-03-01 07:54:26.020,38.8240013,-122.8450012,2.16
ci40679440,"3 km NE of Heber, CA",1.74,2024-03-01 07:54:14.760,32.7551667,-115.5076667,10.52
mb90042323,"8 km NNW of Smiths Ferry, Idaho",1.86,2024-03-01 07:42:36.710,44.3713333333333,-116.132,4.48
ak0242t0710m,"22 km NNW of Beluga, Alaska",1.7,2024-03-01 07:41:17.246,61.3246,-151.2722,71.4
nc74010186,"8 km NW of The Geysers, CA",1.08,2024-03-01 07:40:39.930,38.829834,-122.8183365,1.76
ak0242t041jr,"Rat Islands, Aleutian Islands, Alaska",2.1,2024-03-01 07:27:24.075,51.4621,178.8156,31.2
ci40679432,"5 km SE of Loma Linda, CA",0.7,2024-03-01 07:27:03.880,34.017,-117.226,9.01
av91134968,"41 km NE of King Cove, Alaska",0.58,2024-03-01 07:18:02.560,55.369,-161.9455,30.19
ci40679424,"24 km NNW of Borrego Springs, CA",0.24,2024-03-01 07:13:28.680,33.4645,-116.4253333,9.67
us6000mg0x,"14 km SE of La Capilla, Peru",4.5,2024-03-01 07:12:27.062,-16.8578,-71.0904,130.41
ak0242t00tyv,"66 km WNW of Tanana, Alaska",1.3,2024-03-01 07:12:26.156,65.4089,-153.3824,4.9
av92220041,"72 km NE of Nikolski, Alaska",0.14,2024-03-01 07:10:13.290,53.393,-168.0905,3.73
us6000mg0v,"179 km ENE of Agats, Indonesia",5.2,2024-03-01 07:06:37.925,-4.7632,139.5522,20.605
hv74125396,"9 km ENE of Pāhala, Hawaii",2.08999991,2024-03-01 07:05:02.130,19.2448329925537,-155.398834228516,27.2199993133545
us6000mg0u,"157 km NNW of Gorontalo, Indonesia",4.4,2024-03-01 07:02:52.985,1.7511,122.3236,475.769
ak0242szph45,"76 km WSW of Cantwell, Alaska",1.5,2024-03-01 06:59:23.835,63.194,-150.4078,113.5
nc74010181,"6 km WNW of Cobb, CA",0.48,2024-03-01 06:56:36.690,38.8363333,-122.7951667,2.39
us7000m3pj,"222 km E of Levuka, Fiji",4.3,2024-03-01 06:48:52.727,-17.8159,-178.6027,554.958
nc74010176,"2 km NNW of The Geysers, CA",0.77,2024-03-01 06:47:46.620,38.793499,-122.7639999,2.93
us7000m3pk,"46 km ESE of Marihatag, Philippines",4.4,2024-03-01 06:47:40.869,8.7206,126.7062,62.33
ci40679416,"9 km N of Anza, CA",1.03,2024-03-01 06:47:14.880,33.6333333,-116.671,16.37
tx2024egdq,"19 km N of Snyder, Texas",2.6,2024-03-01 06:46:58.513,32.889,-100.903,5.1758
uu80055911,"14 km NE of Milford, Utah",1.31,2024-03-01 06:42:35.080,38.4898333333333,-112.892,2.05
nc74010171,"2 km NE of The Geysers, CA",0.82,2024-03-01 06:35:08.550,38.7905006,-122.7360001,0.74
tx2024egcx,"18 km N of Snyder, Texas",2.1,2024-03-01 06:26:06.059,32.888,-100.906,4.8584
ak0242szgaaj,"36 km NW of Tatitlek, Alaska",1.7,2024-03-01 06:16:28.422,61.1108,-147.1217,0.0
ci37628924,"15 km ESE of Anza, CA",0.43,2024-03-01 06:09:55.670,33.521,-116.5145,12.6
ci40679408,"15 km ESE of Anza, CA",0.41,2024-03-01 06:09:54.650,33.5271667,-116.5158333,12.69
hv74125376,"3 km SW of Pāhala, Hawaii",2.08999991,2024-03-01 06:08:38.290,19.1800003051758,-155.495834350586,33.1699981689453
us7000m3pi,southern East Pacific Rise,4.6,2024-03-01 06:07:20.646,-54.3103,-119.4127,10.0
uu80055861,"14 km NE of Milford, Utah",0.94,2024-03-01 06:06:33.630,38.4926666666667,-112.8965,2.15
tx2024egcg,"55 km S of Whites City, New Mexico",1.6,2024-03-01 06:04:22.546,31.676,-104.4,6.8689
av92219991,"21 km W of Sitka, Alaska",0.7,2024-03-01 06:00:24.820,57.0733333333333,-135.688666666667,7.28
ak0242sz3u9x,"26 km WSW of Holy Cross, Alaska",2.8,2024-03-01 05:58:33.816,62.109,-160.2458,11.1
nc74010156,"3 km SW of Discovery Bay, CA",2.88,2024-03-01 05:58:18.410,37.8911667,-121.6198333,2.2
av91134948,"10 km W of Akutan, Alaska",-0.86,2024-03-01 05:55:00.270,54.139,-165.941,1.4
av91134933,"10 km W of Akutan, Alaska",-1.01,2024-03-01 05:54:19.680,54.1373333333333,-165.939,1.32
av91134928,"11 km W of Akutan, Alaska",-1.03,2024-03-01 05:52:38.930,54.1381666666667,-165.943333333333,1.69
us6000mg0c,"21 km W of San Nicola Arcella, Italy",4.6,2024-03-01 05:52:38.788,39.8285,15.5315,268.439
tx2024egbp,"54 km NW of Toyah, Texas",1.9,2024-03-01 05:46:10.814,31.667,-104.192,6.7664
nc74010151,"23 km NW of San Simeon, CA",1.87,2024-03-01 05:42:59.190,35.8115,-121.331,5.12
tx2024egbm,"54 km NW of Toyah, Texas",1.6,2024-03-01 05:42:07.493,31.671,-104.19,7.9346
nc74010146,"8 km WNW of Cobb, CA",1.08,2024-03-01 05:37:45.360,38.8361664,-122.8073349,1.6
us6000mfzx,"50 km WNW of Ovalle, Chile",4.4,2024-03-01 05:37:36.603,-30.3815,-71.6559,38.051
nn00874091,"39 km ENE of Independence, California",1.4,2024-03-01 05:35:57.491,36.9034,-117.7808,0.0
ak0242syyiyz,"11 km W of Denali Park, Alaska",1.4,2024-03-01 05:33:48.658,63.7387,-149.143,99.3
uu80055831,"14 km NE of Milford, Utah",0.5,2024-03-01 05:32:58.580,38.4926666666667,-112.894666666667,2.74
nc74010141,"7 km W of Cobb, CA",0.65,2024-03-01 05:30:51.190,38.8320007,-122.8030014,1.71
ak0242syx6xn,"63 km S of Sand Point, Alaska",2.8,2024-03-01 05:27:33.864,54.77,-160.6747,18.6
ci40679392,"8 km E of Imperial, CA",1.63,2024-03-01 05:17:04.400,32.859,-115.4841667,9.87
tx2024egaq,"54 km NW of Toyah, Texas",3.3,2024-03-01 05:15:22.306,31.668,-104.188,6.0999
us7000m3pg,"95 km WNW of Uken, Japan",4.0,2024-03-01 05:12:25.974,28.6846,128.3581,10.0
nc74010136,"8 km WNW of Cobb, CA",0.46,2024-03-01 05:07:37.490,38.8436667,-122.8155,2.38
av91134923,"40 km W of Adak, Alaska",0.79,2024-03-01 05:03:31.520,51.942,-177.2145,7.24
nn00874097,"54 km SSW of Rachel, Nevada",0.7,2024-03-01 04:56:25.118,37.2255,-116.0555,5.4
ak0242syhha9,"61 km NNE of Kobuk, Alaska",1.4,2024-03-01 04:54:00.972,67.392,-156.2168,3.5
uu80055771,"15 km NE of Milford, Utah",0.34,2024-03-01 04:44:35.350,38.4925,-112.889,2.76
ci40679384,"15 km WNW of Johannesburg, CA",1.59,2024-03-01 04:21:35.470,35.4151667,-117.7916667,8.39
uu80055746,"13 km NE of Milford, Utah",-0.9,2024-03-01 04:18:44.130,38.4891666666667,-112.9035,2.43
ak0242sy9u6f,"219 km WSW of Adak, Alaska",2.2,2024-03-01 04:18:35.595,51.1515,-179.5784,15.6
mb90042328,"8 km NNW of Smiths Ferry, Idaho",2.26,2024-03-01 04:14:05.450,44.3773333333333,-116.128166666667,5.92
us6000mg93,"1 km NNW of Notre-Dame-de-Grâce, Canada",1.8,2024-03-01 04:12:06.909,45.4858,-73.6188,8.698
nc74010131,"6 km NNW of The Geysers, CA",0.56,2024-03-01 04:07:51.080,38.8241667,-122.7941667,2.21
pr71441568,"6 km SSE of Salinas, Puerto Rico",2.42,2024-03-01 04:04:42.500,17.9221666666667,-66.2846666666667,13.74
uw61986701,"19 km WSW of Barview, Oregon",2.08,2024-03-01 04:04:26.730,43.29216666666667,-124.54316666666666,24.86
nc74010126,"7 km NW of The Geysers, CA",0.5,2024-03-01 04:03:31.300,38.8265,-122.801,2.29
ci40679376,"17 km S of Valle Vista, CA",0.19,2024-03-01 03:52:52.370,33.5976667,-116.8708333,3.8
us6000mfza,"76 km SW of Uyuni, Bolivia",4.1,2024-03-01 03:52:43.436,-20.9284,-67.3673,184.866
ak0242sxva00,"50 km ENE of Venetie, Alaska",1.3,2024-03-01 03:50:41.312,67.2581,-145.4317,19.6
ak0242sxudvv,"280 km SSE of Akhiok, Alaska",3.5,2024-03-01 03:46:26.037,54.5172,-152.9972,12.0
uu80055716,"14 km NE of Milford, Utah",-0.35,2024-03-01 03:38:47.350,38.4926666666667,-112.893666666667,2.56
ak0242sxsmtu,"33 km SSW of Lake Minchumina, Alaska",1.5,2024-03-01 03:38:08.904,63.5941,-152.5225,18.2
uu80055701,"14 km NE of Milford, Utah",0.5,2024-03-01 03:27:04.570,38.493,-112.8925,2.72
us6000mfz9,"35 km WNW of Ollagüe, Chile",4.2,2024-03-01 03:24:42.209,-21.0463,-68.5429,151.884
nc74010121,"18 km SSE of Mammoth Lakes, CA",1.57,2024-03-01 03:23:52.390,37.4978333,-118.8798333,2.73
ci40679368,"3 km ESE of Lytle Creek, CA",1.9,2024-03-01 03:13:13.730,34.2421667,-117.468,10.25
ak0242sxmfwe,"17 km SSE of Tok, Alaska",1.3,2024-03-01 03:09:19.665,63.1902,-142.8743,2.1
uu80055681,"14 km NE of Milford, Utah",-0.43,2024-03-01 03:08:03.570,38.4923333333333,-112.898833333333,3.17
uu80055676,"14 km NE of Milford, Utah",0.37,2024-03-01 03:06:35.840,38.4925,-112.8955,2.55
uu80055671,"14 km NE of Milford, Utah",-0.04,2024-03-01 03:05:27.690,38.4923333333333,-112.895833333333,2.66
uu80055661,"15 km NE of Milford, Utah",0.8,2024-03-01 03:02:31.880,38.4931666666667,-112.885333333333,2.2
nc74010116,"9 km WNW of Cobb, CA",0.41,2024-03-01 03:00:50.860,38.8484993,-122.8161697,1.49
uu80055641,"15 km NE of Milford, Utah",0.1,2024-03-01 02:54:21.330,38.494,-112.8905,2.52
nc74010111,"2 km NNW of The Geysers, CA",0.78,2024-03-01 02:46:51.670,38.7916679,-122.7686691,0.71
uu80055611,"15 km NE of Milford, Utah",0.4,2024-03-01 02:42:48.270,38.4911666666667,-112.887166666667,3.88
uu80055606,"14 km NE of Milford, Utah",0.72,2024-03-01 02:42:30.180,38.4926666666667,-112.897,1.98
pr2024061000,"41 km ENE of Samaná, Dominican Republic",4.03,2024-03-01 02:39:44.330,19.3658,-68.9788,74.0
uu80055601,"14 km NE of Milford, Utah",0.87,2024-03-01 02:39:30.830,38.4911666666667,-112.897166666667,2.47
nc74010106,"7 km NW of The Geysers, CA",0.69,2024-03-01 02:38:31.550,38.8156662,-122.8181686,3.02
nc74010101,"8 km SSW of Boonville, CA",1.25,2024-03-01 02:37:09.580,38.947,-123.4186667,0.52
nc74010096,"9 km SSW of Boonville, CA",1.94,2024-03-01 02:36:33.590,38.94,-123.4188333,6.3
nc74010091,"1 km SW of Anderson Springs, CA",1.18,2024-03-01 02:34:57.680,38.7671667,-122.7026667,1.94
nn00874090,"20 km NNE of Black Rock City, Nevada",2.3,2024-03-01 02:34:09.641,40.9416,-119.1282,10.8
hv74125286,"11 km E of Pāhala, Hawaii",1.93,2024-03-01 02:29:56.760,19.1978333333333,-155.369166666667,30.36
ak0242sx55mf,"107 km SSE of Sand Point, Alaska",2.4,2024-03-01 02:28:54.952,54.5267,-159.5962,25.0
av92219871,"66 km ENE of Pedro Bay, Alaska",-0.23,2024-03-01 02:11:15.200,60.0606666666667,-153.042166666667,1.35
uu80055561,"14 km NE of Milford, Utah",0.7,2024-03-01 02:07:29.510,38.4936666666667,-112.896,2.47
us6000mfyy,"25 km W of Padangsidempuan, Indonesia",4.4,2024-03-01 02:00:59.692,1.3924,99.0459,117.855
nc74010081,"8 km NW of The Geysers, CA",0.37,2024-03-01 02:00:34.200,38.8308334,-122.8144989,0.88
uw61986676,"17 km SSE of Carbonado, Washington",0.73,2024-03-01 01:57:24.790,46.94133333333333,-121.94516666666667,8.81
nc74010076,"8 km WNW of Cobb, CA",0.27,2024-03-01 01:52:34.540,38.8373337,-122.8121643,1.59
ak0242swny04,"35 km WNW of Clam Gulch, Alaska",1.9,2024-03-01 01:48:39.214,60.3802,-151.96,90.8
us7000m3pd,"Off the coast of Aisen, Chile",4.7,2024-03-01 01:42:24.608,-45.1078,-81.623,10.0
uu80055511,"14 km NE of Milford, Utah",0.93,2024-03-01 01:33:11.170,38.4918333333333,-112.897333333333,2.63
ak0242swk2mc,"39 km N of Chickaloon, Alaska",1.5,2024-03-01 01:30:19.116,62.1509,-148.3504,32.1
us7000m3pc,West Chile Rise,4.4,2024-03-01 01:27:00.090,-44.5519,-81.5831,10.0
ak0242swj7t7,"Rat Islands, Aleutian Islands, Alaska",2.4,2024-03-01 01:26:18.992,51.8281,178.5595,96.8
ci40679360,"2 km E of Westmorland, CA",0.97,2024-03-01 01:23:55.500,33.038,-115.5961667,10.86
ak0242swi09h,"57 km S of Adak, Alaska",1.9,2024-03-01 01:20:54.614,51.3625,-176.5297,21.1
uu80055486,"14 km NE of Milford, Utah",-0.69,2024-03-01 01:20:54.030,38.492,-112.8955,2.08
uu80055481,"14 km NE of Milford, Utah",0.22,2024-03-01 01:19:39.860,38.494,-112.901333333333,2.29
nc74010066,"7 km W of Cobb, CA",1.1,2024-03-01 01:16:20.590,38.8271675,-122.7988358,1.96
nc74010056,"7 km NW of The Geysers, CA",1.09,2024-03-01 01:15:23.530,38.8253326,-122.8088303,2.0
nc74010051,"7 km NW of The Geysers, CA",2.47,2024-03-01 01:14:29.560,38.8266667,-122.801,1.93
uu80055466,"14 km NE of Milford, Utah",0.52,2024-03-01 01:13:33.980,38.4928333333333,-112.8985,2.0
uu80055456,"14 km NE of Milford, Utah",0.77,2024-03-01 01:12:33.660,38.4928333333333,-112.8935,1.89
uu80055446,"14 km NE of Milford, Utah",-0.13,2024-03-01 01:08:11.690,38.4938333333333,-112.894333333333,2.27
uw61986666,"24 km ENE of Ashford, Washington",0.64,2024-03-01 01:06:37.380,46.8635,-121.75283333333333,2.58
pr71441548,"5 km S of Salinas, Puerto Rico",2.34,2024-03-01 01:06:09.770,17.9285,-66.2933333333333,12.71
nc74010041,"9 km NW of The Geysers, CA",0.63,2024-03-01 01:05:42.180,38.8353348,-122.8356705,1.34
ak0242sweblx,"50 km WNW of Skwentna, Alaska",3.1,2024-03-01 01:03:35.163,62.1511,-152.3031,7.4
ci40679344,"3 km S of Idyllwild, CA",0.59,2024-03-01 01:02:51.050,33.712,-116.7181667,19.65
uu80055436,"14 km NE of Milford, Utah",-0.01,2024-03-01 01:01:48.480,38.4941666666667,-112.898666666667,2.48
us7000m3pb,"60 km E of Aras-asan, Philippines",4.5,2024-03-01 00:55:48.332,8.8363,126.8581,35.0
ak0242sw41qz,"108 km E of McCarthy, Alaska",1.2,2024-03-01 00:55:42.033,61.3062,-140.9072,5.5
nc74010036,"7 km NW of The Geysers, CA",1.08,2024-03-01 00:47:29.630,38.8161659,-122.8235016,2.39
av91134888,"14 km WNW of Atka, Alaska",1.3,2024-03-01 00:46:25.130,52.2496666666667,-174.3915,6.24
us7000m3pa,Kermadec Islands region,4.5,2024-03-01 00:44:00.786,-31.0233,-177.2605,10.0
av91134883,"26 km W of Sitka, Alaska",0.34,2024-03-01 00:42:32.470,57.0191666666667,-135.767833333333,7.97
uu80055406,"15 km NE of Milford, Utah",-0.69,2024-03-01 00:41:28.160,38.4926666666667,-112.889166666667,2.34
ak0242sw0na0,"54 km NNE of Chase, Alaska",1.3,2024-03-01 00:39:54.806,62.8978,-149.6718,75.3
ci40679320,"4 km NE of Frazier Park, CA",1.36,2024-03-01 00:36:49.250,34.8445,-118.9106667,13.21
nc74010031,"7 km WNW of The Geysers, CA",0.54,2024-03-01 00:33:56.230,38.8098333,-122.8271667,1.93
nc74010026,"2 km NE of The Geysers, CA",0.71,2024-03-01 00:30:54.580,38.7908325,-122.7354965,1.0
ak0242svxzn8,"59 km NW of Tatitlek, Alaska",1.8,2024-03-01 00:27:10.219,61.1714,-147.5789,0.0
us6000mg0f,"93 km S of Nikolski, Alaska",2.6,2024-03-01 00:25:19.829,52.1069,-168.7025,29.275
uu80055376,"14 km NE of Milford, Utah",-1.01,2024-03-01 00:25:18.020,38.4901666666667,-112.887833333333,1.91
av92219821,"81 km W of Adak, Alaska",1.0,2024-03-01 00:22:01.830,51.814,-177.815,8.23
nc74010021,"10 km NW of The Geysers, CA",0.64,2024-03-01 00:17:42.580,38.8393326,-122.833168,1.77
uu80055361,"14 km NE of Milford, Utah",0.61,2024-03-01 00:16:02.900,38.4935,-112.903833333333,2.71
av91134873,"3 km E of King Cove, Alaska",0.3,2024-03-01 00:12:21.870,55.054,-162.257833333333,1.73
ci40679304,"4 km W of Lebec, CA",2.45,2024-03-01 00:11:47.620,34.8461667,-118.9088333,11.69
uu80055346,"14 km NE of Milford, Utah",0.41,2024-03-01 00:11:40.540,38.4931666666667,-112.898666666667,2.75
uu80055326,"14 km NE of Milford, Utah",0.56,2024-03-01 00:07:36.790,38.4941666666667,-112.899833333333,2.54
uu80055311,"14 km NE of Milford, Utah",-0.16,2024-03-01 00:02:05.840,38.4925,-112.893833333333,2.22
nc74010006,"10 km NW of The Geysers, CA",0.71,2024-02-29 23:52:26.680,38.8395004,-122.8320007,1.74
ak0242rm84to,"18 km NNW of Two Rivers, Alaska",1.5,2024-02-29 23:48:26.640,65.0167,-147.2362,0.0
uu80055271,"14 km NE of Milford, Utah",-0.75,2024-02-29 23:46:08.020,38.4893333333333,-112.8935,1.83
nc74010001,"8 km NW of The Geysers, CA",0.88,2024-02-29 23:45:17.340,38.8308334,-122.8156662,1.42
us6000mgxy,"Bonin Islands, Japan region",4.2,2024-02-29 23:44:41.783,26.8637,143.8467,10.0
us6000mfy6,"243 km S of Pasni, Pakistan",4.1,2024-02-29 23:44:17.319,23.0702,63.6235,10.0
uu80055246,"14 km NE of Milford, Utah",-0.58,2024-02-29 23:31:46.800,38.4918333333333,-112.891,2.09
us6000mgxx,south of the Fiji Islands,4.4,2024-02-29 23:30:58.798,-21.1715,176.9309,10.0
ci40679264,"8 km NNW of Anza, CA",1.14,2024-02-29 23:27:40.400,33.6266667,-116.699,12.4
hv74125191,"7 km S of Pāhala, Hawaii",1.88999999,2024-02-29 23:10:24.630,19.138334274292,-155.488006591797,33.689998626709
uu80055216,"14 km NE of Milford, Utah",0.95,2024-02-29 23:05:09.060,38.4933333333333,-112.892,2.33
nc74009986,"10 km WNW of Toms Place, CA",0.92,2024-02-29 23:03:50.770,37.5916667,-118.7805,5.52
uu80055191,"14 km NE of Milford, Utah",0.97,2024-02-29 22:53:40.470,38.4926666666667,-112.8975,2.66
ak0242rlnbdv,"106 km E of Cordova, Alaska",2.4,2024-02-29 22:51:12.306,60.4781,-143.8271,0.0
uu80055186,"15 km NE of Milford, Utah",-1.02,2024-02-29 22:49:24.250,38.4918333333333,-112.886333333333,2.13
ak0242rljyko,"59 km NNW of Petersville, Alaska",2.1,2024-02-29 22:35:46.323,62.9772,-151.2881,16.9
us6000mgxv,"259 km S of Kencong, Indonesia",4.0,2024-02-29 22:29:03.460,-10.6278,113.4193,10.0
ak0242rlhlbq,"66 km WNW of Tanana, Alaska",1.8,2024-02-29 22:24:40.154,65.4097,-153.3918,1.1
nn00874077,"8 km SSW of Gabbs, Nevada",2.1,2024-02-29 22:23:41.985,38.7944,-117.9477,9.5
pr71441538,"5 km S of Salinas, Puerto Rico",2.48,2024-02-29 22:23:11.460,17.927,-66.2933333333333,12.62
nn00874075,"34 km SE of Mina, Nevada",1.4,2024-02-29 22:18:59.924,38.1843,-117.8191,10.1
ak0242rlgb0e,"15 km NE of Cantwell, Alaska",3.0,2024-02-29 22:18:41.262,63.4781,-148.7151,10.1
uu80055171,"14 km NE of Milford, Utah",0.82,2024-02-29 22:17:57.970,38.4931666666667,-112.895666666667,2.37
ak0242rlerca,"61 km WSW of Denali National Park, Alaska",2.1,2024-02-29 22:11:19.783,63.2417,-152.7592,2.4
ak0242rleekf,"29 km NE of Akutan, Alaska",2.2,2024-02-29 22:09:48.014,54.3352,-165.4756,96.8
uu80055161,"14 km NE of Milford, Utah",0.03,2024-02-29 22:04:31.150,38.4915,-112.8985,2.21
ci40679168,"28 km NW of California City, CA",1.79,2024-02-29 21:57:08.670,35.325,-118.1706667,8.38
ci40679160,"8 km SE of Valle Vista, CA",0.33,2024-02-29 21:53:30.400,33.6948333,-116.8315,16.77
ci40679152,"5 km SSW of Banning, CA",1.29,2024-02-29 21:47:09.950,33.881,-116.8953333,13.35
tx2024eflf,"61 km SSW of Whites City, New Mexico",1.5,2024-02-29 21:29:33.804,31.636,-104.534,6.228
ci40679136,"17 km W of Searles Valley, CA",1.54,2024-02-29 21:29:30.960,35.7708333,-117.5913333,9.19
hv74125101,"2 km W of Pāhala, Hawaii",1.94,2024-02-29 21:24:52.430,19.1998333333333,-155.5,35.4
nc74009966,"8 km NW of The Geysers, CA",1.1,2024-02-29 21:06:24.280,38.8279991,-122.814003,1.21
ci40679104,"10 km N of Westmorland, CA",1.2,2024-02-29 21:05:38.310,33.123,-115.6268333,8.94
nc74009961,"17 km N of Truckee, CA",2.43,2024-02-29 21:03:45.000,39.4801667,-120.1985,8.01
hv74125076,"2 km WSW of Pāhala, Hawaii",2.62,2024-02-29 21:02:55.380,19.1928333333333,-155.497666666667,36.1
hv74125071,"10 km ENE of Pāhala, Hawaii",1.71,2024-02-29 21:02:13.170,19.2545,-155.3915,30.52
ak0242rkexou,"23 km WNW of Cantwell, Alaska",2.0,2024-02-29 20:44:05.909,63.4382,-149.4145,91.2
us6000mfxd,"22 km E of Ichinomiya, Japan",5.1,2024-02-29 20:43:16.110,35.371,140.632,23.083
av91134728,"23 km W of Dutch Harbor, Alaska",-0.42,2024-02-29 20:36:39.870,53.8821666666667,-166.904333333333,3.28
us6000mfyf,"154 km WSW of Adak, Alaska",2.7,2024-02-29 20:35:53.466,51.4305,-178.7449,18.497
ak0242rkaasx,"13 km SSW of Gateway, Alaska",2.0,2024-02-29 20:22:43.056,61.4631,-149.3241,31.5
ak0242rka98y,"9 km E of Manley Hot Springs, Alaska",1.7,2024-02-29 20:22:22.888,65.0162,-150.426,16.1
us6000mfx9,"236 km SSW of Gambiran Satu, Indonesia",4.9,2024-02-29 20:19:43.160,-10.4607,113.5799,10.0
ak0242rk8rwm,"62 km N of Chickaloon, Alaska",2.7,2024-02-29 20:15:31.493,62.3482,-148.6905,26.4
uu80055096,"14 km NE of Milford, Utah",0.68,2024-02-29 20:14:57.270,38.4938333333333,-112.897166666667,2.68
ak0242rk7b57,"61 km ENE of Pedro Bay, Alaska",1.8,2024-02-29 20:08:47.798,59.9262,-153.0445,96.9
nc74009951,"9 km NW of The Geysers, CA",0.77,2024-02-29 20:01:19.450,38.8238335,-122.8453369,1.84
ci40679008,"8 km SSW of Mojave, CA",1.52,2024-02-29 19:55:58.340,34.9866667,-118.1916667,-0.93
nc74009946,"7 km NW of The Geysers, CA",0.43,2024-02-29 19:50:29.290,38.8141667,-122.8236667,2.83
us6000mgxs,southeast of Easter Island,4.6,2024-02-29 19:49:30.720,-35.325,-104.1669,10.0
us6000mfx3,Sea of Okhotsk,4.2,2024-02-29 19:37:24.502,51.3769,151.2752,483.225
nc74009936,"7 km WNW of Cobb, CA",0.77,2024-02-29 19:35:11.590,38.8366667,-122.8063333,2.71
uu80055056,"14 km NE of Milford, Utah",0.95,2024-02-29 19:33:51.000,38.4928333333333,-112.899166666667,2.45
ci40678992,"6 km NNW of Lakeside, CA",1.51,2024-02-29 19:31:59.430,32.9106667,-116.9445,-0.18
uu80055046,"14 km NE of Milford, Utah",0.81,2024-02-29 19:29:11.810,38.4926666666667,-112.8935,2.47
us6000mfx0,"71 km SE of Lárdos, Greece",4.0,2024-02-29 19:27:50.258,35.6483,28.5929,42.284
ci40678984,"5 km S of Idyllwild, CA",0.7,2024-02-29 19:26:43.090,33.695,-116.7238333,17.26
uu80055031,"14 km NE of Milford, Utah",0.98,2024-02-29 19:20:31.590,38.4918333333333,-112.8945,2.63
nc74009931,"2 km ENE of Oakland, CA",1.07,2024-02-29 19:19:27.840,37.8018333,-122.204,11.03
tx2024efgx,"23 km SSW of Westbrook, Texas",2.5,2024-02-29 19:17:34.231,32.156,-101.105,5.4932
us6000mfwy,"233 km E of Levuka, Fiji",4.4,2024-02-29 19:17:24.354,-17.9593,-178.4772,593.358
ci40678976,"12 km SE of Tehachapi, CA",1.16,2024-02-29 19:13:43.360,35.0596667,-118.3583333,-1.12
us6000mgxq,"134 km SSW of Bambanglipuro, Indonesia",4.1,2024-02-29 19:12:54.130,-9.1468,110.0442,42.545
ak0242rjlfcc,"4 km SW of Salcha, Alaska",1.8,2024-02-29 19:06:37.886,64.4915,-146.9732,2.9
av92219596,"11 km WNW of Dutch Harbor, Alaska",-0.34,2024-02-29 18:49:31.820,53.9181666666667,-166.706,4.47
nc74009926,"7 km NW of The Geysers, CA",0.53,2024-02-29 18:44:55.200,38.8128333,-122.818,3.48
hv74124976,"11 km NE of Pāhala, Hawaii",1.83000004,2024-02-29 18:38:04.900,19.2665004730225,-155.397003173828,30.2999992370605
ci40678920,"17 km N of Aguanga, CA",0.59,2024-02-29 18:24:41.290,33.5943333,-116.872,4.56
nc74009921,"6 km NNW of The Geysers, CA",0.78,2024-02-29 18:20:31.210,38.8219986,-122.7900009,2.86
uu80054991,"14 km NE of Milford, Utah",1.03,2024-02-29 18:19:52.370,38.4911666666667,-112.896333333333,2.25
av92219586,"73 km W of Salamatof, Alaska",-0.01,2024-02-29 18:13:42.870,60.6163333333333,-152.655833333333,9.0
ak0242rizyaf,"62 km WSW of Ferry, Alaska",1.9,2024-02-29 18:06:19.119,63.8853,-150.3667,11.8
uu80054951,"14 km NE of Milford, Utah",1.29,2024-02-29 17:59:14.450,38.4928333333333,-112.897,2.51
uu80054946,"14 km NE of Milford, Utah",-0.02,2024-02-29 17:58:52.860,38.4936666666667,-112.895333333333,2.16
av92219566,"4 km E of King Cove, Alaska",0.94,2024-02-29 17:49:39.350,55.0536666666667,-162.249,2.25
uu80054936,"14 km NE of Milford, Utah",1.01,2024-02-29 17:42:54.120,38.494,-112.892333333333,2.52
uu80054931,"14 km NE of Milford, Utah",0.52,2024-02-29 17:42:31.450,38.4943333333333,-112.897333333333,2.36
nc74009916,"6 km W of Cobb, CA",0.96,2024-02-29 17:39:53.050,38.8318329,-122.796669,1.97
uw61986506,"28 km SW of Sisters, Oregon",1.56,2024-02-29 17:39:22.460,44.1,-121.7905,1.51
ak0242rijamn,"22 km NNE of Chickaloon, Alaska",2.6,2024-02-29 17:28:48.556,61.99,-148.3296,32.4
us6000mfw5,"57 km E of Aras-asan, Philippines",4.8,2024-02-29 17:25:02.762,8.8045,126.8252,35.0
av92219531,"55 km ENE of Adak, Alaska",1.4,2024-02-29 17:23:25.120,52.1301666666667,-175.943333333333,19.75
hv74124941,"10 km ENE of Pāhala, Hawaii",2.23000002,2024-02-29 17:19:24.350,19.2495002746582,-155.396835327148,29.2000007629395
us6000mfw3,"69 km E of Aras-asan, Philippines",4.6,2024-02-29 17:18:50.560,8.784,126.9381,35.0
hv74124911,"10 km ENE of Pāhala, Hawaii",1.83000004,2024-02-29 17:07:15.270,19.2531661987305,-155.395492553711,29.5200004577637
nc74009906,"7 km NW of The Geysers, CA",0.73,2024-02-29 17:03:50.260,38.8268318,-122.8118362,3.0
ok2024efcl,"8 km NW of Prague, Oklahoma",0.99,2024-02-29 17:03:02.500,35.5385,-96.7505,5.27
ak0242ridgvo,"52 km WNW of Happy Valley, Alaska",1.7,2024-02-29 17:01:47.561,60.1317,-152.5911,87.6
us6000mfzl,"11 km SSE of Wells, Canada",2.3,2024-02-29 16:55:18.868,45.2822,-65.8873,3.369
ci40678896,"12 km WSW of Salton City, CA",0.98,2024-02-29 16:47:29.150,33.244,-116.0625,6.69
uw61986491,"20 km NNE of Amboy, Washington",0.51,2024-02-29 16:46:18.090,46.088,-122.35666666666667,19.35
ak0242rhxzzy,"6 km SSW of Salcha, Alaska",1.9,2024-02-29 16:29:11.982,64.4754,-146.9607,6.2
uu80054811,"14 km NE of Milford, Utah",0.78,2024-02-29 16:25:27.900,38.4921666666667,-112.894333333333,2.63
nn00874087,"63 km NW of Rachel, Nevada",1.4,2024-02-29 16:21:22.111,38.0165,-116.2981,15.0
nc74009891,"10 km N of Dixon Lane-Meadow Creek, CA",1.31,2024-02-29 16:13:02.240,37.4725,-118.4295,7.93
nc74009886,"17 km ENE of Lee Vining, CA",1.56,2024-02-29 16:08:52.360,38.0256667,-118.9501667,6.54
us6000mfuz,"3 km E of Mitsukaidō, Japan",4.5,2024-02-29 16:01:55.060,36.0166,140.0192,78.029
hv74124876,"3 km WSW of Pāhala, Hawaii",2.12,2024-02-29 15:54:45.010,19.1888332366943,-155.507659912109,35.5
mb90042263,"14 km ESE of Lincoln, Montana",1.48,2024-02-29 15:46:49.350,46.8943333333333,-112.514333333333,13.4
uu80054751,"14 km NE of Milford, Utah",1.54,2024-02-29 15:44:46.350,38.4925,-112.899166666667,2.08
uu80054741,"14 km NE of Milford, Utah",0.08,2024-02-29 15:39:13.450,38.4926666666667,-112.891166666667,2.36
tx2024eezl,"41 km NW of Toyah, Texas",1.7,2024-02-29 15:32:36.303,31.565,-104.119,6.4587
nc74009881,"7 km WNW of The Geysers, CA",0.18,2024-02-29 15:28:52.120,38.8053333,-122.8278333,1.66
uw61986466,"1 km NNE of Six Mile, Canada",1.1400000000000001,2024-02-29 15:07:29.180,48.468333333333334,-123.45166666666667,24.52
av91134683,"40 km NE of Adak, Alaska",0.65,2024-02-29 14:55:15.440,52.11,-176.183,-1.8
uu80054681,"14 km NE of Milford, Utah",0.68,2024-02-29 14:51:28.520,38.493,-112.9,2.66
us6000mftw,"124 km S of Tual, Indonesia",4.6,2024-02-29 14:46:53.684,-6.7512,132.6508,25.875
uu80054671,"14 km NE of Milford, Utah",0.65,2024-02-29 14:39:10.530,38.4923333333333,-112.894,2.99
uu80054666,"14 km NE of Milford, Utah",0.6,2024-02-29 14:37:30.160,38.4951666666667,-112.896833333333,2.58
av91134678,"64 km NE of Nikolski, Alaska",0.33,2024-02-29 14:34:26.000,53.3638333333333,-168.197166666667,7.97
us6000mftp,"24 km NW of Stanley, Idaho",2.5,2024-02-29 14:21:18.984,44.3489,-115.1875,10.0
uu80054646,"14 km NE of Milford, Utah",0.67,2024-02-29 14:17:15.380,38.4923333333333,-112.897166666667,2.66
uu80054636,"14 km NE of Milford, Utah",1.16,2024-02-29 14:14:50.010,38.494,-112.897666666667,2.68
uu80054631,"14 km NE of Milford, Utah",1.92,2024-02-29 14:13:56.250,38.4881666666667,-112.8955,2.06
ci40678800,"14 km S of Joshua Tree, CA",1.13,2024-02-29 14:11:45.170,34.0128333,-116.3418333,3.15
hv74124831,"10 km NE of Pāhala, Hawaii",1.71,2024-02-29 14:11:43.500,19.257,-155.3995,31.34
uw61986416,"38 km NNE of Amboy, Washington",0.37,2024-02-29 14:10:00.530,46.203833333333336,-122.18883333333333,7.33
ci40678792,"11 km NW of Aguanga, CA",0.77,2024-02-29 14:04:44.650,33.5258333,-116.9343333,11.47
ci40678784,"18 km ESE of Anza, CA",0.71,2024-02-29 14:03:16.790,33.5095,-116.4838333,14.94
av91134638,"4 km ESE of King Cove, Alaska",-0.17,2024-02-29 14:00:32.710,55.0526666666667,-162.248333333333,0.1
uu80054611,"14 km NE of Milford, Utah",0.38,2024-02-29 13:56:04.290,38.495,-112.898833333333,2.27
uu80054601,"2 km NE of Magna, Utah",0.39,2024-02-29 13:51:13.210,40.726,-112.078,9.53
uu80054596,"14 km NE of Milford, Utah",0.78,2024-02-29 13:50:05.630,38.4931666666667,-112.895833333333,2.29
uu80054591,"14 km NE of Milford, Utah",0.63,2024-02-29 13:49:54.180,38.4925,-112.899166666667,2.49
us6000mgxb,"80 km ESE of Loreto, Mexico",4.5,2024-02-29 13:47:04.596,25.7768,-110.5861,10.0
ak0242rg8y3e,"16 km SSE of Denali National Park, Alaska",1.9,2024-02-29 13:44:27.142,63.4038,-151.5798,0.0
nc74009856,"8 km NW of The Geysers, CA",0.47,2024-02-29 13:44:24.120,38.8303333,-122.8168333,2.1
uu80054581,"14 km NE of Milford, Utah",0.79,2024-02-29 13:40:34.690,38.4921666666667,-112.899666666667,2.49
uu80054571,"14 km NE of Milford, Utah",0.63,2024-02-29 13:33:49.210,38.496,-112.894666666667,2.29
us6000mftq,southeast of the Loyalty Islands,4.5,2024-02-29 13:25:36.607,-22.6188,171.216,40.054
av91134628,"80 km NW of Ninilchik, Alaska",0.13,2024-02-29 13:23:53.270,60.5166666666667,-152.787166666667,4.01
uu80054546,"14 km NE of Milford, Utah",0.61,2024-02-29 13:22:51.300,38.4936666666667,-112.901166666667,2.76
ak0242rg2x5x,"53 km WNW of Clam Gulch, Alaska",2.7,2024-02-29 13:16:15.848,60.4269,-152.2832,77.3
av92219251,"37 km ENE of Adak, Alaska",0.76,2024-02-29 13:10:23.330,52.0511666666667,-176.171833333333,-1.8
uu80054511,"14 km NE of Milford, Utah",-0.23,2024-02-29 13:09:47.010,38.4951666666667,-112.898833333333,1.92
uu80054506,"14 km NE of Milford, Utah",0.45,2024-02-29 13:08:26.660,38.4938333333333,-112.902833333333,2.05
nc74009846,"12 km NW of Pinnacles, CA",2.42,2024-02-29 13:05:46.410,36.6,-121.2438333,4.24
uu80054496,"14 km NE of Milford, Utah",0.52,2024-02-29 13:05:19.500,38.493,-112.8935,2.1
av91134618,"25 km W of Dutch Harbor, Alaska",-0.43,2024-02-29 13:05:08.760,53.854,-166.924833333333,2.44
av91134608,"24 km WSW of Dutch Harbor, Alaska",-0.47,2024-02-29 13:04:40.490,53.8401666666667,-166.899166666667,5.1
av91134613,"25 km W of Dutch Harbor, Alaska",-0.77,2024-02-29 13:04:23.850,53.8516666666667,-166.922166666667,2.86
av92219246,"24 km WSW of Dutch Harbor, Alaska",0.26,2024-02-29 13:03:39.600,53.8405,-166.9055,5.31
uu80054481,"15 km NE of Milford, Utah",0.82,2024-02-29 13:00:43.740,38.4998333333333,-112.8955,2.66
av92219241,"24 km WSW of Dutch Harbor, Alaska",0.89,2024-02-29 12:57:51.830,53.8413333333333,-166.906833333333,4.3
av91134593,"24 km W of Dutch Harbor, Alaska",-0.49,2024-02-29 12:57:27.070,53.8491666666667,-166.912166666667,3.27
ci40678768,"12 km NNE of Ocotillo Wells, CA",1.34,2024-02-29 12:55:23.890,33.2446667,-116.0783333,3.44
av91134588,"24 km W of Dutch Harbor, Alaska",-0.49,2024-02-29 12:53:07.110,53.8493333333333,-166.908333333333,2.83
uu80054466,"14 km NE of Milford, Utah",0.67,2024-02-29 12:52:31.220,38.4938333333333,-112.896,2.25
uu80054461,"14 km NE of Milford, Utah",0.91,2024-02-29 12:51:49.550,38.4951666666667,-112.897333333333,2.22
ak0242rfnqpa,"36 km SSW of Trapper Creek, Alaska",2.2,2024-02-29 12:45:33.858,62.012,-150.4839,34.6
pr71441528,"7 km S of Salinas, Puerto Rico",2.05,2024-02-29 12:43:37.770,17.9153333333333,-66.2855,14.04
uu80054396,"14 km NE of Milford, Utah",0.51,2024-02-29 12:24:52.970,38.4951666666667,-112.894333333333,2.54
us6000mfta,"109 km WNW of Malango, Solomon Islands",5.0,2024-02-29 12:16:07.429,-9.2616,158.8249,10.0
nc74009841,"8 km WNW of Cobb, CA",1.09,2024-02-29 12:13:39.590,38.8358345,-122.8088303,2.12
nc74009836,"8 km WNW of Cobb, CA",0.71,2024-02-29 12:12:52.000,38.8359985,-122.8095016,2.2
uu80054366,"14 km NE of Milford, Utah",0.51,2024-02-29 12:02:40.890,38.493,-112.894833333333,1.85
ak0242rfegvp,"56 km W of Ferry, Alaska",1.6,2024-02-29 12:02:07.259,63.9689,-150.268,7.5
uu80054361,"14 km NE of Milford, Utah",0.59,2024-02-29 12:00:49.550,38.4938333333333,-112.898833333333,2.36
nc74009831,"2 km NNW of The Geysers, CA",0.62,2024-02-29 11:47:25.270,38.7939987,-122.7643356,-0.48
av91134573,"74 km W of Nikolski, Alaska",0.4,2024-02-29 11:36:18.900,52.8406666666667,-169.9565,-1.73
us6000mgx7,south of the Fiji Islands,4.4,2024-02-29 11:36:08.349,-23.3803,-179.7788,528.042
us6000mft6,"42 km NW of Ovalle, Chile",4.4,2024-02-29 11:31:37.350,-30.3494,-71.5328,41.668
nn00874084,"7 km ENE of Doyle, California",0.7,2024-02-29 11:26:41.385,40.0555,-120.022,12.0
nc74009826,"12 km W of Toms Place, CA",0.3,2024-02-29 11:23:19.960,37.5696667,-118.8123333,5.04
ci37628628,"7 km NNW of Delta, B.C., MX",1.93,2024-02-29 11:21:41.250,32.406,-115.23,5.78
us6000mgx6,"172 km ESE of Atka, Alaska",3.4,2024-02-29 11:21:28.015,51.5296,-171.9339,29.373
ci37628620,"6 km NW of Delta, B.C., MX",2.01,2024-02-29 11:21:09.790,32.3943333,-115.2388333,-0.02
ci40678752,"7 km NNW of Delta, B.C., MX",1.94,2024-02-29 11:20:59.070,32.4106667,-115.2293333,9.67
nn00874083,"7 km ENE of Doyle, California",0.4,2024-02-29 11:18:40.044,40.0577,-120.0242,8.2
nc74009821,"5 km W of Cobb, CA",0.82,2024-02-29 11:16:04.200,38.8204994,-122.7843323,1.46
uu80054276,"15 km NE of Milford, Utah",0.57,2024-02-29 11:11:49.220,38.4976666666667,-112.888,2.11
ak0242rev0f8,"30 km WNW of Petersville, Alaska",1.7,2024-02-29 11:11:29.426,62.6067,-151.298,88.5
ci40678744,"9 km S of Idyllwild, CA",0.5,2024-02-29 11:09:12.070,33.6601667,-116.7023333,15.96
nc74009811,"7 km NW of The Geysers, CA",0.44,2024-02-29 11:08:34.910,38.8166667,-122.819,2.35
uu80054246,"14 km NE of Milford, Utah",1.11,2024-02-29 10:53:35.450,38.493,-112.896333333333,2.78
us6000mft2,"272 km W of Indianola, California",4.5,2024-02-29 10:49:19.037,41.1041,-127.4145,10.0
uu80054236,"14 km NE of Milford, Utah",1.1,2024-02-29 10:49:02.590,38.4915,-112.894666666667,2.16
nn00874082,"22 km S of Mina, Nevada",1.1,2024-02-29 10:49:00.564,38.1875,-118.1574,12.9
uu80054231,"14 km NE of Milford, Utah",0.21,2024-02-29 10:48:15.200,38.4915,-112.896,2.14
ak0242refio8,"60 km NNW of Yakutat, Alaska",1.5,2024-02-29 10:39:00.883,60.069,-140.0225,9.7
ci40678736,"2 km SSW of Loma Linda, CA",1.09,2024-02-29 10:34:40.650,34.0328333,-117.2696667,17.85
nc74009801,"6 km W of Cobb, CA",0.87,2024-02-29 10:30:16.340,38.8328323,-122.7965012,2.11
us6000mft0,"252 km W of Crescent City, California",4.9,2024-02-29 10:28:55.329,41.3698,-127.1815,10.0
us6000mfsy,"268 km WSW of Crescent City, California",3.5,2024-02-29 10:25:59.620,41.242,-127.3451,10.0
nc74009791,"4 km WNW of The Geysers, CA",0.36,2024-02-29 10:12:37.480,38.793,-122.7985,3.5
ak0242re9mo8,"91 km SE of Kokhanok, Alaska",1.4,2024-02-29 10:11:53.369,58.765,-153.8508,17.0
ak0242re9ebp,"5 km ESE of Tyonek, Alaska",1.5,2024-02-29 10:10:45.172,61.0411,-151.0467,10.1
ak0242re9bxj,"53 km NNW of Yakutat, Alaska",1.7,2024-02-29 10:10:14.159,59.988,-140.1072,15.4
ak0242re8jl3,"22 km SE of Lowell Point, Alaska",1.8,2024-02-29 10:06:46.793,59.9323,-149.1421,9.8
nc74009786,"4 km WNW of The Geysers, CA",1.07,2024-02-29 10:06:40.730,38.7903328,-122.8000031,3.2
se60501698,"7 km SSE of Vonore, Tennessee",1.63,2024-02-29 10:06:29.560,35.5311666666667,-84.2041666666667,12.83
ci40678728,"14 km NE of Ridgecrest, CA",0.8,2024-02-29 10:05:56.210,35.694,-117.5546667,2.25
ci40678720,"3 km N of Palomar Observatory, CA",0.37,2024-02-29 10:02:51.630,33.3786667,-116.8685,5.77
ak0242rdxmjj,"39 km W of Salamatof, Alaska",1.8,2024-02-29 09:55:55.522,60.5876,-152.0432,84.2
us6000mfsv,"149 km WSW of Nikolski, Alaska",2.8,2024-02-29 09:54:55.564,52.5481,-170.9828,2.176
hv74124686,"10 km NE of Pāhala, Hawaii",2.74,2024-02-29 09:52:52.440,19.2598333333333,-155.396333333333,30.53
ak0242rdwbni,"47 km NW of Beluga, Alaska",1.5,2024-02-29 09:49:45.268,61.4017,-151.7768,78.3
nm60501693,"5 km E of Taylorville, Illinois",2.03,2024-02-29 09:45:47.430,39.5435,-89.2333333333333,5.38
se60571421,"9 km NNW of Graysville, Tennessee",2.58,2024-02-29 09:45:16.420,35.5221666666667,-85.1355,12.88
nn00874074,"98 km NNW of Rachel, Nevada",1.6,2024-02-29 09:43:03.626,38.4632,-116.1771,1.3
uu80054156,"14 km NE of Milford, Utah",1.26,2024-02-29 09:40:58.010,38.4885,-112.897333333333,2.53
us6000mfsp,"5 km NE of Ichinomiya, Japan",5.1,2024-02-29 09:35:40.772,35.4013,140.4262,19.788
ci40678712,"12 km NNE of Ocotillo Wells, CA",1.03,2024-02-29 09:34:38.810,33.2453333,-116.079,3.27
uu80054131,"14 km NE of Milford, Utah",0.36,2024-02-29 09:26:43.400,38.493,-112.896,2.56
us6000mfzj,"36 km WSW of Digby, Canada",2.1,2024-02-29 09:25:33.790,44.4701,-66.1649,9.468
us6000mgx2,"271 km WSW of Pistol River, Oregon",3.4,2024-02-29 09:25:29.710,41.3456,-127.422,10.0
us6000mfsl,"103 km SSW of Adak, Alaska",5.0,2024-02-29 09:22:20.920,51.0518,-177.3172,35.0
us6000mfsk,"266 km W of Crescent City, California",3.4,2024-02-29 09:14:13.257,41.3351,-127.3458,10.0
nc74009781,"2 km WNW of Shasta Lake, CA",1.71,2024-02-29 09:10:59.780,40.6901667,-122.3945,25.18
hv74124656,"10 km SSW of Volcano, Hawaii",1.71000004,2024-02-29 09:08:44.560,19.363000869751,-155.288330078125,0.639999985694885
ci40678704,"12 km NNE of Ocotillo Wells, CA",1.96,2024-02-29 09:03:16.810,33.2436667,-116.0855,2.65
nc74009776,"6 km WNW of Cobb, CA",1.09,2024-02-29 08:54:43.570,38.8364983,-122.7908325,2.25
nc74009771,"3 km NE of The Geysers, CA",0.82,2024-02-29 08:50:13.980,38.7976685,-122.7363358,0.16
nc74009766,"8 km NW of The Geysers, CA",0.36,2024-02-29 08:49:43.570,38.8323333,-122.8191667,1.92
mb90042238,"13 km E of Jackson, Wyoming",0.3,2024-02-29 08:45:30.800,43.4658333333333,-110.602333333333,8.68
ak0242rda004,"40 km SW of Adak, Alaska",3.1,2024-02-29 08:45:29.831,51.6394,-177.0739,69.6
ak0242rd93zp,"29 km WNW of Petersville, Alaska",1.6,2024-02-29 08:41:14.890,62.6065,-151.2976,88.9
ak0242rd8yuy,"76 km S of Deering, Alaska",1.4,2024-02-29 08:40:48.589,65.3895,-162.7665,9.2
nc74009761,"10 km NW of The Geysers, CA",0.58,2024-02-29 08:39:32.360,38.8305016,-122.8570023,2.63
uu80054001,"14 km NE of Milford, Utah",0.63,2024-02-29 08:37:31.940,38.486,-112.897,1.41
av91134558,"2 km WSW of Unalaska, Alaska",0.02,2024-02-29 08:33:10.960,53.8643333333333,-166.568833333333,2.84
us6000mfsi,"47 km ENE of Calama, Chile",4.3,2024-02-29 08:28:30.913,-22.3019,-68.4961,130.233
us6000mgx0,Scotia Sea,4.6,2024-02-29 08:24:54.249,-60.1914,-46.9512,10.0
uu80053971,"14 km NE of Milford, Utah",1.25,2024-02-29 08:23:35.830,38.4876666666667,-112.8955,1.88
nc74009751,"10 km NE of Round Valley, CA",2.33,2024-02-29 08:22:49.360,37.4756667,-118.5223333,10.34
nc74009756,"9 km NE of Round Valley, CA",2.28,2024-02-29 08:22:33.230,37.4691667,-118.5211667,11.52
us6000mfsf,"60 km N of Ende, Indonesia",4.4,2024-02-29 08:08:20.858,-8.3008,121.5619,177.068
nc74009746,"10 km WNW of The Geysers, CA",0.9,2024-02-29 08:06:21.430,38.8224983,-122.8533325,2.61
ok2024eekq,"8 km NW of Prague, Oklahoma",1.21,2024-02-29 08:03:54.950,35.5395,-96.75116667,6.18
us6000mgy7,"275 km W of Indianola, California",3.2,2024-02-29 08:02:59.757,41.1031,-127.4537,10.0
ak0242rd0b14,"4 km ESE of Badger, Alaska",1.0,2024-02-29 08:00:06.882,64.787,-147.4512,11.1
uu80053926,"15 km NE of Milford, Utah",1.36,2024-02-29 07:53:09.750,38.4965,-112.8935,2.12
uu80053916,"14 km NE of Milford, Utah",0.43,2024-02-29 07:52:23.800,38.4915,-112.896166666667,2.34
nc74009736,"4 km ESE of Round Valley, CA",1.66,2024-02-29 07:50:21.590,37.4036667,-118.5591667,1.42
ci40678688,"16 km ESE of Anza, CA",0.69,2024-02-29 07:48:09.120,33.5106667,-116.5076667,13.31
av92218906,"84 km NW of Karluk, Alaska",0.52,2024-02-29 07:47:25.430,58.189,-155.267166666667,2.74
us6000mgwz,"263 km W of Crescent City, California",3.6,2024-02-29 07:43:58.929,41.3346,-127.3136,10.0
us6000mfsb,"282 km WSW of Crescent City, California",3.9,2024-02-29 07:42:43.163,41.252,-127.5134,10.0
us6000mgy0,"263 km WNW of Indianola, California",3.2,2024-02-29 07:38:11.774,41.2257,-127.281,10.0
us6000mgwy,"283 km WSW of Pistol River, Oregon",3.5,2024-02-29 07:36:56.622,41.3713,-127.5809,10.0
ak0242rcm6m6,"103 km E of Nikolski, Alaska",2.3,2024-02-29 07:34:19.167,52.9782,-167.3259,43.4
us6000mfsa,"266 km WSW of Crescent City, California",4.1,2024-02-29 07:31:55.507,41.2848,-127.3357,10.0
tx2024eejn,"45 km NW of Toyah, Texas",1.6,2024-02-29 07:29:55.200,31.623,-104.109,6.0999
ak0242rckw3z,"6 km SSW of Salcha, Alaska",1.3,2024-02-29 07:28:15.187,64.4683,-146.9525,7.7
mb90042233,"7 km NNW of Smiths Ferry, Idaho",2.26,2024-02-29 07:28:09.010,44.3631666666667,-116.128333333333,3.59
us6000mfs9,"5 km ENE of Ōhara, Japan",4.4,2024-02-29 07:27:22.092,35.2702,140.451,30.922
tx2024eejk,"23 km SE of Coahoma, Texas",2.3,2024-02-29 07:26:51.632,32.156,-101.118,6.5186
us6000mfs6,"283 km WSW of Pistol River, Oregon",3.3,2024-02-29 07:23:56.426,41.3053,-127.5537,10.0
ak0242rcjero,"6 km SSW of Salcha, Alaska",1.0,2024-02-29 07:21:23.584,64.4716,-146.9418,9.5
uu80053846,"14 km NE of Milford, Utah",0.22,2024-02-29 07:14:40.400,38.493,-112.896833333333,1.72
uw61986231,"37 km NNE of Amboy, Washington",0.26,2024-02-29 07:14:17.160,46.193333333333335,-122.19,6.49
nc74009716,"7 km NW of The Geysers, CA",1.24,2024-02-29 07:11:32.810,38.819,-122.8218333,2.25
us6000mgy3,"258 km W of Indianola, California",3.4,2024-02-29 07:09:58.751,41.1153,-127.2438,10.0
us6000mfs5,"252 km WSW of Crescent City, California",3.6,2024-02-29 07:08:37.406,41.2374,-127.1487,10.0
uu80053811,"14 km NE of Milford, Utah",1.11,2024-02-29 06:59:02.120,38.488,-112.895166666667,1.78
nc74009706,"13 km W of Toms Place, CA",0.31,2024-02-29 06:58:14.530,37.5701667,-118.8256667,2.27
ci40678680,"4 km ENE of Ocotillo Wells, CA",1.33,2024-02-29 06:52:37.070,33.1596667,-116.0956667,10.39
uu80053786,"14 km NE of Milford, Utah",0.71,2024-02-29 06:52:21.740,38.4876666666667,-112.893333333333,2.21
nc74009696,"16 km WSW of Coalinga, CA",0.89,2024-02-29 06:45:34.170,36.0896667,-120.528,4.82
ak0242rc1f1f,"50 km E of Denali National Park, Alaska",0.9,2024-02-29 06:37:49.934,63.5545,-150.7174,11.9
nc74009691,"9 km WNW of Cobb, CA",0.75,2024-02-29 06:37:23.160,38.8383331,-122.8235016,1.71
ci40678664,"9 km ESE of Big Bear City, CA",1.09,2024-02-29 06:33:09.650,34.227,-116.7595,10.91
us6000mfs3,north of Severnaya Zemlya,5.2,2024-02-29 06:24:31.391,85.3528,91.2168,10.0
ak0242rbymb3,"43 km ENE of Pedro Bay, Alaska",2.2,2024-02-29 06:24:24.154,59.9131,-153.3757,136.5
ci40678656,"3 km N of El Segundo, CA",1.37,2024-02-29 06:17:30.180,33.9481667,-118.4156667,15.33
tx2024eehc,"36 km NNW of Toyah, Texas",2.3,2024-02-29 06:15:43.478,31.603,-103.973,6.4075
ak0242rbw483,"8 km WNW of Point MacKenzie, Alaska",1.4,2024-02-29 06:12:56.672,61.3789,-150.1367,41.6
nc74009686,"3 km ENE of The Geysers, CA",0.49,2024-02-29 06:11:37.380,38.7838333,-122.7251667,1.36
nc71132959,"2 km N of The Geysers, CA",0.47,2024-02-29 06:11:13.900,38.7973333,-122.7555,3.09
uu80053656,"13 km NE of Milford, Utah",0.59,2024-02-29 06:09:53.410,38.4845,-112.8975,1.89
mb90042283,"9 km N of Smiths Ferry, Idaho",2.18,2024-02-29 06:08:58.720,44.3858333333333,-116.109833333333,7.93
ak0242rbtfyb,"93 km SE of Kokhanok, Alaska",1.4,2024-02-29 06:00:08.994,58.7519,-153.8323,16.6
pr71441523,"2 km N of Fuig, Puerto Rico",2.03,2024-02-29 05:59:08.100,18.012,-66.9128333333333,11.25
tx2024eegj,"16 km NE of Hermleigh, Texas",2.7,2024-02-29 05:53:40.291,32.745,-100.643,6.1035
uu80053611,"14 km NE of Milford, Utah",1.05,2024-02-29 05:48:00.500,38.49,-112.897833333333,2.21
ci40678648,"14 km NE of Ridgecrest, CA",0.62,2024-02-29 05:47:50.020,35.692,-117.5545,2.47
ak0242rbi42v,"58 km NNE of Petersville, Alaska",1.5,2024-02-29 05:47:28.202,63.0024,-150.4568,89.3
ak0242rbhvuz,"78 km NNW of Karluk, Alaska",1.6,2024-02-29 05:46:16.436,58.2309,-154.8937,95.9
ak0242rbgzst,"160 km SW of Adak, Alaska",2.5,2024-02-29 05:42:00.936,50.7698,-178.1206,26.2
uu80053591,"2 km SE of Hebgen Lake Estates, Montana",-0.77,2024-02-29 05:34:09.650,44.7543333333333,-111.170166666667,4.18
ak0242rbe2e2,"58 km SE of Unalaska, Alaska",3.1,2024-02-29 05:28:33.075,53.5222,-165.8781,41.6
uu80053571,"14 km NE of Milford, Utah",0.54,2024-02-29 05:28:03.830,38.4915,-112.899166666667,2.08
us6000mfrw,"22 km W of Pizitou, Taiwan",4.4,2024-02-29 05:26:27.466,23.4973,120.2222,17.492
uu80053561,"14 km NE of Milford, Utah",0.65,2024-02-29 05:25:14.240,38.4916666666667,-112.8995,2.24
pr71441513,"2 km W of Yauco, Puerto Rico",2.25,2024-02-29 05:10:31.860,18.0388333333333,-66.8755,17.03
us6000mfrt,"79 km WNW of Mpulungu, Zambia",4.7,2024-02-29 05:04:44.098,-8.5691,30.4179,10.0
uu80053516,"14 km NE of Milford, Utah",1.2,2024-02-29 05:02:29.090,38.49,-112.894166666667,2.09
pr71441508,"7 km NNW of Puerto Real, Puerto Rico",2.24,2024-02-29 05:01:53.350,18.1335,-67.2223333333333,17.57
av92218771,"153 km W of Adak, Alaska",1.06,2024-02-29 04:49:06.460,51.7981666666667,-178.853333333333,5.43
nc74009681,"7 km NW of The Geysers, CA",0.76,2024-02-29 04:48:19.630,38.8168335,-122.824501,1.81
nn00874072,"40 km SW of Rachel, Nevada",0.2,2024-02-29 04:42:02.189,37.3845,-116.0606,15.4
nc74009676,"8 km NW of The Geysers, CA",0.26,2024-02-29 04:40:02.710,38.8328323,-122.819664,1.63
uu80053461,"14 km NE of Milford, Utah",0.56,2024-02-29 04:38:52.810,38.4981666666667,-112.906,2.8
uu80053441,"14 km NE of Milford, Utah",0.92,2024-02-29 04:35:45.370,38.4885,-112.892833333333,2.05
nc74009671,"2 km N of Byron, CA",1.61,2024-02-29 04:32:19.570,37.8883333,-121.6396667,4.16
nc74009666,"6 km WNW of The Geysers, CA",1.38,2024-02-29 04:31:46.260,38.7991667,-122.819,3.1
nn00874046,"45 km NNW of Pahrump, Nevada",-0.2,2024-02-29 04:29:12.527,36.5694,-116.2276,7.5
uu80053421,"14 km NE of Milford, Utah",0.55,2024-02-29 04:25:30.440,38.4953333333333,-112.897,2.19
hv74124511,"3 km SW of Pāhala, Hawaii",2.21000004,2024-02-29 04:20:29.240,19.1786670684814,-155.497161865234,35.2000007629395
tx2024eedg,"59 km S of Whites City, New Mexico",1.6,2024-02-29 04:17:55.173,31.642,-104.457,7.8943
uu80053396,"14 km NE of Milford, Utah",1.25,2024-02-29 04:14:50.070,38.4926666666667,-112.8945,1.84
nc74009661,"3 km NNE of Byron, CA",2.33,2024-02-29 04:12:15.030,37.893,-121.6283333,8.22
ci40678632,"21 km N of Borrego Springs, CA",0.56,2024-02-29 04:04:32.670,33.4426667,-116.3908333,8.58
us6000mfrp,Reykjanes Ridge,4.7,2024-02-29 04:03:59.224,52.8325,-33.6216,10.0
us6000mfrn,"290 km WSW of Crescent City, California",3.2,2024-02-29 04:03:41.847,41.2584,-127.6157,10.0
ci40678624,"15 km W of Searles Valley, CA",0.41,2024-02-29 04:00:11.250,35.7451667,-117.5705,1.33
uu80053306,"14 km NE of Milford, Utah",-0.48,2024-02-29 03:52:21.570,38.4953333333333,-112.896,2.14
nc74009651,"8 km NW of The Geysers, CA",0.76,2024-02-29 03:46:22.960,38.8269997,-122.8156662,0.84
tx2024eecd,"56 km S of Whites City, New Mexico",1.8,2024-02-29 03:46:11.721,31.669,-104.373,6.7151
ci40678616,"6 km ENE of Running Springs, CA",0.92,2024-02-29 03:44:41.720,34.2188333,-117.0475,6.68
uu80053281,"14 km NE of Milford, Utah",0.6,2024-02-29 03:44:29.470,38.492,-112.8985,1.77
uu80053276,"14 km NE of Milford, Utah",0.07,2024-02-29 03:42:03.070,38.4896666666667,-112.894,1.77
hv74124481,"11 km ENE of Pāhala, Hawaii",2.13000011,2024-02-29 03:37:22.890,19.2329998016357,-155.369827270508,33.9000015258789
us6000mfri,"12 km E of Ichinomiya, Japan",4.3,2024-02-29 03:30:41.433,35.3635,140.5162,32.745
uu80053231,"15 km NE of Milford, Utah",0.77,2024-02-29 03:27:43.750,38.5003333333333,-112.8975,2.02
nc74009646,"3 km NW of Rodeo, CA",1.02,2024-02-29 03:25:47.890,38.0526667,-122.297,5.93
ak0242ra5a3q,"26 km E of Minto, Alaska",0.8,2024-02-29 03:19:39.580,65.1472,-148.7908,11.9
av92218721,"38 km ENE of Adak, Alaska",-0.29,2024-02-29 03:18:32.030,52.0638333333333,-176.157166666667,-1.8
ak0242ra4mre,"33 km N of Skwentna, Alaska",1.5,2024-02-29 03:16:35.317,62.2882,-151.3162,76.0
tx2024eebc,"17 km NE of Hermleigh, Texas",2.9,2024-02-29 03:14:25.762,32.758,-100.649,6.2256
nn00874061,"64 km NW of Rachel, Nevada",1.3,2024-02-29 03:01:39.281,38.0889,-116.2138,0.0
uu80053161,"14 km NE of Milford, Utah",-0.38,2024-02-29 02:56:23.770,38.4953333333333,-112.8995,2.43
ak0242r9q7fr,"92 km NW of Aleneva, Alaska",1.3,2024-02-29 02:49:06.631,58.7456,-153.797,8.7
uu80053111,"14 km NE of Milford, Utah",1.22,2024-02-29 02:32:23.600,38.4906666666667,-112.892833333333,2.02
nc74009641,"2 km NNE of Byron, CA",3.49,2024-02-29 02:21:45.670,37.8886667,-121.6303333,8.17
nc74009636,"8 km WNW of Cobb, CA",0.47,2024-02-29 02:21:12.760,38.8443333,-122.817,2.24
ci40678592,"4 km NNW of Palomar Observatory, CA",0.53,2024-02-29 02:18:14.110,33.3863333,-116.876,4.87
tx2024edzg,"16 km NE of Hermleigh, Texas",2.5,2024-02-29 02:17:11.510,32.74,-100.638,0.2197
ak0242r9j6rd,"27 km SE of Chickaloon, Alaska",0.9,2024-02-29 02:16:31.624,61.6408,-148.0687,7.5
us6000mfrb,"15 km E of Ōhara, Japan",4.4,2024-02-29 02:13:08.351,35.2746,140.5612,24.761
nc74009631,"2 km N of Byron, CA",1.64,2024-02-29 02:11:00.360,37.8845,-121.6358333,5.25
ak0242r9ho5p,"99 km NNW of Yakutat, Alaska",1.4,2024-02-29 02:09:24.290,60.4183,-140.1412,10.0
mb90042223,"7 km NNW of Smiths Ferry, Idaho",1.64,2024-02-29 02:07:23.390,44.3605,-116.121333333333,4.77
ak0242r9fyxg,"24 km N of Skwentna, Alaska",2.4,2024-02-29 02:01:31.133,62.2114,-151.411,89.0
us6000mfrs,"8 km NNW of Smiths Ferry, Idaho",2.6,2024-02-29 01:57:29.771,44.3676,-116.1373,10.07
us6000mfr8,"7 km NW of Smiths Ferry, Idaho",2.5,2024-02-29 01:56:36.288,44.3524,-116.1547,11.518
ak0242r962zs,"11 km ESE of Rampart, Alaska",1.6,2024-02-29 01:55:17.488,65.4768,-149.921,12.2
nc74009621,"9 km W of Brentwood, CA",1.51,2024-02-29 01:49:24.250,37.9148333,-121.8223333,10.72
tx2024edyb,"54 km NW of Toyah, Texas",1.6,2024-02-29 01:44:18.387,31.671,-104.192,6.7535
us6000mfqy,"77 km E of Aras-asan, Philippines",4.9,2024-02-29 01:40:37.148,8.8439,127.0109,10.0
ak0242r92ouc,"0 km W of Big Lake, Alaska",1.6,2024-02-29 01:39:35.306,61.5225,-149.9675,37.8
ak0242r929ot,"69 km E of Denali Park, Alaska",2.0,2024-02-29 01:37:37.029,63.66,-147.521,81.5
av91134508,"35 km SSW of False Pass, Alaska",1.04,2024-02-29 01:35:06.880,54.554,-163.592,19.37
nn00874060,"47 km ENE of Fort Bidwell, California",1.1,2024-02-29 01:34:56.319,41.9713,-119.6008,0.5
ci40678568,"12 km NNE of Ocotillo Wells, CA",1.9,2024-02-29 01:32:59.450,33.2438333,-116.082,2.86
ci40678560,"4 km NNW of Boron, CA",1.63,2024-02-29 01:28:28.440,35.0296667,-117.6735,-0.79
nn00874058,"45 km SSE of Plush, Oregon",1.8,2024-02-29 01:27:37.922,42.0501,-119.6343,3.4
nc74009616,"2 km NNE of The Geysers, CA",0.9,2024-02-29 01:27:06.160,38.7943344,-122.7488327,1.23
nc74009611,"10 km WNW of The Geysers, CA",0.81,2024-02-29 01:25:41.460,38.8240013,-122.8568344,2.41
nc74009606,"7 km NW of The Geysers, CA",0.36,2024-02-29 01:24:50.850,38.826,-122.812,2.3
nn00874038,"6 km ESE of Gerlach, Nevada",1.3,2024-02-29 01:16:01.993,40.6254,-119.2858,7.6
us6000mfqs,Prince Edward Islands region,4.9,2024-02-29 01:11:57.096,-41.111,43.1655,10.0
pr71441498,"1 km SSW of Yauco, Puerto Rico",2.15,2024-02-29 01:10:49.970,18.0228333333333,-66.8571666666667,15.21
hv74124331,"14 km S of Honoka‘a, Hawaii",2.18,2024-02-29 01:09:50.400,19.9473333333333,-155.4935,39.39
nc74009601,"8 km WNW of Cobb, CA",0.33,2024-02-29 01:09:26.410,38.8355,-122.8095,2.18
ak0242r8vt6w,"34 km WNW of Nikiski, Alaska",1.8,2024-02-29 01:07:25.208,60.813,-151.8601,84.8
us6000mfqp,"8 km NNW of Smiths Ferry, Idaho",2.4,2024-02-29 01:07:06.692,44.3676,-116.1384,7.6
hv74124326,"11 km E of Pāhala, Hawaii",2.18000007,2024-02-29 01:06:52.780,19.1866664886475,-155.37516784668,30.4300003051758
nc74009596,"8 km W of Cobb, CA",1.07,2024-02-29 01:05:48.800,38.8348351,-122.8098297,2.33
us6000mfqq,"9 km ESE of Aras-asan, Philippines",4.8,2024-02-29 01:05:37.181,8.8402,126.388,67.165
ci40678544,"14 km NNE of Cabazon, CA",0.64,2024-02-29 01:03:34.450,34.0413333,-116.7391667,13.62
nc74009591,"2 km NW of The Geysers, CA",-0.07,2024-02-29 01:02:40.950,38.7933333,-122.7766667,3.54
uu80052981,"14 km NE of Milford, Utah",-0.02,2024-02-29 01:00:58.140,38.4943333333333,-112.8985,2.44
uu80052966,"14 km NE of Milford, Utah",-0.13,2024-02-29 00:57:36.440,38.4943333333333,-112.898,2.66
ak0242r8l1nn,"12 km ENE of Fox, Alaska",1.7,2024-02-29 00:57:01.935,64.9928,-147.3757,0.0
uu80052961,"14 km NE of Milford, Utah",0.24,2024-02-29 00:55:26.520,38.4965,-112.896666666667,2.59
us6000mfql,"6 km NNW of Smiths Ferry, Idaho",3.0,2024-02-29 00:53:44.725,44.3503,-116.1223,10.0
ci40678536,"4 km S of Idyllwild, CA",0.82,2024-02-29 00:52:50.120,33.7065,-116.711,17.26
pr71441493,"0 km S of Coto Laurel, Puerto Rico",2.58,2024-02-29 00:48:03.680,18.042,-66.5505,19.31
nc74009576,"2 km NW of Shasta Lake, CA",2.86,2024-02-29 00:44:49.540,40.6931667,-122.3948333,23.88
nc74009566,"4 km W of Cobb, CA",1.1,2024-02-29 00:39:03.180,38.8223343,-122.7651672,1.89
nc74009571,"0 km NE of Byron, CA",1.6,2024-02-29 00:37:12.540,37.8693333,-121.6341667,7.65
nc74009561,"2 km NNE of Millbrae, CA",1.23,2024-02-29 00:29:32.130,37.6103333,-122.3786667,11.71
ak0242r8eh41,"17 km N of Valdez, Alaska",1.6,2024-02-29 00:26:38.105,61.2884,-146.2838,25.1
nc74009551,"8 km NW of The Geysers, CA",0.71,2024-02-29 00:25:34.780,38.8323326,-122.8150024,1.68
us6000mfqj,"46 km E of Aras-asan, Philippines",5.4,2024-02-29 00:23:58.202,8.8593,126.7364,18.0
hv74124246,"3 km SSW of Pāhala, Hawaii",2.23,2024-02-29 00:10:34.160,19.1751670837402,-155.494995117188,32.2299995422363
us6000mfqh,"53 km E of Aras-asan, Philippines",5.4,2024-02-29 00:10:14.095,8.8303,126.7982,27.237
us6000mfqf,"238 km SE of Chiniak, Alaska",3.5,2024-02-29 00:07:03.566,56.0345,-149.6349,10.0
uu80052891,"15 km NE of Milford, Utah",-0.11,2024-02-29 00:03:49.460,38.4968333333333,-112.892,2.24
ci40678512,"2 km NE of Yorba Linda, CA",1.59,2024-02-29 00:02:02.480,33.9006667,-117.8023333,4.6
nc74009546,"4 km NW of The Geysers, CA",0.74,2024-02-29 00:01:19.530,38.8051682,-122.7829971,0.37
tx2024edug,"54 km S of Whites City, New Mexico",1.6,2024-02-28 23:47:05.669,31.685,-104.421,6.0486
mb90042268,"29 km E of Clayton, Idaho",1.85,2024-02-28 23:43:34.990,44.2451666666667,-114.0365,11.16
us6000mgq4,"5 km ENE of Ōhara, Japan",4.3,2024-02-28 23:42:49.599,35.2697,140.4478,46.224
av91134478,"27 km E of Atka, Alaska",1.67,2024-02-28 23:33:23.580,52.1823333333333,-173.803833333333,27.39
uu80052841,"14 km NE of Milford, Utah",1.01,2024-02-28 23:28:55.420,38.4968333333333,-112.896,2.38
ak0242pyj782,"51 km SSW of Covenant Life, Alaska",1.6,2024-02-28 23:22:18.420,59.0119,-136.4731,3.0
us6000mj6z,"102 km S of Atka, Alaska",3.0,2024-02-28 23:21:15.011,51.2757,-174.0629,9.233
nc74009521,"11 km E of Mammoth Lakes, CA",1.15,2024-02-28 23:06:54.820,37.6206667,-118.8565,6.32
ci40678488,"13 km SW of Searles Valley, CA",0.72,2024-02-28 23:04:26.990,35.6973333,-117.524,6.75
tx2024edsw,"56 km S of Whites City, New Mexico",2.4,2024-02-28 23:04:26.199,31.669,-104.377,6.4075
ci40678464,"15 km ENE of Ocotillo, CA",1.09,2024-02-28 23:03:34.010,32.7686667,-115.84,3.11
ci40678456,"12 km E of Julian, CA",1.39,2024-02-28 22:58:11.570,33.0718333,-116.4751667,12.1
av92218581,"75 km W of Salamatof, Alaska",0.38,2024-02-28 22:57:57.530,60.7146666666667,-152.691666666667,13.4
ci40678448,"12 km E of Julian, CA",2.4,2024-02-28 22:57:05.850,33.0713333,-116.4778333,11.54
uu80052816,"14 km NE of Milford, Utah",0.91,2024-02-28 22:53:25.510,38.492,-112.898333333333,2.63
uu80052801,"14 km NE of Milford, Utah",0.71,2024-02-28 22:43:33.350,38.4916666666667,-112.895,1.89
uu80052796,"14 km NE of Milford, Utah",0.06,2024-02-28 22:43:14.230,38.4941666666667,-112.895333333333,2.35
ak0242pxz1lo,"40 km SW of Karluk, Alaska",2.0,2024-02-28 22:28:14.369,57.2939,-154.9081,48.8
hv74124136,"9 km SSW of Volcano, Hawaii",1.78,2024-02-28 22:27:09.610,19.3640003204346,-155.279159545898,0.569999992847443
uu80052766,"14 km NE of Milford, Utah",0.87,2024-02-28 22:26:17.560,38.4876666666667,-112.896166666667,2.25
ak0242pxxdho,"45 km WNW of Clam Gulch, Alaska",2.9,2024-02-28 22:20:36.664,60.4063,-152.1422,82.9
nc74009496,"7 km E of Willits, CA",2.18,2024-02-28 22:14:18.520,39.4131667,-123.2725,6.78
uu80052746,"14 km NE of Milford, Utah",-0.15,2024-02-28 22:02:29.880,38.496,-112.9065,2.15
ci40678360,"29 km W of Olancha, CA",1.11,2024-02-28 21:52:22.060,36.2373333,-118.3216667,4.93
ci40678352,"30 km SSW of San Clemente, CA",1.23,2024-02-28 21:45:02.860,33.1761667,-117.7303333,0.76
uu80052726,"14 km NE of Milford, Utah",0.53,2024-02-28 21:37:05.430,38.4878333333333,-112.896833333333,1.97
us6000mfpp,"243 km ENE of Levuka, Fiji",4.9,2024-02-28 21:36:08.070,-17.5386,-178.458,550.312
uw61985961,"11 km S of Bickleton, Washington",1.93,2024-02-28 21:34:03.100,45.89233333333333,-120.27483333333333,-0.67
uu80052711,"14 km NE of Milford, Utah",-0.29,2024-02-28 21:30:13.820,38.4975,-112.898333333333,2.43
tx2024edpp,"54 km NW of Toyah, Texas",1.8,2024-02-28 21:25:26.618,31.663,-104.202,7.5354
hv74124076,"0 km W of Pāhala, Hawaii",1.82,2024-02-28 21:22:21.820,19.2028333333333,-155.484,32.4
av91134463,"17 km SW of Atka, Alaska",0.51,2024-02-28 21:21:27.780,52.0715,-174.346,7.1
av91134458,"13 km WNW of Atka, Alaska",0.48,2024-02-28 21:20:47.610,52.2553333333333,-174.381,6.2
nc74009481,"6 km WNW of Cobb, CA",-0.09,2024-02-28 21:18:39.760,38.8373333,-122.7896667,2.38
nc74009466,"4 km SSE of Canyondam, CA",2.23,2024-02-28 20:53:04.290,40.1341667,-121.052,-1.61
nc74009461,"10 km NW of The Geysers, CA",0.32,2024-02-28 20:45:53.900,38.8398323,-122.8358307,0.77
nn00874032,"46 km N of Moapa Town, Nevada",1.4,2024-02-28 20:42:57.962,37.0934,-114.691,3.9
nc74009456,"10 km NW of The Geysers, CA",0.25,2024-02-28 20:39:03.290,38.8398323,-122.8366699,0.83
nc74009451,"10 km WNW of The Geysers, CA",0.94,2024-02-28 20:38:26.070,38.8264999,-122.8518295,1.62
ak0242pwsdw2,"5 km N of Point MacKenzie, Alaska",1.4,2024-02-28 20:29:11.546,61.4117,-149.9877,40.1
ak0242pwqjoh,"53 km ENE of Susitna North, Alaska",1.5,2024-02-28 20:20:54.099,62.3273,-148.8942,41.6
nc74009441,"2 km NNE of The Geysers, CA",0.75,2024-02-28 20:18:54.880,38.7895012,-122.7470016,1.41
uu80052586,"14 km NE of Milford, Utah",0.46,2024-02-28 20:13:44.550,38.493,-112.897166666667,2.26
mb90042168,"5 km E of Butte, Montana",1.39,2024-02-28 20:01:46.530,46.0031666666667,-112.4615,-2.0
ak0242pwm8xe,"66 km S of Cantwell, Alaska",1.5,2024-02-28 20:00:47.592,62.791,-148.905,12.3
us6000mgq2,"75 km E of Aras-asan, Philippines",4.3,2024-02-28 19:58:19.948,8.9165,127.0005,10.0
hv74123931,"4 km SW of Pāhala, Hawaii",1.83,2024-02-28 19:55:44.410,19.1716666666667,-155.506166666667,34.59
us6000mfnw,"51 km SE of Londres, Argentina",4.7,2024-02-28 19:50:43.200,-28.0527,-66.7763,152.267
ci40678248,"20 km ENE of Grapevine, CA",0.64,2024-02-28 19:48:12.890,35.0385,-118.749,12.1
uu80052551,"14 km NE of Milford, Utah",1.03,2024-02-28 19:45:12.600,38.4923333333333,-112.899,2.25
nn00874031,"52 km SE of Beatty, Nevada",-0.2,2024-02-28 19:39:38.799,36.6442,-116.2705,6.2
ak0242pw8nig,"110 km NW of Yakutat, Alaska",1.6,2024-02-28 19:37:05.016,60.2186,-141.1711,16.7
nc74009416,"7 km E of Santa Venetia, CA",1.47,2024-02-28 19:32:14.290,37.9908333,-122.448,-0.02
av91134448,"19 km N of Atka, Alaska",0.36,2024-02-28 19:31:47.470,52.369,-174.154,2.93
ak0242pw6bff,"2 km SE of Hope, Alaska",2.6,2024-02-28 19:26:16.167,60.9057,-149.6107,29.1
uu80000578,"14 km NE of Milford, Utah",0.67,2024-02-28 19:22:13.530,38.4936666666667,-112.904666666667,3.0
uu80052476,"14 km NE of Milford, Utah",0.1,2024-02-28 19:22:06.870,38.4891666666667,-112.8975,2.25
mb90042173,"6 km WSW of Townsend, Montana",0.98,2024-02-28 19:15:56.900,46.2891666666667,-111.592,-2.0
us6000mfnr,Vanuatu region,4.5,2024-02-28 19:13:09.222,-14.4854,172.0424,623.063
nc74009411,"8 km WNW of Cobb, CA",1.15,2024-02-28 19:12:27.620,38.8450012,-122.8153305,1.5
nc74009406,"1 km ENE of The Geysers, CA",1.85,2024-02-28 19:11:50.750,38.7808333,-122.746,0.49
ak0242pw2frz,"38 km SSW of Shishmaref, Alaska",1.4,2024-02-28 19:08:05.437,65.931,-166.3718,6.5
uu80052401,"14 km NE of Milford, Utah",1.0,2024-02-28 18:58:03.460,38.4911666666667,-112.898833333333,2.38
uu80052396,"15 km NE of Milford, Utah",0.7,2024-02-28 18:54:40.510,38.4945,-112.888,1.99
ci40678216,"2 km NNE of San Jacinto, CA",1.25,2024-02-28 18:51:40.770,33.8025,-116.9478333,7.82
us6000mfnl,"47 km ENE of Fort Bidwell, California",2.5,2024-02-28 18:34:46.523,41.9474,-119.5889,5.0
nc74009391,"10 km NW of The Geysers, CA",1.05,2024-02-28 18:34:25.110,38.8414993,-122.8356705,1.64
nc74009386,"6 km W of Cobb, CA",0.49,2024-02-28 18:33:45.960,38.822,-122.787,1.54
ak0242pvm5b0,"16 km W of Hope, Alaska",1.8,2024-02-28 18:32:05.031,60.9308,-149.9519,42.4
nc74009381,"2 km N of The Geysers, CA",0.38,2024-02-28 18:25:00.190,38.7953333,-122.7573333,0.33
ci40678200,"18 km ESE of Big Bear City, CA",0.98,2024-02-28 18:24:30.690,34.1825,-116.6796667,11.43
ci40678184,"8 km N of Anza, CA",0.64,2024-02-28 18:17:31.540,33.6285,-116.6881667,13.62
ak0242pvimaa,"10 km ENE of Beluga, Alaska",1.7,2024-02-28 18:15:58.587,61.1623,-150.8874,57.2
ci40678192,"107 km SE of Estacion Coahuila, B.C., MX",3.46,2024-02-28 18:14:53.910,31.4183333,-114.3313333,5.95
nc74009376,"6 km W of Cobb, CA",0.78,2024-02-28 18:14:47.990,38.8224983,-122.7871704,2.02
tx2024edja,"50 km W of Mentone, Texas",2.2,2024-02-28 18:06:02.571,31.74,-104.126,6.7023
nc74009371,"4 km SSE of Canyondam, CA",2.2,2024-02-28 18:02:49.420,40.1336667,-121.0525,-1.65
uu80052301,"14 km NE of Milford, Utah",1.1,2024-02-28 18:00:14.050,38.4923333333333,-112.891333333333,1.95
ak0242pv6j12,"32 km S of Denali National Park, Alaska",1.2,2024-02-28 17:59:17.821,63.2493,-151.7279,7.8
uw61985781,"5 km ENE of Prosser, Washington",1.68,2024-02-28 17:58:03.330,46.2315,-119.71083333333333,-0.51
nc74009366,"15 km E of Seven Trees, CA",0.98,2024-02-28 17:52:18.930,37.293,-121.669,3.0
us6000mfnf,"16 km WNW of Boshrūyeh, Iran",4.0,2024-02-28 17:49:52.925,33.941,57.2698,10.0
ak0242pv46dg,"12 km SW of Susitna, Alaska",1.8,2024-02-28 17:48:21.179,61.474,-150.7,50.1
ak0242pv3xax,"4 km SSW of Salcha, Alaska",0.6,2024-02-28 17:47:08.920,64.4906,-146.9442,2.2
uu80052286,"14 km NE of Milford, Utah",0.93,2024-02-28 17:45:42.140,38.4916666666667,-112.894,2.42
av91134443,"75 km W of Salamatof, Alaska",0.25,2024-02-28 17:45:39.650,60.7331666666667,-152.671333333333,11.72
us6000mfms,"63 km WSW of Banda Aceh, Indonesia",4.6,2024-02-28 17:44:40.362,5.2525,94.8424,72.173
ak0242pv351r,"42 km N of Solomon, Alaska",1.7,2024-02-28 17:43:36.860,64.9354,-164.3493,9.0
ak0242pv32ra,"75 km W of Salamatof, Alaska",1.6,2024-02-28 17:43:07.063,60.744,-152.6743,13.3
ak0242pv22s5,"10 km NNW of Stevens Village, Alaska",1.0,2024-02-28 17:38:40.622,66.0929,-149.1942,17.1
us6000mfmk,"37 km SSE of Golfo de Santa Clara, Mexico",3.7,2024-02-28 17:38:23.205,31.4043,-114.2811,12.578
hv74123826,"10 km E of Pāhala, Hawaii",1.78,2024-02-28 17:37:10.510,19.1945,-155.3765,31.9
ci40678152,"4 km WSW of Cabazon, CA",1.03,2024-02-28 17:34:55.990,33.9,-116.8275,16.38
nn00873995,"44 km E of Big Pine, California",1.7,2024-02-28 17:31:04.286,37.1538,-117.7873,9.3
tx2024edht,"54 km S of Whites City, New Mexico",2.3,2024-02-28 17:27:18.479,31.682,-104.412,6.0999
uu80052241,"15 km NE of Milford, Utah",0.67,2024-02-28 17:26:36.020,38.4936666666667,-112.888333333333,2.31
nc74009361,"8 km NW of The Geysers, CA",-0.12,2024-02-28 17:26:18.490,38.8333333,-122.8181667,1.48
ci40678144,"107 km SE of Estacion Coahuila, B.C., MX",3.05,2024-02-28 17:25:26.410,31.41,-114.3383333,5.95
nc74009356,"2 km ENE of Oakland, CA",1.3,2024-02-28 17:25:06.720,37.803,-122.2055,10.28
us6000mgq1,"164 km SE of Taira, Japan",4.5,2024-02-28 17:23:13.064,25.7745,129.4948,10.0
nc74009351,"6 km WNW of Cobb, CA",0.47,2024-02-28 17:21:43.740,38.8391667,-122.7941667,2.57
ak0242puv91c,"164 km WSW of Adak, Alaska",2.2,2024-02-28 17:06:58.561,51.4688,-178.9174,13.2
ak0242pul2uj,"60 km E of Port Alsworth, Alaska",2.2,2024-02-28 16:59:08.105,60.1747,-153.2329,119.6
ak0242puj66c,"150 km WSW of Adak, Alaska",2.1,2024-02-28 16:50:20.204,51.4009,-178.6688,10.7
se60501688,"16 km E of Cullowhee, North Carolina",1.72,2024-02-28 16:49:04.050,35.3036666666667,-82.9975,4.82
ak0242puh8pk,"17 km ESE of Mentasta Lake, Alaska",1.2,2024-02-28 16:41:20.365,62.8513,-143.4547,9.7
ak0242pug517,"83 km SE of King Cove, Alaska",2.1,2024-02-28 16:35:57.852,54.4478,-161.5581,13.1
ci40678096,"20 km ESE of Anza, CA",0.83,2024-02-28 16:26:05.460,33.5116667,-116.4595,6.61
ak0242pudlzg,"257 km W of Adak, Alaska",2.4,2024-02-28 16:24:25.721,51.8429,179.6337,107.8
us6000mflt,"9 km SE of Maoribank, New Zealand",4.2,2024-02-28 16:18:55.656,-41.1571,175.1844,26.067
uu80052191,"15 km NE of Milford, Utah",-0.33,2024-02-28 16:17:05.550,38.5008333333333,-112.890166666667,2.05
ci40678072,"12 km SSW of La Quinta, CA",0.23,2024-02-28 15:59:10.670,33.5566667,-116.3455,9.03
hv74123746,"8 km N of Pāhala, Hawaii",1.88999999,2024-02-28 15:55:57.810,19.2763328552246,-155.484161376953,31.6900005340576
us6000mflq,"259 km W of Adak, Alaska",5.5,2024-02-28 15:50:21.839,51.9458,179.6031,118.965
nc74009321,"14 km WSW of Toms Place, CA",0.5,2024-02-28 15:43:16.140,37.5205,-118.8358333,2.74
ci40678032,"10 km NNE of Ocotillo Wells, CA",1.07,2024-02-28 15:42:46.610,33.2206667,-116.0723333,10.09
hv74123736,"11 km ENE of Pāhala, Hawaii",1.86000001,2024-02-28 15:36:11.980,19.2533340454102,-155.387496948242,31.1399993896484
nc74009311,"14 km WSW of Toms Place, CA",0.81,2024-02-28 15:34:39.570,37.522,-118.8345,3.05
uu80052151,"15 km NE of Milford, Utah",0.66,2024-02-28 15:29:34.910,38.4921666666667,-112.8865,1.3
nc74009301,"14 km WSW of Toms Place, CA",1.53,2024-02-28 15:18:20.060,37.5335,-118.8335,4.14
ci40678008,"37 km NNE of North Shore, CA",1.47,2024-02-28 15:17:07.510,33.8321667,-115.7885,1.96
nc74009306,"14 km WSW of Toms Place, CA",1.17,2024-02-28 15:16:46.830,37.5326667,-118.8363333,3.78
nc74009296,"8 km NW of The Geysers, CA",0.01,2024-02-28 15:15:55.460,38.8295,-122.8141667,2.21
ak0242ptoyvh,"44 km WSW of Denali Park, Alaska",2.7,2024-02-28 15:09:36.688,63.6109,-149.7794,123.3
nc74009291,"9 km WNW of Cobb, CA",0.64,2024-02-28 15:05:30.060,38.8391685,-122.8241653,2.14
ak0242ptnha6,"61 km ENE of McCarthy, Alaska",1.3,2024-02-28 15:02:33.568,61.6198,-141.8288,16.7
nn00874005,"51 km E of Fort Bidwell, California",1.8,2024-02-28 14:58:17.390,41.93,-119.5437,0.0
tx2024edcn,"40 km NW of Toyah, Texas",1.6,2024-02-28 14:48:20.965,31.556,-104.115,3.075
ak0242ptakso,"23 km NNE of Willow, Alaska",1.3,2024-02-28 14:42:14.480,61.9415,-149.8439,45.5
uu80052106,"14 km NE of Milford, Utah",0.54,2024-02-28 14:35:40.560,38.4913333333333,-112.891333333333,1.97
nc74009286,"39 km SSW of Qualeys Camp, NV",2.09,2024-02-28 14:35:05.200,37.9793333,-118.6706667,7.84
nc74009281,"9 km WNW of Cobb, CA",0.71,2024-02-28 14:27:13.920,38.8486671,-122.8166656,1.35
ci40678000,"7 km E of Cabazon, CA",0.36,2024-02-28 14:22:36.320,33.9136667,-116.7086667,9.81
ci40677992,"2 km NNE of Colton, CA",1.2,2024-02-28 14:16:53.690,34.0925,-117.3048333,11.47
ak0242pt4cgq,"57 km SSE of Kokhanok, Alaska",2.2,2024-02-28 14:13:07.141,58.9685,-154.3531,122.7
ak0242pssuha,"5 km SSW of Salcha, Alaska",1.6,2024-02-28 13:59:55.682,64.4757,-146.9424,6.9
ak0242psssxo,"25 km WNW of Central, Alaska",2.0,2024-02-28 13:59:21.340,65.6959,-145.28,15.5
nc74009276,"9 km WNW of San Francisco Zoo, CA",1.21,2024-02-28 13:58:14.800,37.7765,-122.59,6.71
ak0242psr62n,"5 km SSW of Salcha, Alaska",0.9,2024-02-28 13:51:58.921,64.4818,-146.9524,7.9
nc74009271,"4 km WNW of Cobb, CA",0.78,2024-02-28 13:44:33.150,38.8408318,-122.7624969,1.31
us6000mflb,"29 km SW of Urakawa, Japan",4.8,2024-02-28 13:43:34.279,41.9814,142.5126,56.648
ak0242psnf4g,"32 km E of Cantwell, Alaska",1.5,2024-02-28 13:34:10.202,63.4301,-148.3002,11.4
us6000mfzi,"6 km S of Monmouth, Maine",1.5,2024-02-28 13:31:08.299,44.1786,-70.0494,5.0
nn00874018,"3 km WNW of Walker, California",1.3,2024-02-28 13:24:54.853,38.5232,-119.5203,7.4
nc74009266,"8 km NW of The Geysers, CA",-0.2,2024-02-28 13:22:17.330,38.8315,-122.8168333,2.14
uu80052001,"14 km NE of Milford, Utah",-0.37,2024-02-28 13:00:10.870,38.5005,-112.900833333333,2.21
uu80051986,"14 km NE of Milford, Utah",0.77,2024-02-28 12:52:09.390,38.4896666666667,-112.893833333333,2.01
ak0242ps1sqb,"49 km W of Anchor Point, Alaska",1.8,2024-02-28 12:33:22.119,59.7332,-152.7088,83.5
uu80051971,"15 km NE of Milford, Utah",-0.34,2024-02-28 12:26:00.440,38.4983333333333,-112.896333333333,2.39
ak0242przmmi,"66 km S of Glacier View, Alaska",1.5,2024-02-28 12:23:07.278,61.2165,-147.739,0.0
ci40677952,"14 km SSE of Big Bear City, CA",0.71,2024-02-28 12:20:20.100,34.1351667,-116.8056667,11.4
nn00874016,"30 km SE of Rachel, Nevada",1.0,2024-02-28 12:17:44.768,37.4251,-115.5317,0.0
ak0242pryea9,"46 km NE of Pedro Bay, Alaska",2.1,2024-02-28 12:17:22.609,60.0347,-153.4476,135.3
hv74123631,"7 km WSW of Laupāhoehoe, Hawaii",2.01,2024-02-28 12:05:40.960,19.955,-155.302833333333,26.01
ci40677944,"17 km SSW of Oasis, CA",0.84,2024-02-28 12:03:02.410,33.3233333,-116.161,8.42
uu80051956,"12 km WSW of Portage, Utah",1.11,2024-02-28 11:56:19.510,41.9281666666667,-112.3795,5.72
ak0242prkwe1,"79 km SSW of Kaktovik, Alaska",1.2,2024-02-28 11:54:37.184,69.452,-144.2215,5.5
tx2024ecws,"36 km NNW of Toyah, Texas",2.0,2024-02-28 11:53:28.984,31.605,-103.971,8.7018
nc74009261,"2 km N of The Geysers, CA",0.51,2024-02-28 11:52:54.940,38.7963333,-122.7525024,-0.81
us6000mfl7,"67 km WNW of Uken, Japan",4.5,2024-02-28 11:46:04.625,28.6066,128.6342,10.0
ci40677928,"18 km W of Searles Valley, CA",0.95,2024-02-28 11:37:15.640,35.7786667,-117.6025,10.3
ak0242preobq,"23 km NNE of Willow, Alaska",2.3,2024-02-28 11:25:34.853,61.9437,-149.8539,41.9
nc74009256,"3 km SE of The Geysers, CA",0.75,2024-02-28 11:22:12.210,38.7568321,-122.7314987,2.15
tx2024ecvr,"49 km W of Mentone, Texas",3.1,2024-02-28 11:22:08.376,31.74,-104.12,6.7279
ak0242prd6b7,"7 km SSW of Salcha, Alaska",1.0,2024-02-28 11:18:33.621,64.4627,-146.9861,9.3
nc74009241,"8 km W of Cobb, CA",0.75,2024-02-28 11:11:03.900,38.8349991,-122.8164978,1.84
ak0242prb972,"7 km SW of Salcha, Alaska",0.8,2024-02-28 11:09:38.548,64.4823,-147.0229,2.0
nn00874004,"48 km ENE of Fort Bidwell, California",1.2,2024-02-28 11:09:35.224,41.9488,-119.577,1.4
ak0242prarh3,"31 km SW of Red Devil, Alaska",1.5,2024-02-28 11:07:08.714,61.5594,-157.7327,7.5
nn00874003,"33 km WSW of Empire, Nevada",0.9,2024-02-28 11:06:47.504,40.4168,-119.6758,16.2
nc74009236,"6 km W of Cobb, CA",0.41,2024-02-28 11:05:25.050,38.8306667,-122.7891667,2.71
ci40677920,"2 km WSW of Brawley, CA",1.57,2024-02-28 10:58:05.490,32.9688333,-115.5511667,11.07
nc74009231,"12 km ENE of Cloverdale, CA",0.78,2024-02-28 10:55:23.280,38.8409996,-122.8809967,2.17
ci40677912,"3 km SW of Brawley, CA",0.86,2024-02-28 10:55:05.360,32.96,-115.555,7.31
nc74009226,"5 km NW of The Geysers, CA",1.44,2024-02-28 10:44:06.040,38.8146667,-122.7941667,2.64
ci40677904,"7 km S of Banning, CA",0.91,2024-02-28 10:31:51.030,33.8665,-116.8768333,12.75
nc74009221,"8 km NW of The Geysers, CA",0.3,2024-02-28 10:27:14.030,38.8313332,-122.8188324,1.96
mb90042108,"16 km SSE of Stanley, Idaho",2.12,2024-02-28 10:23:33.270,44.0846666666667,-114.855333333333,5.99
us6000mgps,Carlsberg Ridge,4.1,2024-02-28 10:23:02.708,6.1521,60.7694,10.0
mb90042183,"16 km SSE of Stanley, Idaho",1.46,2024-02-28 10:22:17.910,44.0835,-114.858166666667,3.72
us6000mgpr,Carlsberg Ridge,4.4,2024-02-28 10:17:55.374,6.0947,60.8568,10.0
uu80051866,"14 km NE of Milford, Utah",0.98,2024-02-28 10:14:38.650,38.4848333333333,-112.8945,2.21
ak0242pqqukf,"46 km S of Nanwalek, Alaska",2.0,2024-02-28 10:14:17.457,58.9375,-151.9725,53.8
uu80051851,"14 km NE of Milford, Utah",0.26,2024-02-28 10:13:08.420,38.4908333333333,-112.895,2.09
ak0242pqq652,"6 km SW of Salcha, Alaska",1.4,2024-02-28 10:11:00.867,64.4765,-146.9819,6.6
uu80051831,"14 km NE of Milford, Utah",0.48,2024-02-28 10:01:47.630,38.4975,-112.8975,2.73
us6000mfky,Carlsberg Ridge,4.6,2024-02-28 10:00:53.763,6.1154,60.827,10.0
nc74009216,"2 km NNW of The Geysers, CA",0.35,2024-02-28 09:58:02.100,38.7931667,-122.761,0.91
ak0242pqe0n7,"74 km WNW of Ninilchik, Alaska",3.1,2024-02-28 09:54:32.089,60.3941,-152.8155,125.4
av91134338,"91 km W of Adak, Alaska",-0.1,2024-02-28 09:53:56.300,51.8588333333333,-177.9575,-1.8
ak0242pqdfaj,"20 km S of Susitna North, Alaska",1.6,2024-02-28 09:51:55.075,61.9798,-149.8083,46.0
ci40677896,"15 km NE of Borrego Springs, CA",0.79,2024-02-28 09:45:58.640,33.3523333,-116.2676667,10.94
ci40677888,"8 km ENE of Moreno Valley, CA",0.66,2024-02-28 09:43:46.770,33.9615,-117.1578333,17.05
ak0242pqbh11,"81 km NNW of Karluk, Alaska",1.4,2024-02-28 09:42:43.638,58.2858,-154.7226,3.7
mb90042178,"19 km W of Hebgen Lake Estates, Montana",-0.09,2024-02-28 09:41:28.800,44.7831666666667,-111.439,8.99
nc74009211,"7 km W of Cobb, CA",0.78,2024-02-28 09:40:35.720,38.8278351,-122.7986679,2.32
uu80051786,"14 km NE of Milford, Utah",0.18,2024-02-28 09:39:33.820,38.4915,-112.892666666667,1.96
uu80051771,"14 km NE of Milford, Utah",0.49,2024-02-28 09:33:27.500,38.4955,-112.895833333333,2.23
hv74123546,"2 km WSW of Pāhala, Hawaii",3.14,2024-02-28 09:32:59.210,19.194,-155.4965,34.0
nc74009206,"16 km E of Seven Trees, CA",0.87,2024-02-28 09:31:44.680,37.285,-121.6546667,6.15
ak0242pq93ad,"63 km SE of Denali National Park, Alaska",1.9,2024-02-28 09:31:27.925,63.1665,-150.7551,134.0
pr71441488,"7 km SSE of Salinas, Puerto Rico",2.21,2024-02-28 09:20:49.660,17.9146666666667,-66.2843333333333,13.16
uu80051716,"15 km NE of Milford, Utah",-0.14,2024-02-28 09:15:42.510,38.4995,-112.8915,1.84
ak0242pq5dz3,"66 km W of Happy Valley, Alaska",2.1,2024-02-28 09:14:04.793,60.0673,-152.9042,113.3
nn00874015,"6 km SSE of Floriston, California",-0.4,2024-02-28 09:13:47.846,39.3483,-119.982,4.5
ak0242pq4e1f,"50 km SSE of Denali National Park, Alaska",1.3,2024-02-28 09:09:39.261,63.1086,-151.4539,5.4
ak0242pq3iag,"225 km W of Adak, Alaska",2.2,2024-02-28 09:05:27.601,51.5996,-179.874,13.2
mb90042103,"4 km NNW of Kelly, Wyoming",0.65,2024-02-28 09:05:09.310,43.6628333333333,-110.636166666667,2.45
nn00874002,"48 km ENE of Fort Bidwell, California",1.9,2024-02-28 08:56:50.908,41.9495,-119.5758,0.0
nn00874001,"48 km ENE of Fort Bidwell, California",3.0,2024-02-28 08:53:54.337,41.9627,-119.5874,1.1
hv74123531,"15 km S of Volcano, Hawaii",1.43,2024-02-28 08:51:59.700,19.3063333333333,-155.240833333333,7.51
nn00874013,"5 km SE of Floriston, California",0.8,2024-02-28 08:44:58.888,39.3523,-119.9837,6.9
ak0242ppoqpg,"3 km SSE of Big Lake, Alaska",1.8,2024-02-28 08:36:39.047,61.4883,-149.9264,41.0
nn00874011,"43 km NNE of Beatty, Nevada",0.1,2024-02-28 08:17:46.062,37.2676,-116.5725,2.5
ci40677880,"21 km N of Borrego Springs, CA",0.78,2024-02-28 08:14:24.090,33.4405,-116.3963333,6.07
ak0242ppj7qw,"61 km NNE of Kobuk, Alaska",1.5,2024-02-28 08:10:59.767,67.3753,-156.122,7.3
nn00874010,"32 km SW of Empire, Nevada",0.6,2024-02-28 08:09:44.246,40.3477,-119.583,13.2
nc74009191,"8 km NW of The Geysers, CA",0.63,2024-02-28 08:03:14.270,38.8344994,-122.8181686,1.6
uu80051626,"14 km NE of Milford, Utah",1.05,2024-02-28 08:00:47.340,38.4943333333333,-112.892833333333,1.82
nc74009186,"11 km NE of Milpitas, CA",1.1,2024-02-28 07:53:12.180,37.5083333,-121.8263333,5.07
ak0242pp6axa,"25 km E of Minto, Alaska",0.8,2024-02-28 07:50:36.028,65.1556,-148.7964,11.9
uu80051601,"15 km NE of Milford, Utah",0.32,2024-02-28 07:48:15.520,38.4958333333333,-112.893333333333,2.93
us6000mfkl,Mariana Islands region,4.5,2024-02-28 07:44:49.478,21.6072,143.0145,323.014
hv74123486,"13 km S of Fern Forest, Hawaii",1.90999997,2024-02-28 07:41:40.100,19.3421669006348,-155.124496459961,5.23999977111816
ak0242pp03hz,"34 km SE of Kasilof, Alaska",1.8,2024-02-28 07:21:42.677,60.162,-150.7592,50.5
us6000mfki,"41 km SSW of Suai, Timor Leste",4.7,2024-02-28 07:14:39.283,-9.6582,125.1079,31.059
nc74009181,"8 km NW of The Geysers, CA",0.68,2024-02-28 07:13:52.160,38.8308334,-122.8160019,1.86
nc74009176,"8 km NW of The Geysers, CA",1.42,2024-02-28 07:12:13.560,38.8273333,-122.814,2.25
nc74009171,"6 km WNW of Cobb, CA",0.31,2024-02-28 07:11:55.100,38.8371667,-122.7915,2.5
ak0242powtgp,"4 km WNW of Beluga, Alaska",1.7,2024-02-28 07:06:10.333,61.1493,-151.1656,63.3
us6000mfkh,"8 km WNW of Bello, Colombia",4.6,2024-02-28 07:05:15.486,6.3617,-75.6302,10.0
uu80051491,"14 km NE of Milford, Utah",0.35,2024-02-28 06:58:55.310,38.4941666666667,-112.8975,2.08
ak0242pom3od,"71 km NW of Koyuk, Alaska",1.7,2024-02-28 06:56:10.536,65.4368,-162.0917,15.9
ak0242pokkvp,"17 km W of Happy Valley, Alaska",2.6,2024-02-28 06:49:00.541,59.9331,-152.0367,62.4
ci40677872,"19 km ESE of Little Lake, CA",0.78,2024-02-28 06:48:32.360,35.8923333,-117.7046667,9.07
mb90042098,"8 km NNW of Smiths Ferry, Idaho",2.12,2024-02-28 06:47:11.460,44.3743333333333,-116.112833333333,7.55
nc74009166,"6 km WNW of Cobb, CA",1.06,2024-02-28 06:45:53.950,38.8334999,-122.7904968,1.79
ak0242pojk4w,"45 km SW of Denali National Park, Alaska",1.1,2024-02-28 06:44:24.163,63.2222,-152.3082,4.4
ak0242poifud,"53 km SE of Nikolski, Alaska",2.8,2024-02-28 06:39:01.711,52.6489,-168.2284,26.8
ak0242pogu3p,"130 km S of Unalaska, Alaska",2.3,2024-02-28 06:31:53.656,52.7044,-166.6567,9.3
nc74009161,"8 km NW of The Geysers, CA",0.4,2024-02-28 06:27:44.950,38.8306656,-122.8191681,1.36
uu80051436,"15 km NE of Milford, Utah",0.25,2024-02-28 06:26:36.410,38.497,-112.8885,1.79
nc74009156,"10 km S of Ferndale, CA",1.67,2024-02-28 06:20:59.820,40.4875,-124.248,19.09
ci40677864,"7 km NW of Aguanga, CA",0.92,2024-02-28 06:18:42.890,33.4895,-116.9178333,9.23
mb90042093,"10 km SW of Cascade, Idaho",2.26,2024-02-28 06:14:51.770,44.4488333333333,-116.129166666667,8.28
ak0242poasu9,"4 km SSW of Salcha, Alaska",1.1,2024-02-28 06:03:37.853,64.4839,-146.946,7.0
nc74009146,"6 km WNW of Cobb, CA",1.76,2024-02-28 06:01:24.540,38.8346667,-122.7881667,2.01
hv74123406,"10 km NE of Pāhala, Hawaii",2.1500001,2024-02-28 05:59:54.360,19.2665004730225,-155.400329589844,29.5799999237061
us6000mfkb,Macquarie Island region,5.4,2024-02-28 05:56:13.324,-59.1109,158.7448,10.0
ak0242pnztp7,"13 km SE of Tyonek, Alaska",2.2,2024-02-28 05:52:16.966,60.9953,-150.9279,61.9
uu80051376,"14 km NE of Milford, Utah",0.44,2024-02-28 05:47:56.350,38.495,-112.8975,2.04
ak0242pnyelm,"20 km WSW of Healy, Alaska",1.8,2024-02-28 05:45:49.849,63.7876,-149.3568,121.9
ak0242pny6m5,"63 km WNW of Tyonek, Alaska",1.8,2024-02-28 05:45:02.690,61.2455,-152.253,10.1
ak0242pnxx4v,"28 km NW of Cooper Landing, Alaska",1.8,2024-02-28 05:43:28.968,60.6947,-150.1426,39.6
ci40677856,"20 km ESE of Bodfish, CA",1.4,2024-02-28 05:40:37.840,35.4895,-118.3063333,4.16
ci40677848,"18 km W of Searles Valley, CA",0.98,2024-02-28 05:39:59.920,35.7805,-117.6003333,6.65
nc74009136,"8 km NW of The Geysers, CA",1.62,2024-02-28 05:36:02.100,38.8328333,-122.8158333,1.84
ak0242pnvirx,"22 km ESE of Unalaska, Alaska",2.0,2024-02-28 05:32:09.091,53.774,-166.2385,81.5
mb90042088,"8 km NNW of Smiths Ferry, Idaho",1.13,2024-02-28 05:27:55.660,44.3721666666667,-116.126333333333,5.01
hv74123376,"0 km NW of Kailua-Kona, Hawaii",2.19,2024-02-28 05:26:56.280,19.6433333333333,-156.001833333333,46.12
tx2024ecju,"54 km S of Whites City, New Mexico",1.7,2024-02-28 05:21:22.083,31.689,-104.485,6.4587
tx2024ecjg,"48 km W of Mentone, Texas",1.9,2024-02-28 05:05:38.929,31.734,-104.11,7.6251
ak0242pnfq38,"67 km NW of Skwentna, Alaska",1.4,2024-02-28 04:58:38.928,62.3435,-152.443,120.3
pr71441483,"0 km ENE of Palomas, Puerto Rico",2.12,2024-02-28 04:52:42.690,18.015,-66.8695,14.98
ak0242pne7iu,"55 km WNW of Skwentna, Alaska",1.6,2024-02-28 04:51:31.744,62.2262,-152.3298,112.3
uu80051311,"15 km NE of Milford, Utah",0.73,2024-02-28 04:48:26.450,38.4978333333333,-112.889166666667,1.07
us6000mfjw,"58 km NNW of Calama, Chile",4.6,2024-02-28 04:46:40.911,-21.9912,-69.1994,86.263
nc74009121,"10 km NW of The Geysers, CA",0.27,2024-02-28 04:21:00.870,38.8383331,-122.8349991,1.18
ak0242pn6i2f,"10 km NW of Harding-Birch Lakes, Alaska",0.8,2024-02-28 04:15:35.572,64.4412,-146.7457,7.1
mb90042083,"7 km NNW of Smiths Ferry, Idaho",1.44,2024-02-28 04:07:17.780,44.3655,-116.130833333333,5.01
ak0242pn4681,"70 km E of Eagle Village, Alaska",2.2,2024-02-28 04:04:44.404,64.8427,-139.6273,13.2
uu80051216,"15 km NE of Milford, Utah",-0.07,2024-02-28 03:56:10.830,38.4978333333333,-112.889333333333,1.64
ak0242pmsehx,"127 km ESE of McCarthy, Alaska",1.4,2024-02-28 03:49:57.816,61.1797,-140.5968,3.9
nc74009116,"5 km SE of Canyondam, CA",2.15,2024-02-28 03:44:47.260,40.132,-121.0413333,2.73
nn00874009,"25 km W of Alamo, Nevada",1.1,2024-02-28 03:36:22.978,37.4074,-115.4483,14.2
uw61985636,"15 km N of Ashford, Washington",0.54,2024-02-28 03:33:20.300,46.8995,-122.0135,11.17
ak0242pmovpo,"30 km WNW of Petersville, Alaska",1.5,2024-02-28 03:33:14.209,62.6224,-151.2977,89.6
ak0242pmo3qo,"42 km ENE of Susitna North, Alaska",1.4,2024-02-28 03:29:52.167,62.3393,-149.1378,1.2
uu80051151,"10 km ESE of Avon, Utah",1.48,2024-02-28 03:26:58.480,41.4865,-111.707333333333,10.67
ci40677808,"28 km ENE of Porterville, CA",1.4,2024-02-28 03:25:49.640,36.1625,-118.7251667,10.18
ak0242pmmz54,"65 km NNW of Lake Minchumina, Alaska",1.5,2024-02-28 03:24:25.557,64.4631,-152.5764,10.7
ak0242pmmi6d,"34 km E of Minto, Alaska",1.0,2024-02-28 03:22:06.473,65.1012,-148.6303,6.0
us6000mgpe,"Volcano Islands, Japan region",4.5,2024-02-28 03:15:47.392,22.5768,144.4076,36.029
ak0242pmktxc,"11 km WSW of Fox River, Alaska",1.6,2024-02-28 03:14:25.721,59.8268,-151.1461,44.3
uu80051106,"15 km NE of Milford, Utah",0.54,2024-02-28 03:03:22.470,38.4981666666667,-112.891333333333,2.09
ak0242pm8v8i,"61 km NW of Tatitlek, Alaska",1.8,2024-02-28 02:58:39.490,61.1989,-147.5797,0.0
ak0242pm7pt8,"20 km NNE of Skwentna, Alaska",1.3,2024-02-28 02:53:06.681,62.1516,-151.1988,68.9
nc74009106,"6 km NW of The Geysers, CA",0.27,2024-02-28 02:51:02.510,38.8136673,-122.8050003,2.59
tx2024ecet,"28 km SW of Garden City, Texas",2.8,2024-02-28 02:48:27.029,31.702,-101.712,8.5693
ak0242pm6jem,"22 km SSE of Minto, Alaska",0.8,2024-02-28 02:47:57.019,64.9655,-149.1528,14.3
tx2024eceq,"27 km SW of Garden City, Texas",2.1,2024-02-28 02:47:42.304,31.706,-101.71,9.7412
ci37628156,"6 km ESE of Valle Vista, CA",0.69,2024-02-28 02:41:52.920,33.7251667,-116.8345,14.59
ci40677800,"6 km ESE of Valle Vista, CA",0.67,2024-02-28 02:41:51.760,33.7241667,-116.838,15.19
ak0242pm4qst,"63 km S of Shungnak, Alaska",1.8,2024-02-28 02:39:19.816,66.3306,-157.3974,4.1
ak0242pm3v80,"26 km NE of Willow, Alaska",1.2,2024-02-28 02:35:10.562,61.9181,-149.6807,12.1
av91134313,"92 km W of Adak, Alaska",-0.01,2024-02-28 02:34:54.820,51.8616666666667,-177.9735,4.99
av91134323,"92 km W of Adak, Alaska",0.34,2024-02-28 02:34:35.350,51.8718333333333,-177.981833333333,6.44
ci40677792,"6 km ESE of Valle Vista, CA",0.48,2024-02-28 02:33:26.100,33.7243333,-116.8351667,15.44
ci40677784,"6 km ESE of Valle Vista, CA",0.65,2024-02-28 02:29:42.400,33.723,-116.8425,15.25
us6000mfjf,"67 km WSW of Padangsidempuan, Indonesia",4.7,2024-02-28 02:28:11.737,1.0956,98.7388,86.439
ci40677776,"6 km ESE of Valle Vista, CA",0.61,2024-02-28 02:27:30.760,33.7245,-116.8376667,15.19
ak0242pm24yn,"59 km W of Nanwalek, Alaska",1.9,2024-02-28 02:27:03.675,59.3351,-152.9657,77.1
ci40677768,"6 km SE of Valle Vista, CA",1.78,2024-02-28 02:26:42.050,33.7148333,-116.8458333,15.29
ci40677752,"6 km ESE of Valle Vista, CA",0.79,2024-02-28 02:26:30.700,33.7234993,-116.8386688,15.17
ci40677744,"13 km SSW of Searles Valley, CA",1.62,2024-02-28 02:26:07.060,35.666,-117.4763333,8.06
tx2024ecdx,"28 km SW of Garden City, Texas",2.0,2024-02-28 02:23:29.781,31.704,-101.71,9.6436
ak0242pm0f0j,"39 km SSE of Funny River, Alaska",2.1,2024-02-28 02:19:00.939,60.1718,-150.4949,48.0
uw61985621,"9 km WSW of Friday Harbor, Washington",1.05,2024-02-28 02:17:24.750,48.501333333333335,-123.13516666666666,27.43
ak0242plz4pf,"29 km E of Susitna North, Alaska",1.4,2024-02-28 02:13:01.005,62.2074,-149.2985,42.3
ci40677736,"8 km SE of Valle Vista, CA",0.92,2024-02-28 02:06:23.230,33.7065,-116.8203333,14.98
nc74009091,"7 km NW of The Geysers, CA",0.76,2024-02-28 01:58:24.500,38.8255005,-122.8048325,2.66
tx2024eccz,"51 km S of Whites City, New Mexico",1.7,2024-02-28 01:55:00.556,31.718,-104.297,7.8943
nc74009086,"10 km WNW of The Geysers, CA",0.26,2024-02-28 01:49:31.470,38.8264999,-122.8511658,2.16
ak0242plj5cm,"3 km S of Meadow Lakes, Alaska",1.4,2024-02-28 01:39:00.503,61.5901,-149.5907,29.6
us6000mgpd,south of the Fiji Islands,4.5,2024-02-28 01:37:50.932,-24.3175,-179.7469,500.942
ak0242pli9hm,"192 km ESE of Attu Station, Alaska",3.1,2024-02-28 01:34:31.141,51.9668,175.6256,25.8
nc74009076,"8 km NW of The Geysers, CA",0.76,2024-02-28 01:32:59.670,38.8196678,-122.8248367,2.02
tx2024ecce,"49 km W of Mentone, Texas",1.6,2024-02-28 01:30:47.580,31.739,-104.119,5.741
uu80050971,"14 km NE of Milford, Utah",0.6,2024-02-28 01:24:05.200,38.4953333333333,-112.897333333333,2.28
nc74009066,"16 km W of Petrolia, CA",2.34,2024-02-28 01:19:06.740,40.3198333,-124.4698333,18.4
us6000mfja,"100 km W of Aykol, China",4.3,2024-02-28 01:17:45.879,41.129,78.9618,10.0
av92217376,"22 km NNE of Atka, Alaska",1.72,2024-02-28 01:16:48.280,52.3833333333333,-174.096166666667,16.76
ak0242plcven,"62 km SE of Denali National Park, Alaska",1.7,2024-02-28 01:09:15.839,63.1127,-150.919,122.0
av91134308,"92 km W of Adak, Alaska",0.4,2024-02-28 01:05:11.670,51.8713333333333,-177.982333333333,5.94
ak0242plb6nh,"17 km E of Ferry, Alaska",1.5,2024-02-28 01:01:28.016,63.9996,-148.7514,3.5
ak0242pl24yd,"169 km WSW of Nikolski, Alaska",3.3,2024-02-28 00:59:07.411,52.3476,-171.1641,106.4
mb90042078,"8 km NNW of Smiths Ferry, Idaho",1.73,2024-02-28 00:55:16.390,44.3741666666667,-116.122833333333,3.55
ak0242pl0gut,"127 km WSW of Adak, Alaska",2.2,2024-02-28 00:51:29.978,51.2756,-178.2023,24.4
ci40677720,"23 km N of Borrego Springs, CA",0.18,2024-02-28 00:46:15.460,33.4603333,-116.4171667,8.43
ci40677712,"4 km NNW of Boron, CA",1.83,2024-02-28 00:36:37.430,35.034,-117.6706667,-0.79
uu80050876,"14 km NE of Milford, Utah",1.05,2024-02-28 00:25:35.430,38.4925,-112.898166666667,1.84
ak0242pkrv8u,"51 km WSW of Cantwell, Alaska",1.3,2024-02-28 00:11:15.982,63.1762,-149.8549,88.4
uu80050866,"14 km NE of Milford, Utah",0.49,2024-02-28 00:06:04.820,38.495,-112.897,2.0
ak0242pkpy0m,"25 km WNW of Ninilchik, Alaska",1.9,2024-02-28 00:02:26.027,60.1719,-152.0505,66.8
uu80050856,"15 km NE of Milford, Utah",0.66,2024-02-27 23:59:45.150,38.498,-112.8955,2.29
ci40677672,"1 km ENE of Beaumont, CA",1.16,2024-02-27 23:50:34.090,33.9326667,-116.9701667,13.09
pr71441473,"2 km SE of Indios, Puerto Rico",2.54,2024-02-27 23:50:11.200,17.98,-66.8021666666667,10.07
ak0242ob5tw1,"19 km SSW of Hope, Alaska",1.3,2024-02-27 23:50:06.899,60.7505,-149.7509,32.1
nc74009051,"7 km NW of The Geysers, CA",1.25,2024-02-27 23:48:39.150,38.814,-122.8173333,1.07
ak0242ob5a0w,"111 km WSW of Adak, Alaska",2.9,2024-02-27 23:47:50.406,51.5057,-178.1378,6.9
ak0242ob46e3,"191 km ESE of Attu Station, Alaska",2.8,2024-02-27 23:42:35.792,52.0699,175.6938,29.0
uu80050816,"15 km NE of Milford, Utah",-0.61,2024-02-27 23:38:33.030,38.4985,-112.893333333333,2.74
ak0242ob2op2,"27 km SSE of Chickaloon, Alaska",2.2,2024-02-27 23:35:39.532,61.5746,-148.2501,15.4
ci40677656,"8 km ENE of Ridgecrest, CA",0.84,2024-02-27 23:34:56.650,35.6425,-117.5853333,6.67
nc74009046,"8 km WNW of Cobb, CA",0.61,2024-02-27 23:30:34.370,38.8373337,-122.8121643,1.85
ak0242ob1llk,"100 km SSE of Atka, Alaska",2.4,2024-02-27 23:30:33.207,51.3125,-173.8742,20.0
pr2024058001,"49 km NE of Miches, Dominican Republic",3.54,2024-02-27 23:29:26.730,19.3135,-68.7326,11.0
ak0242oazwlh,"60 km WNW of Petersville, Alaska",1.2,2024-02-27 23:22:42.616,62.7322,-151.8356,2.3
mb90042148,"8 km N of Twin Bridges, Montana",0.46,2024-02-27 23:22:30.120,45.619,-112.311166666667,4.99
uu80050771,"14 km NE of Milford, Utah",0.79,2024-02-27 23:10:51.040,38.4928333333333,-112.895333333333,2.08
ak0242oawtxk,"25 km SSE of Chickaloon, Alaska",2.6,2024-02-27 23:08:08.661,61.5857,-148.2603,14.3
av91134303,"15 km N of Atka, Alaska",0.56,2024-02-27 23:03:32.640,52.333,-174.160833333333,4.08
uu80050741,"14 km NE of Milford, Utah",0.38,2024-02-27 22:57:29.780,38.4946666666667,-112.893,2.09
nc74009031,"8 km NW of The Geysers, CA",0.42,2024-02-27 22:57:08.750,38.8186667,-122.8253333,2.77
nc74009026,"7 km NW of The Geysers, CA",1.52,2024-02-27 22:56:29.590,38.8158333,-122.8215,2.36
ak0242oalhh2,"52 km SSE of Akutan, Alaska",1.9,2024-02-27 22:55:14.783,53.739,-165.3528,8.1
uu80050736,"14 km NE of Milford, Utah",0.79,2024-02-27 22:54:41.310,38.4905,-112.893,2.22
ci40677632,"18 km N of Borrego Springs, CA",0.61,2024-02-27 22:53:50.550,33.4175,-116.3655,12.04
ci40677624,"18 km N of Borrego Springs, CA",2.88,2024-02-27 22:50:52.000,33.4143333,-116.3783333,12.63
mb90042053,"8 km NNW of Smiths Ferry, Idaho",2.18,2024-02-27 22:48:37.650,44.3705,-116.129333333333,-0.54
nc74009016,"10 km WSW of Petrolia, CA",2.13,2024-02-27 22:44:55.560,40.2918333,-124.397,31.21
ak0242oaizdw,"40 km E of Pedro Bay, Alaska",2.5,2024-02-27 22:43:48.174,59.7197,-153.3963,104.2
us6000mfie,"32 km SE of Bellavista, Colombia",4.5,2024-02-27 22:41:52.127,6.3247,-76.7048,45.198
uu80050696,"23 km SSW of Mammoth, Wyoming",0.97,2024-02-27 22:34:42.990,44.7746666666667,-110.776166666667,5.97
us6000mfih,"8 km ENE of Dutch Harbor, Alaska",2.5,2024-02-27 22:31:04.556,53.9307,-166.4249,109.405
nc74009011,"6 km W of Cobb, CA",0.68,2024-02-27 22:30:31.070,38.8310013,-122.7913361,0.95
uw61985591,"13 km S of Princeton, Canada",2.0100000000000002,2024-02-27 22:17:06.590,49.3385,-120.4865,-0.37
ak0242oaccyp,"16 km WNW of Fishhook, Alaska",1.5,2024-02-27 22:12:57.864,61.7833,-149.534,35.8
ak0242oac8lq,"38 km WNW of Elfin Cove, Alaska",2.1,2024-02-27 22:12:01.226,58.348,-136.9379,14.4
uw61985586,"4 km SSW of Port Ludlow, Washington",1.84,2024-02-27 22:06:15.200,47.89066666666667,-122.71766666666667,-0.03
nc74009006,"6 km W of Cobb, CA",1.62,2024-02-27 21:55:48.650,38.8276667,-122.7901667,1.43
ak0242o9wo03,"185 km WSW of Adak, Alaska",2.5,2024-02-27 21:39:36.020,51.2739,-179.1377,40.2
mb90042193,"8 km NNW of Smiths Ferry, Idaho",1.86,2024-02-27 21:39:25.550,44.3675,-116.130333333333,10.17
pr71441453,"3 km SE of Maria Antonia, Puerto Rico",2.15,2024-02-27 21:39:09.380,17.9603333333333,-66.8651666666667,16.42
ak0242o9wee1,"61 km SSE of Cantwell, Alaska",1.4,2024-02-27 21:38:11.315,62.9167,-148.344,15.5
mb90042043,"9 km NNW of Smiths Ferry, Idaho",1.55,2024-02-27 21:33:24.440,44.3821666666667,-116.127,9.75
ak0242o9u4ls,"11 km ENE of Fox, Alaska",1.3,2024-02-27 21:27:50.713,64.9894,-147.3893,0.0
us6000mfi1,"77 km WNW of Ollagüe, Chile",4.2,2024-02-27 21:27:26.519,-21.0681,-68.9786,115.917
uu80050646,"14 km NE of Milford, Utah",0.37,2024-02-27 21:26:11.950,38.4941666666667,-112.893833333333,1.99
ok2024ebty,"11 km ESE of Crowder, Oklahoma",1.75,2024-02-27 21:20:56.939,35.08833333,-95.55216667,7.14
ci40677584,"10 km NNW of Anza, CA",0.5,2024-02-27 21:19:21.370,33.6391667,-116.7131667,13.49
ak0242o9s78a,"19 km W of Anchor Point, Alaska",1.4,2024-02-27 21:18:51.780,59.8037,-152.1674,52.3
mb90042033,"7 km NNW of Smiths Ferry, Idaho",2.44,2024-02-27 21:15:19.430,44.3625,-116.134666666667,5.53
ak0242o9qp77,"12 km NE of Cantwell, Alaska",2.0,2024-02-27 21:11:51.582,63.486,-148.8052,10.6
ak0242o9q9vk,"6 km SW of Salcha, Alaska",1.1,2024-02-27 21:09:52.892,64.4784,-146.9964,3.1
nc74008986,"4 km NNW of The Geysers, CA",0.78,2024-02-27 21:01:59.780,38.8056679,-122.7768326,1.92
nc74008981,"12 km S of Tres Pinos, CA",1.25,2024-02-27 20:59:34.910,36.6791667,-121.3341667,4.08
ak0242o9fhxd,"9 km N of Chignik Lagoon, Alaska",2.6,2024-02-27 20:59:25.484,56.3977,-158.5167,65.3
tx2024ebte,"48 km NW of Toyah, Texas",1.8,2024-02-27 20:58:00.300,31.649,-104.117,1.9086
nn00873976,"28 km NNW of Sutcliffe, Nevada",0.6,2024-02-27 20:52:00.434,40.1834,-119.742,18.3
ak0242o9bheb,"20 km W of Anchorage, Alaska",1.4,2024-02-27 20:40:52.039,61.1859,-150.2832,11.3
ak0242o99x6x,"41 km NW of Ninilchik, Alaska",1.7,2024-02-27 20:33:23.610,60.3537,-152.1045,70.3
pr71441448,"8 km SE of La Parguera, Puerto Rico",1.99,2024-02-27 20:31:02.340,17.9275,-66.9795,15.61
ak0242o97rfx,"69 km SSW of Atka, Alaska",2.9,2024-02-27 20:23:12.661,51.6626,-174.7243,19.3
ak0242o96xas,"73 km ENE of Stony River, Alaska",1.4,2024-02-27 20:19:25.329,62.033,-155.2949,4.2
uu80050591,"15 km NE of Milford, Utah",0.69,2024-02-27 20:17:24.340,38.4976666666667,-112.895,2.4
ak0242o95tl7,"31 km NNE of Paxson, Alaska",0.9,2024-02-27 20:14:18.871,63.3668,-145.4568,0.9
ak0242o95tuv,"29 km NE of Chase, Alaska",1.4,2024-02-27 20:14:14.153,62.661,-149.7666,63.3
nc74008976,"3 km SW of Clayton, CA",0.75,2024-02-27 20:11:04.580,37.923,-121.959,-0.29
uw61985526,"15 km N of Ashford, Washington",0.42,2024-02-27 20:09:48.560,46.9,-122.00866666666667,10.8
ak0242o94363,"60 km SE of Denali National Park, Alaska",1.6,2024-02-27 20:05:58.899,63.1126,-150.9929,122.4
uu80050571,"14 km NE of Milford, Utah",0.78,2024-02-27 20:04:46.740,38.4963333333333,-112.8945,2.06
mb90042143,"6 km E of Walkerville, Montana",1.1,2024-02-27 20:03:36.220,46.0256666666667,-112.4565,-2.0
ci40677472,"8 km SSW of Mojave, CA",1.32,2024-02-27 19:55:22.380,34.9858333,-118.1918333,-0.93
uw61985506,"29 km E of Castle Rock, Washington",0.61,2024-02-27 19:48:30.820,46.246833333333335,-122.52883333333334,14.86
ci40677440,"28 km ENE of Porterville, CA",2.41,2024-02-27 19:44:12.120,36.1661667,-118.726,11.75
nc74008961,"4 km SSE of Parkfield, CA",0.56,2024-02-27 19:37:59.530,35.867,-120.4185,7.6
ak0242o8pe4b,"13 km N of Nikiski, Alaska",1.5,2024-02-27 19:37:45.235,60.813,-151.3183,5.2
ci40677424,"8 km S of Idyllwild, CA",0.64,2024-02-27 19:33:14.490,33.6711667,-116.724,14.15
ci40677400,"7 km SSE of Home Gardens, CA",1.42,2024-02-27 19:30:25.090,33.8228333,-117.4803333,-0.61
nc74008956,"7 km W of Cobb, CA",0.34,2024-02-27 19:29:56.220,38.8318333,-122.8078333,2.4
ci40677384,"13 km W of Mojave, CA",1.41,2024-02-27 19:26:50.290,35.047,-118.3203333,-0.93
mb90042028,"7 km NNW of Smiths Ferry, Idaho",2.06,2024-02-27 19:16:06.980,44.3613333333333,-116.123666666667,5.01
nc74008951,"6 km WNW of Cobb, CA",0.72,2024-02-27 19:15:59.490,38.8375015,-122.7929993,2.2
uu80050506,"14 km NE of Milford, Utah",0.69,2024-02-27 19:13:27.490,38.4946666666667,-112.895333333333,2.2
uu80050501,"14 km NE of Milford, Utah",0.1,2024-02-27 19:13:18.600,38.4946666666667,-112.896166666667,2.22
mb90042023,"6 km WSW of Townsend, Montana",1.86,2024-02-27 19:12:22.020,46.2973333333333,-111.605666666667,-2.0
uu80050496,"14 km NE of Milford, Utah",0.16,2024-02-27 19:07:04.110,38.4976666666667,-112.897166666667,2.18
ak0242o88g1m,"76 km N of Yakutat, Alaska",1.7,2024-02-27 18:58:38.662,60.2358,-139.6794,6.1
mb90042018,"7 km NNW of Smiths Ferry, Idaho",1.43,2024-02-27 18:53:29.540,44.3681666666667,-116.119,5.01
ak0242o85dwm,"15 km E of Kasilof, Alaska",1.6,2024-02-27 18:44:11.262,60.3466,-150.9972,50.1
uu80050471,"14 km NE of Milford, Utah",0.9,2024-02-27 18:41:12.330,38.4953333333333,-112.895,2.25
se60571291,"6 km SW of Bridgeport, Alabama",2.11,2024-02-27 18:40:24.180,34.9036666666667,-85.7655,8.16
av92217016,"22 km W of Dutch Harbor, Alaska",0.91,2024-02-27 18:30:07.840,53.8906666666667,-166.883333333333,4.55
uw61985481,"19 km NE of Packwood, Washington",0.92,2024-02-27 18:29:18.340,46.7445,-121.518,5.01
us6000mfgy,"25 km NNW of Shimokizukuri, Japan",4.2,2024-02-27 18:26:58.124,41.0075,140.2106,160.249
uu80050466,"14 km NE of Milford, Utah",1.67,2024-02-27 18:23:48.400,38.4963333333333,-112.894666666667,1.92
ak0242o800iy,"1 km NNW of Point Possession, Alaska",1.6,2024-02-27 18:19:01.703,60.9316,-150.6966,38.7
nc74008941,"8 km NW of The Geysers, CA",0.76,2024-02-27 18:18:23.950,38.8305016,-122.8160019,1.73
uu80050456,"15 km ESE of Providence, Utah",1.31,2024-02-27 18:16:34.580,41.6755,-111.635,18.7
us6000mg4k,"204 km WNW of Pangai, Tonga",4.4,2024-02-27 18:12:41.708,-19.0387,-176.1196,272.65
ak0242o7y6yg,"189 km SSW of Inuvik, Canada",2.8,2024-02-27 18:10:55.289,66.8687,-135.8753,32.4
tx2024ebnr,"23 km SSW of Westbrook, Texas",2.6,2024-02-27 18:10:21.739,32.156,-101.107,9.9854
us6000mfgt,"86 km W of San Antonio de los Cobres, Argentina",4.4,2024-02-27 18:08:31.583,-24.3709,-67.1576,156.088
nc74008936,"8 km NW of The Geysers, CA",0.44,2024-02-27 18:07:46.100,38.8311667,-122.8138333,1.58
ak0242o7xhab,"86 km NW of Whitehorse, Canada",2.5,2024-02-27 18:07:19.627,61.2576,-136.1976,5.7
ak0242o7mznm,"85 km NW of Whitehorse, Canada",1.6,2024-02-27 17:58:28.508,61.2739,-136.1487,15.7
ak0242o7mrcl,"141 km ESE of McCarthy, Alaska",1.2,2024-02-27 17:57:20.855,61.0827,-140.3836,19.0
ak0242o7lndc,"56 km NNW of Yakutat, Alaska",1.6,2024-02-27 17:52:02.727,60.0442,-139.9318,9.1
av91134298,"19 km W of Sitka, Alaska",0.33,2024-02-27 17:47:36.140,57.0503333333333,-135.646833333333,7.22
ak0242o7k7r2,"127 km ESE of McCarthy, Alaska",1.5,2024-02-27 17:45:33.740,61.1842,-140.5995,13.4
ak0242o7jr6u,"125 km E of McCarthy, Alaska",1.5,2024-02-27 17:43:18.817,61.2481,-140.6147,15.9
ak0242o7grse,"20 km WSW of Anchorage, Alaska",3.5,2024-02-27 17:29:27.830,61.1346,-150.2437,61.7
uu80050391,"14 km NE of Milford, Utah",0.72,2024-02-27 17:27:21.660,38.4923333333333,-112.893833333333,2.29
av92216981,"26 km N of Atka, Alaska",2.11,2024-02-27 17:13:55.120,52.4333333333333,-174.188333333333,9.81
nc74008926,"8 km NW of The Geysers, CA",0.37,2024-02-27 17:11:50.730,38.8296667,-122.8185,1.95
ak0242o7cxeo,"17 km ESE of Sand Point, Alaska",2.4,2024-02-27 17:11:33.761,55.269,-160.2447,47.6
mb90042138,"8 km NNW of Smiths Ferry, Idaho",2.23,2024-02-27 17:07:56.670,44.3708333333333,-116.13,6.57
ak0242o7bu17,"92 km SE of Unalaska, Alaska",2.6,2024-02-27 17:06:18.260,53.3123,-165.5044,25.6
mb90042013,"8 km N of Smiths Ferry, Idaho",2.44,2024-02-27 17:04:23.710,44.3745,-116.103,7.52
uu80050376,"15 km NE of Milford, Utah",0.81,2024-02-27 16:55:18.570,38.4975,-112.895666666667,1.99
uu80050366,"15 km NE of Milford, Utah",0.5,2024-02-27 16:42:35.320,38.4973333333333,-112.895666666667,1.9
ak0242o6vawq,"29 km W of Akhiok, Alaska",2.5,2024-02-27 16:29:11.780,56.9528,-154.6635,15.2
ak0242o6skj6,"213 km ESE of Chiniak, Alaska",3.1,2024-02-27 16:15:32.817,56.8275,-149.0552,11.9
ak0242o6rhu6,"44 km E of Denali National Park, Alaska",1.1,2024-02-27 16:11:34.220,63.52,-150.823,6.3
uu80050356,"14 km NE of Milford, Utah",0.31,2024-02-27 16:10:24.430,38.4913333333333,-112.892833333333,1.89
ak0242o6qnbm,"48 km NNE of Chitina, Alaska",1.4,2024-02-27 16:07:38.743,61.9157,-144.0728,5.5
hv74122796,"5 km WSW of Volcano, Hawaii",1.73000002,2024-02-27 16:07:15.370,19.4225006103516,-155.285507202148,8.22000026702881
nc74008916,"6 km W of Cobb, CA",0.39,2024-02-27 16:06:48.480,38.8288333,-122.7878333,2.54
us7000m1ux,"93 km SSE of Popondetta, Papua New Guinea",4.9,2024-02-27 16:05:54.524,-9.5602,148.5123,10.0
ak0242o6q82l,"10 km NNW of Meadow Lakes, Alaska",1.4,2024-02-27 16:05:41.091,61.7166,-149.6407,17.9
nc74008906,"2 km N of The Geysers, CA",0.82,2024-02-27 15:57:08.260,38.7910004,-122.7591629,1.17
ak0242o6fppk,"14 km NNE of Petersville, Alaska",1.4,2024-02-27 15:56:37.528,62.623,-150.7001,78.7
nc74008901,"2 km NE of The Geysers, CA",0.54,2024-02-27 15:48:23.190,38.7886667,-122.745,1.26
ak0242o6c949,"18 km SE of Atka, Alaska",2.0,2024-02-27 15:40:22.819,52.1038,-173.9844,22.0
nc74008896,"6 km ESE of Sonoma, CA",1.16,2024-02-27 15:18:16.800,38.2791667,-122.3921667,6.4
ci40677184,"12 km WNW of Anza, CA",0.56,2024-02-27 15:16:28.800,33.5833333,-116.804,7.95
ak0242o66iml,"6 km SSW of Salcha, Alaska",1.1,2024-02-27 15:13:46.666,64.473,-146.9722,4.3
hv74122756,"2 km SW of Pāhala, Hawaii",2.3599999,2024-02-27 15:10:30.030,19.1811676025391,-155.494506835938,33.9700012207031
ak0242o65gcw,"30 km ENE of Paxson, Alaska",1.4,2024-02-27 15:08:51.107,63.2274,-145.0948,7.0
ci40677168,"3 km SE of Ontario, CA",2.0,2024-02-27 15:06:39.170,34.035,-117.5996667,4.34
ak0242o64kan,"54 km ENE of Susitna North, Alaska",1.3,2024-02-27 15:04:35.199,62.2817,-148.8259,9.2
uu80050306,"14 km NE of Milford, Utah",0.49,2024-02-27 15:01:35.290,38.494,-112.895166666667,2.4
uu80050301,"14 km NE of Milford, Utah",0.74,2024-02-27 15:00:56.150,38.4941666666667,-112.895666666667,2.12
ok2024ebhf,"8 km WNW of Prague, Oklahoma",1.13,2024-02-27 14:55:02.339,35.5205,-96.77033333,5.71
av91134293,"92 km W of Adak, Alaska",0.67,2024-02-27 14:46:50.530,51.8711666666667,-177.980666666667,6.28
ak0242o5s4v2,"18 km ENE of Willow, Alaska",1.5,2024-02-27 14:46:36.466,61.8234,-149.7266,40.0
ak0242o5rimw,"16 km NNE of Houston, Alaska",1.4,2024-02-27 14:43:48.406,61.767,-149.7172,13.4
nc74008891,"10 km NW of The Geysers, CA",1.39,2024-02-27 14:39:10.250,38.8378333,-122.8361667,1.65
ak0242o5q13a,"55 km NNW of Petersville, Alaska",1.7,2024-02-27 14:36:54.461,62.9339,-151.2958,117.4
uu80050271,"14 km NE of Milford, Utah",0.82,2024-02-27 14:31:26.040,38.4945,-112.894166666667,2.46
nc74008881,"6 km WNW of Cobb, CA",0.87,2024-02-27 14:30:03.130,38.8349991,-122.7883301,1.68
us7000m1ur,"103 km SE of Kokopo, Papua New Guinea",4.8,2024-02-27 14:27:53.250,-5.0965,152.8235,41.698
ak0242o5nzmp,"27 km NW of Susitna, Alaska",1.6,2024-02-27 14:27:02.417,61.7382,-150.8217,68.4
nc74008876,"7 km S of Tres Pinos, CA",1.04,2024-02-27 14:23:48.050,36.7318333,-121.3318333,7.93
nc74008871,"21 km N of San Simeon, CA",1.8,2024-02-27 14:20:03.260,35.8323333,-121.198,5.03
uu80050241,"14 km NE of Milford, Utah",0.67,2024-02-27 14:19:56.180,38.4966666666667,-112.896,2.19
us7000m1uq,"126 km SSE of Kyzyl-Suu, Kyrgyzstan",4.3,2024-02-27 14:18:00.580,41.2585,78.4668,3.188
uu80050231,"14 km NE of Milford, Utah",0.67,2024-02-27 14:16:43.790,38.4965,-112.8955,2.24
uw61985396,"7 km SE of Oso, Washington",1.12,2024-02-27 14:15:57.290,48.227333333333334,-121.85516666666666,9.87
nc74008866,"8 km SSE of Cloverdale, CA",1.31,2024-02-27 14:11:11.330,38.7468333,-122.9673333,2.35
us7000m1up,"86 km NW of Vallenar, Chile",4.0,2024-02-27 14:10:43.391,-28.0359,-71.4015,17.528
ak0242o5k8nl,"70 km NNE of Aleneva, Alaska",2.0,2024-02-27 14:09:53.132,58.6058,-152.295,7.2
nc74008861,"3 km SW of Anderson Springs, CA",1.21,2024-02-27 14:07:25.680,38.7555,-122.7138333,1.95
uu80050221,"14 km NE of Milford, Utah",0.75,2024-02-27 14:07:19.830,38.4953333333333,-112.896,2.19
uu80050211,"14 km NE of Milford, Utah",-0.29,2024-02-27 14:02:53.570,38.4945,-112.894666666667,2.32
ak0242o5ioyg,"43 km SE of Nelchina, Alaska",1.3,2024-02-27 14:02:31.283,61.6806,-146.2801,35.6
uu80050206,"14 km NE of Milford, Utah",0.28,2024-02-27 14:02:27.510,38.497,-112.8965,2.18
pr71441418,"70 km N of Isabela, Puerto Rico",3.33,2024-02-27 14:01:45.930,19.1325,-66.9448333333333,14.35
nc74008856,"3 km NNW of The Geysers, CA",0.86,2024-02-27 13:54:49.350,38.8026657,-122.7679977,1.08
ak0242o58dn0,"142 km WSW of Adak, Alaska",2.1,2024-02-27 13:54:19.001,51.5015,-178.5982,12.9
ci40677152,"18 km N of Borrego Springs, CA",1.09,2024-02-27 13:52:58.880,33.4163333,-116.3753333,10.91
nn00873947,"5 km SW of Virginia City, Nevada",0.4,2024-02-27 13:44:34.936,39.2706,-119.6897,2.7
ak0242o54i4k,"14 km SE of Anchorage, Alaska",1.3,2024-02-27 13:36:10.923,61.1146,-149.7323,34.2
nc74008851,"8 km NW of The Geysers, CA",1.09,2024-02-27 13:31:53.120,38.8306656,-122.8193359,1.87
nn00873961,"10 km E of Herlong, California",0.3,2024-02-27 13:31:51.116,40.134,-120.0155,13.8
uu80050146,"14 km NE of Milford, Utah",0.2,2024-02-27 13:31:13.600,38.4938333333333,-112.893166666667,2.14
uu80050141,"14 km NE of Milford, Utah",0.2,2024-02-27 13:29:51.960,38.4948333333333,-112.895166666667,2.43
nn00873960,"29 km E of Bishop, California",0.4,2024-02-27 13:28:35.113,37.4031,-118.0676,8.8
uu80050136,"15 km NE of Milford, Utah",-0.26,2024-02-27 13:26:18.360,38.4958333333333,-112.891833333333,2.33
uu80050126,"14 km NE of Milford, Utah",1.18,2024-02-27 13:20:50.190,38.492,-112.896166666667,1.93
nc74008846,"6 km NW of The Geysers, CA",1.08,2024-02-27 13:12:48.030,38.8183327,-122.8016663,1.74
us7000m1uj,"23 km ESE of Lapseki, Turkey",4.5,2024-02-27 13:09:54.249,40.3005,26.9615,6.903
hv74122706,"14 km S of Volcano, Hawaii",1.44,2024-02-27 13:09:11.120,19.3086666666667,-155.251333333333,7.68
ak0242o4y5ti,"22 km SW of Petersville, Alaska",2.0,2024-02-27 13:06:52.350,62.3767,-151.1203,75.0
ak0242o4xuhf,"29 km NNW of Susitna, Alaska",1.6,2024-02-27 13:05:06.661,61.7737,-150.7954,65.2
ak0242o4o25x,"58 km ESE of Pedro Bay, Alaska",1.8,2024-02-27 12:59:39.093,59.686,-153.0767,92.2
uu80050106,"14 km NE of Milford, Utah",0.5,2024-02-27 12:58:49.890,38.4925,-112.8905,2.4
ak0242o4n4qc,"36 km E of Pedro Bay, Alaska",2.3,2024-02-27 12:55:07.964,59.8243,-153.4659,114.5
us7000m1ue,"7 km NNW of Smiths Ferry, Idaho",3.0,2024-02-27 12:54:27.907,44.3564,-116.1341,10.0
hv74122691,"7 km SW of Volcano, Hawaii",1.27,2024-02-27 12:50:42.240,19.394,-155.278333333333,1.45
uw61985376,"11 km E of Lake Marcel-Stillwater, Washington",1.04,2024-02-27 12:48:14.180,47.6745,-121.76516666666667,19.53
us7000m1ud,"18 km E of Ōhara, Japan",4.5,2024-02-27 12:43:58.456,35.2222,140.5907,35.0
uu80050071,"47 km SE of Mammoth, Wyoming",0.8,2024-02-27 12:43:52.550,44.629,-110.3485,2.62
ak0242o4j9q9,"26 km SE of Susitna North, Alaska",1.3,2024-02-27 12:37:04.330,61.9891,-149.5045,15.3
hv74122661,"10 km SW of Volcano, Hawaii",1.33,2024-02-27 12:33:10.330,19.3645,-155.29,0.84
hv74122656,"10 km SSW of Volcano, Hawaii",1.90999997,2024-02-27 12:33:10.190,19.363166809082,-155.285171508789,0.519999980926514
uu80050046,"15 km NE of Milford, Utah",0.57,2024-02-27 12:24:08.500,38.497,-112.894333333333,2.65
nc74008841,"6 km W of Cobb, CA",1.03,2024-02-27 12:22:57.600,38.8269997,-122.7890015,1.74
hv74122651,"4 km SSW of Pāhala, Hawaii",1.82,2024-02-27 12:18:51.820,19.1691666666667,-155.501166666667,36.61
tx2024ebbt,"17 km NE of Hermleigh, Texas",2.4,2024-02-27 12:08:52.651,32.755,-100.642,7.8857
ci40677128,"13 km NE of Ridgecrest, CA",0.79,2024-02-27 12:05:47.930,35.699,-117.5701667,2.47
ak0242o4c11b,"41 km E of Denali National Park, Alaska",1.7,2024-02-27 12:03:25.394,63.5503,-150.882,9.7
hv74122641,"15 km S of Volcano, Hawaii",1.70000005,2024-02-27 12:01:44.810,19.3023338317871,-155.247497558594,-0.200000002980232
ak0242o4bdx0,"8 km NNE of Susitna North, Alaska",1.4,2024-02-27 12:00:26.120,62.2265,-149.7718,14.4
ak0242o42g0a,"21 km E of Sterling, Alaska",1.7,2024-02-27 11:58:54.699,60.5363,-150.3664,41.6
nc74008836,"2 km N of The Geysers, CA",1.07,2024-02-27 11:57:26.840,38.7926674,-122.7600021,1.88
ak0242o41y0y,"94 km NW of Emmonak, Alaska",2.8,2024-02-27 11:56:21.146,63.3759,-165.8498,3.6
ak0242o41s1s,"93 km NW of Emmonak, Alaska",2.7,2024-02-27 11:55:43.687,63.3568,-165.8725,1.7
ak0242o41j4y,"16 km ENE of Kaltag, Alaska",1.2,2024-02-27 11:54:28.184,64.396,-158.4282,11.0
nn00873959,"17 km SSE of Dyer, Nevada",0.8,2024-02-27 11:51:47.872,37.5366,-117.9645,0.3
nc74008831,"14 km NW of Toms Place, CA",0.8,2024-02-27 11:49:54.590,37.6605,-118.7728333,7.44
nc74008826,"8 km NW of The Geysers, CA",0.7,2024-02-27 11:48:54.850,38.831665,-122.8184967,1.68
nc74008821,"8 km NW of The Geysers, CA",0.75,2024-02-27 11:42:51.700,38.831501,-122.8143311,1.62
us7000m1u0,"64 km E of Chuquitira, Peru",4.2,2024-02-27 11:33:58.773,-17.2979,-69.4407,167.235
us7000m1tz,"33 km SSW of Kirakira, Solomon Islands",5.0,2024-02-27 11:29:34.683,-10.74,161.8226,55.081
nc74008816,"7 km NW of The Geysers, CA",1.08,2024-02-27 11:29:10.610,38.8139992,-122.8195038,2.59
ak0242o3ugwg,"194 km SE of Adak, Alaska",2.9,2024-02-27 11:21:33.280,50.5024,-174.9092,9.7
uu80049991,"15 km NE of Milford, Utah",0.52,2024-02-27 11:21:02.560,38.4913333333333,-112.887833333333,2.81
nc74008811,"6 km WNW of Cobb, CA",0.04,2024-02-27 11:17:42.350,38.8371667,-122.794,2.28
hv74122636,"25 km S of Fern Forest, Hawaii",2.39,2024-02-27 11:15:15.620,19.2381666666667,-155.127166666667,41.34
nc74008806,"3 km NW of The Geysers, CA",0.61,2024-02-27 11:05:58.330,38.7921667,-122.78,1.41
nc74008801,"3 km NW of The Geysers, CA",0.84,2024-02-27 11:05:47.130,38.7970009,-122.7791672,1.13
nc74008796,"2 km NW of The Geysers, CA",0.43,2024-02-27 11:05:02.350,38.7923333,-122.7781667,1.26
ci40677120,"4 km N of Granada Hills, CA",0.94,2024-02-27 11:03:13.180,34.3106667,-118.5021667,11.5
mb90041968,"8 km NNW of Smiths Ferry, Idaho",2.38,2024-02-27 11:02:30.900,44.374,-116.111,7.58
us7000m1u1,"150 km SE of Mil’kovo, Russia",4.3,2024-02-27 11:01:29.265,53.9204,160.506,54.695
av92216661,"85 km NW of Karluk, Alaska",0.15,2024-02-27 11:00:50.750,58.1771666666667,-155.336,1.09
pr71441413,"4 km WSW of Fuig, Puerto Rico",2.3,2024-02-27 10:57:06.640,17.971,-66.9498333333333,12.65
pr71441408,"3 km NW of Fuig, Puerto Rico",2.24,2024-02-27 10:56:31.500,18.0095,-66.936,9.56
av92216646,"2 km E of King Cove, Alaska",0.77,2024-02-27 10:52:04.420,55.0566666666667,-162.277833333333,3.36
nn00873957,"44 km SSW of Goldfield, Nevada",0.3,2024-02-27 10:51:45.679,37.3212,-117.385,7.2
ci40677112,"14 km ENE of Borrego Springs, CA",0.9,2024-02-27 10:47:58.850,33.308,-116.2421667,5.24
nc74008791,"11 km NW of Parkfield, CA",0.77,2024-02-27 10:46:10.110,35.9658333,-120.5241667,7.24
ak0242o3e7ym,"240 km ENE of Kaktovik, Alaska",2.1,2024-02-27 10:45:52.462,70.752,-137.4706,20.0
av91134273,"4 km ESE of King Cove, Alaska",0.8,2024-02-27 10:45:24.670,55.0521666666667,-162.250666666667,1.18
ak0242o3dc10,"18 km WNW of Salamatof, Alaska",1.9,2024-02-27 10:41:39.076,60.6661,-151.6466,79.5
ci40677096,"6 km W of Muscoy, CA",1.26,2024-02-27 10:40:13.450,34.1501667,-117.4063333,8.75
ak0242o3b6a5,"21 km W of Nikiski, Alaska",1.7,2024-02-27 10:31:31.033,60.7203,-151.6776,80.3
ak0242o3ajq4,"26 km SSE of Eureka Roadhouse, Alaska",2.5,2024-02-27 10:28:39.657,61.7286,-146.9336,21.6
nc74008786,"8 km WNW of Cobb, CA",0.55,2024-02-27 10:25:51.730,38.8441667,-122.815,0.98
nc74008781,"8 km WNW of Cobb, CA",0.62,2024-02-27 10:25:34.240,38.8440018,-122.8151703,0.79
av91134253,"19 km W of Sitka, Alaska",0.37,2024-02-27 10:25:33.030,57.0461666666667,-135.65,6.83
nc74008776,"10 km WNW of The Geysers, CA",0.38,2024-02-27 10:22:52.810,38.825,-122.8536667,2.57
nc74008771,"2 km NW of The Geysers, CA",0.92,2024-02-27 10:12:34.340,38.7916679,-122.7773361,0.55
ci40677088,"5 km NE of Palomar Observatory, CA",0.56,2024-02-27 10:07:47.620,33.386,-116.822,11.21
hv74122596,"16 km E of Honaunau-Napoopoo, Hawaii",1.85000002,2024-02-27 09:54:31.900,19.4483337402344,-155.70849609375,1.10000002384186
tx2024eaxg,"4 km E of Falls City, Texas",2.3,2024-02-27 09:52:14.725,28.976,-97.973,0.0244
nc74008761,"10 km NW of The Geysers, CA",0.67,2024-02-27 09:50:20.800,38.8388329,-122.8353348,1.03
ak0242o2tqwf,"17 km SSE of Susitna North, Alaska",1.6,2024-02-27 09:50:00.330,62.0075,-149.7844,45.3
ak0242o2t6a1,"17 km S of Susitna North, Alaska",1.6,2024-02-27 09:47:33.193,62.0042,-149.7908,45.3
nc74008751,"10 km NW of The Geysers, CA",0.41,2024-02-27 09:38:12.850,38.838501,-122.8351669,1.08
nc74008746,"10 km NW of The Geysers, CA",1.11,2024-02-27 09:38:05.050,38.8393326,-122.8355026,0.98
ci40677080,"8 km SSW of Big Bear Lake, CA",1.15,2024-02-27 09:33:20.190,34.178,-116.9466667,7.78
ci40677072,"10 km S of Idyllwild, CA",0.49,2024-02-27 09:30:15.090,33.6513333,-116.7155,15.36
nc74008741,"7 km NW of The Geysers, CA",0.97,2024-02-27 09:26:21.430,38.8151665,-122.8216629,2.7
ci40677064,"12 km ENE of Ridgecrest, CA",1.04,2024-02-27 09:26:13.660,35.6686667,-117.5583333,7.01
nc74008736,"7 km NW of The Geysers, CA",1.02,2024-02-27 09:25:50.060,38.8161659,-122.8235016,2.44
tx2024eawg,"55 km S of Whites City, New Mexico",1.8,2024-02-27 09:22:39.130,31.679,-104.396,6.1511
us7000m1tl,"8 km NE of Mapastepec, Mexico",4.0,2024-02-27 09:17:04.168,15.4833,-92.8411,112.327
nc74008726,"7 km NW of The Geysers, CA",2.01,2024-02-27 09:16:59.550,38.8125,-122.8205,3.09
nc74008721,"7 km NW of The Geysers, CA",0.93,2024-02-27 09:13:51.800,38.8180008,-122.8238297,2.27
uu80049941,"15 km NE of Milford, Utah",0.72,2024-02-27 09:10:08.870,38.4888333333333,-112.882166666667,1.83
nc74008716,"2 km NNE of The Geysers, CA",0.5,2024-02-27 09:10:00.660,38.7988333,-122.7501667,0.54
nc74008711,"3 km NNE of The Geysers, CA",0.71,2024-02-27 09:09:19.310,38.7994995,-122.7480011,0.66
hv74122581,"11 km SSW of Volcano, Hawaii",1.84000003,2024-02-27 09:02:28.010,19.3568325042725,-155.292831420898,0.519999980926514
av91134248,"85 km NNW of Karluk, Alaska",-0.53,2024-02-27 09:00:21.000,58.2351666666667,-155.168666666667,2.79
nc74008706,"2 km NW of The Geysers, CA",0.74,2024-02-27 08:59:26.160,38.7895012,-122.7779999,1.37
ci40677056,"5 km W of Muscoy, CA",0.62,2024-02-27 08:56:52.950,34.1518333,-117.4015,8.15
ak0242o29oec,"27 km NE of Susitna North, Alaska",1.9,2024-02-27 08:56:36.881,62.3317,-149.4609,42.9
mb90042128,"12 km NNW of Basin, Montana",0.72,2024-02-27 08:54:51.560,46.3678333333333,-112.353666666667,11.93
us7000m1tf,"45 km NW of San Antonio de los Cobres, Argentina",4.6,2024-02-27 08:38:50.039,-23.9718,-66.677,211.123
nc74008701,"5 km NNE of Corralitos, CA",2.68,2024-02-27 08:36:40.440,37.028,-121.7783333,2.38
nc74008696,"10 km NW of The Geysers, CA",0.98,2024-02-27 08:35:39.390,38.8411674,-122.8366699,1.21
pr71441398,"5 km SW of La Parguera, Puerto Rico",2.3,2024-02-27 08:30:04.800,17.932,-67.0766666666667,9.19
us7000m1td,"8 km N of Smiths Ferry, Idaho",2.3,2024-02-27 08:25:27.397,44.3742,-116.1062,10.0
us6000mg40,"4 km NE of Salvacion, Philippines",4.6,2024-02-27 08:22:50.939,8.7383,126.2421,51.437
ci40677048,"1 km SE of Yucaipa, CA",0.95,2024-02-27 08:21:45.980,34.0293333,-117.0368333,16.85
ak0242o21yaj,"89 km NNW of Chalkyitsik, Alaska",1.2,2024-02-27 08:20:32.270,67.3868,-144.5723,11.6
nc74008691,"13 km NNW of Toms Place, CA",0.51,2024-02-27 08:08:25.090,37.6591667,-118.7605,8.16
us6000mg44,"40 km E of Aras-asan, Philippines",4.4,2024-02-27 08:00:33.792,8.8378,126.6748,62.644
ak0242o1nte8,"8 km SSE of Houston, Alaska",2.0,2024-02-27 07:54:37.726,61.5567,-149.7706,36.8
ci40677040,"2 km W of Borrego Springs, CA",0.77,2024-02-27 07:48:48.540,33.253,-116.3951667,8.58
nc74008686,"7 km WNW of Cobb, CA",0.46,2024-02-27 07:47:52.060,38.8363342,-122.8051682,1.32
nc74008681,"8 km NW of The Geysers, CA",0.23,2024-02-27 07:29:56.610,38.8343315,-122.8174973,1.87
ak0242o1htoz,"17 km S of Central, Alaska",1.1,2024-02-27 07:26:41.476,65.4178,-144.7356,2.3
ak0242o1ht6p,"116 km SE of Akhiok, Alaska",3.5,2024-02-27 07:26:36.146,56.1795,-152.8765,24.8
us7000m1t7,"Bonin Islands, Japan region",4.9,2024-02-27 07:19:51.538,26.159,140.6413,418.566
nn00873946,"1 km NE of Carter Springs, Nevada",0.4,2024-02-27 07:16:46.298,38.8718,-119.6247,2.0
ci40677032,"26 km SSW of Ocotillo Wells, CA",1.36,2024-02-27 07:07:40.390,32.931,-116.2531667,9.5
hv74122536,"36 km ESE of Naalehu, Hawaii",1.75,2024-02-27 07:01:55.600,18.9496666666667,-155.256333333333,13.62
uw61985311,"2 km N of Keyport, Washington",1.76,2024-02-27 07:00:49.820,47.720333333333336,-122.6225,23.65
ak0242o12z5i,"9 km NNE of Hope, Alaska",1.9,2024-02-27 06:57:14.715,61.0011,-149.5865,31.0
nc74008671,"8 km NW of The Geysers, CA",1.18,2024-02-27 06:55:41.830,38.8173332,-122.8256683,2.4
nc74008666,"8 km WNW of Cobb, CA",0.41,2024-02-27 06:34:38.240,38.8429985,-122.8180008,1.96
ak0242o0x03w,"3 km SSW of Salcha, Alaska",0.8,2024-02-27 06:29:28.759,64.4968,-146.9366,9.0
nc74008661,"0 km NNW of San Pablo, CA",2.12,2024-02-27 06:24:57.480,37.9661667,-122.3471667,4.55
ak0242o0vrkm,"12 km ESE of Eagle River, Alaska",1.4,2024-02-27 06:23:50.226,61.2844,-149.3561,35.2
nc74008656,"8 km NW of The Geysers, CA",1.08,2024-02-27 06:22:23.330,38.8286667,-122.8125,2.03
ak0242o0ux7o,"99 km WNW of Yakutat, Alaska",2.0,2024-02-27 06:19:54.533,59.9551,-141.2995,17.3
ci40677016,"14 km ENE of Ridgecrest, CA",1.83,2024-02-27 06:17:33.310,35.6703333,-117.5286667,8.39
ak0242o0rfnz,"74 km WSW of Unalaska, Alaska",1.9,2024-02-27 06:03:29.119,53.5113,-167.4891,25.9
us6000mg3z,Kermadec Islands region,4.2,2024-02-27 06:03:03.231,-27.6243,-179.2613,398.743
ak0242o0r9e7,"76 km E of Cordova, Alaska",2.0,2024-02-27 06:02:48.290,60.6431,-144.3704,14.1
ak0242o0hf0v,"9 km W of Cooper Landing, Alaska",1.6,2024-02-27 05:56:55.199,60.4766,-149.9894,40.9
av91134238,"96 km NNW of Karluk, Alaska",-0.09,2024-02-27 05:51:57.690,58.415,-154.776666666667,7.81
pr71441373,"2 km NNW of Indios, Puerto Rico",2.2,2024-02-27 05:51:07.420,18.0128333333333,-66.8258333333333,16.12
nc74008646,"8 km W of Cobb, CA",1.08,2024-02-27 05:46:27.550,38.8343315,-122.8098297,1.9
ci40677008,"7 km NW of Anza, CA",0.55,2024-02-27 05:43:55.110,33.601,-116.7315,12.47
ci40677000,"8 km NNW of Anza, CA",0.58,2024-02-27 05:43:09.320,33.6285,-116.6956667,13.38
tx2024eaoz,"55 km S of Whites City, New Mexico",2.6,2024-02-27 05:43:05.695,31.675,-104.361,6.0999
ak0242o0brk9,"32 km NW of Nikiski, Alaska",1.7,2024-02-27 05:30:18.332,60.912,-151.6896,77.9
ak0242o0apu3,"64 km NE of Teller, Alaska",1.4,2024-02-27 05:25:29.399,65.6028,-165.2476,2.7
nc74008636,"14 km NW of Pinnacles, CA",1.64,2024-02-27 05:22:13.160,36.6265,-121.25,5.34
nc74008631,"6 km W of Cobb, CA",0.54,2024-02-27 05:11:21.610,38.8281667,-122.797,1.21
nc74008626,"6 km WNW of Cobb, CA",1.27,2024-02-27 05:08:37.000,38.8341667,-122.7885,2.06
ak0242o05t1b,"4 km SSW of Salcha, Alaska",1.3,2024-02-27 05:02:38.129,64.4919,-146.9423,7.8
nc74008621,"23 km ENE of San Lucas, CA",1.03,2024-02-27 05:02:04.910,36.23,-120.7971667,7.24
nc74008616,"5 km NNW of Dixon Lane-Meadow Creek, CA",1.69,2024-02-27 04:53:45.320,37.4223333,-118.4446667,2.51
us7000m1ss,"33 km SW of Suai, Timor Leste",5.0,2024-02-27 04:49:09.646,-9.5186,125.0376,10.0
nc74008611,"4 km WNW of The Geysers, CA",1.07,2024-02-27 04:45:11.770,38.786499,-122.796669,-0.85
nc74008606,"6 km W of Cobb, CA",1.32,2024-02-27 04:44:52.150,38.8266667,-122.796,1.24
us7000m1sq,"20 km SE of Teno, Chile",4.4,2024-02-27 04:43:19.136,-34.9973,-70.9974,104.332
nc74008601,"10 km NE of San Martin, CA",0.76,2024-02-27 04:43:02.520,37.1355,-121.5225,8.55
pr2024058000,"54 km NNE of Culebra, Puerto Rico",3.83,2024-02-27 04:42:56.240,18.7838,-65.1765,22.0
nc74008596,"9 km WNW of Cobb, CA",0.41,2024-02-27 04:39:26.120,38.8398323,-122.8249969,2.48
us7000m1sr,"90 km NW of Naisano Dua, Indonesia",4.4,2024-02-27 04:39:08.773,-8.9985,123.2077,31.429
nc74008591,"6 km W of Cobb, CA",0.71,2024-02-27 04:34:31.230,38.8278351,-122.7979965,1.18
nc74008581,"14 km NW of Pinnacles, CA",0.84,2024-02-27 04:26:16.830,36.6266667,-121.2461667,5.39
ak0242nzpfua,"29 km WSW of Skwentna, Alaska",1.8,2024-02-27 04:26:02.733,61.8444,-151.8646,10.9
ak0242nzoonp,"63 km SSE of Nikolski, Alaska",3.1,2024-02-27 04:22:46.017,52.4188,-168.4671,22.0
nc74008576,"14 km NW of Pinnacles, CA",0.84,2024-02-27 04:20:50.070,36.6288333,-121.2481667,4.05
hv74122451,"10 km ENE of Pāhala, Hawaii",1.87,2024-02-27 04:19:51.590,19.2523326873779,-155.392333984375,35.3300018310547
nc74008571,"8 km WNW of Cobb, CA",0.57,2024-02-27 04:19:47.550,38.8443336,-122.8156662,1.83
nc74008566,"9 km NNE of Day Valley, CA",1.0,2024-02-27 04:12:47.260,37.114,-121.8406667,2.32
ci40676992,"11 km ENE of Cabazon, CA",1.43,2024-02-27 04:12:04.900,33.9636667,-116.6786667,12.84
av91134233,"42 km ENE of Adak, Alaska",0.3,2024-02-27 04:03:14.000,52.0758333333333,-176.103,-1.8
us6000mg3w,south of the Kermadec Islands,4.5,2024-02-27 03:56:19.194,-33.5351,-178.5968,10.0
us6000mg3u,south of the Kermadec Islands,4.3,2024-02-27 03:48:42.343,-33.6807,-178.4048,10.0
us6000mg3v,"163 km NW of Tobelo, Indonesia",4.4,2024-02-27 03:47:30.549,2.8288,127.0281,35.0
nn00873954,"6 km WSW of Greenville, California",1.8,2024-02-27 03:46:34.153,40.1271,-121.0205,0.0
ci40676984,"9 km SSW of Calimesa, CA",1.46,2024-02-27 03:44:06.830,33.9126667,-117.0748333,17.07
ak0242nz3eoo,"Rat Islands, Aleutian Islands, Alaska",3.0,2024-02-27 03:23:21.618,51.3731,178.8918,41.3
us7000m1sh,"85 km SW of Brisas Barra de Suchiate, Mexico",4.8,2024-02-27 03:23:05.320,14.0129,-92.8046,35.0
nc74008561,"6 km W of Cobb, CA",0.38,2024-02-27 03:20:02.910,38.827,-122.7963333,1.39
us7000m1sb,"87 km SW of Brisas Barra de Suchiate, Mexico",4.4,2024-02-27 03:16:15.873,13.9646,-92.7904,10.0
ak0242nyyzgg,"77 km SW of Unalaska, Alaska",2.0,2024-02-27 03:02:59.200,53.4535,-167.4675,28.9
nc74008556,"8 km NW of The Geysers, CA",1.41,2024-02-27 03:01:24.650,38.8298333,-122.8115,1.92
nc74008551,"8 km W of Cobb, CA",0.27,2024-02-27 02:55:56.730,38.8359985,-122.8176651,1.8
ak0242nymww8,"66 km ESE of Denali National Park, Alaska",2.6,2024-02-27 02:46:27.804,63.2933,-150.5176,132.7
mb90042123,"1 km SSE of Lima, Montana",0.76,2024-02-27 02:41:51.200,44.6283333333333,-112.584833333333,8.83
nc74008541,"24 km WSW of New Idria, CA",1.19,2024-02-27 02:32:00.850,36.344,-120.92,7.04
nc74008536,"1 km WSW of Rio Dell, CA",1.69,2024-02-27 02:30:55.400,40.4973333,-124.1161667,23.24
nc74008531,"7 km NW of The Geysers, CA",-0.1,2024-02-27 02:29:44.430,38.8113333,-122.8198333,2.76
us6000mg3y,"136 km ENE of Masohi, Indonesia",4.3,2024-02-27 02:28:23.605,-2.8299,130.1058,10.0
nc74008526,"14 km NW of Pinnacles, CA",1.1,2024-02-27 02:26:00.180,36.6275,-121.2495,3.87
nc74008521,"6 km W of Cobb, CA",0.78,2024-02-27 02:22:02.310,38.8271675,-122.7978363,1.26
tx2024eaid,"33 km NW of Toyah, Texas",1.6,2024-02-27 02:14:47.595,31.542,-104.025,7.843
ak0242nyf83x,"27 km S of Nelchina, Alaska",1.5,2024-02-27 02:10:40.680,61.7446,-146.7731,24.9
nc74008506,"8 km WSW of Ridgemark, CA",1.16,2024-02-27 02:10:14.610,36.7771667,-121.4453333,10.11
nc74008501,"5 km ESE of Pinnacles, CA",0.86,2024-02-27 02:02:25.300,36.5118333,-121.0906667,7.43
nc74008496,"7 km W of Cobb, CA",0.32,2024-02-27 02:02:24.830,38.8283348,-122.7993317,0.4
uu80049831,"14 km NE of Milford, Utah",0.61,2024-02-27 01:49:50.520,38.4941666666667,-112.893166666667,2.45
ak0242ny1a1j,"41 km WSW of Kivalina, Alaska",1.4,2024-02-27 01:45:33.359,67.5861,-165.4373,3.5
uu80049806,"15 km NE of Milford, Utah",0.17,2024-02-27 01:34:10.120,38.5015,-112.893333333333,0.86
nn00873939,"58 km S of Kingston, Nevada",1.3,2024-02-27 01:31:33.853,38.6856,-117.0879,0.0
uu80049801,"5 km ENE of Magna, Utah",0.8,2024-02-27 01:31:28.310,40.7296666666667,-112.0435,9.52
se60501683,"1 km NE of Rutledge, Tennessee",1.94,2024-02-27 01:31:14.490,36.2915,-83.505,7.3
hv74122336,"2 km WSW of Pāhala, Hawaii",1.79999995,2024-02-27 01:31:06.370,19.1940002441406,-155.497329711914,35.7700004577637
nn00873937,"20 km SW of Indian Springs, Nevada",1.0,2024-02-27 01:24:08.061,36.4585,-115.8585,8.4
ak0242nxwdm4,"37 km SSE of Akutan, Alaska",2.1,2024-02-27 01:22:46.847,53.8222,-165.5805,56.9
ak0242nxtyp0,"17 km E of Ferry, Alaska",1.8,2024-02-27 01:11:19.993,64.0096,-148.7674,0.0
mb90042008,"7 km NNW of Smiths Ferry, Idaho",2.09,2024-02-27 01:10:19.830,44.3633333333333,-116.125166666667,3.82
ak0242nxti1s,"16 km SSE of Halibut Cove, Alaska",1.7,2024-02-27 01:09:04.641,59.466,-151.0675,42.4
hv74122321,"10 km SSW of Volcano, Hawaii",1.87,2024-02-27 00:59:37.220,19.363166809082,-155.285827636719,-0.449999988079071
ak0242nxhjim,"53 km N of Chickaloon, Alaska",2.9,2024-02-27 00:53:24.900,62.2794,-148.466,8.8
ak0242nxgppf,"2 km SSW of Salcha, Alaska",1.0,2024-02-27 00:49:38.758,64.5025,-146.9231,9.1
ak0242nxg91z,"17 km N of Two Rivers, Alaska",1.2,2024-02-27 00:47:42.356,65.0273,-147.098,0.0
nc74008486,"2 km N of The Geysers, CA",0.72,2024-02-27 00:46:43.460,38.7981682,-122.754837,2.63
nc74008476,"10 km NW of Cobb, CA",1.32,2024-02-27 00:33:59.080,38.8796667,-122.81,2.6
ak0242nxcfi7,"17 km WNW of Beluga, Alaska",1.9,2024-02-27 00:29:39.949,61.2119,-151.3685,78.9
nc74008471,"7 km WNW of Saratoga, CA",0.72,2024-02-27 00:26:12.050,37.2788333,-122.0985,4.16
nc74008466,"6 km W of Cobb, CA",1.23,2024-02-27 00:25:41.120,38.825,-122.789,1.25
tx2024eaen,"47 km W of Mentone, Texas",1.6,2024-02-27 00:25:30.937,31.739,-104.099,6.6382
mb90042003,"7 km NNW of Smiths Ferry, Idaho",2.19,2024-02-27 00:21:02.590,44.3663333333333,-116.125333333333,5.0
ak0242nx9n6e,"72 km S of Shungnak, Alaska",1.4,2024-02-27 00:16:39.904,66.2421,-157.3597,7.6
ak0242nx9li1,"50 km N of Petersville, Alaska",1.5,2024-02-27 00:16:16.671,62.9523,-150.6972,106.1
uw61985216,"3 km WNW of Kapowsin, Washington",1.26,2024-02-27 00:15:19.830,47.001,-122.26,-0.48
uw61985221,"2 km E of Granite Falls, Washington",1.24,2024-02-27 00:14:31.520,48.087666666666664,-121.9395,-0.41
us7000m1s3,"Izu Islands, Japan region",4.7,2024-02-27 00:14:12.956,32.1737,141.7752,10.0
uu80049751,"15 km NE of Milford, Utah",0.85,2024-02-27 00:13:38.870,38.497,-112.892333333333,2.33
us6000mg3t,"70 km WNW of Tobelo, Indonesia",4.0,2024-02-27 00:08:27.383,2.0183,127.4499,91.522
ak0242nx7117,"3 km NW of Beluga, Alaska",2.1,2024-02-27 00:04:19.302,61.1663,-151.1251,69.5
ak0242nx6tim,"55 km WNW of Clam Gulch, Alaska",2.0,2024-02-27 00:03:22.383,60.4407,-152.2956,95.7
us7000m1rs,"7 km NNW of Smiths Ferry, Idaho",2.5,2024-02-27 00:01:02.997,44.3631,-116.1178,10.0
us7000m1rt,"88 km WSW of Pelabuhanratu, Indonesia",4.7,2024-02-26 23:55:36.570,-7.4263,105.8777,39.521
ak0242mnmx28,"43 km NW of Ninilchik, Alaska",1.6,2024-02-26 23:52:05.945,60.3314,-152.2047,85.2
tx2024eacv,"24 km SSW of Westbrook, Texas",2.0,2024-02-26 23:34:20.526,32.144,-101.072,8.4473
uw61985176,"9 km SSW of Friday Harbor, Washington",1.19,2024-02-26 23:19:13.570,48.46,-123.0835,22.82
ak0242mnf8b3,"36 km SSE of Denali National Park, Alaska",1.1,2024-02-26 23:16:23.194,63.2668,-151.34,7.5
ak0242mneshf,"44 km ENE of Pedro Bay, Alaska",2.2,2024-02-26 23:14:18.897,59.9985,-153.4263,134.0
nc74008456,"8 km W of Cobb, CA",0.86,2024-02-26 23:07:05.820,38.8333321,-122.8123322,1.8
nc74008451,"8 km W of Cobb, CA",0.58,2024-02-26 23:04:30.050,38.8341675,-122.8133316,1.77
ci40676936,"23 km ESE of Little Lake, CA",1.83,2024-02-26 23:02:28.150,35.8785,-117.6651667,7.78
ak0242mn2v6j,"7 km NW of Houston, Alaska",1.3,2024-02-26 22:58:55.754,61.6751,-149.9329,30.5
mb90041988,"7 km SSW of Marion, Montana",0.78,2024-02-26 22:58:12.850,48.0436666666667,-114.702833333333,0.67
tx2024eabm,"48 km NW of Toyah, Texas",1.7,2024-02-26 22:53:39.074,31.562,-104.208,7.9712
us7000m1rj,"75 km WSW of Challapata, Bolivia",4.1,2024-02-26 22:51:27.500,-19.2378,-67.3986,227.5
nc74008441,"12 km W of Cantua Creek, CA",1.53,2024-02-26 22:50:58.930,36.504,-120.4486667,15.02
ak0242mn0m39,"41 km W of Nanwalek, Alaska",2.8,2024-02-26 22:48:04.264,59.3896,-152.6507,69.3
mb90041998,"29 km SE of Virginia City, Montana",1.02,2024-02-26 22:40:05.370,45.0766666666667,-111.731666666667,-2.0
ak0242mmyiux,"6 km ENE of Big Lake, Alaska",1.7,2024-02-26 22:38:29.386,61.5428,-149.8409,34.0
nc74008431,"6 km NNW of The Geysers, CA",1.06,2024-02-26 22:38:15.980,38.8213348,-122.7926636,0.54
nc74008426,"6 km NNW of The Geysers, CA",0.88,2024-02-26 22:33:47.530,38.8218346,-122.7891693,1.14
ak0242mmwjx9,"34 km WNW of Willow, Alaska",1.3,2024-02-26 22:29:08.489,61.8527,-150.6581,54.0
ak0242mmuo41,"70 km E of Port Alsworth, Alaska",2.0,2024-02-26 22:20:30.151,60.3013,-153.0535,129.7
us6000mj1f,"36 km SE of Atka, Alaska",2.9,2024-02-26 22:20:20.433,51.9699,-173.8138,73.764
nc74008416,"8 km NW of The Geysers, CA",1.11,2024-02-26 22:14:08.540,38.8294983,-122.8119965,2.1
nc74008411,"6 km WNW of The Geysers, CA",0.87,2024-02-26 22:13:13.000,38.8065,-122.8203333,2.71
ak0242mme7rb,"19 km WSW of Glacier View, Alaska",1.3,2024-02-26 21:43:53.352,61.7193,-147.981,28.4
ak0242mmdrdl,"15 km WNW of Beluga, Alaska",1.5,2024-02-26 21:41:41.053,61.1805,-151.3565,76.5
us7000m1r0,"72 km SSE of Onagawa Chō, Japan",4.2,2024-02-26 21:40:17.588,37.8714,141.8418,45.963
tx2024dzzb,"53 km NW of Toyah, Texas",2.0,2024-02-26 21:39:52.314,31.668,-104.184,6.4587
ak0242mmd9ii,"52 km N of Yakutat, Alaska",1.5,2024-02-26 21:39:09.541,60.0077,-139.5536,0.0
ak0242mmcmp3,"72 km NW of Skwentna, Alaska",1.6,2024-02-26 21:36:13.833,62.5277,-152.1975,121.8
us6000mg3n,"131 km S of Isangel, Vanuatu",4.5,2024-02-26 21:35:56.386,-20.7191,169.4523,49.624
us7000m1qy,"12 km WNW of Puerto Morazán, Nicaragua",5.0,2024-02-26 21:35:38.435,12.9067,-87.2746,184.618
ak0242mm9q75,"33 km WNW of Valdez, Alaska",1.4,2024-02-26 21:22:59.411,61.1983,-146.9623,0.0
nc74008391,"5 km W of Cobb, CA",1.07,2024-02-26 21:22:51.200,38.8203316,-122.7848358,1.7
ak0242mm8nbi,"84 km SW of Kaktovik, Alaska",1.5,2024-02-26 21:17:55.381,69.564,-145.0653,6.8
ci40676872,"4 km WNW of Borrego Springs, CA",0.8,2024-02-26 21:15:22.600,33.2696667,-116.4145,4.13
ak0242mm7qas,"116 km WSW of Anaktuvuk Pass, Alaska",1.1,2024-02-26 21:13:27.742,67.9618,-154.4848,6.6
ak0242mm72x0,"33 km NW of Ninilchik, Alaska",2.0,2024-02-26 21:10:25.182,60.2783,-152.063,75.8
nc74008386,"8 km NW of The Geysers, CA",0.45,2024-02-26 21:08:11.290,38.8303337,-122.8123322,2.11
nc74008381,"6 km NNW of The Geysers, CA",0.25,2024-02-26 21:08:07.160,38.8256683,-122.7978363,1.41
nc74008376,"8 km WNW of Cobb, CA",0.95,2024-02-26 21:03:11.320,38.8358345,-122.8099976,2.37
mb90041993,"5 km E of Butte, Montana",1.42,2024-02-26 20:58:30.080,46.0091666666667,-112.4665,-2.0
ak0242mlvhyt,"65 km NE of Whittier, Alaska",1.8,2024-02-26 20:56:18.431,61.156,-147.7695,0.0
ci40676864,"7 km SSE of Idyllwild, CA",1.2,2024-02-26 20:55:50.910,33.683,-116.7008333,17.11
us6000mg3m,"139 km SE of Bitung, Indonesia",4.3,2024-02-26 20:46:12.538,0.5296,126.0016,62.004
nc74008371,"7 km W of Cobb, CA",1.28,2024-02-26 20:35:25.610,38.834,-122.8005,1.86
mb90041893,"7 km N of Smiths Ferry, Idaho",1.74,2024-02-26 20:32:59.880,44.3685,-116.105,5.0
ak0242mlqfoe,"43 km ENE of Pedro Bay, Alaska",1.9,2024-02-26 20:32:58.540,59.887,-153.3481,122.9
av91134203,"23 km WSW of Chignik Lake, Alaska",-0.28,2024-02-26 20:25:35.470,56.1598333333333,-159.104166666667,12.26
ak0242mlmgqe,"18 km NNE of Nikiski, Alaska",1.4,2024-02-26 20:14:05.982,60.8321,-151.1064,62.5
ci40676840,"5 km NE of Bradbury, CA",1.04,2024-02-26 20:13:57.290,34.1743333,-117.9341667,-0.87
ak0242mlm2nr,"43 km NNW of Valdez, Alaska",1.4,2024-02-26 20:12:23.596,61.4912,-146.6374,19.7
us7000m1qh,"117 km WNW of Nadi, Fiji",4.7,2024-02-26 20:10:52.119,-17.5886,176.3307,10.0
ci40676832,"14 km ENE of Borrego Springs, CA",0.83,2024-02-26 19:57:13.680,33.3106667,-116.2436667,5.36
nc74008361,"8 km NW of The Geysers, CA",1.1,2024-02-26 19:56:04.040,38.8311653,-122.8174973,1.64
ci40676824,"42 km WSW of Carlsbad, CA",2.13,2024-02-26 19:54:51.760,33.0071667,-117.7576667,5.74
ak0242ml9h31,"69 km ESE of Denali Park, Alaska",1.7,2024-02-26 19:53:44.356,63.5741,-147.5518,11.7
nc74008356,"7 km NW of The Geysers, CA",0.74,2024-02-26 19:52:00.510,38.8153343,-122.82267,2.19
mb90041848,"7 km NNW of Smiths Ferry, Idaho",2.2,2024-02-26 19:43:54.170,44.3711666666667,-116.110166666667,5.0
nc74008346,"8 km NE of Shelter Cove, CA",1.53,2024-02-26 19:38:52.150,40.083,-124.0003333,21.21
us7000m1q6,"238 km W of Tual, Indonesia",4.9,2024-02-26 19:37:15.784,-5.9318,130.6181,107.409
tx2024dzuy,"17 km NE of Hermleigh, Texas",2.4,2024-02-26 19:34:21.969,32.758,-100.647,7.7393
mb90041838,"7 km NNW of Smiths Ferry, Idaho",1.72,2024-02-26 19:30:34.800,44.3693333333333,-116.109333333333,5.0
ak0242ml49ux,"148 km WSW of Adak, Alaska",2.3,2024-02-26 19:29:18.812,51.1731,-178.4573,22.6
mb90041828,"7 km NNW of Smiths Ferry, Idaho",1.76,2024-02-26 19:22:34.920,44.3633333333333,-116.117833333333,5.0
mb90041928,"7 km N of Smiths Ferry, Idaho",1.76,2024-02-26 19:19:16.620,44.3703333333333,-116.108166666667,7.48
nc74008341,"7 km WNW of The Geysers, CA",1.45,2024-02-26 19:11:48.300,38.8081667,-122.8241667,2.46
ak0242mkzyw8,"58 km WSW of Atka, Alaska",2.4,2024-02-26 19:09:10.489,51.9582,-174.955,75.9
us7000m1q2,"8 km NNW of Smiths Ferry, Idaho",2.8,2024-02-26 19:00:41.080,44.3733,-116.1299,12.515
nn00873924,"36 km SE of Mina, Nevada",1.9,2024-02-26 18:58:39.653,38.1495,-117.8307,11.0
mb90041918,"7 km NNW of Smiths Ferry, Idaho",2.29,2024-02-26 18:55:42.010,44.3683333333333,-116.121833333333,5.0
nc74008331,"5 km W of Cobb, CA",0.69,2024-02-26 18:54:48.020,38.824501,-122.7848358,0.09
mb90041913,"7 km NNW of Smiths Ferry, Idaho",2.11,2024-02-26 18:48:24.210,44.3671666666667,-116.124,1.53
us7000m1qt,"8 km NNW of Smiths Ferry, Idaho",2.3,2024-02-26 18:45:10.772,44.3649,-116.1383,4.74
mb90041933,"7 km NNW of Smiths Ferry, Idaho",1.96,2024-02-26 18:44:28.450,44.3696666666667,-116.114,3.95
nc74008321,"6 km W of Cobb, CA",1.6,2024-02-26 18:44:01.550,38.8303333,-122.7916667,1.8
mb90041808,"7 km NNW of Smiths Ferry, Idaho",2.39,2024-02-26 18:42:32.490,44.3663333333333,-116.1125,6.32
uw61984981,"12 km ESE of Enumclaw, Washington",1.6,2024-02-26 18:34:28.120,47.15266666666667,-121.84933333333333,-0.77
nc74008311,"7 km WNW of Cobb, CA",0.23,2024-02-26 18:31:13.220,38.836834,-122.7996674,2.11
us7000m1q3,"6 km WNW of Itoman, Japan",4.2,2024-02-26 18:30:18.515,26.1459,127.6116,41.476
ak0242mkigvd,"24 km SE of Susitna North, Alaska",1.6,2024-02-26 18:27:45.484,62.0055,-149.518,7.4
nc74008306,"8 km NW of The Geysers, CA",0.77,2024-02-26 18:25:15.610,38.8310013,-122.8174973,1.68
mb90041903,"7 km NNW of Smiths Ferry, Idaho",2.12,2024-02-26 18:21:01.640,44.3658333333333,-116.125666666667,4.13
mb90041803,"7 km NNW of Smiths Ferry, Idaho",2.17,2024-02-26 18:17:40.920,44.3658333333333,-116.112166666667,4.98
ak0242mkfv7y,"55 km E of Whittier, Alaska",1.2,2024-02-26 18:15:41.666,60.7297,-147.6799,5.9
nc74008286,"2 km E of Aromas, CA",1.55,2024-02-26 18:14:12.060,36.8881667,-121.6206667,-0.12
nc74008281,"13 km W of Cantua Creek, CA",1.69,2024-02-26 18:06:23.210,36.492,-120.456,14.59
mb90041798,"8 km NNW of Smiths Ferry, Idaho",1.37,2024-02-26 18:05:29.920,44.373,-116.124833333333,5.02
ak0242mkdkbm,"47 km SSE of Glacier View, Alaska",1.2,2024-02-26 18:04:57.302,61.4063,-147.3726,15.6
nc74008276,"12 km W of Cantua Creek, CA",1.71,2024-02-26 18:04:01.800,36.5076667,-120.4513333,14.31
uu80049541,"15 km NE of Milford, Utah",1.13,2024-02-26 18:03:41.400,38.495,-112.888833333333,2.34
mb90041923,"7 km NNW of Smiths Ferry, Idaho",2.12,2024-02-26 18:00:01.510,44.3666666666667,-116.121166666667,5.01
mb90041823,"8 km NNW of Smiths Ferry, Idaho",2.14,2024-02-26 17:59:25.890,44.368,-116.134833333333,4.99
ci40676760,"13 km ESE of Anza, CA",1.62,2024-02-26 17:57:11.730,33.5168333,-116.5366667,11.02
us7000m1pm,"119 km W of Aykol, China",4.4,2024-02-26 17:55:57.498,41.1678,78.7406,8.299
nc74008251,"7 km WNW of The Geysers, CA",1.12,2024-02-26 17:51:29.910,38.8088333,-122.8223333,2.18
av92215766,"10 km WNW of Dutch Harbor, Alaska",0.61,2024-02-26 17:48:12.200,53.9168333333333,-166.7015,4.97
nc74008246,"8 km NW of The Geysers, CA",1.66,2024-02-26 17:46:28.880,38.8306667,-122.816,1.65
us7000m1pk,"117 km WNW of Aykol, China",4.4,2024-02-26 17:46:03.063,41.2263,78.7773,10.0
us7000m1ph,"6 km NNW of Smiths Ferry, Idaho",2.8,2024-02-26 17:46:02.527,44.3548,-116.1347,10.007
mb90041778,"7 km N of Smiths Ferry, Idaho",1.65,2024-02-26 17:42:39.600,44.3665,-116.100333333333,4.98
ak0242mjzkdx,"28 km E of Unalaska, Alaska",2.4,2024-02-26 17:39:22.513,53.8657,-166.1068,71.7
pr71441323,"12 km SSE of Guánica, Puerto Rico",2.64,2024-02-26 17:35:53.630,17.861,-66.8848333333333,8.02
ak0242mjyj6w,"29 km WSW of Kotzebue, Alaska",2.1,2024-02-26 17:34:44.682,66.8379,-163.2577,6.2
nc74008241,"8 km WSW of Ridgemark, CA",0.8,2024-02-26 17:34:12.980,36.7783333,-121.4485,9.98
ak0242mjxe0b,"16 km NW of Fishhook, Alaska",1.2,2024-02-26 17:29:10.515,61.828,-149.4899,39.6
us7000m1pd,"10 km N of Smiths Ferry, Idaho",4.9,2024-02-26 17:25:43.465,44.3907,-116.1108,12.164
av91134188,"80 km NNW of Karluk, Alaska",0.1,2024-02-26 17:25:32.680,58.2601666666667,-154.877333333333,4.73
ak0242mjvans,"66 km WNW of Beluga, Alaska",1.4,2024-02-26 17:19:33.599,61.3091,-152.2632,2.2
us7000m1ng,Owen Fracture Zone region,5.0,2024-02-26 17:15:32.776,11.4991,57.6615,10.0
nc74008231,"6 km NW of The Geysers, CA",0.81,2024-02-26 17:14:28.340,38.8139992,-122.8008347,2.96
ci40676728,"13 km WSW of Ludlow, CA",0.33,2024-02-26 17:12:04.830,34.692,-116.2953333,2.95
us6000mg3i,"109 km SE of Pondaguitan, Philippines",4.2,2024-02-26 17:04:47.515,5.6658,126.8807,112.36
ci40676720,"14 km ESE of Anza, CA",0.52,2024-02-26 17:00:42.340,33.5196667,-116.5266667,12.35
nn00873916,"55 km S of Silver Peak, Nevada",1.3,2024-02-26 16:51:56.826,37.2588,-117.6039,9.1
nc74008221,"6 km WNW of San Francisco Zoo, CA",1.19,2024-02-26 16:50:37.370,37.7503333,-122.5625,8.32
ak0242mjg99o,"68 km W of Tyonek, Alaska",1.8,2024-02-26 16:49:09.453,61.1868,-152.3928,130.3
ak0242mjfmxi,"43 km W of Cantwell, Alaska",1.6,2024-02-26 16:46:27.039,63.3749,-149.8174,94.8
uu80049516,"15 km NE of Milford, Utah",-0.01,2024-02-26 16:37:58.370,38.4946666666667,-112.888,2.62
av92215686,"63 km ENE of Pedro Bay, Alaska",-0.23,2024-02-26 16:35:31.580,60.0521666666667,-153.1,1.98
ak0242mjc8zi,"40 km N of Karluk, Alaska",1.9,2024-02-26 16:30:47.668,57.9286,-154.4294,72.5
hv74121946,"10 km SSW of Volcano, Hawaii",1.91,2024-02-26 16:26:16.580,19.357666015625,-155.285507202148,0.180000007152557
nc74008216,"8 km NW of The Geysers, CA",-0.33,2024-02-26 16:25:12.180,38.8316667,-122.8183333,1.72
ak0242mj79t7,"81 km W of Karluk, Alaska",2.4,2024-02-26 16:07:26.109,57.7099,-155.7892,91.4
ak0242miwi5f,"53 km WSW of Cantwell, Alaska",1.3,2024-02-26 15:57:01.470,63.1633,-149.8904,88.1
us6000mg3h,south of the Fiji Islands,4.2,2024-02-26 15:53:00.682,-24.0668,-179.8811,533.388
av91134178,"97 km NNW of Karluk, Alaska",0.56,2024-02-26 15:37:35.650,58.4221666666667,-154.787166666667,6.45
nc74008201,"3 km W of Cobb, CA",0.41,2024-02-26 15:33:41.430,38.8236667,-122.7598333,2.13
tx2024dzmw,"54 km NW of Toyah, Texas",1.6,2024-02-26 15:30:04.129,31.667,-104.188,8.374
ci40676632,"8 km SE of Ocotillo Wells, CA",2.2,2024-02-26 15:28:24.850,33.0895,-116.0666667,8.73
ak0242mipi3j,"43 km NNW of Karluk, Alaska",2.0,2024-02-26 15:24:34.800,57.9523,-154.6106,54.4
ci40676624,"6 km N of Delta, B.C., MX",1.7,2024-02-26 15:24:15.460,32.4133333,-115.1998333,15.27
tx2024dzmq,"46 km NW of Toyah, Texas",2.0,2024-02-26 15:23:29.730,31.571,-104.174,8.2532
nc74008196,"7 km WNW of Cobb, CA",0.65,2024-02-26 15:16:52.060,38.8383331,-122.7958298,1.92
ci40676608,"14 km SW of Searles Valley, CA",1.45,2024-02-26 15:09:00.970,35.6815,-117.5211667,9.46
ak0242miaqxh,"66 km ESE of Pedro Bay, Alaska",1.6,2024-02-26 14:55:50.939,59.5757,-153.0082,88.4
ci40676592,"3 km NW of El Centro, CA",1.13,2024-02-26 14:43:29.470,32.8101667,-115.5821667,11.7
nc74008181,"8 km WNW of The Geysers, CA",0.75,2024-02-26 14:30:42.790,38.8154984,-122.829834,1.06
nc74008171,"9 km NW of The Geysers, CA",-0.07,2024-02-26 14:27:17.290,38.837,-122.8296667,2.04
us7000m1m7,"124 km SSE of Kyzyl-Suu, Kyrgyzstan",4.3,2024-02-26 14:20:28.301,41.2807,78.4912,9.952
ak0242mi0njz,"73 km E of King Salmon, Alaska",2.3,2024-02-26 14:08:37.876,58.5958,-155.4001,139.7
nc74008161,"6 km WNW of Cobb, CA",0.3,2024-02-26 14:07:56.840,38.8351667,-122.7906667,2.37
ak0242mi08ag,"40 km SSW of Cantwell, Alaska",1.3,2024-02-26 14:06:42.226,63.0538,-149.2672,81.3
ak0242mhoo7y,"151 km W of Elfin Cove, Alaska",2.3,2024-02-26 13:52:53.797,58.0775,-138.9125,0.5
ak0242mholdx,"68 km SW of Unalaska, Alaska",1.8,2024-02-26 13:52:14.777,53.507,-167.368,13.1
us7000m1m6,south of the Fiji Islands,4.2,2024-02-26 13:49:47.841,-22.0731,179.5804,610.994
uw61984836,"36 km NNE of Amboy, Washington",0.63,2024-02-26 13:46:16.980,46.18566666666667,-122.192,7.91
ak0242mhl18p,"44 km W of Susitna, Alaska",1.5,2024-02-26 13:35:54.014,61.5335,-151.3487,69.0
ci40676576,"107 km SE of Estacion Coahuila, B.C., MX",4.07,2024-02-26 13:31:39.080,31.4155,-114.3338333,5.96
uw61984826,"17 km SSE of Glacier, Washington",1.6400000000000001,2024-02-26 13:29:33.890,48.756166666666665,-121.82983333333334,2.4
nc74008151,"8 km NW of The Geysers, CA",1.09,2024-02-26 13:27:25.170,38.8311653,-122.8164978,1.67
ci40676568,"15 km NE of Ridgecrest, CA",0.96,2024-02-26 13:24:31.010,35.7185,-117.565,2.5
uu80049436,"15 km NE of Milford, Utah",0.42,2024-02-26 13:05:38.110,38.4953333333333,-112.8825,2.14
av92215511,"11 km WNW of Dutch Harbor, Alaska",0.15,2024-02-26 13:02:25.130,53.9413333333333,-166.700333333333,5.22
av91134158,"22 km W of Sitka, Alaska",0.32,2024-02-26 13:01:18.030,57.0521666666667,-135.697833333333,8.21
ak0242mh4bax,"4 km SSW of Salcha, Alaska",1.5,2024-02-26 12:57:53.134,64.4888,-146.929,7.6
hv74121861,"11 km SSW of Volcano, Hawaii",1.73,2024-02-26 12:54:09.760,19.3563327789307,-155.287506103516,-0.529999971389771
av91134143,"96 km N of Karluk, Alaska",-0.37,2024-02-26 12:47:40.570,58.4226666666667,-154.759,5.58
nc74008141,"45 km W of Petrolia, CA",2.62,2024-02-26 12:44:30.380,40.3608333,-124.8095,13.19
nc74008146,"15 km ESE of Boonville, CA",1.17,2024-02-26 12:42:18.130,38.9388333,-123.2156667,2.71
uu80049431,"15 km NE of Milford, Utah",0.58,2024-02-26 12:39:00.730,38.494,-112.885,1.73
us7000m1lv,"116 km WNW of Aykol, China",4.3,2024-02-26 12:28:42.870,41.2247,78.7931,10.0
ak0242mgxg3l,"18 km SSE of Soldotna, Alaska",1.5,2024-02-26 12:25:49.136,60.3406,-150.8926,49.9
av91134153,"17 km W of Sitka, Alaska",-0.15,2024-02-26 12:24:37.410,57.0383333333333,-135.623166666667,5.33
av91134148,"22 km W of Sitka, Alaska",0.29,2024-02-26 12:14:09.300,57.0511666666667,-135.7005,7.0
ak0242mgul39,"15 km SE of Soldotna, Alaska",1.6,2024-02-26 12:12:14.700,60.3806,-150.8928,45.7
ci40676552,"10 km S of Idyllwild, CA",0.47,2024-02-26 12:11:24.860,33.646,-116.7095,16.59
ak0242mgu4vf,"88 km SE of Kokhanok, Alaska",1.7,2024-02-26 12:09:57.234,58.8812,-153.6745,9.8
ci40676544,"6 km SSW of Idyllwild, CA",1.0,2024-02-26 12:08:20.130,33.686,-116.7416667,16.28
us7000m1lu,"194 km SE of Fakfak, Indonesia",4.3,2024-02-26 12:06:47.470,-4.0546,133.6448,23.856
tx2024dzgb,"47 km NW of Toyah, Texas",1.6,2024-02-26 12:04:22.465,31.572,-104.193,7.5354
ci40676528,"23 km NNW of Tehachapi, CA",1.8,2024-02-26 11:50:51.150,35.3195,-118.5638333,2.94
ak0242mgg7jx,"39 km SSW of Tanana, Alaska",1.7,2024-02-26 11:45:05.934,64.8338,-152.3118,18.0
ak0242mgeqbb,"12 km S of Clam Gulch, Alaska",1.4,2024-02-26 11:38:16.876,60.1237,-151.4364,64.7
us7000m1ln,"75 km WNW of Rikaze, China",4.5,2024-02-26 11:29:22.032,29.4839,88.1481,10.0
ci40676520,"4 km ESE of Big Bear Lake, CA",0.97,2024-02-26 11:26:56.010,34.226,-116.8735,4.54
ak0242mgc6pt,"98 km NNW of Karluk, Alaska",1.7,2024-02-26 11:26:29.825,58.4305,-154.7926,6.1
ak0242mgbxyk,"37 km NW of Tatitlek, Alaska",1.4,2024-02-26 11:25:05.070,61.1377,-147.091,0.0
uu80000533,"7 km E of Hebgen Lake Estates, Montana",-0.09,2024-02-26 11:21:41.410,44.7811666666667,-111.095,15.45
uu80049371,"16 km NE of Milford, Utah",-0.11,2024-02-26 11:21:16.380,38.5015,-112.878833333333,1.98
nn00873915,"7 km ENE of Floriston, California",1.0,2024-02-26 11:16:49.324,39.4204,-119.9384,7.8
nc74008131,"7 km NW of The Geysers, CA",0.44,2024-02-26 11:15:55.170,38.815834,-122.8190002,1.63
hv74121801,"2 km SW of Pāhala, Hawaii",2.16000009,2024-02-26 11:12:29.140,19.1825008392334,-155.493499755859,31.3700008392334
ak0242mg8wtu,"93 km SE of Kokhanok, Alaska",1.5,2024-02-26 11:11:12.336,58.8494,-153.6138,3.2
uu80049366,"15 km NE of Milford, Utah",0.11,2024-02-26 11:05:01.910,38.4933333333333,-112.882833333333,1.5
nc74008126,"2 km N of The Geysers, CA",0.27,2024-02-26 11:03:34.510,38.795,-122.7551667,0.21
mb90041763,"13 km W of Dillon, Montana",1.01,2024-02-26 11:02:07.800,45.2018333333333,-112.806833333333,7.19
av91134128,"96 km NNW of Karluk, Alaska",-0.13,2024-02-26 11:00:51.890,58.4196666666667,-154.778166666667,7.16
ak0242mfwzfh,"56 km S of King Cove, Alaska",1.8,2024-02-26 10:55:36.932,54.5588,-162.2549,21.3
pr71441298,"4 km ESE of Boquerón, Puerto Rico",2.23,2024-02-26 10:53:04.800,18.0058333333333,-67.132,8.35
ak0242mfw9iy,"52 km SW of Denali National Park, Alaska",1.0,2024-02-26 10:52:00.493,63.1879,-152.4188,3.5
ak0242mfvu9g,"63 km S of Shungnak, Alaska",1.0,2024-02-26 10:50:03.409,66.3153,-157.1855,8.3
ak0242mfuthe,"57 km WNW of Happy Valley, Alaska",1.6,2024-02-26 10:45:26.745,60.0875,-152.7281,99.2
ak0242mftoul,"14 km N of Adak, Alaska",1.6,2024-02-26 10:40:00.139,52.0009,-176.6482,13.2
av91134118,"96 km NNW of Karluk, Alaska",-0.3,2024-02-26 10:23:13.920,58.4163333333333,-154.775666666667,7.65
ak0242mfpogl,"55 km SW of Denali National Park, Alaska",1.5,2024-02-26 10:21:29.029,63.1646,-152.4561,0.7
av92215406,"63 km ENE of Pedro Bay, Alaska",-0.64,2024-02-26 10:18:32.260,60.0465,-153.093333333333,-0.49
ak0242mfp11t,"23 km SSE of Denali National Park, Alaska",1.6,2024-02-26 10:18:24.295,63.3646,-151.4799,10.2
ak0242mfnr47,"92 km NNW of Aleneva, Alaska",1.3,2024-02-26 10:12:30.158,58.8167,-153.5557,11.8
ci40676512,"4 km WSW of Imperial, CA",1.14,2024-02-26 10:07:39.480,32.825,-115.6098333,10.52
uu80049336,"15 km NE of Milford, Utah",0.53,2024-02-26 10:00:46.700,38.4918333333333,-112.8825,2.41
uu80049331,"15 km NE of Milford, Utah",0.14,2024-02-26 09:59:49.000,38.4918333333333,-112.885333333333,1.78
ak0242mfccsy,"96 km NNW of Karluk, Alaska",0.8,2024-02-26 09:59:12.344,58.4211,-154.7717,6.3
av92215391,"96 km NNW of Karluk, Alaska",-0.03,2024-02-26 09:58:36.710,58.4211666666667,-154.779166666667,7.55
nc74008121,"2 km NNW of The Geysers, CA",0.84,2024-02-26 09:58:03.100,38.7906667,-122.7676667,2.75
ak0242mfbqtt,"98 km NNW of Karluk, Alaska",0.8,2024-02-26 09:56:27.264,58.4324,-154.7928,9.0
nn00873944,"7 km NNE of Truckee, California",1.0,2024-02-26 09:54:40.186,39.3946,-120.1507,9.3
av92215386,"20 km NNE of Atka, Alaska",0.81,2024-02-26 09:54:03.540,52.3758333333333,-174.1285,7.8
av91134103,"96 km NNW of Karluk, Alaska",-0.11,2024-02-26 09:50:05.330,58.4213333333333,-154.782,7.12
ak0242mfa9vg,"27 km W of Nanwalek, Alaska",1.7,2024-02-26 09:49:57.528,59.3769,-152.4012,85.5
hv74121721,"6 km SW of Volcano, Hawaii",1.84,2024-02-26 09:46:51.350,19.3971672058105,-155.276840209961,0.910000026226044
nc74008116,"8 km WNW of Cobb, CA",0.55,2024-02-26 09:46:13.460,38.838665,-122.8126678,2.35
av91134098,"43 km NE of Adak, Alaska",1.54,2024-02-26 09:40:17.330,52.1298333333333,-176.1605,15.66
ci40676504,"4 km WSW of Imperial, CA",1.12,2024-02-26 09:38:13.140,32.8278333,-115.6095,11.42
ak0242mf78k0,"45 km WNW of Valdez, Alaska",1.6,2024-02-26 09:35:25.066,61.2905,-147.1206,0.0
ak0242mf6to7,"184 km WSW of Adak, Alaska",2.3,2024-02-26 09:33:21.115,51.2941,-179.1212,18.1
av91134093,"22 km W of Sitka, Alaska",0.31,2024-02-26 09:33:11.180,57.0531666666667,-135.697,6.72
ak0242mf6r8a,"37 km NE of Chase, Alaska",1.9,2024-02-26 09:32:59.511,62.6459,-149.5046,60.2
av91134088,"22 km W of Sitka, Alaska",0.32,2024-02-26 09:29:00.270,57.0516666666667,-135.699833333333,6.91
av92215361,"63 km ENE of Pedro Bay, Alaska",-0.76,2024-02-26 09:27:15.200,60.0446666666667,-153.088166666667,-2.48
ak0242mf4qny,"65 km WNW of Happy Valley, Alaska",1.9,2024-02-26 09:24:00.303,60.0712,-152.8889,104.9
ak0242mf2s9l,"241 km W of Adak, Alaska",2.4,2024-02-26 09:14:47.295,51.8693,179.8572,128.1
nn00873912,"64 km NW of Rachel, Nevada",1.9,2024-02-26 09:14:04.713,38.0607,-116.2612,7.7
av91134083,"29 km N of Atka, Alaska",1.23,2024-02-26 09:05:59.760,52.4583333333333,-174.170666666667,6.26
nn00873936,"4 km SSW of Sierra Brooks, California",0.8,2024-02-26 09:05:24.950,39.61,-120.2419,9.7
ak0242mf0kay,"29 km SSE of Cantwell, Alaska",1.4,2024-02-26 09:04:11.168,63.1372,-148.7741,6.7
uu80049286,"16 km NE of Milford, Utah",0.53,2024-02-26 09:03:29.670,38.5016666666667,-112.8845,2.36
ak0242mezytm,"26 km E of Chenega, Alaska",1.4,2024-02-26 09:01:32.580,60.065,-147.5451,7.1
av92215336,"63 km ENE of Pedro Bay, Alaska",-0.84,2024-02-26 09:01:27.210,60.0455,-153.0885,-2.05
uu80049281,"15 km NE of Milford, Utah",0.86,2024-02-26 08:59:17.650,38.5,-112.893666666667,2.18
nc74008106,"6 km NW of The Geysers, CA",1.06,2024-02-26 08:53:13.910,38.8125,-122.8096695,2.77
ak0242meouaf,"28 km E of Port Alsworth, Alaska",2.5,2024-02-26 08:49:41.837,60.2526,-153.8129,188.2
ak0242meokdd,"49 km N of Chickaloon, Alaska",1.5,2024-02-26 08:48:13.469,62.2399,-148.5345,9.6
ci40676496,"6 km E of Yorba Linda, CA",0.75,2024-02-26 08:44:24.040,33.895,-117.7443333,9.74
tx2024dyzj,"32 km WSW of Ackerly, Texas",2.2,2024-02-26 08:40:52.523,32.409,-102.036,10.376
ak0242melfbg,"97 km WNW of Yakutat, Alaska",1.6,2024-02-26 08:33:47.969,60.0063,-141.2142,1.5
av92215296,"63 km ENE of Pedro Bay, Alaska",-0.88,2024-02-26 08:29:52.030,60.0448333333333,-153.087333333333,-2.59
nc74008096,"6 km NW of The Geysers, CA",1.64,2024-02-26 08:27:26.560,38.8138333,-122.8141667,2.94
ak0242mejpvr,"45 km NW of Beluga, Alaska",1.5,2024-02-26 08:25:51.752,61.3747,-151.7754,79.3
nc74008091,"7 km NW of The Geysers, CA",1.03,2024-02-26 08:23:50.330,38.8151665,-122.8144989,2.6
us7000m1l4,"28 km WNW of Methven, New Zealand",4.6,2024-02-26 08:21:12.021,-43.5586,171.3163,10.0
nc74008086,"2 km N of The Geysers, CA",0.44,2024-02-26 08:13:04.850,38.7905006,-122.7596664,3.23
uu80000528,"4 km SW of Corinne, Utah",0.97,2024-02-26 08:07:47.300,41.5263333333333,-112.157333333333,11.42
uu80049241,"15 km NE of Milford, Utah",-0.44,2024-02-26 08:07:33.680,38.4923333333333,-112.8795,1.64
nc74008081,"11 km SE of Pinnacles, CA",1.24,2024-02-26 07:59:25.660,36.4685,-121.047,7.69
ci40676488,"23 km N of Ridgecrest, CA",1.93,2024-02-26 07:58:42.480,35.827,-117.6676667,9.95
ci40676480,"23 km N of Ridgecrest, CA",1.61,2024-02-26 07:58:29.990,35.8258333,-117.6688333,9.43
ak0242me52zs,"25 km SE of Susitna North, Alaska",1.3,2024-02-26 07:57:23.739,61.9909,-149.5351,10.0
av91134073,"20 km W of Sitka, Alaska",0.41,2024-02-26 07:56:26.500,57.0301666666667,-135.6695,4.4
ci40676472,"17 km NE of Ocotillo, CA",1.11,2024-02-26 07:50:43.000,32.8528333,-115.8773333,8.5
hv74121671,"14 km SW of Volcano, Hawaii",1.72000003,2024-02-26 07:45:55.380,19.3396663665771,-155.32633972168,3.89000010490417
ci40676464,"12 km NNE of Ocotillo Wells, CA",1.05,2024-02-26 07:42:47.390,33.2451667,-116.0815,3.2
us7000m1l1,"19 km NNW of Whakatane, New Zealand",4.2,2024-02-26 07:40:41.659,-37.7893,176.9365,165.347
nn00873934,"3 km SSW of Sierra Brooks, California",1.0,2024-02-26 07:39:24.512,39.6128,-120.2361,11.7
nn00873935,"3 km NNW of Mesa, California",1.1,2024-02-26 07:38:53.230,37.4497,-118.5525,0.0
uu80049221,"15 km NE of Milford, Utah",0.57,2024-02-26 07:35:34.350,38.4951666666667,-112.8915,2.25
nn00873933,"29 km N of Pahrump, Nevada",0.3,2024-02-26 07:34:17.508,36.4743,-116.0223,6.9
ak0242mdzxhp,"14 km N of Meadow Lakes, Alaska",1.4,2024-02-26 07:33:19.844,61.7561,-149.6065,20.1
nn00873932,"27 km NW of Bunkerville, Nevada",1.3,2024-02-26 07:31:17.008,36.9367,-114.358,0.4
av92215276,"64 km ENE of Pedro Bay, Alaska",-0.67,2024-02-26 07:30:20.810,60.0288333333333,-153.063666666667,-2.13
av92215256,"63 km ENE of Pedro Bay, Alaska",-0.92,2024-02-26 07:18:12.380,60.0448333333333,-153.089833333333,-2.27
hv74121651,"0 km WNW of Pāhala, Hawaii",2.4000001,2024-02-26 07:10:48.440,19.2046661376953,-155.484161376953,31.4099998474121
ak0242mdu72y,"89 km SSW of Unalaska, Alaska",2.3,2024-02-26 07:06:43.598,53.1628,-167.1686,44.5
nc74008066,"2 km W of Anderson Springs, CA",1.1,2024-02-26 07:06:30.270,38.7775,-122.7185,1.92
ci40676456,"9 km SSW of Holtville, CA",1.31,2024-02-26 07:06:19.310,32.7328333,-115.4091667,14.49
nc74008061,"2 km WSW of Anderson Springs, CA",0.76,2024-02-26 07:05:57.820,38.7703323,-122.7131653,3.46
ak0242mdju8s,"235 km WSW of Adak, Alaska",2.6,2024-02-26 06:58:07.902,51.0728,-179.7649,15.1
uu80049186,"15 km NE of Milford, Utah",-0.01,2024-02-26 06:57:24.870,38.4936666666667,-112.887833333333,2.27
ak0242mdjmrj,"40 km WNW of Chenega, Alaska",1.8,2024-02-26 06:57:16.044,60.2661,-148.6125,10.0
uu80049171,"15 km NE of Milford, Utah",0.45,2024-02-26 06:54:29.560,38.4933333333333,-112.886,1.99
nc74008056,"3 km WNW of Orinda, CA",1.17,2024-02-26 06:49:51.910,37.8836667,-122.2175,8.2
uu80049156,"15 km NE of Milford, Utah",0.61,2024-02-26 06:48:10.380,38.4948333333333,-112.886666666667,1.7
ak0242mdhb3c,"58 km SSW of Cantwell, Alaska",1.2,2024-02-26 06:46:30.807,62.9045,-149.3597,59.2
nc74008051,"9 km WNW of Cobb, CA",0.77,2024-02-26 06:46:26.680,38.8443336,-122.8261642,1.79
nc74008046,"3 km SW of Anderson Springs, CA",1.01,2024-02-26 06:42:46.060,38.7561684,-122.7216644,1.63
mb90041738,"23 km ENE of Seeley Lake, Montana",0.76,2024-02-26 06:40:55.960,47.2831666666667,-113.207833333333,20.48
nc74008041,"10 km WNW of The Geysers, CA",0.41,2024-02-26 06:40:34.270,38.8216667,-122.8538361,2.63
nc74008036,"10 km NW of The Geysers, CA",1.07,2024-02-26 06:39:55.020,38.8358345,-122.8358307,1.44
ak0242mdftdu,"8 km WNW of Point MacKenzie, Alaska",1.1,2024-02-26 06:39:34.743,61.3916,-150.1298,40.0
ci40676448,"3 km SW of Imperial, CA",0.98,2024-02-26 06:37:47.090,32.827,-115.5906667,15.41
ak0242mdfdom,"47 km W of Anchor Point, Alaska",1.6,2024-02-26 06:37:31.260,59.831,-152.6785,83.5
uw61984756,"15 km SE of Ashland, Oregon",1.53,2024-02-26 06:25:38.090,42.10616666666667,-122.56,10.51
us7000m1kx,"19 km NW of Ōzu, Japan",4.9,2024-02-26 06:24:12.919,33.6397,132.4239,41.8
nc74008031,"6 km WNW of Cobb, CA",0.29,2024-02-26 06:20:42.910,38.8334999,-122.7886658,1.22
ak0242mdbd43,"21 km ENE of Point Possession, Alaska",1.2,2024-02-26 06:18:57.638,61.0288,-150.3584,38.8
uw61984741,"1 km NW of Keyport, Washington",1.22,2024-02-26 05:57:17.390,47.7115,-122.64083333333333,19.12
us7000m1kw,"55 km ESE of Jiufen, Taiwan",4.3,2024-02-26 05:55:20.916,24.9913,122.3743,10.0
nc74008021,"7 km NW of The Geysers, CA",0.65,2024-02-26 05:51:08.440,38.8139992,-122.8206635,3.32
uu80049081,"15 km NE of Milford, Utah",-0.14,2024-02-26 05:48:42.150,38.5018333333333,-112.888666666667,1.76
ak0242mcwbh5,"14 km NE of Susitna North, Alaska",1.5,2024-02-26 05:48:38.501,62.2506,-149.6394,47.8
av91134063,"85 km NNW of Karluk, Alaska",-0.42,2024-02-26 05:45:51.360,58.2921666666667,-154.924333333333,4.72
ak0242mcqwt0,"26 km NW of Beluga, Alaska",1.5,2024-02-26 05:23:15.089,61.3174,-151.4145,77.5
ak024q7jf530,"72 km ESE of Chignik, Alaska",1.9,2024-02-26 05:22:09.486,56.1274,-157.2708,14.7
ak0242mcpmy4,"73 km SW of Unalaska, Alaska",1.8,2024-02-26 05:17:20.764,53.4568,-167.3872,4.6
uu80049031,"15 km NE of Milford, Utah",0.22,2024-02-26 05:15:33.640,38.4925,-112.885166666667,1.97
hv74121591,"7 km SW of Volcano, Hawaii",1.90999997,2024-02-26 05:12:01.920,19.3856658935547,-155.279830932617,1.49000000953674
uu80049021,"15 km NE of Milford, Utah",0.93,2024-02-26 05:07:47.720,38.4943333333333,-112.889666666667,2.24
nc74008011,"8 km WNW of The Geysers, CA",0.66,2024-02-26 05:05:52.590,38.8138351,-122.829834,2.11
nc74008006,"5 km W of Cobb, CA",0.28,2024-02-26 05:00:02.100,38.825,-122.7858333,1.38
ci40676432,"8 km W of Palomar Observatory, CA",1.28,2024-02-26 04:59:47.110,33.3493333,-116.9503333,13.97
ci40676424,"3 km NNE of San Jacinto, CA",0.98,2024-02-26 04:59:22.900,33.8056667,-116.9453333,13.72
hv74121576,"8 km SSW of Pāhala, Hawaii",2.0,2024-02-26 04:57:48.360,19.1293333333333,-155.498833333333,35.42
ak0242mcbwgk,"73 km S of Deering, Alaska",1.6,2024-02-26 04:53:12.203,65.4164,-162.7151,7.2
ak0242mcaf62,"26 km SSE of Susitna North, Alaska",1.0,2024-02-26 04:46:21.543,61.9509,-149.6006,18.5
ak0242mcaexr,"10 km SSE of Susitna, Alaska",1.3,2024-02-26 04:46:18.557,61.4624,-150.4213,14.4
us6000mg31,Fiji region,4.2,2024-02-26 04:46:17.486,-17.4639,-177.3133,432.968
ak0242mcadp4,"115 km NW of Yakutat, Alaska",1.1,2024-02-26 04:46:02.548,60.3987,-140.9098,16.2
ak0242mc9ejs,"59 km S of Shungnak, Alaska",1.0,2024-02-26 04:41:42.975,66.361,-157.3619,1.3
uw61984721,"8 km ESE of Carnation, Washington",0.65,2024-02-26 04:33:18.100,47.62383333333333,-121.81066666666666,13.07
uu80048976,"21 km WSW of Minersville, Utah",1.86,2024-02-26 04:32:18.860,38.117,-113.137666666667,-0.25
ak0242mc4dkj,"87 km NW of Karluk, Alaska",1.5,2024-02-26 04:18:01.475,58.1709,-155.4039,112.0
ak0242mc2okb,"47 km SSW of Birch Creek, Alaska",1.2,2024-02-26 04:10:11.190,65.8528,-146.1082,4.5
uu80048921,"15 km NE of Milford, Utah",-0.22,2024-02-26 04:04:33.720,38.5001666666667,-112.888166666667,2.35
uu80048916,"15 km NE of Milford, Utah",-0.15,2024-02-26 04:03:37.760,38.5038333333333,-112.891333333333,2.6
uu80048906,"15 km NE of Milford, Utah",0.17,2024-02-26 03:59:04.710,38.4911666666667,-112.8855,1.68
ci40676408,"4 km NE of Westmorland, CA",1.2,2024-02-26 03:58:01.230,33.0618333,-115.584,8.63
ci37627380,"14 km ENE of Ocotillo, CA",0.82,2024-02-26 03:57:54.210,32.7748333,-115.8478333,14.27
ak0242mbrdqd,"25 km E of Port Alsworth, Alaska",3.1,2024-02-26 03:57:39.533,60.2,-153.8606,205.2
ci37627364,"12 km NE of Little Lake, CA",0.84,2024-02-26 03:57:25.620,36.0055,-117.8061667,1.55
ak0242mbraur,"6 km E of Girdwood, Alaska",1.2,2024-02-26 03:57:00.999,60.9343,-149.0519,5.9
ci40676400,"12 km NE of Little Lake, CA",1.08,2024-02-26 03:56:45.570,36.0093333,-117.8053333,1.42
ci37627348,"12 km NE of Little Lake, CA",0.83,2024-02-26 03:56:27.560,36.0071667,-117.8045,0.59
ci40676392,"12 km NE of Little Lake, CA",0.97,2024-02-26 03:56:08.270,36.0055,-117.807,1.02
pr2024057001,"52 km NNW of San Antonio, Puerto Rico",3.5,2024-02-26 03:54:39.070,18.8998,-67.3603,93.0
uu80048896,"14 km NE of Milford, Utah",2.32,2024-02-26 03:50:07.220,38.4968333333333,-112.899333333333,1.3
hv74121546,"7 km SW of Volcano, Hawaii",1.73,2024-02-26 03:49:53.790,19.3961658477783,-155.281494140625,1.04999995231628
nc74007996,"2 km N of The Geysers, CA",0.76,2024-02-26 03:47:38.970,38.7926674,-122.7563324,0.22
uw61984716,"19 km NE of Packwood, Washington",0.98,2024-02-26 03:44:56.730,46.744,-121.51883333333333,4.95
pr2024057000,"81 km NE of Punta Cana, Dominican Republic",3.73,2024-02-26 03:42:27.510,19.0918,-67.8406,23.0
ak0242mbny4u,"12 km NE of Cantwell, Alaska",1.4,2024-02-26 03:41:36.602,63.4786,-148.8081,8.0
us7000m1kk,"4 km NNE of La Paz, Philippines",4.9,2024-02-26 03:40:53.276,9.0238,126.2736,76.07
ak0242mbnc65,"42 km SSW of Birch Creek, Alaska",1.8,2024-02-26 03:38:39.232,65.891,-146.0241,4.3
us6000mg3a,West Chile Rise,4.3,2024-02-26 03:35:29.220,-38.9773,-92.1084,10.0
ak0242mbls6o,"64 km SSW of Port Clarence, Alaska",2.2,2024-02-26 03:31:26.240,64.7179,-167.3288,6.7
nn00873908,"31 km SE of Mina, Nevada",1.6,2024-02-26 03:26:46.226,38.1944,-117.856,12.9
ci40676376,"22 km ESE of Little Lake, CA",1.38,2024-02-26 03:16:51.380,35.8623333,-117.685,7.51
ak0242mbi3ku,"128 km NNW of Ambler, Alaska",1.3,2024-02-26 03:14:07.661,68.2095,-158.4861,8.2
nc74007986,"7 km NW of The Geysers, CA",0.86,2024-02-26 03:08:15.290,38.8185005,-122.8235016,2.23
uu80048856,"15 km NE of Milford, Utah",0.37,2024-02-26 03:06:08.310,38.4936666666667,-112.8875,1.73
ci40676368,"17 km WNW of Progreso, B.C., MX",1.43,2024-02-26 03:05:50.450,32.6495,-115.7453333,3.15
uu80048851,"15 km NE of Milford, Utah",-0.06,2024-02-26 03:00:17.380,38.4968333333333,-112.887666666667,1.64
av92215106,"62 km ENE of Pedro Bay, Alaska",-1.16,2024-02-26 02:58:05.390,60.0235,-153.088166666667,0.93
ak0242mb5itd,"41 km E of Susitna North, Alaska",1.2,2024-02-26 02:55:39.855,62.1599,-149.0535,34.2
us7000m1kf,"115 km SSE of Sola, Vanuatu",4.6,2024-02-26 02:50:28.752,-14.7583,168.118,10.0
ci40676360,"33 km SE of Bodfish, CA",1.04,2024-02-26 02:48:29.200,35.393,-118.213,8.68
uu80048836,"15 km NE of Milford, Utah",0.38,2024-02-26 02:47:25.230,38.5031666666667,-112.891166666667,1.68
ak0242mb3ek8,"53 km SW of Cantwell, Alaska",1.8,2024-02-26 02:45:51.113,63.0444,-149.681,90.0
ak0242mb2x29,"107 km NW of Yakutat, Alaska",1.6,2024-02-26 02:43:25.180,60.2567,-141.0203,3.4
ak0242mb21vy,"73 km WSW of Akhiok, Alaska",1.7,2024-02-26 02:39:20.787,56.6214,-155.2284,60.6
ak0242mb1frs,"25 km WNW of Petersville, Alaska",1.2,2024-02-26 02:36:34.163,62.5657,-151.245,86.1
ak0242maxsbi,"24 km S of Nelchina, Alaska",2.5,2024-02-26 02:19:31.248,61.771,-146.7852,9.7
ak0242maxcj8,"50 km ENE of Chenega, Alaska",1.9,2024-02-26 02:17:26.427,60.3125,-147.2528,2.1
ci40676352,"11 km NE of Cabazon, CA",1.1,2024-02-26 02:16:17.900,33.9958333,-116.7143333,11.06
nc74007981,"7 km WNW of The Geysers, CA",0.75,2024-02-26 02:13:26.900,38.8078346,-122.8249969,1.77
ak0242mau6wh,"25 km SE of Susitna North, Alaska",1.2,2024-02-26 02:02:53.260,61.9732,-149.5701,10.8
ak0242makxwn,"90 km ESE of Egegik, Alaska",1.2,2024-02-26 01:59:38.061,57.8711,-155.9906,10.7
nn00873930,"2 km SW of Sierra Brooks, California",0.1,2024-02-26 01:50:52.518,39.623,-120.2402,8.4
ak0242maiejn,"69 km S of False Pass, Alaska",2.1,2024-02-26 01:47:53.631,54.2314,-163.4903,23.5
mb90041758,"25 km NW of Stanley, Idaho",2.11,2024-02-26 01:42:31.120,44.3503333333333,-115.1985,11.53
us7000m1kb,"5 km WNW of Lluta, Peru",4.1,2024-02-26 01:40:31.794,-15.998,-72.061,10.0
ak0242magsny,"41 km NNW of Valdez, Alaska",1.1,2024-02-26 01:40:03.507,61.487,-146.5965,30.8
ak0242maged4,"3 km SSE of Salcha, Alaska",1.3,2024-02-26 01:38:17.852,64.4966,-146.8827,9.1
mb90041673,"24 km NW of Stanley, Idaho",2.43,2024-02-26 01:32:18.600,44.3488333333333,-115.185833333333,10.98
nc74007976,"6 km WNW of The Geysers, CA",1.31,2024-02-26 01:31:54.070,38.8093333,-122.8196667,2.88
ak0242maeohe,"89 km W of Akhiok, Alaska",2.0,2024-02-26 01:30:16.180,56.9635,-155.6504,79.3
us7000m1k9,"124 km SSE of Kyzyl-Suu, Kyrgyzstan",4.5,2024-02-26 01:28:52.140,41.2733,78.4536,10.0
ak0242mae8s4,"68 km WNW of Beluga, Alaska",1.3,2024-02-26 01:28:12.681,61.3139,-152.3109,5.5
ak0242madwqu,"6 km ESE of Willow, Alaska",1.2,2024-02-26 01:26:56.708,61.7351,-149.9108,14.5
ak0242mad1v0,"17 km ESE of Clam Gulch, Alaska",1.3,2024-02-26 01:22:56.442,60.1527,-151.1129,64.8
uu80048771,"15 km NE of Milford, Utah",-0.25,2024-02-26 01:21:51.950,38.495,-112.886166666667,2.09
nc74007966,"2 km NW of The Geysers, CA",0.4,2024-02-26 01:21:42.280,38.7888333,-122.7675,2.65
uu80048761,"14 km NE of Milford, Utah",0.13,2024-02-26 00:58:52.740,38.4941666666667,-112.892166666667,2.58
uw61984686,"37 km NNE of Amboy, Washington",0.35000000000000003,2024-02-26 00:58:48.120,46.199333333333335,-122.186,0.25
ak0242m9z7rw,"41 km E of Old Harbor, Alaska",2.2,2024-02-26 00:58:00.820,57.2053,-152.6209,10.0
uu80048746,"14 km NE of Milford, Utah",0.01,2024-02-26 00:56:10.140,38.4915,-112.889666666667,1.98
ak0242m9y870,"30 km W of Valdez, Alaska",1.6,2024-02-26 00:53:40.087,61.175,-146.9009,0.0
ak0242m9xzmq,"55 km S of Denali National Park, Alaska",1.1,2024-02-26 00:52:29.385,63.0504,-151.5226,12.3
nc74007951,"2 km NNW of The Geysers, CA",0.97,2024-02-26 00:49:31.780,38.7905,-122.7625,1.48
us6000mg35,"106 km SW of Pelabuhanratu, Indonesia",4.4,2024-02-26 00:44:31.111,-7.6485,105.8544,28.453
nc74007941,"7 km NW of The Geysers, CA",1.07,2024-02-26 00:39:38.740,38.8151665,-122.8144989,2.85
nc74007936,"6 km NE of Pinnacles, CA",1.52,2024-02-26 00:33:01.250,36.5738333,-121.0943333,0.37
ak0242m9taug,"17 km S of Susitna North, Alaska",1.2,2024-02-26 00:30:41.684,62.0053,-149.7999,45.6
ci40676320,"4 km NNW of Boron, CA",1.77,2024-02-26 00:28:27.190,35.0315,-117.669,-0.79
nc74007931,"3 km NW of The Geysers, CA",0.55,2024-02-26 00:25:42.710,38.7966652,-122.7796631,-0.57
ci40676312,"12 km NNE of Ocotillo Wells, CA",1.46,2024-02-26 00:22:09.950,33.2455,-116.0871667,2.91
ci40676304,"13 km NNE of Ocotillo Wells, CA",0.82,2024-02-26 00:21:24.660,33.2498333,-116.0835,2.13
ak0242m9qwlw,"95 km ENE of Ouzinkie, Alaska",2.0,2024-02-26 00:19:26.106,58.3775,-151.1263,9.2
nc74007916,"3 km NW of The Geysers, CA",0.4,2024-02-26 00:11:53.590,38.7911667,-122.7806667,1.44
ak0242m9p5p7,"10 km E of Fox, Alaska",1.1,2024-02-26 00:11:08.269,64.9611,-147.3863,0.0
nc74007911,"7 km NW of The Geysers, CA",1.17,2024-02-26 00:09:55.840,38.816,-122.8238333,2.34
ak0242l04v22,"109 km S of McCarthy, Alaska",1.7,2024-02-25 23:58:12.840,60.4575,-143.0948,6.8
ci40676288,"6 km N of Lake Henshaw, CA",0.53,2024-02-25 23:56:44.020,33.2986667,-116.7663333,11.16
ak0242l04a3f,"27 km E of Minto, Alaska",3.4,2024-02-25 23:55:40.912,65.161,-148.7743,17.8
nc74007901,"7 km NW of The Geysers, CA",0.98,2024-02-25 23:55:30.240,38.8151665,-122.8225021,1.98
nn00873902,"31 km SSW of Mina, Nevada",1.4,2024-02-25 23:45:30.111,38.1312,-118.2643,0.0
us6000mfvt,"7 km W of Iwaizumi, Japan",4.1,2024-02-25 23:44:23.914,39.8593,141.7166,68.948
uw61984666,"38 km NNE of Amboy, Washington",0.52,2024-02-25 23:42:19.530,46.203,-122.19283333333334,0.38
nn00874640,"29 km N of Pahrump, Nevada",0.1,2024-02-25 23:41:31.523,36.4704,-116.0162,5.7
uu80048671,"14 km NE of Milford, Utah",1.09,2024-02-25 23:41:26.850,38.4938333333333,-112.891666666667,1.83
uu80048651,"15 km NE of Milford, Utah",0.44,2024-02-25 23:33:17.470,38.4938333333333,-112.890333333333,2.19
uw61984651,"37 km NNE of Amboy, Washington",0.47000000000000003,2024-02-25 23:31:24.730,46.199,-122.189,1.02
av91134013,"30 km WSW of Unalaska, Alaska",-0.17,2024-02-25 23:29:10.300,53.7853333333333,-166.972666666667,3.55
uu80048636,"15 km NE of Milford, Utah",1.02,2024-02-25 23:24:30.110,38.4948333333333,-112.892333333333,2.15
uw61503008,"38 km NNE of Amboy, Washington",0.84,2024-02-25 23:23:37.880,46.21066666666667,-122.19733333333333,3.71
uw61984646,"38 km NNE of Amboy, Washington",0.36,2024-02-25 23:23:33.130,46.2025,-122.18583333333333,0.13
tx2024dygy,"64 km SSW of Whites City, New Mexico",1.8,2024-02-25 23:22:26.491,31.61,-104.534,7.9968
uu80048621,"15 km NE of Milford, Utah",0.27,2024-02-25 23:10:05.490,38.4951666666667,-112.8905,2.5
nc74007876,"13 km N of Brooktrails, CA",1.37,2024-02-25 23:06:42.880,39.5586667,-123.3588333,8.26
nc74007871,"12 km WNW of The Geysers, CA",0.62,2024-02-25 23:05:21.820,38.8323326,-122.8773346,2.58
nc74007866,"12 km WNW of The Geysers, CA",0.34,2024-02-25 23:03:13.040,38.8313332,-122.8785019,2.58
ak0242kzijy1,"17 km NNW of Perryville, Alaska",2.1,2024-02-25 22:54:04.095,56.0582,-159.2354,95.0
nc74007861,"3 km WNW of Middletown, CA",1.13,2024-02-25 22:52:46.060,38.7646667,-122.6435,4.14
ak0242kzi5xe,"5 km SSE of Salcha, Alaska",1.3,2024-02-25 22:52:21.869,64.4747,-146.8649,12.8
ak0242kzghqx,"4 km SSW of Salcha, Alaska",0.8,2024-02-25 22:44:42.375,64.4892,-146.9453,7.8
ak0242kzfn82,"7 km E of Girdwood, Alaska",1.6,2024-02-25 22:40:46.975,60.945,-149.034,13.0
uu80048551,"15 km NE of Milford, Utah",0.44,2024-02-25 22:36:35.490,38.4923333333333,-112.886333333333,2.39
mb90041753,"13 km NW of Challis, Idaho",1.51,2024-02-25 22:31:08.530,44.6048333333333,-114.333166666667,6.57
av92214931,"63 km ENE of Pedro Bay, Alaska",-0.77,2024-02-25 22:27:54.280,60.0443333333333,-153.089666666667,-2.38
ak0242kzcmk1,"67 km WNW of Petersville, Alaska",1.2,2024-02-25 22:26:38.860,62.7208,-151.9932,3.7
nc74007851,"2 km ESE of The Geysers, CA",1.12,2024-02-25 22:17:29.410,38.7658348,-122.7323303,0.0
ci40676264,"14 km ENE of Ridgecrest, CA",0.9,2024-02-25 22:15:12.280,35.6733333,-117.5318333,6.87
uw61984576,"9 km S of Princeton, Canada",2.11,2024-02-25 22:14:55.660,49.37433333333333,-120.501,-0.51
us7000m1js,"25 km SSE of Champerico, Guatemala",4.1,2024-02-25 22:14:44.429,14.0869,-91.8134,67.116
uw61984571,"8 km N of Entiat, Washington",-0.11,2024-02-25 22:13:06.400,47.75033333333333,-120.21783333333333,0.36
nc74007846,"9 km WNW of The Geysers, CA",0.76,2024-02-25 22:11:53.470,38.8219986,-122.8436661,1.7
us7000m1jt,"221 km SE of Pondaguitan, Philippines",4.3,2024-02-25 22:10:01.806,4.9425,127.5944,56.023
nc74007841,"15 km N of Viola, CA",2.24,2024-02-25 22:09:38.240,40.6505,-121.691,6.08
ak0242kz85f8,"33 km W of Valdez, Alaska",1.5,2024-02-25 22:05:59.079,61.1833,-146.9519,0.0
nc74007836,"5 km SSE of Canyondam, CA",2.75,2024-02-25 21:53:12.090,40.1311667,-121.0488333,-0.25
ak0242kyvi0e,"105 km SSW of McCarthy, Alaska",1.7,2024-02-25 21:46:47.843,60.5019,-143.3109,7.6
ak0242kyuz8c,"19 km ENE of Four Mile Road, Alaska",1.2,2024-02-25 21:44:05.049,64.6551,-148.7286,11.3
uw61984561,"11 km SSE of Carbonado, Washington",0.56,2024-02-25 21:43:34.430,46.9925,-121.97883333333333,14.73
ak0242kyu4aa,"11 km E of Fritz Creek, Alaska",1.4,2024-02-25 21:40:03.671,59.7308,-151.0923,15.0
ak0242kytry0,"43 km W of Anchor Point, Alaska",1.8,2024-02-25 21:38:43.767,59.7343,-152.5985,89.1
ak0242kytksj,"27 km NW of Tatitlek, Alaska",1.2,2024-02-25 21:37:51.078,61.0546,-146.9941,8.3
av91133993,"12 km NE of King Cove, Alaska",-0.4,2024-02-25 21:33:33.880,55.15,-162.212166666667,3.69
ak0242kyrv2r,"9 km WSW of Happy Valley, Alaska",1.3,2024-02-25 21:29:51.236,59.9241,-151.9023,59.2
nc74007821,"7 km WNW of The Geysers, CA",0.96,2024-02-25 21:28:29.600,38.8113327,-122.8293304,1.57
hv74121301,"2 km W of Pāhala, Hawaii",2.35,2024-02-25 21:22:52.330,19.2001667022705,-155.506164550781,34.0699996948242
ak0242kyq4oi,"52 km SW of Cantwell, Alaska",1.3,2024-02-25 21:22:01.959,63.0507,-149.6578,72.1
nn00874637,"33 km W of Empire, Nevada",1.1,2024-02-25 21:20:59.262,40.5273,-119.7308,18.8
nc74007811,"19 km ESE of Point Sur, CA",2.47,2024-02-25 21:20:43.090,36.2545,-121.7005,7.47
ci40676232,"8 km SSE of Idyllwild, CA",0.7,2024-02-25 21:16:10.490,33.6761667,-116.6943333,15.13
nn00874635,"47 km ENE of Fort Bidwell, California",2.1,2024-02-25 21:15:29.554,41.9595,-119.593,0.1
mb90041938,"2 km S of Lima, Montana",0.44,2024-02-25 21:11:05.130,44.6121666666667,-112.591,5.87
ak0242kyndmn,"31 km S of Central, Alaska",1.0,2024-02-25 21:08:58.878,65.2939,-144.843,1.2
nc74007806,"10 km NW of The Geysers, CA",0.56,2024-02-25 21:08:42.210,38.8395004,-122.8371658,1.0
us6000mfvp,"129 km NW of Sola, Vanuatu",4.1,2024-02-25 21:05:22.035,-13.0822,166.6776,127.718
ci40676216,"10 km S of Idyllwild, CA",1.7,2024-02-25 21:04:31.300,33.6475,-116.7283333,15.71
uu80048456,"14 km NE of Milford, Utah",-0.54,2024-02-25 21:03:38.430,38.49,-112.893833333333,1.54
tx2024dycf,"58 km S of Whites City, New Mexico",2.0,2024-02-25 20:59:33.174,31.653,-104.457,5.9973
ak0242kybpxz,"14 km NE of Moose Pass, Alaska",1.2,2024-02-25 20:54:19.572,60.565,-149.1593,4.4
nc74007791,"2 km NE of Montara, CA",0.92,2024-02-25 20:53:20.720,37.5515,-122.4996667,5.26
uu80048446,"15 km NE of Milford, Utah",-0.13,2024-02-25 20:51:24.610,38.4953333333333,-112.888333333333,1.96
ak0242ky9trk,"57 km SW of Tatitlek, Alaska",1.4,2024-02-25 20:45:36.167,60.5784,-147.5443,3.5
tx2024dybs,"58 km S of Whites City, New Mexico",2.1,2024-02-25 20:43:24.168,31.656,-104.462,5.9973
nc74007786,"10 km NW of The Geysers, CA",0.6,2024-02-25 20:33:58.120,38.8383331,-122.8363342,1.23
nn00873898,"11 km NW of Stagecoach, Nevada",0.9,2024-02-25 20:29:33.487,39.4413,-119.479,7.0
nn00874634,"29 km SSE of Plush, Oregon",2.4,2024-02-25 20:28:38.362,42.1811,-119.7147,0.0
av91133983,"99 km W of Adak, Alaska",0.32,2024-02-25 20:16:44.400,51.8476666666667,-178.081333333333,1.44
pr71441248,"1 km WNW of Palomas, Puerto Rico",2.04,2024-02-25 20:09:51.760,18.0181666666667,-66.891,18.07
uu80048426,"14 km NE of Milford, Utah",-0.01,2024-02-25 20:02:20.230,38.4921666666667,-112.8995,2.96
ak0242ky0g0t,"155 km E of McCarthy, Alaska",1.1,2024-02-25 20:01:59.018,61.3711,-140.0053,12.0
ak0242kxodzu,"59 km WNW of Akhiok, Alaska",1.8,2024-02-25 19:45:36.105,57.152,-155.0789,50.0
ak0242kxm0be,"53 km NE of Kobuk, Alaska",1.1,2024-02-25 19:34:23.622,67.2862,-156.1205,9.6
hv74121221,"6 km S of Volcano, Hawaii",1.7,2024-02-25 19:33:42.600,19.3828333333333,-155.243666666667,26.82
uu80048411,"15 km NE of Milford, Utah",-0.74,2024-02-25 19:32:11.160,38.4948333333333,-112.886333333333,2.18
nc74007761,"8 km NW of The Geysers, CA",0.67,2024-02-25 19:21:46.110,38.8325005,-122.8146667,1.71
ak0242kxj794,"35 km ENE of Pedro Bay, Alaska",2.0,2024-02-25 19:21:14.694,59.9001,-153.5228,133.3
ak0242kxirjz,"84 km NW of Yakutat, Alaska",1.7,2024-02-25 19:19:10.315,60.1315,-140.677,7.0
nc74007751,"2 km NW of The Geysers, CA",1.23,2024-02-25 19:01:16.170,38.7875,-122.7676667,2.12
ok2024dxyh,"8 km NW of Prague, Oklahoma",1.52,2024-02-25 19:00:01.540,35.53483333,-96.753,6.83
ak0242kx47jh,"86 km NNW of Karluk, Alaska",1.2,2024-02-25 18:51:18.924,58.2887,-154.9916,4.1
uw61984481,"3 km ENE of May Creek, Washington",1.42,2024-02-25 18:46:35.210,47.8695,-121.62866666666666,10.87
nc74007746,"7 km NW of The Geysers, CA",0.43,2024-02-25 18:40:58.320,38.8181648,-122.8130035,2.73
us6000mitb,"264 km WSW of Adak, Alaska",2.8,2024-02-25 18:40:00.811,51.1263,179.7472,24.236
ak0242kx0mkb,"85 km SSE of King Cove, Alaska",1.6,2024-02-25 18:34:47.632,54.3682,-161.7633,12.1
ak0242kx0jub,"34 km NW of Skwentna, Alaska",1.4,2024-02-25 18:34:12.356,62.2092,-151.8761,99.8
ak0242kx07n1,"150 km S of False Pass, Alaska",2.4,2024-02-25 18:32:54.212,53.5033,-163.2432,25.6
ak0242kwzhyv,"49 km S of False Pass, Alaska",2.1,2024-02-25 18:29:21.512,54.4199,-163.2829,65.9
nc74007741,"2 km NNE of The Geysers, CA",1.18,2024-02-25 18:29:03.790,38.798,-122.7488333,1.62
hv74121186,"1 km SSW of Pāhala, Hawaii",2.18000007,2024-02-25 18:28:33.580,19.1908340454102,-155.483337402344,32.2200012207031
ci40676176,"4 km NW of Lake Henshaw, CA",1.37,2024-02-25 18:26:59.750,33.2668333,-116.7861667,12.66
nc74007736,"0 km NNW of The Geysers, CA",0.8,2024-02-25 18:24:23.930,38.7781677,-122.7570038,1.42
ci40676168,"2 km WSW of Borrego Springs, CA",0.97,2024-02-25 18:14:51.930,33.2508333,-116.3933333,8.77
ok2024dxwt,"9 km NNW of Pawnee, Oklahoma",1.88,2024-02-25 18:14:19.800,36.41283333,-96.85716667,6.11
ak0242kww1t8,"42 km SE of Halibut Cove, Alaska",1.7,2024-02-25 18:13:12.481,59.3272,-150.6963,30.0
nc74007726,"11 km N of Redwood Valley, CA",1.65,2024-02-25 18:08:48.750,39.3621667,-123.2281667,8.51
tx2024dxwp,"60 km S of Whites City, New Mexico",2.0,2024-02-25 18:08:38.163,31.638,-104.479,7.0227
ak0242kwv0vu,"93 km NW of Yakutat, Alaska",1.6,2024-02-25 18:08:33.860,60.0767,-141.0305,10.1
tx2024dxwm,"65 km NNE of Van Horn, Texas",2.2,2024-02-25 18:06:12.125,31.589,-104.569,7.6123
nc74007721,"1 km ENE of The Geysers, CA",1.08,2024-02-25 18:05:29.250,38.781,-122.7443333,0.25
us6000mita,"Rat Islands, Aleutian Islands, Alaska",3.3,2024-02-25 18:00:55.631,51.5293,178.4484,60.404
tx2024dxwg,"53 km W of Mentone, Texas",1.9,2024-02-25 17:59:19.337,31.697,-104.167,6.4716
ak0242kwhy00,"50 km NNW of Petersville, Alaska",1.5,2024-02-25 17:47:31.203,62.9164,-151.1607,110.9
av91133863,"9 km W of Akutan, Alaska",-0.94,2024-02-25 17:47:15.150,54.1333333333333,-165.9235,1.59
ak0242kwhasg,"81 km SSE of Unalaska, Alaska",1.9,2024-02-25 17:44:20.507,53.215,-166.0158,17.5
nc74007716,"3 km WNW of Anderson Springs, CA",0.88,2024-02-25 17:35:03.440,38.786499,-122.7200012,2.08
nc74007711,"3 km WNW of Anderson Springs, CA",0.78,2024-02-25 17:34:07.950,38.7878333,-122.7203333,1.56
us7000m1iw,"81 km E of Teluk Dalam, Indonesia",4.6,2024-02-25 17:33:48.562,0.5112,98.5291,53.895
nc74007701,"8 km NW of The Geysers, CA",0.26,2024-02-25 17:25:44.440,38.8300018,-122.817337,1.67
ak0242kwd1ac,"47 km SSW of South Van Horn, Alaska",1.7,2024-02-25 17:24:40.904,64.3999,-148.0459,6.1
ak0242kwbhyn,"26 km SE of Susitna North, Alaska",1.0,2024-02-25 17:17:23.995,61.9791,-149.5261,15.5
nn00874633,"12 km N of Beatty, Nevada",-0.2,2024-02-25 17:16:13.311,37.0209,-116.7535,6.0
ak0242kwavc5,"64 km ESE of Denali National Park, Alaska",1.5,2024-02-25 17:14:28.035,63.2645,-150.5917,129.4
tx2024dxuq,"64 km SSW of Whites City, New Mexico",1.7,2024-02-25 17:09:26.899,31.616,-104.549,6.4331
ak0242kvxemm,"54 km NE of Whittier, Alaska",1.4,2024-02-25 16:51:48.942,61.0893,-147.9129,27.9
us7000m1ir,"43 km NE of Calama, Chile",5.0,2024-02-25 16:50:20.009,-22.1972,-68.6058,110.096
nn00874632,"14 km N of Beatty, Nevada",-0.1,2024-02-25 16:47:19.383,37.0366,-116.753,5.1
ak0242kvul8b,"87 km SSW of McCarthy, Alaska",1.5,2024-02-25 16:38:35.200,60.6784,-143.3899,11.2
us6000mfvr,"6 km NNE of Tilik, Philippines",4.6,2024-02-25 16:38:23.393,13.868,120.2268,76.981
uu80048311,"15 km NE of Milford, Utah",0.65,2024-02-25 16:24:39.910,38.4938333333333,-112.886666666667,2.04
nc74007686,"8 km NW of The Geysers, CA",1.47,2024-02-25 16:04:40.730,38.8315,-122.8131667,1.69
nc74007681,"10 km WNW of The Geysers, CA",0.53,2024-02-25 16:01:08.180,38.8286667,-122.8564987,2.35
nc74007676,"10 km NW of The Geysers, CA",0.64,2024-02-25 16:01:00.080,38.8303337,-122.856163,2.26
us7000m1im,south of Panama,4.5,2024-02-25 15:54:03.523,4.2122,-82.6857,10.0
ak0242kvbnod,"34 km NNE of Whittier, Alaska",1.7,2024-02-25 15:49:59.427,61.0637,-148.4705,0.0
nc74007671,"14 km NW of Alder Springs, CA",2.95,2024-02-25 15:49:45.230,39.7421667,-122.8408333,4.69
ak0242kvb13u,"57 km NNW of Petersville, Alaska",2.8,2024-02-25 15:47:03.376,62.9993,-151.0317,125.3
ak0242kvawm2,"25 km S of Central, Alaska",1.8,2024-02-25 15:46:51.039,65.3469,-144.8315,1.3
hv74121081,"14 km S of Fern Forest, Hawaii",1.77,2024-02-25 15:44:46.040,19.3373333333333,-155.1095,7.51
ak0242kvaffz,"40 km WNW of Happy Valley, Alaska",1.7,2024-02-25 15:44:28.663,60.0769,-152.4017,84.5
hv74121076,"15 km S of Fern Forest, Hawaii",2.51,2024-02-25 15:43:14.140,19.3301666666667,-155.107666666667,6.1
ak0242kva0nv,"4 km NE of Big Lake, Alaska",1.2,2024-02-25 15:42:37.075,61.5435,-149.8901,32.4
nc74007666,"8 km NW of The Geysers, CA",-0.1,2024-02-25 15:41:34.870,38.8211667,-122.823,2.17
nc74007661,"3 km W of Cobb, CA",1.1,2024-02-25 15:26:53.800,38.8181648,-122.7594986,1.59
ak0242kv6m09,"13 km WSW of Willow, Alaska",1.1,2024-02-25 15:26:47.459,61.7115,-150.2822,10.0
nc74007656,"3 km W of Cobb, CA",1.21,2024-02-25 15:25:47.090,38.8181667,-122.7611667,1.63
hv74121056,"9 km NE of Pāhala, Hawaii",1.21,2024-02-25 15:24:48.600,19.2713333333333,-155.421166666667,-0.08
nc74007651,"9 km WNW of Cobb, CA",0.74,2024-02-25 15:21:42.630,38.841835,-122.8241653,1.48
ak0242kv5adu,"43 km WSW of Clear, Alaska",2.0,2024-02-25 15:20:30.329,64.1055,-150.0028,7.0
ak0242kv4mqt,"43 km WSW of Clear, Alaska",1.1,2024-02-25 15:17:22.894,64.0912,-150.0023,11.4
nn00873895,"0 km ESE of Coleville, California",1.6,2024-02-25 15:12:38.241,38.5623,-119.4972,7.1
us6000mfvj,"115 km SW of Pelabuhanratu, Indonesia",4.3,2024-02-25 15:11:54.576,-7.6421,105.7399,35.0
av92214661,"88 km W of Adak, Alaska",0.51,2024-02-25 15:11:09.510,51.8786666666667,-177.921833333333,7.81
pr71441238,"69 km NW of San Antonio, Puerto Rico",3.05,2024-02-25 15:06:35.010,18.9523333333333,-67.5471666666667,21.12
us7000m1i9,"77 km WSW of Pelabuhanratu, Indonesia",5.2,2024-02-25 15:04:57.491,-7.3755,105.9647,45.156
uu80048246,"15 km NE of Milford, Utah",0.66,2024-02-25 15:04:30.330,38.493,-112.886166666667,1.58
av91133968,"85 km NW of Karluk, Alaska",0.46,2024-02-25 15:02:17.840,58.1655,-155.370666666667,0.42
ak0242kus9o5,"54 km NNW of Petersville, Alaska",1.4,2024-02-25 14:59:53.871,62.9194,-151.3165,110.2
av91133963,"89 km W of Adak, Alaska",0.9,2024-02-25 14:57:38.470,51.8783333333333,-177.9305,8.53
nn00874631,"23 km S of Mina, Nevada",1.2,2024-02-25 14:50:32.138,38.1828,-118.1556,12.1
uu80048236,"14 km NE of Milford, Utah",0.68,2024-02-25 14:48:51.390,38.4925,-112.890833333333,2.45
ak0242kukwqg,"13 km NW of Arctic Village, Alaska",1.4,2024-02-25 14:25:22.553,68.2235,-145.7451,5.7
ak0242kujuwj,"55 km SSW of Atka, Alaska",2.1,2024-02-25 14:20:31.879,51.7257,-174.4815,23.3
us6000mfvi,"167 km S of Merizo Village, Guam",4.4,2024-02-25 14:16:44.147,11.7479,144.7112,42.04
ak0242kuimer,"25 km NW of Fishhook, Alaska",1.0,2024-02-25 14:14:55.239,61.8738,-149.6249,15.0
nn00874630,"16 km ESE of Hiko, Nevada",1.3,2024-02-25 14:06:04.526,37.5296,-115.0538,4.1
ak0242ku50ll,"7 km ENE of Big Lake, Alaska",1.2,2024-02-25 13:51:07.294,61.5502,-149.8328,39.8
us7000m1i1,"31 km E of Yilan, Taiwan",4.9,2024-02-25 13:48:33.261,24.7877,122.0601,10.0
nc74007641,"7 km NW of The Geysers, CA",0.31,2024-02-25 13:36:33.450,38.8228333,-122.8125,3.17
ci40676088,"7 km SW of Niland, CA",1.38,2024-02-25 13:32:49.640,33.197,-115.5766667,3.0
ci37627332,"85 km ESE of Maneadero, B.C., MX",2.19,2024-02-25 13:32:04.710,31.5346667,-115.6958333,7.24
ak0242ku0lrq,"12 km SE of Clam Gulch, Alaska",1.5,2024-02-25 13:30:48.862,60.1656,-151.2172,67.9
ak0242ku0j20,"14 km S of Talkeetna, Alaska",1.3,2024-02-25 13:30:13.681,62.1946,-150.1218,9.7
ak0242ku0dfr,"5 km SW of Salcha, Alaska",0.8,2024-02-25 13:29:42.293,64.4871,-146.9615,5.6
nc74007636,"8 km NW of The Geysers, CA",0.76,2024-02-25 13:24:03.030,38.8333321,-122.8181686,1.94
uu80048191,"15 km NE of Milford, Utah",0.48,2024-02-25 13:23:33.020,38.4938333333333,-112.890833333333,1.85
nc74007631,"10 km NE of Gilroy, CA",0.65,2024-02-25 13:16:08.890,37.0683333,-121.49,8.28
nc74007626,"10 km SW of Big Pine, CA",1.91,2024-02-25 13:15:06.480,37.0926667,-118.3601667,12.26
uu80048171,"15 km NE of Milford, Utah",0.82,2024-02-25 13:13:41.970,38.4928333333333,-112.888666666667,1.87
us7000m1h9,"84 km NNW of Tocopilla, Chile",4.6,2024-02-25 13:13:28.811,-21.4564,-70.6538,24.523
us7000m1h8,"78 km WSW of Pelabuhanratu, Indonesia",5.6,2024-02-25 13:07:04.071,-7.3392,105.9385,32.603
nc74007621,"14 km ESE of Alum Rock, CA",0.95,2024-02-25 13:05:23.930,37.3175,-121.6811667,5.99
nc74007616,"7 km WNW of Cobb, CA",0.71,2024-02-25 13:00:25.860,38.8359985,-122.7993317,1.82
us6000mfvg,"74 km WSW of False Pass, Alaska",3.0,2024-02-25 12:56:09.926,54.7036,-164.5363,116.325
av91133953,"86 km NNW of Karluk, Alaska",0.0,2024-02-25 12:45:24.680,58.2441666666667,-155.174333333333,5.03
ak0242kti6sa,"49 km E of Pedro Bay, Alaska",1.9,2024-02-25 12:44:47.650,59.8246,-153.2189,118.3
ak0242kthih4,"14 km NW of Arctic Village, Alaska",1.4,2024-02-25 12:41:42.305,68.2266,-145.7734,5.5
ak0242ktgvzh,"20 km NW of Arctic Village, Alaska",1.6,2024-02-25 12:38:49.732,68.2419,-145.9135,6.6
se60501678,"13 km SSE of Eatonton, Georgia",2.16,2024-02-25 12:34:11.420,33.2081666666667,-83.356,3.77
uu80048136,"15 km NE of Milford, Utah",0.69,2024-02-25 12:33:27.300,38.4951666666667,-112.8925,1.83
nc74007611,"6 km SSW of Gilroy, CA",0.73,2024-02-25 12:32:01.500,36.961,-121.5958333,4.17
uu80048131,"15 km NE of Milford, Utah",0.8,2024-02-25 12:30:23.460,38.496,-112.890166666667,1.96
av91133948,"85 km NW of Karluk, Alaska",-0.05,2024-02-25 12:25:50.160,58.173,-155.340166666667,1.02
ak0242ktddxl,"14 km NW of Arctic Village, Alaska",1.1,2024-02-25 12:22:16.570,68.2335,-145.736,3.9
ak0242ktby70,"7 km NW of Point MacKenzie, Alaska",1.3,2024-02-25 12:15:45.885,61.4103,-150.0822,40.5
nc74007606,"3 km WSW of Cobb, CA",0.31,2024-02-25 12:12:22.470,38.8126667,-122.7608333,1.64
ak0242kta1r4,"13 km NNW of Arctic Village, Alaska",1.2,2024-02-25 12:06:58.944,68.234,-145.7085,3.3
nn00873893,"51 km NW of Indian Springs, Nevada",0.3,2024-02-25 12:04:35.538,36.8297,-116.1506,3.8
nc74007601,"7 km NW of The Geysers, CA",0.44,2024-02-25 11:56:26.470,38.8148333,-122.8171667,3.0
us7000m1h5,off the coast of Oregon,3.5,2024-02-25 11:52:13.939,44.1758,-130.4476,10.0
pr71441223,"4 km WSW of La Parguera, Puerto Rico",2.69,2024-02-25 11:49:40.760,17.953,-67.0835,8.01
ak0242ksx5tp,"9 km NW of Arctic Village, Alaska",3.2,2024-02-25 11:46:46.233,68.1903,-145.7014,0.5
ak0242ksw1a3,"101 km S of False Pass, Alaska",2.3,2024-02-25 11:41:16.484,53.9498,-163.5482,25.7
mb90041658,"22 km WNW of Stanley, Idaho",2.24,2024-02-25 11:40:28.510,44.323,-115.182666666667,11.8
hv74120946,"0 km NE of Pāhala, Hawaii",1.76,2024-02-25 11:32:58.650,19.2083333333333,-155.4735,34.05
ak0242ksu2nl,"57 km NNW of Petersville, Alaska",1.7,2024-02-25 11:32:02.033,62.939,-151.3435,106.3
ak0242ksrk8f,"21 km ENE of Skwentna, Alaska",1.3,2024-02-25 11:20:33.753,62.0755,-151.0235,76.7
ci40676080,"12 km NNE of Ocotillo Wells, CA",1.19,2024-02-25 11:19:59.710,33.2408333,-116.086,3.06
nc74007596,"10 km NW of The Geysers, CA",0.29,2024-02-25 11:14:28.440,38.8391667,-122.8396667,2.08
uu80048046,"14 km NE of Milford, Utah",2.03,2024-02-25 11:11:46.020,38.4961666666667,-112.8955,1.32
uw61984456,"36 km ENE of Prospect, Oregon",1.09,2024-02-25 11:07:43.970,42.933166666666665,-122.11116666666666,3.78
nc74007591,"10 km WNW of The Geysers, CA",0.86,2024-02-25 11:07:20.900,38.8224983,-122.8521652,2.29
nn00873885,"17 km NNW of Truckee, California",1.0,2024-02-25 11:06:40.332,39.4798,-120.2255,13.1
nc74007586,"6 km WNW of The Geysers, CA",0.74,2024-02-25 11:03:13.420,38.8053322,-122.8209991,2.94
ak0242kscyqz,"29 km SE of Skwentna, Alaska",1.3,2024-02-25 10:52:23.474,61.8323,-150.9565,59.4
ak0242kscc9s,"6 km NNW of Badger, Alaska",0.8,2024-02-25 10:49:32.485,64.8556,-147.5755,8.7
ak0242ksaoe8,"49 km SE of Perryville, Alaska",1.9,2024-02-25 10:41:56.161,55.5466,-158.685,26.9
ak0242ksadpp,"111 km E of Cordova, Alaska",1.4,2024-02-25 10:40:17.730,60.4694,-143.7263,1.7
nc74007581,"6 km WNW of Cobb, CA",1.09,2024-02-25 10:35:12.120,38.8349991,-122.7908325,2.12
ak0242ks956n,"20 km NW of Susitna, Alaska",1.4,2024-02-25 10:34:40.639,61.6649,-150.8003,51.2
mb90041653,"21 km WNW of Stanley, Idaho",1.68,2024-02-25 10:29:47.550,44.3196666666667,-115.171833333333,4.62
nc74007571,"5 km W of Cobb, CA",1.09,2024-02-25 10:28:38.410,38.8241653,-122.7848358,0.25
nc74007566,"5 km W of Cobb, CA",0.32,2024-02-25 10:28:30.330,38.8251667,-122.7841667,0.35
uu80047996,"15 km NE of Milford, Utah",0.77,2024-02-25 10:28:10.580,38.493,-112.889166666667,2.08
us6000mfvk,"91 km SW of Unalaska, Alaska",3.7,2024-02-25 10:21:02.531,53.413,-167.6735,97.182
us7000m1h0,"93 km W of Tobelo, Indonesia",4.5,2024-02-25 10:19:59.321,1.667,127.1734,127.998
ak0242ks5862,"93 km WNW of Alatna, Alaska",1.1,2024-02-25 10:16:13.918,66.9294,-154.5986,9.0
ak0242ks48rq,"47 km WNW of Petersville, Alaska",1.1,2024-02-25 10:11:54.308,62.6646,-151.6077,1.4
ci40676072,"4 km WNW of Borrego Springs, CA",1.44,2024-02-25 10:08:31.920,33.2681667,-116.4136667,4.67
nc74007561,"10 km NW of The Geysers, CA",0.23,2024-02-25 10:04:02.690,38.8388329,-122.8343353,2.01
pr71441213,"6 km WSW of Fuig, Puerto Rico",2.06,2024-02-25 09:56:40.230,17.9708333333333,-66.9795,6.36
uu80047951,"14 km NE of Milford, Utah",0.78,2024-02-25 09:31:14.530,38.4911666666667,-112.901666666667,2.37
ak0242krmsyj,"83 km W of Karluk, Alaska",1.8,2024-02-25 09:30:19.426,57.6769,-155.8321,14.4
uu80047946,"14 km NE of Milford, Utah",0.96,2024-02-25 09:28:23.820,38.4938333333333,-112.904,2.12
ak0242krkf8d,"86 km SSE of Sand Point, Alaska",2.3,2024-02-25 09:18:59.762,54.6625,-159.8317,14.9
ak0242kriqms,"95 km WNW of Petersville, Alaska",1.5,2024-02-25 09:11:21.129,62.6784,-152.5854,5.3
ci40676064,"5 km WNW of Borrego Springs, CA",1.09,2024-02-25 09:10:29.840,33.2655,-116.4295,4.64
nn00874627,"13 km NNW of Walker Lake, Nevada",1.1,2024-02-25 08:54:45.287,38.7597,-118.8187,6.8
ak0242kr5oa7,"20 km N of Fishhook, Alaska",1.0,2024-02-25 08:50:25.757,61.9242,-149.1758,12.4
hv74120851,"27 km SE of Pāhala, Hawaii",1.87,2024-02-25 08:48:50.910,19.0286674499512,-155.289993286133,1.03999996185303
ak0242kr28ct,"94 km SSE of Sand Point, Alaska",2.0,2024-02-25 08:34:19.655,54.5711,-159.8538,9.3
ak0242kr27id,"125 km E of McCarthy, Alaska",1.4,2024-02-25 08:34:08.668,61.5412,-140.5851,6.8
us7000m1gt,"194 km ESE of Taira, Japan",4.5,2024-02-25 08:33:59.263,25.7942,129.8646,10.0
ak0242kr0cvd,"238 km W of Adak, Alaska",2.4,2024-02-25 08:25:45.051,51.8027,179.9028,12.8
ci40676056,"19 km E of Little Lake, CA",1.23,2024-02-25 08:23:52.610,35.9076667,-117.6976667,8.76
ak0242kqz9c9,"78 km WSW of Nanwalek, Alaska",1.8,2024-02-25 08:20:32.732,59.0182,-153.1254,76.3
ak0242kqys5m,"54 km N of Stevens Village, Alaska",1.8,2024-02-25 08:18:01.737,66.4859,-148.8706,3.4
uw61984451,"1 km E of North Bend, Washington",1.22,2024-02-25 08:15:12.990,47.498333333333335,-121.76466666666667,18.48
tx2024dxcv,"65 km SSW of Whites City, New Mexico",1.8,2024-02-25 08:11:55.646,31.606,-104.55,6.7151
ci40676048,"22 km E of Little Lake, CA",0.94,2024-02-25 08:02:07.390,35.9468333,-117.6583333,2.36
ci40676040,"1 km NW of View Park-Windsor Hills, CA",1.42,2024-02-25 08:01:11.410,34.0018333,-118.3548333,10.84
pr71441208,"5 km WSW of Guánica, Puerto Rico",2.35,2024-02-25 07:57:40.870,17.9531666666667,-66.9576666666667,14.8
tx2024dxci,"64 km SSW of Whites City, New Mexico",1.9,2024-02-25 07:55:00.939,31.61,-104.545,6.8689
ak0242kql2b1,"14 km SSW of Unalaska, Alaska",2.1,2024-02-25 07:54:10.076,53.7482,-166.6001,75.8
tx2024dxcg,"63 km SSW of Whites City, New Mexico",3.1,2024-02-25 07:52:28.791,31.617,-104.533,7.9456
us7000m1gm,"7 km WSW of Uramita, Colombia",4.5,2024-02-25 07:51:09.198,6.8698,-76.2327,49.79
uw61984446,"22 km ENE of Ashford, Washington",0.21,2024-02-25 07:50:45.240,46.852333333333334,-121.7655,1.0
ak0242kqjewu,"63 km S of Kokhanok, Alaska",2.2,2024-02-25 07:46:38.030,58.8716,-154.6254,116.9
nc74007551,"36 km WNW of Petrolia, CA",2.43,2024-02-25 07:43:24.660,40.4421667,-124.6871667,24.84
ci40676032,"18 km ESE of Little Lake, CA",0.87,2024-02-25 07:37:47.090,35.8943333,-117.7163333,9.29
av91133923,"35 km NE of Adak, Alaska",0.66,2024-02-25 07:34:44.720,52.0923333333333,-176.259666666667,14.01
nc74007546,"2 km N of The Geysers, CA",0.76,2024-02-25 07:34:17.760,38.7989998,-122.7588348,4.38
nc74007541,"3 km NW of The Geysers, CA",0.14,2024-02-25 07:31:11.150,38.7935,-122.78,3.71
ak0242kqfdkr,"126 km SSE of McCarthy, Alaska",2.0,2024-02-25 07:27:56.121,60.3932,-141.9661,2.2
tx2024dxbl,"59 km S of Whites City, New Mexico",1.9,2024-02-25 07:27:42.525,31.643,-104.454,6.1255
us7000m1gh,"19 km N of Pedernales, Ecuador",4.7,2024-02-25 07:27:03.076,0.2451,-80.068,22.134
nc74007536,"4 km NNW of The Geysers, CA",0.37,2024-02-25 07:26:56.240,38.8086667,-122.7685,0.95
tx2024dxbj,"50 km NW of Toyah, Texas",2.9,2024-02-25 07:25:14.132,31.609,-104.197,2.511
ci40676024,"16 km NE of Little Lake, CA",0.98,2024-02-25 07:18:44.660,36.0241667,-117.7731667,1.35
nc74007531,"8 km NW of The Geysers, CA",0.44,2024-02-25 07:18:38.660,38.8293343,-122.8154984,2.52
pr71441198,"9 km SSE of Maria Antonia, Puerto Rico",2.3,2024-02-25 07:14:23.870,17.904,-66.8428333333333,15.77
av92214411,"37 km WSW of False Pass, Alaska",0.19,2024-02-25 07:05:06.410,54.758,-163.9735,-0.73
ak0242kq9yf2,"53 km SSW of Nikolski, Alaska",2.4,2024-02-25 07:02:27.011,52.4797,-169.1006,25.6
nn00874626,"17 km ENE of Swall Meadows, California",0.9,2024-02-25 07:01:18.881,37.5683,-118.4564,5.3
nc74007526,"9 km WNW of The Geysers, CA",1.21,2024-02-25 06:55:57.770,38.8205,-122.8418333,2.19
tx2024dxaj,"11 km NE of Balmorhea, Texas",1.8,2024-02-25 06:54:54.749,31.054,-103.652,3.7158
ak0242kpy6qd,"3 km SW of Salcha, Alaska",0.9,2024-02-25 06:47:35.541,64.5016,-146.9469,4.3
pr71441188,"25 km NNE of Arecibo, Puerto Rico",2.88,2024-02-25 06:45:40.670,18.6956666666667,-66.6545,35.53
nc74007521,"8 km NW of The Geysers, CA",0.67,2024-02-25 06:45:05.590,38.8330002,-122.8199997,1.64
us7000m1g7,"59 km S of Whites City, New Mexico",2.5,2024-02-25 06:44:22.476,31.6411,-104.4455,5.0
nc74007511,"7 km NW of The Geysers, CA",0.93,2024-02-25 06:41:01.580,38.8191681,-122.8231659,2.22
nc74007506,"10 km NW of The Geysers, CA",0.7,2024-02-25 06:28:51.210,38.8366661,-122.8361664,1.56
pr71441183,"38 km NW of San Antonio, Puerto Rico",3.01,2024-02-25 06:27:54.620,18.7403333333333,-67.3555,18.95
pr71441178,"55 km N of Loíza, Puerto Rico",3.17,2024-02-25 06:19:31.840,18.9365,-65.8795,7.39
ak0242kprqxk,"10 km WNW of Point MacKenzie, Alaska",1.3,2024-02-25 06:17:32.089,61.4109,-150.1435,31.4
us6000mfvc,"8 km SW of San Jose de Buan, Philippines",4.5,2024-02-25 06:14:12.768,12.0053,124.9656,66.754
nn00873891,"3 km ENE of Topaz Lake, Nevada",1.5,2024-02-25 06:12:47.624,38.7045,-119.5057,7.6
us6000mise,"22 km SE of Nelson Lagoon, Alaska",2.8,2024-02-25 05:56:32.991,55.8466,-160.9633,146.105
uu80047756,"3 km SW of Peoa, Utah",0.7,2024-02-25 05:49:22.570,40.7023333333333,-111.377333333333,12.49
ak0242kpcre1,"37 km SE of Sand Point, Alaska",1.9,2024-02-25 05:47:39.611,55.1073,-160.075,15.3
pr71441163,"42 km NW of San Antonio, Puerto Rico",3.34,2024-02-25 05:45:14.130,18.7806666666667,-67.3645,11.03
uu80047736,"4 km SW of Peoa, Utah",0.97,2024-02-25 05:35:37.090,40.7005,-111.378333333333,11.8
ak0242kpa0aj,"36 km WNW of Valdez, Alaska",1.3,2024-02-25 05:34:55.319,61.2118,-147.0038,3.6
ci40676016,"9 km WSW of Anza, CA",0.68,2024-02-25 05:31:49.980,33.5105,-116.7583333,4.6
ci37627324,"9 km WSW of Anza, CA",0.03,2024-02-25 05:31:46.240,33.5198333,-116.7625,3.39
ci40676008,"9 km WSW of Anza, CA",1.14,2024-02-25 05:27:40.850,33.5121667,-116.7601667,3.92
nc74007496,"8 km WNW of Cobb, CA",0.77,2024-02-25 05:25:11.300,38.8364983,-122.8118362,1.93
ak0242kp7r1w,"61 km N of Chase, Alaska",1.4,2024-02-25 05:24:02.448,62.9949,-149.9176,77.7
ak0242kp7nel,"4 km SSW of Salcha, Alaska",1.2,2024-02-25 05:23:55.450,64.4853,-146.9245,7.4
pr71441153,"50 km N of Tierras Nuevas Poniente, Puerto Rico",3.07,2024-02-25 05:17:39.430,18.9205,-66.502,38.43
hv74120781,"3 km WSW of Pāhala, Hawaii",2.13,2024-02-25 05:12:57.980,19.1865,-155.5075,36.43
nc74007491,"7 km NW of The Geysers, CA",0.48,2024-02-25 05:09:56.900,38.8153333,-122.8188333,2.66
ak0242kp3yoj,"59 km SE of Denali National Park, Alaska",1.4,2024-02-25 05:06:35.070,63.143,-150.9335,126.3
us6000misd,"89 km SSE of False Pass, Alaska",2.7,2024-02-25 05:02:08.886,54.088,-162.9871,35.0
ak0242kp2urn,"22 km NW of Valdez, Alaska",1.5,2024-02-25 05:01:17.797,61.2646,-146.668,9.1
ak0242koqoor,"50 km ENE of Yakutat, Alaska",1.8,2024-02-25 04:44:40.222,59.743,-138.9217,5.5
us7000m1ft,"112 km E of San Pedro de Atacama, Chile",4.3,2024-02-25 04:44:38.553,-22.8576,-67.1086,238.605
ci40676000,"19 km ESE of Little Lake, CA",0.57,2024-02-25 04:43:48.080,35.8876667,-117.7086667,7.82
nc74007486,"6 km WNW of Cobb, CA",0.7,2024-02-25 04:42:21.730,38.8364983,-122.7896652,2.04
nc74007481,"8 km NW of The Geysers, CA",0.22,2024-02-25 04:34:42.670,38.8318329,-122.8115005,1.55
us6000mism,"23 km E of Akutan, Alaska",2.5,2024-02-25 04:33:03.680,54.1333,-165.4118,85.268
ci40675992,"15 km SW of Searles Valley, CA",0.77,2024-02-25 04:32:27.450,35.6663333,-117.5095,7.81
uu80047651,"14 km NE of Milford, Utah",1.1,2024-02-25 04:25:51.880,38.4953333333333,-112.8945,2.03
nc74007476,"2 km NNE of The Geysers, CA",0.77,2024-02-25 04:21:08.340,38.793335,-122.7474976,1.79
pr2024056001,"21 km NNE of Miches, Dominican Republic",3.9,2024-02-25 04:20:45.880,19.1686,-68.9763,49.0
us7000m1fq,"130 km SSE of Kyzyl-Suu, Kyrgyzstan",5.4,2024-02-25 04:15:00.431,41.2117,78.4315,10.0
mb90041643,"32 km NW of Mackay, Idaho",1.85,2024-02-25 04:11:24.370,44.0995,-113.926333333333,4.88
ak0242kojc32,"91 km SSW of False Pass, Alaska",2.0,2024-02-25 04:10:11.023,54.1482,-164.1497,25.6
av91133908,"19 km W of Sitka, Alaska",0.0,2024-02-25 04:08:00.730,57.038,-135.654,6.87
ak0242koiit8,"192 km WSW of Adak, Alaska",2.3,2024-02-25 04:06:31.647,51.2014,-179.1891,22.9
uu80047631,"14 km NE of Milford, Utah",0.17,2024-02-25 04:05:37.470,38.4905,-112.898833333333,3.18
nc74007466,"7 km NW of The Geysers, CA",0.39,2024-02-25 04:03:58.400,38.8268318,-122.8050003,1.43
uu80047626,"15 km NE of Milford, Utah",0.3,2024-02-25 04:03:43.780,38.4951666666667,-112.889333333333,2.71
uu80000538,"15 km NE of Milford, Utah",0.13,2024-02-25 04:03:25.140,38.4931666666667,-112.888333333333,2.4
nn00873881,"30 km SE of Mina, Nevada",2.0,2024-02-25 04:01:22.111,38.1949,-117.8715,12.1
ci40675984,"8 km ESE of Yucaipa, CA",2.12,2024-02-25 04:01:01.230,34.0078333,-116.957,17.79
nc74007456,"2 km NNW of The Geysers, CA",0.46,2024-02-25 03:53:13.820,38.7913322,-122.7656631,0.75
ak0242ko5gwm,"23 km E of Healy, Alaska",1.6,2024-02-25 03:45:40.902,63.8305,-148.5024,101.7
mb90041733,"4 km NE of Happys Inn, Montana",0.96,2024-02-25 03:36:15.460,48.1146666666667,-115.095,2.31
nn00873879,"65 km NW of Rachel, Nevada",1.4,2024-02-25 03:35:56.131,38.0661,-116.2579,8.5
ak0242ko35a6,"49 km NW of Mosquito Lake, Alaska",1.5,2024-02-25 03:34:58.007,59.8604,-136.6672,3.0
ci40675976,"3 km SSE of Cabazon, CA",0.82,2024-02-25 03:32:33.670,33.8915,-116.7676667,13.94
uw61984431,"2 km W of King City, Oregon",1.41,2024-02-25 03:27:56.900,45.4005,-122.836,24.25
uu80000523,"15 km NE of Milford, Utah",0.86,2024-02-25 03:27:21.910,38.492,-112.886333333333,2.29
uu80000513,"39 km SSE of Mammoth, Wyoming",0.87,2024-02-25 03:27:00.780,44.666,-110.452333333333,2.39
uu80047601,"39 km SSE of Mammoth, Wyoming",1.02,2024-02-25 03:26:37.340,44.6636666666667,-110.453666666667,2.25
av92214306,"78 km W of Salamatof, Alaska",0.29,2024-02-25 03:22:24.970,60.5216666666667,-152.744666666667,5.67
us6000mfv6,"195 km SE of Kokopo, Papua New Guinea",4.4,2024-02-25 03:22:00.426,-5.6657,153.4436,27.797
ak0242ko08ue,"34 km NW of Valdez, Alaska",2.0,2024-02-25 03:21:04.384,61.3185,-146.8543,13.4
ci40675960,"6 km WSW of Palmdale, CA",0.6,2024-02-25 03:05:41.450,34.5671667,-118.1648333,6.13
nc74007451,"2 km WNW of The Geysers, CA",0.73,2024-02-25 03:01:36.140,38.7866669,-122.7798309,1.02
nc74007446,"2 km NW of The Geysers, CA",0.72,2024-02-25 02:59:50.660,38.7859993,-122.769165,3.31
av91133893,"19 km W of Sitka, Alaska",0.17,2024-02-25 02:58:23.990,57.0413333333333,-135.656,6.83
av91133888,"19 km W of Sitka, Alaska",-0.01,2024-02-25 02:58:08.830,57.048,-135.645333333333,6.03
tx2024dwsm,"2 km SE of Falls City, Texas",2.1,2024-02-25 02:55:37.797,28.965,-97.997,0.0488
ak0242knm4r5,"18 km N of Two Rivers, Alaska",0.9,2024-02-25 02:55:19.623,65.0334,-147.1039,0.0
us7000m1ff,"85 km W of San Antonio de los Cobres, Argentina",4.5,2024-02-25 02:54:04.238,-24.1821,-67.1641,196.547
ak0242knlg5y,"45 km W of Nanwalek, Alaska",1.8,2024-02-25 02:52:00.869,59.4329,-152.7066,84.6
nc74007441,"7 km NW of The Geysers, CA",1.61,2024-02-25 02:50:24.970,38.814,-122.8223333,2.35
ak0242knk921,"48 km SSE of Nelchina, Alaska",1.6,2024-02-25 02:46:43.220,61.5999,-146.3865,15.0
uu80047561,"15 km NE of Milford, Utah",0.72,2024-02-25 02:35:31.840,38.4941666666667,-112.890666666667,2.17
us6000mfv4,"193 km S of Bengkulu, Indonesia",4.2,2024-02-25 02:25:28.417,-5.5464,102.3358,30.093
ak0242knfg38,"14 km W of Point Possession, Alaska",1.5,2024-02-25 02:24:00.521,60.9447,-150.9577,57.6
ci40675952,"14 km E of Coso Junction, CA",0.89,2024-02-25 02:20:26.430,36.028,-117.7893333,1.75
uw61984421,"15 km NNE of Ashford, Washington",0.06,2024-02-25 02:17:13.640,46.88816666666666,-121.954,10.01
hv74120671,"10 km NE of Pāhala, Hawaii",2.27999997,2024-02-25 02:10:32.710,19.2600002288818,-155.39599609375,29.4300003051758
uu80047541,"14 km NE of Milford, Utah",0.12,2024-02-25 02:09:15.540,38.4955,-112.905,2.75
hv74120666,"11 km NE of Pāhala, Hawaii",1.91999996,2024-02-25 02:08:29.130,19.2676658630371,-155.389007568359,30.5900001525879
ak0242knbuj7,"7 km E of Susitna North, Alaska",1.3,2024-02-25 02:07:21.471,62.1585,-149.7097,48.4
ak0242knbekq,"22 km ESE of Chase, Alaska",1.0,2024-02-25 02:05:14.669,62.3821,-149.7,9.5
av92214281,"13 km NNE of Atka, Alaska",0.0,2024-02-25 01:59:02.470,52.3106666666667,-174.152,1.95
us6000mfv7,"Izu Islands, Japan region",4.4,2024-02-25 01:56:29.375,31.5616,140.453,10.0
nn00873890,"21 km WNW of Indian Springs, Nevada",0.1,2024-02-25 01:55:30.014,36.6748,-115.8684,6.4
nc74007426,"11 km NW of The Geysers, CA",0.23,2024-02-25 01:42:43.690,38.8318333,-122.8595,1.62
ak0242kmwn0j,"15 km S of Susitna North, Alaska",1.4,2024-02-25 01:36:26.553,62.0192,-149.8463,17.4
uw61984416,"22 km ENE of Ashford, Washington",0.14,2024-02-25 01:36:03.120,46.84733333333333,-121.76766666666667,-0.08
ci40675928,"22 km ESE of Little Lake, CA",0.79,2024-02-25 01:34:56.190,35.873,-117.6725,7.33
nc74007416,"12 km ENE of Cloverdale, CA",1.08,2024-02-25 01:30:05.380,38.8429985,-122.8809967,2.51
ci40675920,"4 km SW of Corona, CA",0.92,2024-02-25 01:24:57.520,33.848,-117.5951667,11.04
nc74007411,"8 km NW of The Geysers, CA",0.25,2024-02-25 01:21:53.370,38.8310013,-122.8134995,1.51
ci40675912,"14 km ESE of Anza, CA",0.41,2024-02-25 01:18:30.470,33.5248333,-116.5213333,12.71
ci40675904,"10 km ENE of Borrego Springs, CA",1.62,2024-02-25 01:12:58.350,33.2888333,-116.2735,2.91
us7000m1g5,"45 km NW of Akutan, Alaska",2.6,2024-02-25 01:10:09.403,54.4399,-166.2468,10.0
av92214261,"28 km NNE of Atka, Alaska",2.42,2024-02-25 01:09:43.520,52.4491666666667,-174.117833333333,10.0
av91133853,"14 km WNW of Akutan, Alaska",0.9,2024-02-25 01:08:36.340,54.177,-165.982166666667,15.93
ak0242kmqepp,"15 km WNW of Akutan, Alaska",1.8,2024-02-25 01:07:20.992,54.1636,-166.0084,10.8
av91133848,"14 km WSW of Akutan, Alaska",0.73,2024-02-25 01:05:55.440,54.0926666666667,-165.991166666667,21.18
ak0242kmpxux,"15 km W of Akutan, Alaska",1.6,2024-02-25 01:05:03.025,54.1112,-166.0072,19.2
ci40675896,"16 km SSW of Searles Valley, CA",0.62,2024-02-25 01:03:43.980,35.6288333,-117.4628333,7.49
av92214246,"15 km W of Akutan, Alaska",1.03,2024-02-25 01:02:26.640,54.124,-166.012666666667,18.58
av91133838,"14 km W of Akutan, Alaska",0.74,2024-02-25 01:00:30.920,54.1326666666667,-165.996333333333,18.66
av92214241,"15 km WNW of Akutan, Alaska",1.14,2024-02-25 00:59:57.440,54.164,-166.001166666667,16.87
av91133833,"16 km W of Akutan, Alaska",0.99,2024-02-25 00:58:29.510,54.1176666666667,-166.021833333333,16.61
us7000m1f7,"27 km SW of Puerto Ángel, Mexico",4.2,2024-02-25 00:57:24.840,15.4683,-96.6386,10.0
av91133823,"15 km WSW of Akutan, Alaska",1.15,2024-02-25 00:57:19.820,54.0775,-165.987166666667,15.83
av91133818,"12 km SW of Akutan, Alaska",0.77,2024-02-25 00:57:03.610,54.0678333333333,-165.931666666667,16.22
av91133828,"14 km W of Akutan, Alaska",0.84,2024-02-25 00:56:46.300,54.1386666666667,-165.996666666667,17.14
av91133813,"16 km W of Akutan, Alaska",0.49,2024-02-25 00:55:12.810,54.1471666666667,-166.0255,16.08
av92214231,"60 km SE of Pedro Bay, Alaska",0.55,2024-02-25 00:45:51.260,59.356,-153.442666666667,-0.38
ak0242kmd4so,"0 km W of Point Possession, Alaska",1.5,2024-02-25 00:45:40.334,60.9229,-150.701,45.1
hv74120611,"3 km SSW of Pāhala, Hawaii",1.74000001,2024-02-25 00:41:03.620,19.1748332977295,-155.497497558594,35.8499984741211
ak0242kmbwr6,"17 km NE of Cantwell, Alaska",0.9,2024-02-25 00:39:55.239,63.5216,-148.7537,12.6
nn00873877,"33 km SE of Mina, Nevada",1.4,2024-02-25 00:34:44.102,38.1532,-117.8689,12.1
nc74007386,"11 km NNW of Redwood Valley, CA",1.24,2024-02-25 00:34:06.160,39.3631667,-123.2356667,7.1
uw61984411,"34 km NNE of Amboy, Washington",0.09,2024-02-25 00:31:14.620,46.20766666666667,-122.31433333333334,13.07
ak0242km9gwy,"54 km WNW of Ninilchik, Alaska",2.4,2024-02-25 00:28:16.747,60.2725,-152.5331,105.2
us7000m1f4,"59 km ENE of Isen, Japan",4.3,2024-02-25 00:28:08.549,27.8218,129.5218,38.668
ci40675880,"10 km SSW of Idyllwild, CA",0.75,2024-02-25 00:27:07.240,33.6565,-116.7406667,12.84
uu80047421,"15 km NE of Milford, Utah",0.86,2024-02-25 00:22:26.040,38.4933333333333,-112.890333333333,2.59
nc74007376,"3 km SSW of Anderson Springs, CA",1.04,2024-02-25 00:17:57.100,38.7529984,-122.7006683,1.56
pr71441138,"9 km SSE of Maria Antonia, Puerto Rico",2.55,2024-02-25 00:16:58.640,17.9076666666667,-66.8465,15.67
ak0242km6r4d,"33 km SE of Minto, Alaska",0.9,2024-02-25 00:15:48.446,64.9295,-148.866,22.6
nc74007371,"4 km W of Portola Valley, CA",0.45,2024-02-25 00:11:21.490,37.3851667,-122.2798333,8.73
ak0242km5e5f,"3 km E of Point MacKenzie, Alaska",1.3,2024-02-25 00:09:13.630,61.3583,-149.9169,41.7
ak0242km4e31,"25 km SE of Susitna North, Alaska",1.2,2024-02-25 00:04:49.872,61.9903,-149.5375,11.2
pr2024056000,"20 km W of Puerto Real, Puerto Rico",3.46,2024-02-25 00:03:34.950,18.0936,-67.3768,35.0
ak0242km3jjf,"27 km N of Skwentna, Alaska",1.4,2024-02-25 00:00:50.350,62.2392,-151.4546,89.9
ak0242jclbwd,"24 km ENE of Ferry, Alaska",1.3,2024-02-24 23:57:26.051,64.1139,-148.6667,128.7
uu80047401,"14 km NE of Milford, Utah",0.89,2024-02-24 23:53:35.790,38.4943333333333,-112.8925,2.16
us7000m1ew,"7 km S of Atoka, New Mexico",3.9,2024-02-24 23:50:11.079,32.7001,-104.3897,5.0
ak0242jciy9d,"35 km WSW of Kivalina, Alaska",1.9,2024-02-24 23:46:16.171,67.6079,-165.3046,14.7
ak0242jcis6n,"28 km WSW of Kivalina, Alaska",1.8,2024-02-24 23:45:37.434,67.6462,-165.1862,14.6
nc74007361,"9 km NW of The Geysers, CA",-0.04,2024-02-24 23:42:58.620,38.8245,-122.8458333,2.19
nc74007356,"1 km ENE of The Geysers, CA",0.93,2024-02-24 23:39:51.490,38.7831667,-122.7428333,0.7
tx2024dwly,"55 km NW of Toyah, Texas",1.8,2024-02-24 23:37:58.123,31.676,-104.204,6.4075
ak0242jcfiqm,"86 km NW of Karluk, Alaska",1.1,2024-02-24 23:30:16.350,58.2192,-155.2612,0.9
uw61984406,"15 km N of Amboy, Washington",0.53,2024-02-24 23:30:10.540,46.044333333333334,-122.477,18.04
us7000m1et,"47 km SSE of Tari, Papua New Guinea",5.0,2024-02-24 23:29:42.143,-6.2328,143.1244,10.0
av91133783,"20 km W of Sitka, Alaska",0.29,2024-02-24 23:27:55.810,57.053,-135.661333333333,6.58
uu80047366,"15 km NE of Milford, Utah",0.86,2024-02-24 23:25:21.110,38.4931666666667,-112.888333333333,2.18
ak0242jcdg5u,"13 km SSW of Willow, Alaska",1.1,2024-02-24 23:20:46.510,61.6345,-150.1472,10.6
nc74007341,"10 km NNE of Larkfield-Wikiup, CA",0.98,2024-02-24 23:20:09.510,38.5893333,-122.7008333,6.91
nc74007336,"6 km WNW of Cobb, CA",0.24,2024-02-24 23:14:36.660,38.8341675,-122.7949982,1.42
uu80047341,"14 km NE of Milford, Utah",0.69,2024-02-24 23:11:01.080,38.4926666666667,-112.890166666667,2.57
us7000m1ep,"13 km NNW of Psará, Greece",4.2,2024-02-24 22:59:01.885,38.6527,25.5109,10.779
tx2024dwkq,"35 km NNW of Toyah, Texas",2.4,2024-02-24 22:58:16.294,31.602,-103.96,8.2404
nn00873876,"26 km NW of Indian Springs, Nevada",0.1,2024-02-24 22:53:26.294,36.7499,-115.8608,2.1
nc74007321,"8 km NW of The Geysers, CA",0.76,2024-02-24 22:47:02.940,38.8325005,-122.8164978,1.88
ak0242jbx6ad,"74 km SW of Adak, Alaska",2.1,2024-02-24 22:44:56.378,51.4505,-177.4592,35.4
ak0242jbwpjl,"12 km SSW of Willow, Alaska",1.0,2024-02-24 22:42:39.780,61.6457,-150.1339,15.6
ci40675864,"3 km NNW of Beaumont, CA",1.22,2024-02-24 22:38:50.460,33.9578333,-116.9916667,16.0
ci40675856,"2 km WNW of Loma Linda, CA",1.32,2024-02-24 22:38:17.010,34.0556667,-117.2793333,14.88
ci40675848,"0 km WSW of Loma Linda, CA",1.21,2024-02-24 22:38:00.590,34.0468333,-117.2656667,15.09
hv74120571,"3 km SSW of Pāhala, Hawaii",1.8,2024-02-24 22:36:54.160,19.1743333333333,-155.492666666667,34.42
nc74007316,"7 km WNW of Cobb, CA",0.78,2024-02-24 22:31:10.550,38.8358345,-122.8010025,2.29
ak0242jbtxp2,"74 km SE of King Cove, Alaska",1.9,2024-02-24 22:29:44.860,54.5058,-161.6672,21.6
ak0242jbr25j,"47 km WNW of Mentasta Lake, Alaska",1.0,2024-02-24 22:16:03.189,63.1498,-144.5609,10.2
ak0242jbq733,"15 km ENE of Chase, Alaska",1.0,2024-02-24 22:12:20.140,62.5203,-149.8456,10.6
hv74120561,"10 km E of Pāhala, Hawaii",2.25,2024-02-24 22:11:10.440,19.2108325958252,-155.380172729492,31.0499992370605
ok2024dwja,"16 km W of Aline, Oklahoma",1.3,2024-02-24 22:09:41.850,36.51016667,-98.63266667,5.71
hv74120556,"2 km WSW of Pāhala, Hawaii",1.96,2024-02-24 22:06:53.340,19.1925,-155.4965,32.7
ak0242jbor5c,"46 km N of Valdez, Alaska",2.5,2024-02-24 22:05:28.321,61.5504,-146.4149,29.6
ak0242jboltt,"59 km NNW of Petersville, Alaska",1.6,2024-02-24 22:04:54.214,62.9827,-151.2623,131.7
ak0242jbo2ne,"35 km ESE of Pedro Bay, Alaska",2.0,2024-02-24 22:02:10.560,59.7217,-153.4888,120.3
us7000m1ea,"10 km W of El Realejo, Nicaragua",5.3,2024-02-24 21:57:41.964,12.5454,-87.2599,80.506
av91133773,"19 km W of Sitka, Alaska",-0.12,2024-02-24 21:57:19.900,57.0426666666667,-135.654166666667,6.71
ci40675832,"5 km WNW of Borrego Springs, CA",0.88,2024-02-24 21:52:59.920,33.2708333,-116.4286667,4.17
nc74007296,"6 km W of Cobb, CA",0.46,2024-02-24 21:51:04.160,38.8264999,-122.796669,1.37
us7000m1e8,"10 km N of Port-Olry, Vanuatu",5.0,2024-02-24 21:47:43.243,-14.947,167.0715,55.066
nc74007291,"4 km WSW of Colma, CA",0.77,2024-02-24 21:39:50.100,37.6626667,-122.5066667,7.87
ci40675824,"5 km W of Borrego Springs, CA",1.07,2024-02-24 21:39:38.640,33.2623333,-116.4248333,4.39
ak0242jb9zm8,"26 km SW of Petersville, Alaska",1.6,2024-02-24 21:36:39.878,62.3252,-151.128,85.7
av91133768,"91 km W of Adak, Alaska",1.32,2024-02-24 21:36:27.800,51.8645,-177.963,4.1
nc74007276,"4 km N of Santa Rosa, CA",2.03,2024-02-24 21:36:06.830,38.4828333,-122.7101667,6.2
ak0242jb6y2c,"9 km ESE of Stevens Village, Alaska",0.9,2024-02-24 21:22:17.845,65.9852,-148.8868,12.3
us6000mfur,"Bonin Islands, Japan region",4.3,2024-02-24 21:16:38.125,27.578,141.8902,30.882
av92214096,"91 km W of Adak, Alaska",1.11,2024-02-24 21:10:49.770,51.8616666666667,-177.9645,3.79
nc74007271,"31 km SE of Yosemite Valley, CA",1.26,2024-02-24 21:10:41.640,37.5185,-119.3676667,19.84
us6000mfuq,"260 km WNW of Houma, Tonga",4.1,2024-02-24 21:05:02.904,-20.0183,-177.4822,574.893
nn00873870,"30 km SE of Mina, Nevada",1.6,2024-02-24 21:00:50.026,38.1732,-117.9021,11.1
nc74007251,"8 km NW of The Geysers, CA",0.76,2024-02-24 20:54:44.790,38.8293343,-122.8150024,2.29
ak0242jaor9n,"67 km SE of Adak, Alaska",1.8,2024-02-24 20:37:32.597,51.489,-175.8736,25.6
av91133763,"23 km W of Akutan, Alaska",0.15,2024-02-24 20:35:28.700,54.1081666666667,-166.129,14.16
nc74007236,"8 km W of Cobb, CA",0.9,2024-02-24 20:30:43.200,38.8349991,-122.8180008,1.72
us6000mfup,"275 km WNW of Houma, Tonga",4.0,2024-02-24 20:30:12.800,-20.0686,-177.6745,504.776
ak0242jamv38,"40 km NW of Beluga, Alaska",1.5,2024-02-24 20:28:49.004,61.4393,-151.4986,70.8
pr2024055002,"46 km NE of Punta Cana, Dominican Republic",3.64,2024-02-24 20:26:10.760,18.8365,-68.0495,94.0
ak0242jalqqk,"10 km E of Fox, Alaska",1.4,2024-02-24 20:23:26.204,64.9771,-147.3938,0.0
tx2024dwfj,"53 km NW of Toyah, Texas",2.3,2024-02-24 20:19:20.177,31.604,-104.245,6.51
av91133758,"84 km NNW of Karluk, Alaska",-0.44,2024-02-24 20:11:23.440,58.2816666666667,-154.956833333333,2.09
ak0242jaiqh5,"28 km ESE of Livengood, Alaska",0.8,2024-02-24 20:09:22.740,65.4155,-147.9819,10.5
us6000mfuu,South Sandwich Islands region,4.1,2024-02-24 20:08:02.820,-59.5314,-26.5655,9.986
uu80047251,"14 km NE of Milford, Utah",-0.67,2024-02-24 20:06:14.060,38.495,-112.899833333333,2.54
ak0242jah6xk,"61 km SE of King Salmon, Alaska",2.2,2024-02-24 20:02:03.122,58.2674,-155.992,156.5
nc74007211,"6 km NW of The Geysers, CA",0.76,2024-02-24 19:59:51.300,38.8213348,-122.8063354,1.74
nc74007206,"2 km ESE of The Geysers, CA",0.88,2024-02-24 19:59:28.590,38.7691667,-122.739,0.36
av92214041,"258 km W of Adak, Alaska",0.47,2024-02-24 19:56:50.060,51.907,179.615166666667,4.12
nc74007196,"8 km NW of The Geysers, CA",0.44,2024-02-24 19:50:56.810,38.8318329,-122.8184967,1.84
ak0242ja5qhy,"22 km ESE of Point Possession, Alaska",1.6,2024-02-24 19:48:58.559,60.8528,-150.3042,48.5
nc74007186,"7 km WNW of Cobb, CA",0.71,2024-02-24 19:47:59.930,38.8371658,-122.8026657,2.03
uw61984386,"13 km SSE of Carbonado, Washington",0.59,2024-02-24 19:47:34.590,46.968333333333334,-121.9795,7.41
nc74007181,"8 km SE of Redwood Valley, CA",1.48,2024-02-24 19:43:05.510,39.2193333,-123.1358333,-0.63
nc74007176,"11 km SSW of San Lucas, CA",1.18,2024-02-24 19:41:33.340,36.0306667,-121.0486667,9.98
nc74007171,"8 km NW of The Geysers, CA",0.4,2024-02-24 19:40:12.790,38.8323326,-122.8186646,2.0
ak0242ja3i02,"52 km NNE of Yakutat, Alaska",1.9,2024-02-24 19:38:10.158,59.9998,-139.4733,0.0
ci40675752,"13 km W of Mojave, CA",1.29,2024-02-24 19:36:30.610,35.0486667,-118.3185,-0.93
ak0242ja2fbt,"71 km WSW of Adak, Alaska",1.6,2024-02-24 19:33:13.537,51.53,-177.5069,35.8
ak0242ja2ajh,"75 km E of Port Alsworth, Alaska",1.7,2024-02-24 19:32:51.497,60.2524,-152.9658,111.0
ak0242ja0q3n,south of the Aleutian Islands,2.8,2024-02-24 19:25:20.034,49.9497,179.9524,7.6
ak0242j9zx2w,"58 km SSE of Adak, Alaska",1.7,2024-02-24 19:21:43.921,51.4216,-176.2147,24.5
nc74007166,"1 km NW of Toms Place, CA",1.69,2024-02-24 19:16:16.660,37.5666667,-118.6866667,9.44
hv74120461,"3 km SSE of Pāhala, Hawaii",2.08999991,2024-02-24 19:14:19.240,19.1751670837402,-155.472671508789,31.5
us7000m1dh,"49 km W of Manta, Ecuador",4.6,2024-02-24 19:12:56.851,-0.9392,-81.1548,10.0
nn00873868,"8 km NE of Johnson Lane, Nevada",1.1,2024-02-24 19:11:24.059,39.0994,-119.6427,11.9
nc74007156,"6 km NW of The Geysers, CA",0.41,2024-02-24 19:09:55.180,38.8126667,-122.8165,2.74
ci40675744,"6 km NW of San Jacinto, CA",1.54,2024-02-24 19:09:10.880,33.8241667,-117.0045,12.81
tx2024dwcz,"53 km W of Mentone, Texas",1.6,2024-02-24 19:06:46.970,31.699,-104.168,7.0483
us7000m1de,"19 km NE of Mejillones, Chile",4.5,2024-02-24 19:04:05.539,-22.9864,-70.2963,57.365
ak0242j9vzcc,"153 km SSE of Atka, Alaska",2.6,2024-02-24 19:02:41.487,50.8868,-173.4919,1.0
nc74007151,"8 km NW of The Geysers, CA",0.76,2024-02-24 19:00:40.380,38.8313332,-122.8180008,1.96
nn00873982,"48 km ENE of Fort Bidwell, California",2.4,2024-02-24 18:58:25.619,41.9496,-119.584,0.0
nc74007141,"8 km WNW of Cobb, CA",0.54,2024-02-24 18:53:24.200,38.8395004,-122.8099976,2.22
ak0242j9k2o5,"111 km S of Point Hope, Alaska",2.0,2024-02-24 18:47:51.417,67.3534,-166.9872,29.6
us7000m1db,"3 km W of San Jose de Buan, Philippines",4.9,2024-02-24 18:47:43.035,12.0479,124.991,78.916
nc74007131,"7 km SSW of Ridgemark, CA",1.21,2024-02-24 18:38:59.980,36.7498333,-121.3876667,11.2
hv74120431,"1 km NW of Pāhala, Hawaii",2.20000005,2024-02-24 18:38:11.480,19.2118339538574,-155.486663818359,27.8099994659424
ak0242j9i1zn,"186 km SSE of Atka, Alaska",3.2,2024-02-24 18:37:55.856,50.6509,-173.1505,19.9
ak0242j9hegb,"67 km ESE of Atka, Alaska",2.4,2024-02-24 18:35:18.701,52.0594,-173.2448,66.5
ci40675680,"6 km N of Mojave, CA",1.35,2024-02-24 18:23:59.150,35.104,-118.1795,9.11
us7000m1g2,"85 km SW of Atka, Alaska",4.0,2024-02-24 18:23:45.425,51.7411,-175.2048,41.888
tx2024dwbn,"35 km NNW of Toyah, Texas",2.2,2024-02-24 18:22:20.337,31.597,-103.966,8.2019
ci40675672,"5 km SW of Idyllwild, CA",1.11,2024-02-24 18:14:06.080,33.7071667,-116.76,15.87
mb90041728,"3 km NNE of Happys Inn, Montana",0.95,2024-02-24 18:09:02.940,48.1088333333333,-115.125,3.99
uu80047226,"16 km W of Woodruff, Utah",1.41,2024-02-24 17:51:58.280,41.5446666666667,-111.355166666667,-3.48
ak0242j8z9vw,"22 km W of Point MacKenzie, Alaska",1.7,2024-02-24 17:50:47.727,61.3315,-150.3947,45.5
us7000m1dr,"52 km WNW of Neiafu, Tonga",4.8,2024-02-24 17:44:24.823,-18.5576,-174.4733,8.333
tx2024dwah,"54 km NW of Toyah, Texas",2.7,2024-02-24 17:44:07.066,31.602,-104.253,6.2537
ak0242j8x3lc,"29 km S of Larsen Bay, Alaska",1.9,2024-02-24 17:40:32.488,57.2749,-153.9861,47.9
ak0242j8ww5f,"64 km S of Shungnak, Alaska",1.5,2024-02-24 17:39:36.034,66.3109,-157.1522,15.1
ak0242j8wh7d,"26 km W of Skwentna, Alaska",1.5,2024-02-24 17:37:42.845,62.0202,-151.8969,109.3
tx2024dvzz,"54 km NW of Toyah, Texas",1.6,2024-02-24 17:35:27.771,31.67,-104.197,5.6
nn00873867,"22 km ESE of Fallon Station, Nevada",1.1,2024-02-24 17:26:03.768,39.3285,-118.4776,11.6
nc74007101,"8 km NW of The Geysers, CA",0.72,2024-02-24 17:25:56.030,38.8305016,-122.8148346,2.03
pr71441088,"66 km NE of Punta Cana, Dominican Republic",3.31,2024-02-24 17:19:59.770,18.9703333333333,-67.9201666666667,28.57
mb90041723,"4 km NE of Happys Inn, Montana",0.89,2024-02-24 17:17:36.480,48.1135,-115.1045,2.78
ci40675632,"10 km NNW of Anza, CA",0.63,2024-02-24 17:12:11.400,33.6426667,-116.6953333,14.23
ak0242j8ooy8,"20 km NNE of Four Mile Road, Alaska",1.4,2024-02-24 17:01:19.783,64.7832,-149.0258,14.3
ak0242j8oo9s,"21 km NNE of Four Mile Road, Alaska",1.3,2024-02-24 17:01:04.134,64.7893,-149.0008,15.7
av92213966,"69 km ENE of Pedro Bay, Alaska",-0.56,2024-02-24 17:01:01.550,60.075,-153.002,0.91
nn00873866,"5 km ESE of Dyer, Nevada",1.1,2024-02-24 17:00:20.246,37.6396,-118.0118,0.0
uw61984346,"30 km S of Morton, Washington",0.34,2024-02-24 16:50:47.700,46.285333333333334,-122.22083333333333,5.54
av92213956,"63 km ENE of Pedro Bay, Alaska",-0.71,2024-02-24 16:43:27.260,60.046,-153.096,-2.21
ci40675608,"10 km S of Idyllwild, CA",0.72,2024-02-24 16:35:41.430,33.6518333,-116.7356667,13.97
us7000m1cl,off the coast of Oregon,3.6,2024-02-24 16:32:07.784,44.3154,-130.3735,13.43
nc74007091,"11 km SSW of San Lucas, CA",1.23,2024-02-24 16:29:01.570,36.0298333,-121.0471667,9.54
ak0242j882l9,"32 km WSW of Anchor Point, Alaska",1.5,2024-02-24 16:23:53.846,59.7099,-152.3887,73.6
ak0242j87erd,"98 km ESE of McCarthy, Alaska",0.8,2024-02-24 16:20:51.782,61.2384,-141.1178,7.5
tx2024dvxh,"55 km NW of Toyah, Texas",1.6,2024-02-24 16:14:16.884,31.673,-104.197,4.2798
nc74007086,"8 km SE of Redwood Valley, CA",1.42,2024-02-24 16:10:22.870,39.2191667,-123.1353333,0.08
nn00874215,"46 km WNW of Rachel, Nevada",0.7,2024-02-24 16:08:41.740,37.7861,-116.2448,22.9
uu80047216,"22 km SSW of Mammoth, Wyoming",0.58,2024-02-24 16:07:18.760,44.803,-110.852666666667,6.24
ci40675584,"9 km SE of Valle Vista, CA",1.7,2024-02-24 16:05:40.580,33.6971667,-116.8171667,16.36
hv74120336,"6 km ESE of Pāhala, Hawaii",2.0,2024-02-24 16:05:26.610,19.1875,-155.421493530273,31.6900005340576
nc74007071,"6 km WNW of Cobb, CA",0.36,2024-02-24 16:05:16.800,38.8363342,-122.7896652,2.01
ok2024dvwz,"13 km SW of Watonga, Oklahoma",1.37,2024-02-24 16:04:20.899,35.76566667,-98.53033333,12.59
ak0242j7qupc,"45 km NNW of Aleneva, Alaska",1.6,2024-02-24 15:43:22.888,58.4519,-153.0997,45.3
nn00873852,"12 km NNW of Walker Lake, Nevada",1.6,2024-02-24 15:30:15.130,38.7534,-118.8202,11.3
pr71441078,"10 km NNE of Carrizales, Puerto Rico",3.26,2024-02-24 15:22:37.860,18.57,-66.7486666666667,9.66
ak0242j7m3yl,"26 km S of Central, Alaska",1.2,2024-02-24 15:21:08.950,65.3344,-144.8604,6.6
av92213921,"63 km ENE of Pedro Bay, Alaska",-0.23,2024-02-24 15:20:27.230,60.0481666666667,-153.096833333333,-1.0
ak0242j7l4kz,"35 km E of Pedro Bay, Alaska",2.0,2024-02-24 15:16:51.825,59.8343,-153.4753,125.7
tx2024dvvh,"10 km NE of Falls City, Texas",2.3,2024-02-24 15:12:55.513,29.041,-97.936,11.8896
ak0242j7k2gt,"71 km N of Karluk, Alaska",1.1,2024-02-24 15:11:56.454,58.2047,-154.3496,12.1
us6000mixg,"243 km SE of Chiniak, Alaska",2.9,2024-02-24 14:59:57.049,56.1904,-149.2472,15.271
ak0242j78um1,"78 km SE of King Cove, Alaska",1.8,2024-02-24 14:59:22.932,54.5294,-161.5188,25.5
nn00873865,"7 km ENE of Floriston, California",0.3,2024-02-24 14:57:28.819,39.4217,-119.9368,7.8
hv74120311,"9 km S of Pāhala, Hawaii",1.93,2024-02-24 14:53:29.920,19.1153333333333,-155.475833333333,39.56
ci40675568,"24 km N of Ridgecrest, CA",1.16,2024-02-24 14:53:22.000,35.8353333,-117.6681667,7.72
nc74007061,"23 km NE of King City, CA",1.26,2024-02-24 14:52:41.240,36.3483333,-120.9295,8.56
nc74007056,"4 km WNW of Cobb, CA",0.28,2024-02-24 14:51:12.070,38.8311667,-122.7661667,1.07
ak0242j74zdw,"216 km WSW of Adak, Alaska",2.3,2024-02-24 14:41:18.121,51.5263,-179.713,62.9
pr71441068,"44 km NW of San Antonio, Puerto Rico",3.18,2024-02-24 14:37:04.640,18.7931666666667,-67.3751666666667,8.76
ak0242j734om,"30 km ESE of Livengood, Alaska",0.8,2024-02-24 14:32:53.610,65.3898,-147.9831,11.5
hv74120291,"4 km S of Pāhala, Hawaii",2.0,2024-02-24 14:20:26.730,19.1639995574951,-155.482833862305,29.0400009155273
ak0242j70bna,"18 km SSE of Point Possession, Alaska",1.3,2024-02-24 14:19:44.227,60.7626,-150.6106,57.4
ak0242j6x4mt,"18 km N of Chenega, Alaska",1.6,2024-02-24 14:04:54.691,60.236,-147.9949,10.5
av92213856,"63 km ENE of Pedro Bay, Alaska",-0.78,2024-02-24 14:03:29.980,60.0468333333333,-153.094833333333,-0.92
ak0242j6w9qc,"62 km S of Shungnak, Alaska",1.1,2024-02-24 14:00:53.169,66.3266,-157.2227,8.9
av92213851,"63 km ENE of Pedro Bay, Alaska",-0.75,2024-02-24 13:54:57.270,60.047,-153.095166666667,-1.27
ak0242j6mcc4,"26 km WNW of Susitna, Alaska",1.2,2024-02-24 13:54:21.327,61.6573,-150.9479,63.9
av92213846,"96 km WNW of Aleneva, Alaska",-0.03,2024-02-24 13:42:22.570,58.4973333333333,-154.3305,8.97
ak0242j6jeny,"48 km NNE of Tanana, Alaska",1.2,2024-02-24 13:40:52.022,65.5632,-151.6475,17.3
nn00873848,"29 km WNW of Tonopah, Nevada",2.4,2024-02-24 13:40:00.744,38.1892,-117.5246,13.5
ak0242j6h6wz,"51 km ENE of Whittier, Alaska",1.4,2024-02-24 13:30:12.640,61.0334,-147.8905,0.0
tx2024dvrt,"4 km E of Falls City, Texas",1.9,2024-02-24 13:26:23.048,28.98,-97.972,6.2012
ci40675544,"13 km W of Niland, CA",1.29,2024-02-24 13:26:18.930,33.2521667,-115.6553333,2.92
ak0242j6gb8m,"3 km NE of Knik, Alaska",1.4,2024-02-24 13:26:08.112,61.4764,-149.681,52.6
av92213841,"63 km ENE of Pedro Bay, Alaska",-0.8,2024-02-24 13:20:52.460,60.0448333333333,-153.089333333333,-2.37
av91133718,"13 km W of Akutan, Alaska",-0.9,2024-02-24 13:18:34.560,54.124,-165.975333333333,2.02
av92213836,"83 km NNW of Karluk, Alaska",0.11,2024-02-24 13:16:08.160,58.2365,-155.110833333333,32.55
av91133713,"87 km NNW of Karluk, Alaska",0.02,2024-02-24 13:15:50.160,58.2643333333333,-155.129333333333,31.61
ak0242j6dkxc,"84 km NNW of Karluk, Alaska",1.1,2024-02-24 13:13:35.396,58.2484,-155.0962,25.1
nc74007046,"6 km NW of The Geysers, CA",0.78,2024-02-24 13:07:19.600,38.8166656,-122.8069992,1.9
av92213811,"84 km W of Adak, Alaska",0.6,2024-02-24 13:00:14.510,51.8611666666667,-177.857333333333,8.34
nc74007041,"8 km WNW of Cobb, CA",1.03,2024-02-24 12:57:16.880,38.8458328,-122.8164978,1.46
us6000mixe,"138 km SSE of Atka, Alaska",3.0,2024-02-24 12:55:04.410,51.1368,-173.1358,10.0
nc74007036,"1 km ENE of The Geysers, CA",1.52,2024-02-24 12:53:36.160,38.7825,-122.7451667,0.41
ak0242j60ort,"51 km SSE of Denali National Park, Alaska",1.3,2024-02-24 12:53:18.287,63.0937,-151.4933,5.3
ak0242j5yzz1,"112 km ESE of McCarthy, Alaska",0.8,2024-02-24 12:45:30.214,61.1863,-140.8826,6.3
ak0242j5yio5,"57 km NW of Eagle, Alaska",1.3,2024-02-24 12:43:06.171,65.1712,-142.0102,5.4
ak0242j5y2wq,"129 km ESE of McCarthy, Alaska",0.9,2024-02-24 12:40:58.793,60.9675,-140.7117,3.9
us7000m1by,"1 km E of Pacapausa, Peru",4.6,2024-02-24 12:21:44.157,-14.9476,-73.3562,88.496
ak0242j5tnud,"112 km WNW of Yakutat, Alaska",1.4,2024-02-24 12:20:38.880,60.0458,-141.478,2.2
ak0242j5sqq5,"5 km S of Salcha, Alaska",0.8,2024-02-24 12:16:12.312,64.4717,-146.9067,10.2
ok2024dvpe,"5 km NW of Kendrick, Oklahoma",0.78,2024-02-24 12:07:28.449,35.82466667,-96.8225,5.0
ak0242j5q8b8,"94 km E of Nikolski, Alaska",1.9,2024-02-24 12:04:39.246,53.0883,-167.4738,64.3
nc74007031,"7 km W of Cobb, CA",0.75,2024-02-24 11:52:56.190,38.8278351,-122.8008347,1.59
nc74007026,"7 km NW of The Geysers, CA",0.88,2024-02-24 11:52:49.540,38.827,-122.8008333,1.9
ak0242j5edmw,"48 km E of Susitna North, Alaska",1.0,2024-02-24 11:49:09.804,62.2453,-148.9309,10.0
nc74007021,"8 km NW of The Geysers, CA",0.27,2024-02-24 11:47:30.500,38.8328333,-122.817,1.51
us7000m1bg,"241 km SSE of Ambon, Indonesia",4.3,2024-02-24 11:41:57.715,-5.7892,128.7983,318.577
ak0242j5cpxb,"26 km ESE of Livengood, Alaska",0.7,2024-02-24 11:41:34.705,65.4046,-148.0415,15.4
uw61984331,"5 km SE of Kingston, Washington",0.93,2024-02-24 11:41:19.080,47.75933333333333,-122.4485,27.25
nc74007006,"6 km NW of North Lakeport, CA",2.03,2024-02-24 11:30:13.700,39.123,-122.9586667,3.19
nn00873864,"32 km WNW of Indian Springs, Nevada",-0.1,2024-02-24 11:24:44.401,36.6356,-116.0243,3.5
hv74120196,"29 km E of Honaunau-Napoopoo, Hawaii",1.87,2024-02-24 11:23:09.730,19.4496669769287,-155.584503173828,15.1199998855591
nn00873863,"52 km ENE of Beatty, Nevada",0.2,2024-02-24 11:22:01.368,37.0692,-116.1991,3.7
av92213751,"63 km ENE of Pedro Bay, Alaska",-0.81,2024-02-24 11:11:28.390,60.0448333333333,-153.0885,-0.94
nc74007001,"4 km NNW of The Geysers, CA",0.53,2024-02-24 11:10:23.630,38.8061676,-122.7771683,1.86
nn00873875,"13 km NNW of Walker Lake, Nevada",1.2,2024-02-24 11:09:42.948,38.7576,-118.8203,14.1
nc74006996,"8 km WNW of Cobb, CA",1.07,2024-02-24 11:04:29.350,38.8406677,-122.8108368,1.98
av92213746,"63 km ENE of Pedro Bay, Alaska",-0.82,2024-02-24 11:02:47.550,60.0445,-153.088833333333,-2.4
ci40675520,"13 km WNW of Anza, CA",0.43,2024-02-24 11:01:02.160,33.5945,-116.8105,7.62
ak0242j4tmgq,"61 km NNW of Petersville, Alaska",1.5,2024-02-24 10:52:25.003,63.0296,-151.0424,119.7
nc74006991,"6 km W of Cobb, CA",0.25,2024-02-24 10:48:17.060,38.8278351,-122.7948303,4.62
ak0242j4pc26,"69 km ESE of Denali National Park, Alaska",1.8,2024-02-24 10:32:25.226,63.2769,-150.4708,129.8
nc74006986,"10 km NW of The Geysers, CA",0.63,2024-02-24 10:28:06.020,38.8388329,-122.8371658,1.89
av92213736,"63 km ENE of Pedro Bay, Alaska",-0.85,2024-02-24 10:27:55.280,60.0455,-153.089333333333,-2.55
nn00873844,"15 km NE of Walker Lake, Nevada",1.4,2024-02-24 10:24:53.547,38.7572,-118.6407,0.5
uw61984326,"15 km SSE of Carbonado, Washington",0.51,2024-02-24 10:24:03.280,46.95166666666667,-121.98466666666667,14.04
us6000mfue,"24 km NE of Barcelona, Philippines",4.3,2024-02-24 10:19:32.411,8.3208,126.5814,83.089
us7000m1b6,"136 km E of Yamada, Japan",5.0,2024-02-24 10:17:39.491,39.5694,143.5279,10.0
nn00873874,"8 km SSW of Dayton, Nevada",0.0,2024-02-24 10:16:55.726,39.1726,-119.6379,2.9
ak0242j4lafm,"23 km ENE of Ouzinkie, Alaska",1.5,2024-02-24 10:13:37.788,58.0015,-152.1356,28.7
av92213726,"63 km ENE of Pedro Bay, Alaska",-0.91,2024-02-24 10:10:31.170,60.0446666666667,-153.089333333333,-2.7
nc74006981,"20 km NW of Parkfield, CA",0.59,2024-02-24 10:08:33.980,36.0203333,-120.5883333,2.5
uw61984321,"23 km ENE of Ashford, Washington",0.27,2024-02-24 10:08:05.490,46.8565,-121.75683333333333,1.83
ak0242j4ioly,"84 km W of Akhiok, Alaska",1.7,2024-02-24 10:01:21.827,56.8162,-155.5408,13.6
nc74006976,"8 km NW of The Geysers, CA",0.7,2024-02-24 10:00:34.380,38.8339996,-122.8176651,1.92
ak0242j4ihmo,"51 km S of Glacier View, Alaska",1.9,2024-02-24 10:00:32.214,61.3445,-147.6466,14.5
av91133663,"18 km N of Atka, Alaska",0.41,2024-02-24 09:56:31.090,52.3598333333333,-174.162,-2.89
uu80047121,"15 km NE of Milford, Utah",0.38,2024-02-24 09:50:24.770,38.4978333333333,-112.8955,2.21
av91133673,"92 km W of Adak, Alaska",-0.13,2024-02-24 09:48:34.640,51.8598333333333,-177.969833333333,4.69
nc74006966,"3 km NW of The Geysers, CA",1.42,2024-02-24 09:41:23.370,38.8008333,-122.7781667,1.33
hv74120161,"4 km S of Pāhala, Hawaii",2.33999991,2024-02-24 09:30:16.620,19.1586666107178,-155.470993041992,31.8299999237061
ak0242j42sru,"49 km E of Stevens Village, Alaska",0.9,2024-02-24 09:27:09.111,65.9709,-148.0022,14.8
nc74006961,"15 km W of Toms Place, CA",0.7,2024-02-24 09:26:16.680,37.5431667,-118.8446667,3.63
uu80047096,"6 km SW of New Harmony, Utah",1.1,2024-02-24 09:24:26.570,37.4446666666667,-113.372333333333,8.08
ok2024dvju,"8 km NW of Prague, Oklahoma",0.89,2024-02-24 09:24:06.379,35.5435,-96.75316667,6.0
ak0242j41rmd,"90 km SSW of Port Alexander, Alaska",2.7,2024-02-24 09:22:29.335,55.4871,-135.1553,23.5
pr2024055001,"74 km NW of San Antonio, Puerto Rico",3.73,2024-02-24 09:20:51.400,18.9216,-67.6366,41.0
ci40675512,"22 km SSW of La Quinta, CA",0.46,2024-02-24 09:17:19.870,33.498,-116.4346667,7.65
ak0242j3z61k,"32 km NNE of Skwentna, Alaska",1.8,2024-02-24 09:10:16.238,62.2773,-151.2635,76.8
us7000m1aw,"139 km N of Lospalos, Timor Leste",4.6,2024-02-24 09:09:11.638,-7.2716,127.1392,273.002
ak0242j3xy7o,"51 km NE of Chase, Alaska",1.4,2024-02-24 09:04:47.821,62.7988,-149.4423,67.2
nc74006956,"9 km WNW of The Geysers, CA",0.71,2024-02-24 09:02:23.790,38.8216667,-122.847168,1.68
av92213691,"65 km ENE of Pedro Bay, Alaska",-0.89,2024-02-24 09:01:36.740,60.0588333333333,-153.060166666667,-3.0
ak0242j3nsqg,"274 km SW of Yakutat, Alaska",2.4,2024-02-24 08:57:11.925,57.693,-142.8382,10.0
ak0242j3lpbp,"91 km SE of False Pass, Alaska",3.2,2024-02-24 08:47:36.103,54.187,-162.5912,18.0
ak0242j3k8in,"31 km ENE of Cordova, Alaska",1.4,2024-02-24 08:40:50.467,60.6186,-145.2006,7.5
ak0242j3k6jj,"159 km SE of Akutan, Alaska",2.5,2024-02-24 08:40:24.638,53.2415,-163.8888,17.5
nc74006946,"6 km NW of The Geysers, CA",1.09,2024-02-24 08:39:17.550,38.8129997,-122.8095016,1.12
ak0242j3hoca,"85 km SE of Sand Point, Alaska",2.1,2024-02-24 08:28:55.622,54.7349,-159.6744,13.0
nc74006936,"9 km NW of The Geysers, CA",0.76,2024-02-24 08:23:12.730,38.8240013,-122.8444977,2.11
nc74006931,"9 km WNW of The Geysers, CA",0.75,2024-02-24 08:22:56.610,38.8209991,-122.8423309,2.08
nc74006926,"9 km WNW of The Geysers, CA",2.4,2024-02-24 08:20:01.020,38.8218333,-122.8431667,2.59
nc74006921,"9 km ENE of San Martin, CA",1.85,2024-02-24 08:11:36.220,37.1271667,-121.5258333,6.0
ak0242j3dpuw,"25 km NNW of Beluga, Alaska",1.4,2024-02-24 08:10:09.571,61.3615,-151.2112,65.1
ak0242j3c9g0,"253 km W of Adak, Alaska",2.6,2024-02-24 08:03:30.558,51.6058,179.724,10.1
av91133653,"92 km W of Adak, Alaska",0.38,2024-02-24 07:59:34.300,51.8656666666667,-177.982166666667,6.83
ak0242j30qpf,"67 km NW of Aleneva, Alaska",1.3,2024-02-24 07:49:54.755,58.5076,-153.6897,69.5
nc74006911,"7 km NW of The Geysers, CA",0.76,2024-02-24 07:48:51.930,38.8263321,-122.8063354,2.8
ci40675504,"21 km E of Little Lake, CA",0.83,2024-02-24 07:45:57.640,35.9143333,-117.677,9.02
us7000m1am,"159 km SE of Taira, Japan",4.8,2024-02-24 07:43:51.025,25.7483,129.4153,10.0
ak0242j2ykd8,"60 km NNW of Port Alsworth, Alaska",1.6,2024-02-24 07:39:39.770,60.6642,-154.8925,9.2
ak0242j2yc7g,"3 km SSW of Salcha, Alaska",0.6,2024-02-24 07:38:33.789,64.4913,-146.9283,7.9
tx2024dvge,"55 km NW of Toyah, Texas",2.3,2024-02-24 07:34:48.814,31.674,-104.194,6.3562
us7000m1al,"56 km NNW of Bandar Abbas, Iran",5.0,2024-02-24 07:34:33.177,27.6842,56.1356,16.972
ci40675496,"21 km E of Little Lake, CA",1.43,2024-02-24 07:33:57.900,35.9115,-117.6803333,8.13
nc74006901,"21 km NE of North Fork, CA",1.23,2024-02-24 07:26:49.080,37.369,-119.3486667,-0.02
av91133643,"86 km NNW of Karluk, Alaska",-0.48,2024-02-24 07:22:27.700,58.289,-154.980833333333,2.66
nc74006896,"6 km NW of The Geysers, CA",0.41,2024-02-24 07:22:18.790,38.8221667,-122.795,2.32
us6000mfu9,South Sandwich Islands region,4.3,2024-02-24 07:21:14.108,-58.2576,-25.3273,34.935
nc74006891,"7 km NW of The Geysers, CA",0.75,2024-02-24 07:21:02.060,38.8144989,-122.8255005,2.24
ak0242j2tlik,"51 km SSW of Cantwell, Alaska",1.7,2024-02-24 07:16:20.466,62.9599,-149.312,73.8
nn00873843,"50 km WNW of Indian Springs, Nevada",0.2,2024-02-24 07:13:16.035,36.816,-116.1413,4.2
ci40675488,"5 km NE of Imperial, CA",1.61,2024-02-24 07:12:57.340,32.8818333,-115.5345,5.24
av91133638,"6 km NE of Atka, Alaska",0.94,2024-02-24 07:11:38.720,52.2398333333333,-174.146666666667,8.18
ak0242j2sdyn,"85 km S of Nikolski, Alaska",2.4,2024-02-24 07:10:57.119,52.185,-168.6185,39.6
ak0242j2rep5,"25 km SE of Susitna North, Alaska",0.8,2024-02-24 07:06:00.303,62.0001,-149.5141,10.7
nc74006886,"8 km W of Cobb, CA",1.24,2024-02-24 07:05:34.000,38.8346667,-122.8165,1.95
ok2024dvfe,"8 km NW of Prague, Oklahoma",0.64,2024-02-24 07:04:27.089,35.53683333,-96.75733333,5.32
nc74006881,"4 km SW of Los Altos Hills, CA",1.09,2024-02-24 07:02:09.740,37.3551667,-122.1663333,6.75
nc74006876,"6 km NNW of The Geysers, CA",1.0,2024-02-24 06:59:41.570,38.8236656,-122.7945023,2.74
ci40675472,"2 km N of Colton, CA",0.78,2024-02-24 06:54:06.480,34.0953333,-117.3136667,14.64
av92213591,"63 km ENE of Pedro Bay, Alaska",-0.9,2024-02-24 06:51:19.420,60.0446666666667,-153.088666666667,-2.53
av91133633,"36 km W of Adak, Alaska",0.4,2024-02-24 06:51:07.460,51.9263333333333,-177.156166666667,6.09
nn00873842,"50 km S of Silver Peak, Nevada",1.0,2024-02-24 06:49:08.711,37.2987,-117.6021,7.7
ak0242j2ezgu,"Rat Islands, Aleutian Islands, Alaska",2.5,2024-02-24 06:48:04.684,51.3225,178.292,25.8
ak0242j2bk9z,"2 km SE of Houston, Alaska",1.4,2024-02-24 06:32:07.890,61.614,-149.7856,49.9
pr2024055000,"76 km NW of San Antonio, Puerto Rico",3.67,2024-02-24 06:27:18.160,18.996,-67.5941,57.0
ci40675464,"19 km WSW of Delta, B.C., MX",1.83,2024-02-24 06:26:15.640,32.3053333,-115.391,1.5
av92213571,"63 km ENE of Pedro Bay, Alaska",-0.84,2024-02-24 06:24:57.280,60.0445,-153.089166666667,-2.11
ci40675456,"12 km N of Borrego Springs, CA",0.58,2024-02-24 06:23:47.050,33.3658333,-116.3763333,12.13
nn00873862,"13 km NW of Virginia City, Nevada",0.5,2024-02-24 06:22:20.104,39.3966,-119.7667,6.4
tx2024dvdo,"22 km NW of Toyah, Texas",2.6,2024-02-24 06:16:22.370,31.474,-103.932,2.5366
nn00873861,"13 km NNW of Walker Lake, Nevada",1.3,2024-02-24 06:13:13.970,38.7545,-118.8211,13.9
tx2024dvdl,"4 km E of Falls City, Texas",2.2,2024-02-24 06:12:34.685,28.981,-97.971,5.4443
nc74006871,"7 km WNW of The Geysers, CA",0.39,2024-02-24 06:11:50.180,38.8141667,-122.8276667,1.95
us6000mfu6,"115 km W of Sinabang, Indonesia",4.3,2024-02-24 06:07:44.319,2.2786,95.36,10.0
ak0242j24rud,"20 km NNE of Fox River, Alaska",1.1,2024-02-24 06:00:39.570,60.0289,-150.8142,41.4
nc74006866,"7 km WNW of The Geysers, CA",0.79,2024-02-24 05:58:51.320,38.8088341,-122.8218307,2.2
av91133628,"40 km ENE of Adak, Alaska",0.22,2024-02-24 05:52:12.970,52.071,-176.13,-1.8
av92213556,"63 km ENE of Pedro Bay, Alaska",-0.78,2024-02-24 05:49:46.740,60.0443333333333,-153.0895,-2.85
us6000mfug,Tristan da Cunha region,4.4,2024-02-24 05:47:00.182,-38.6955,-15.9053,10.0
nc74006861,"5 km W of Cobb, CA",0.39,2024-02-24 05:44:26.390,38.8225,-122.7853333,1.86
av92213551,"63 km ENE of Pedro Bay, Alaska",-0.8,2024-02-24 05:40:34.170,60.0473333333333,-153.096166666667,-1.0
ok2024dvcj,"8 km NW of Prague, Oklahoma",1.52,2024-02-24 05:39:10.480,35.5365,-96.75283333,6.39
nc74006856,"114 km W of Petrolia, CA",2.98,2024-02-24 05:25:09.910,40.464,-125.624,10.0
av91133623,"20 km NNE of Atka, Alaska",0.85,2024-02-24 05:23:40.140,52.373,-174.138,-1.44
uw61984291,"8 km NNE of Government Camp, Oregon",0.81,2024-02-24 05:22:28.240,45.3685,-121.699,1.23
ci40675448,"13 km ENE of Borrego Springs, CA",1.02,2024-02-24 05:22:12.420,33.3071667,-116.2486667,4.05
ci40675432,"19 km N of Fillmore, CA",1.02,2024-02-24 05:10:03.700,34.5688333,-118.955,8.85
ci40675424,"20 km N of Fillmore, CA",1.92,2024-02-24 05:09:22.180,34.5738333,-118.9495,10.66
pr71441028,"67 km NW of San Antonio, Puerto Rico",3.28,2024-02-24 05:08:10.820,18.8728333333333,-67.5988333333333,9.93
ak0242j1ah6c,"90 km NNW of Ambler, Alaska",1.0,2024-02-24 04:59:04.526,67.816,-158.7727,3.4
ak0242j19f7n,"47 km W of Anchor Point, Alaska",1.4,2024-02-24 04:54:12.516,59.7406,-152.6646,78.4
av92213506,"63 km ENE of Pedro Bay, Alaska",-0.79,2024-02-24 04:53:13.280,60.0475,-153.0965,-0.49
ci40675408,"3 km NNW of Palomar Observatory, CA",1.27,2024-02-24 04:48:53.850,33.3836667,-116.877,4.6
us7000m1a2,"45 km SSE of Hualien City, Taiwan",5.0,2024-02-24 04:37:06.620,23.5805,121.7274,10.0
nn00873860,"39 km ENE of Beatty, Nevada",-0.3,2024-02-24 04:25:05.717,37.0768,-116.366,0.0
us6000miqw,"134 km WSW of Adak, Alaska",2.6,2024-02-24 04:24:29.512,51.4061,-178.4266,31.101
nc74006846,"3 km S of Cobb, CA",2.12,2024-02-24 04:23:23.220,38.7941667,-122.7273333,1.69
ok2024duzv,"8 km NW of Prague, Oklahoma",1.09,2024-02-24 04:22:37.579,35.53616667,-96.758,6.0
pr71441023,"3 km SE of Salinas, Puerto Rico",1.89,2024-02-24 04:22:28.270,17.9578333333333,-66.2775,14.84
ak0242j12die,"95 km SSE of False Pass, Alaska",2.1,2024-02-24 04:21:24.542,54.0487,-162.8941,41.3
us7000m19y,"12 km S of Atoka, New Mexico",2.6,2024-02-24 04:20:12.919,32.6563,-104.4129,10.0
us7000m1a0,"163 km SSE of Sarangani, Philippines",4.7,2024-02-24 04:19:52.958,4.0394,126.0238,135.986
us6000miqv,"285 km WSW of Adak, Alaska",2.9,2024-02-24 04:16:28.359,51.3741,179.3231,56.978
ak0242j114uz,"79 km SW of Karluk, Alaska",1.8,2024-02-24 04:15:45.873,57.1282,-155.4987,49.9
av92213411,"27 km N of Atka, Alaska",1.49,2024-02-24 04:15:32.960,52.4408333333333,-174.122,6.99
nn00873859,"43 km NW of Indian Springs, Nevada",-0.3,2024-02-24 04:14:36.368,36.789,-116.0712,6.9
nc74006841,"11 km ESE of Mammoth Lakes, CA",0.53,2024-02-24 04:12:39.130,37.6033333,-118.8613333,4.66
nc74006836,"3 km WNW of The Geysers, CA",0.78,2024-02-24 04:06:46.750,38.7874985,-122.784668,1.56
ci40675384,"12 km SW of Searles Valley, CA",0.7,2024-02-24 04:04:06.260,35.7056667,-117.5076667,10.16
ak0242j0y41q,"57 km NE of Ouzinkie, Alaska",1.7,2024-02-24 04:01:35.669,58.2247,-151.7103,6.3
ak0242j0p3fw,"52 km SW of Unalaska, Alaska",1.6,2024-02-24 03:59:28.767,53.5843,-167.1566,14.7
us7000m19w,"41 km ESE of Onagawa Chō, Japan",4.5,2024-02-24 03:57:53.487,38.3723,141.913,64.304
ak0242j0oagu,"38 km NE of Chase, Alaska",1.4,2024-02-24 03:55:52.157,62.685,-149.5629,67.3
hv74119976,"13 km ESE of Pāhala, Hawaii",2.26999998,2024-02-24 03:43:38.010,19.1488342285156,-155.358673095703,28.3700008392334
av92213401,"63 km ENE of Pedro Bay, Alaska",-0.78,2024-02-24 03:42:09.160,60.0475,-153.0965,-1.27
ak0242j0jkwm,"90 km WSW of Adak, Alaska",2.0,2024-02-24 03:33:55.742,51.5194,-177.8047,69.5
nc74006831,"8 km NW of The Geysers, CA",0.63,2024-02-24 03:28:56.140,38.8311653,-122.8190002,1.74
ak0242j0fm1a,"37 km SE of Pedro Bay, Alaska",1.8,2024-02-24 03:15:04.148,59.5685,-153.5914,140.5
uu80047041,"38 km SSE of Mammoth, Wyoming",2.14,2024-02-24 03:08:51.120,44.6778333333333,-110.452666666667,6.05
uu80047036,"38 km SSE of Mammoth, Wyoming",2.61,2024-02-24 03:02:42.470,44.6723333333333,-110.461,5.49
uu80047031,"38 km SSE of Mammoth, Wyoming",0.62,2024-02-24 02:59:39.120,44.6715,-110.463,2.04
ak0242j03mxt,"85 km ESE of Sand Point, Alaska",2.1,2024-02-24 02:59:18.333,55.0146,-159.2898,31.7
av92213361,"41 km W of Adak, Alaska",1.05,2024-02-24 02:46:53.980,51.9421666666667,-177.2225,10.19
uw61984281,"37 km NNE of Amboy, Washington",-0.17,2024-02-24 02:46:05.340,46.194,-122.187,7.94
av92213356,"35 km WNW of Adak, Alaska",0.28,2024-02-24 02:45:56.920,51.9416666666667,-177.144833333333,5.12
av92213346,"39 km WNW of Adak, Alaska",1.29,2024-02-24 02:43:26.930,51.9466666666667,-177.1895,8.95
ak0242izxp83,"59 km WSW of Adak, Alaska",2.1,2024-02-24 02:31:47.391,51.6008,-177.3726,61.9
mb90041473,"20 km WSW of Lima, Montana",1.07,2024-02-24 02:29:24.130,44.5755,-112.836833333333,9.95
nn00873838,"5 km SSW of Walker, California",1.3,2024-02-24 02:26:44.256,38.471,-119.504,12.1
uw61984276,"38 km NNE of Amboy, Washington",-0.12,2024-02-24 02:23:26.560,46.20816666666666,-122.18316666666666,6.66
ak0242izvbpo,"34 km N of Valdez, Alaska",1.5,2024-02-24 02:20:40.250,61.4332,-146.4612,14.9
hv74119946,"12 km ENE of Kalaoa, Hawaii",2.04,2024-02-24 02:14:02.560,19.7736666666667,-155.869833333333,27.81
ak0242iztuj2,"14 km ESE of Chase, Alaska",1.1,2024-02-24 02:13:52.114,62.4103,-149.8414,60.8
ak0242izsrt9,"1 km NW of Big Lake, Alaska",1.7,2024-02-24 02:08:48.904,61.5315,-149.9785,32.2
nc74006826,"3 km SSE of Ferndale, CA",1.51,2024-02-24 02:06:41.310,40.55,-124.2446667,20.94
uw61984271,"7 km NE of Ashford, Washington",0.06,2024-02-24 02:05:46.660,46.80083333333333,-121.9515,4.01
nc74006821,"19 km NE of Red Bluff, CA",2.26,2024-02-24 02:02:13.830,40.3076667,-122.087,10.6
av92213286,"63 km ENE of Pedro Bay, Alaska",-0.39,2024-02-24 02:01:26.090,60.0448333333333,-153.091333333333,-2.18
ak0242izekvk,"71 km SE of Nikolski, Alaska",2.4,2024-02-24 01:42:52.527,52.4414,-168.2016,23.1
uw61984261,"36 km NNE of Amboy, Washington",0.07,2024-02-24 01:41:49.730,46.1885,-122.19016666666667,8.12
us7000m19i,"89 km NNW of Pototano, Indonesia",4.4,2024-02-24 01:41:18.126,-7.6772,117.1507,298.001
av92213271,"63 km ENE of Pedro Bay, Alaska",-0.77,2024-02-24 01:34:22.240,60.0468333333333,-153.095833333333,-1.31
ak0242izak8f,"9 km NNE of Four Mile Road, Alaska",0.9,2024-02-24 01:23:51.864,64.6806,-149.058,16.0
ak0242iz8bhy,"35 km W of Valdez, Alaska",1.4,2024-02-24 01:13:04.963,61.1613,-147.011,0.0
uw61984256,"37 km NNE of Amboy, Washington",-0.22,2024-02-24 01:12:37.620,46.20333333333333,-122.1945,0.88
pr71441013,"71 km WSW of Saint Croix, U.S. Virgin Islands",3.42,2024-02-24 01:10:01.560,17.4005,-65.3225,74.37
av91133593,"85 km W of Adak, Alaska",0.05,2024-02-24 01:04:12.680,51.825,-177.873333333333,5.63
ak0242iz5lc4,"126 km ENE of Ouzinkie, Alaska",1.6,2024-02-24 01:00:33.326,58.3892,-150.5391,21.1
mb90041718,"5 km NE of Happys Inn, Montana",1.21,2024-02-24 00:56:31.860,48.1206666666667,-115.096,1.59
us7000m199,"254 km NNE of Tobelo, Indonesia",5.2,2024-02-24 00:51:21.451,3.9428,128.6496,10.0
nc74006791,"9 km S of Tres Pinos, CA",0.92,2024-02-24 00:49:31.290,36.7135,-121.31,5.14
nc74006786,"30 km W of Petrolia, CA",2.49,2024-02-24 00:47:30.150,40.3058333,-124.6391667,18.61
us6000mfu1,"35 km NE of Al Kūt, Iraq",4.3,2024-02-24 00:47:10.412,32.7241,46.1082,15.417
ak0242iyu0mo,"24 km SE of Nenana, Alaska",0.9,2024-02-24 00:46:34.606,64.429,-148.6948,5.8
ak0242iytttv,"34 km WSW of Anchor Point, Alaska",1.9,2024-02-24 00:45:45.097,59.7028,-152.4263,76.8
us6000mfu0,"75 km SSW of Kokopo, Papua New Guinea",4.2,2024-02-24 00:37:33.314,-4.9291,151.9166,82.491
uw61984246,"38 km NNE of Amboy, Washington",0.06,2024-02-24 00:36:33.470,46.2065,-122.1935,6.49
nc74006776,"5 km WNW of The Geysers, CA",0.75,2024-02-24 00:32:07.030,38.7955017,-122.8105011,3.28
pr71441008,"19 km ENE of Fajardo, Puerto Rico",2.91,2024-02-24 00:25:57.070,18.3965,-65.4863333333333,114.25
us6000mftz,"73 km SW of Kēng Tung, Myanmar",4.2,2024-02-24 00:23:57.760,21.2007,99.3878,15.026
ci40675368,"11 km ENE of Ocotillo Wells, CA",1.08,2024-02-24 00:23:15.540,33.196,-116.032,6.77
ak0242iyovwy,"42 km NNE of Chenega, Alaska",1.4,2024-02-24 00:22:38.908,60.408,-147.6741,10.5
ci40675360,"10 km SSW of Ocotillo Wells, CA",1.37,2024-02-24 00:19:59.230,33.0633333,-116.1896667,5.9
nc74006766,"5 km E of Boonville, CA",1.51,2024-02-24 00:19:47.980,39.0173333,-123.3106667,3.11
us7000m192,"86 km SSW of Manuel Ávila Camacho (Ponte Duro), Mexico",4.3,2024-02-24 00:17:32.817,15.1417,-94.0094,43.086
nc74006756,"7 km NW of The Geysers, CA",-0.34,2024-02-24 00:10:42.940,38.8166667,-122.8196667,1.19
pr71441003,"6 km SSE of Salinas, Puerto Rico",2.0,2024-02-24 00:01:12.330,17.918,-66.2775,13.43
av92213221,"63 km ENE of Pedro Bay, Alaska",-0.89,2024-02-23 23:59:08.410,60.0473333333333,-153.088333333333,0.22
nc74006746,"10 km WNW of The Geysers, CA",0.76,2024-02-23 23:58:06.290,38.8213348,-122.8531647,2.5
ak0242hp1jlf,"57 km NE of Chignik, Alaska",2.2,2024-02-23 23:55:22.788,56.6594,-157.7524,72.7
us7000m18v,"140 km E of Bitung, Indonesia",4.6,2024-02-23 23:51:16.015,1.5608,126.3822,43.096
ak0242hp04b9,"47 km WNW of Karluk, Alaska",2.3,2024-02-23 23:48:56.857,57.6646,-155.2261,62.9
ak0242hozh3x,"32 km NW of Lake Minchumina, Alaska",1.1,2024-02-23 23:45:55.516,64.0919,-152.7606,10.9
ak0242hoyi98,"49 km E of Pedro Bay, Alaska",1.8,2024-02-23 23:41:04.801,59.8536,-153.2379,118.8
uw61984226,"14 km SSE of Desert Aire, Washington",0.9,2024-02-23 23:37:55.020,46.55166666666667,-119.87733333333334,6.74
ak0242hoxiim,"58 km E of Pedro Bay, Alaska",1.6,2024-02-23 23:36:40.688,59.8047,-153.0721,101.5
nc74006731,"7 km NW of The Geysers, CA",0.4,2024-02-23 23:34:42.830,38.8153333,-122.82,3.07
ak0242howwaw,"49 km SSW of Atka, Alaska",2.5,2024-02-23 23:33:52.994,51.7929,-174.5125,21.2
ak0242houi3b,"53 km NW of Tatitlek, Alaska",1.5,2024-02-23 23:22:44.361,61.1631,-147.4492,0.0
us6000mfnd,"278 km SE of ‘Ohonua, Tonga",4.6,2024-02-23 23:19:49.369,-23.2545,-173.2059,10.0
uw61984216,"4 km NE of Lewisville, Washington",1.59,2024-02-23 23:16:59.430,45.8435,-122.48583333333333,-0.72
ak0242hosxe1,"12 km NNW of Tanaina, Alaska",1.1,2024-02-23 23:15:00.380,61.7306,-149.4928,40.3
us7000m18g,"215 km SE of Kushimoto, Japan",5.3,2024-02-23 23:10:44.124,32.1679,137.4954,406.737
tx2024dupk,"58 km S of Whites City, New Mexico",1.9,2024-02-23 23:06:27.974,31.653,-104.454,6.0999
nc74006716,"6 km W of Cobb, CA",1.03,2024-02-23 23:02:00.290,38.831665,-122.7975006,1.33
nc74006711,"10 km NW of The Geysers, CA",-0.14,2024-02-23 23:00:14.830,38.8413333,-122.8321667,1.12
ak0242hopq1h,"57 km NNW of Port Alsworth, Alaska",1.1,2024-02-23 23:00:06.457,60.6506,-154.832,1.2
us7000m18e,"131 km W of Aykol, China",5.0,2024-02-23 22:58:56.073,41.0638,78.5847,10.0
nc74006701,"1 km NE of The Geysers, CA",0.95,2024-02-23 22:52:28.270,38.7826653,-122.746666,-0.01
us7000m189,"104 km NW of Chauk, Myanmar",4.4,2024-02-23 22:36:08.342,21.5461,94.0885,66.528
ak0242hobut9,"7 km N of Healy, Alaska",1.4,2024-02-23 22:35:35.608,63.9256,-148.9567,0.0
ci40675304,"14 km SW of Searles Valley, CA",1.32,2024-02-23 22:14:10.060,35.6773333,-117.5081667,2.84
av92213126,"63 km ENE of Pedro Bay, Alaska",-0.76,2024-02-23 22:11:20.480,60.0463333333333,-153.0945,-0.98
nn00873829,"31 km SE of Mina, Nevada",1.1,2024-02-23 22:10:49.473,38.172,-117.877,10.1
nc74006691,"7 km WNW of Cobb, CA",0.77,2024-02-23 22:09:37.800,38.8364983,-122.8001633,1.91
us6000mfnc,"61 km NW of Kandrian, Papua New Guinea",4.2,2024-02-23 22:06:46.085,-5.8578,149.1173,96.922
ak0242ho5grf,"59 km SSW of Skwentna, Alaska",1.8,2024-02-23 22:05:54.512,61.5429,-152.0116,101.3
ak0242ho5g9u,"14 km W of Healy, Alaska",2.4,2024-02-23 22:05:44.868,63.8316,-149.2611,119.5
av91133468,"16 km SE of Atka, Alaska",1.62,2024-02-23 22:05:02.660,52.0913333333333,-174.031333333333,17.32
ak0242ho587o,"9 km NW of Point MacKenzie, Alaska",1.1,2024-02-23 22:04:51.493,61.4088,-150.1238,36.0
ak0242ho4qti,"19 km SSW of Badger, Alaska",1.8,2024-02-23 22:02:18.001,64.6366,-147.6945,17.7
nc74006681,"3 km ENE of The Geysers, CA",0.76,2024-02-23 21:58:24.820,38.7874985,-122.7263336,-0.42
uu80047011,"8 km SSE of Snowville, Utah",1.38,2024-02-23 21:56:20.030,41.8981666666667,-112.656833333333,-2.13
av92213106,"63 km ENE of Pedro Bay, Alaska",-0.74,2024-02-23 21:54:05.130,60.0475,-153.0965,-1.18
nc74006671,"7 km W of Cobb, CA",0.4,2024-02-23 21:39:32.190,38.833168,-122.8041687,1.3
av92213101,"63 km ENE of Pedro Bay, Alaska",-0.73,2024-02-23 21:36:32.720,60.0465,-153.094666666667,-1.34
ak0242hnq0tb,"53 km SSE of Denali National Park, Alaska",1.1,2024-02-23 21:33:49.330,63.0766,-151.432,15.3
mb90041443,"32 km NNW of Challis, Idaho",2.09,2024-02-23 21:31:33.780,44.7626666666667,-114.420833333333,3.68
us6000mfnb,"44 km NNW of Nasinu, Fiji",4.0,2024-02-23 21:29:25.767,-17.682,178.4018,505.56
av91133463,"88 km NNW of Karluk, Alaska",-0.23,2024-02-23 21:27:32.680,58.306,-154.996666666667,2.64
mb90041748,"5 km E of Butte, Montana",0.93,2024-02-23 21:23:26.250,46.0083333333333,-112.4625,-2.0
nc74006661,"8 km NNE of Gonzales, CA",0.99,2024-02-23 21:20:16.280,36.5765,-121.4106667,-0.29
ci40675280,"2 km ESE of Home Gardens, CA",0.99,2024-02-23 21:20:09.690,33.8703333,-117.5063333,1.53
nc74006656,"3 km N of The Geysers, CA",0.44,2024-02-23 21:18:36.130,38.8001671,-122.7508316,1.45
ak0242hnmbh4,"28 km W of Old Harbor, Alaska",2.2,2024-02-23 21:16:21.776,57.1818,-153.7742,48.7
ci40675256,"4 km WNW of Borrego Springs, CA",0.52,2024-02-23 21:13:59.990,33.2666667,-116.42,5.0
nc74006651,"2 km NNE of The Geysers, CA",0.71,2024-02-23 21:13:10.990,38.7960014,-122.7453308,0.93
ak0242hnlicc,"43 km WSW of Tatitlek, Alaska",1.4,2024-02-23 21:12:43.688,60.7085,-147.4163,3.4
us7000m17s,"59 km WNW of Adak, Alaska",2.6,2024-02-23 21:06:30.570,52.0964,-177.4197,83.015
ak0242hniyer,"47 km NE of Chase, Alaska",1.2,2024-02-23 21:00:55.515,62.7782,-149.5214,61.0
ci40675248,"6 km W of Santee, CA",0.77,2024-02-23 21:00:34.020,32.8338333,-117.0428333,-0.08
mb90041438,"5 km E of Butte, Montana",1.42,2024-02-23 21:00:11.550,46.0023333333333,-112.468833333333,-2.0
ak0242hn9gkp,"59 km NW of Petersville, Alaska",1.0,2024-02-23 20:56:22.099,62.8946,-151.5505,2.6
ak0242hn8upr,"55 km S of Glacier View, Alaska",1.1,2024-02-23 20:53:39.671,61.3129,-147.6093,0.0
nc74006641,"6 km WNW of Cobb, CA",0.63,2024-02-23 20:35:44.600,38.8354988,-122.7900009,1.45
ci40675232,"3 km ESE of Home Gardens, CA",1.21,2024-02-23 20:30:16.050,33.8726667,-117.4933333,-0.45
hv74119671,"20 km SSE of Honaunau-Napoopoo, Hawaii",1.59,2024-02-23 20:21:17.400,19.2888333333333,-155.778666666667,-1.82
ak0242hn0bfl,"36 km SE of Sand Point, Alaska",1.8,2024-02-23 20:13:56.490,55.1206,-160.0655,15.7
av92213036,"63 km ENE of Pedro Bay, Alaska",-0.89,2024-02-23 20:13:16.300,60.045,-153.087833333333,-2.27
av92213026,"66 km ENE of Pedro Bay, Alaska",-0.7,2024-02-23 20:09:28.080,60.0518333333333,-153.047333333333,0.42
hv74119661,"17 km NE of Pāhala, Hawaii",1.46,2024-02-23 20:08:39.460,19.2933333333333,-155.344333333333,5.3
hv74119656,"15 km ENE of Pāhala, Hawaii",1.48,2024-02-23 20:06:58.220,19.2768333333333,-155.35,5.91
nc74006626,"2 km E of Cobb, CA",0.66,2024-02-23 19:45:35.410,38.8221667,-122.7046667,2.67
uu80046996,"14 km NE of Milford, Utah",0.79,2024-02-23 19:39:13.820,38.498,-112.904166666667,2.81
nc74006621,"9 km WNW of Cobb, CA",0.77,2024-02-23 19:38:23.530,38.8428345,-122.8206635,1.26
ak0242hmjic7,"31 km WNW of Clam Gulch, Alaska",1.6,2024-02-23 19:35:14.368,60.3633,-151.9057,72.9
nc74006616,"7 km NW of The Geysers, CA",0.75,2024-02-23 19:32:32.150,38.8144989,-122.8251648,2.28
ci40675192,"19 km ESE of Anza, CA",0.62,2024-02-23 19:29:39.090,33.486,-116.4828333,14.34
nc74006611,"5 km NW of The Geysers, CA",0.76,2024-02-23 19:28:43.920,38.8139992,-122.7948303,1.54
ci40675200,"15 km S of Anza, CA",0.99,2024-02-23 19:28:22.510,33.4241667,-116.6526667,4.57
nc74006606,"8 km NW of The Geysers, CA",1.09,2024-02-23 19:25:57.480,38.831665,-122.8208313,1.43
nn00873857,"8 km ENE of Floriston, California",0.4,2024-02-23 19:24:00.627,39.4177,-119.924,7.2
nn00873827,"39 km S of Rachel, Nevada",1.0,2024-02-23 19:19:03.128,37.2926,-115.8036,4.5
nc74006601,"6 km W of Cobb, CA",0.84,2024-02-23 19:12:43.130,38.831665,-122.7931671,2.06
nc74006596,"22 km NW of Parkfield, CA",1.14,2024-02-23 19:10:22.470,36.0366667,-120.6005,2.97
tx2024duhl,"57 km S of Whites City, New Mexico",1.5,2024-02-23 19:05:20.321,31.656,-104.309,7.6379
hv74119601,"10 km E of Pāhala, Hawaii",2.29999995,2024-02-23 19:04:34.680,19.2106666564941,-155.374496459961,33.0499992370605
ak0242hm309z,"64 km SW of Lake Minchumina, Alaska",0.9,2024-02-23 18:58:15.433,63.4341,-153.1244,4.4
nc74006591,"1 km ESE of Round Valley, CA",1.33,2024-02-23 18:58:09.440,37.411,-118.5896667,18.33
ak0242hm27bp,"27 km SE of Susitna North, Alaska",1.4,2024-02-23 18:54:41.026,61.9733,-149.5038,14.9
ci40675152,"14 km SW of Searles Valley, CA",1.35,2024-02-23 18:50:15.580,35.6755,-117.5095,3.22
nc74006586,"7 km NW of The Geysers, CA",0.76,2024-02-23 18:47:50.000,38.8154984,-122.8218307,1.23
uw61984181,"38 km NNE of Amboy, Washington",0.04,2024-02-23 18:46:19.000,46.202,-122.17866666666667,6.59
ak0242hlzvp5,"52 km NE of Chase, Alaska",4.4,2024-02-23 18:43:56.246,62.8097,-149.4312,66.3
av92212956,"63 km ENE of Pedro Bay, Alaska",-0.92,2024-02-23 18:43:13.670,60.0468333333333,-153.091,-0.17
ci40675136,"21 km ESE of Anza, CA",0.25,2024-02-23 18:40:48.100,33.474,-116.4668333,13.03
ak0242hlyjja,"40 km WNW of Karluk, Alaska",1.8,2024-02-23 18:37:32.321,57.7228,-155.0643,64.3
av92212946,"63 km ENE of Pedro Bay, Alaska",-0.95,2024-02-23 18:34:18.870,60.0448333333333,-153.0875,-2.21
ak0242hlsc5b,"78 km SE of King Cove, Alaska",2.1,2024-02-23 18:08:36.504,54.6659,-161.303,17.6
ak0242hlqsj6,"18 km SSE of Denali National Park, Alaska",1.0,2024-02-23 18:01:16.301,63.39,-151.5666,10.1
av92212926,"63 km ENE of Pedro Bay, Alaska",-0.95,2024-02-23 17:59:34.400,60.0466666666667,-153.089666666667,-0.13
nc74006561,"6 km WNW of Cobb, CA",1.02,2024-02-23 17:55:32.300,38.8354988,-122.7913361,2.03
nc74006556,"14 km NNE of Brooktrails, CA",1.22,2024-02-23 17:54:26.930,39.5618333,-123.3408333,8.49
av92212921,"63 km ENE of Pedro Bay, Alaska",-0.95,2024-02-23 17:52:29.400,60.0458333333333,-153.089666666667,-1.29
av91133458,"85 km NNW of Karluk, Alaska",-0.28,2024-02-23 17:49:23.120,58.2895,-154.9655,2.29
av92212911,"63 km ENE of Pedro Bay, Alaska",-0.9,2024-02-23 17:45:24.560,60.0451666666667,-153.0895,-0.76
uu80046971,"12 km NW of Emery, Utah",1.95,2024-02-23 17:45:14.770,38.9911666666667,-111.367833333333,-1.82
ci40675080,"9 km N of Rancho Cucamonga, CA",1.5,2024-02-23 17:43:22.010,34.2066667,-117.595,12.79
ak0242hlbu2k,"16 km W of Happy Valley, Alaska",1.5,2024-02-23 17:31:38.868,59.969,-152.0325,70.4
mb90041743,"4 km NW of Stanley, Idaho",1.89,2024-02-23 17:27:21.930,44.2455,-114.9865,6.36
ak0242hl9gq6,"18 km NE of Skwentna, Alaska",1.1,2024-02-23 17:20:31.825,62.0856,-151.1129,64.7
nn00874109,"36 km ESE of Big Pine, California",0.7,2024-02-23 17:19:28.553,37.0897,-117.8893,17.8
ak0242hl86zo,"54 km NW of Stevens Village, Alaska",1.2,2024-02-23 17:14:39.283,66.3994,-149.7999,12.8
us7000m16j,"110 km NNW of San Antonio de los Cobres, Argentina",4.4,2024-02-23 17:13:28.421,-23.3555,-66.8634,221.112
us7000m16i,"86 km NNW of San Antonio de los Cobres, Argentina",4.4,2024-02-23 17:12:00.851,-23.5131,-66.6913,208.902
ak0242hl6m4b,"36 km NNW of Hughes, Alaska",0.9,2024-02-23 17:07:02.036,66.3324,-154.6638,14.7
nc74006546,"7 km NW of The Geysers, CA",1.08,2024-02-23 17:06:21.960,38.8178329,-122.8239975,2.27
nc74006541,"6 km WNW of Cobb, CA",0.96,2024-02-23 17:05:44.210,38.8346672,-122.7883301,1.88
ak0242hl68hr,"18 km WNW of Fox River, Alaska",1.4,2024-02-23 17:05:25.942,59.9115,-151.2795,52.9
nc74006536,"6 km WNW of Cobb, CA",0.76,2024-02-23 16:59:02.040,38.8356667,-122.7881699,1.83
ak0242hkvjga,"37 km W of Akhiok, Alaska",2.3,2024-02-23 16:55:35.361,56.963,-154.7882,2.1
ak0242hkvhml,"35 km SSW of Trapper Creek, Alaska",2.2,2024-02-23 16:55:11.952,62.0289,-150.5097,53.2
ak0242hkuy4y,"82 km WNW of Aleneva, Alaska",1.7,2024-02-23 16:52:59.391,58.4195,-154.1305,89.2
ak0242hkuv9a,"10 km ENE of Fox, Alaska",1.1,2024-02-23 16:52:22.212,64.9893,-147.3992,0.0
ak0242hkuede,"3 km SW of Salcha, Alaska",0.7,2024-02-23 16:50:03.102,64.4984,-146.9471,6.6
ak0242hktdkx,"78 km SSE of Adak, Alaska",2.0,2024-02-23 16:45:26.098,51.1871,-176.4005,25.2
av91133443,"67 km NE of Nikolski, Alaska",0.54,2024-02-23 16:41:47.520,53.3916666666667,-168.195,2.6
ak0242hksb8x,"43 km NW of Skwentna, Alaska",1.2,2024-02-23 16:40:29.296,62.2742,-151.9759,95.5
nc74006531,"6 km W of Cobb, CA",1.22,2024-02-23 16:39:10.080,38.8243333,-122.791,1.33
tx2024ducp,"55 km S of Whites City, New Mexico",1.9,2024-02-23 16:38:08.809,31.678,-104.43,6.51
nc74006526,"2 km ENE of The Geysers, CA",0.55,2024-02-23 16:33:43.550,38.784668,-122.7376633,1.67
nc74006521,"8 km NW of The Geysers, CA",0.7,2024-02-23 16:32:12.910,38.8301659,-122.8188324,1.84
ak0242hkq802,"25 km SSE of Skwentna, Alaska",1.2,2024-02-23 16:30:54.102,61.8009,-151.1302,76.5
ak0242hkolu4,"54 km NE of Chenega, Alaska",1.5,2024-02-23 16:23:00.281,60.4603,-147.4216,3.9
av91133438,"89 km W of Adak, Alaska",0.95,2024-02-23 16:19:22.640,51.8686666666667,-177.937333333333,6.48
pr71440988,"27 km WNW of San Antonio, Puerto Rico",3.02,2024-02-23 16:11:06.510,18.6308333333333,-67.3185,15.15
ci40675024,"19 km NNW of Borrego Springs, CA",0.76,2024-02-23 16:03:58.980,33.4231667,-116.4165,13.77
ak0242hkk7ml,"70 km NE of Savoonga, Alaska",1.9,2024-02-23 16:02:49.898,64.0667,-169.3292,28.3
ak0242hk99i6,"54 km NE of Chenega, Alaska",2.4,2024-02-23 15:51:43.482,60.4424,-147.3771,13.7
ak0242hk99ig,"8 km NNW of Nikiski, Alaska",1.7,2024-02-23 15:51:42.929,60.7644,-151.3213,61.2
tx2024dubb,"45 km NW of Toyah, Texas",2.1,2024-02-23 15:48:29.096,31.571,-104.172,7.5482
us7000m14l,"74 km WNW of Atka, Alaska",4.4,2024-02-23 15:45:36.312,52.5398,-175.1325,150.208
av91133428,"13 km S of Cold Bay, Alaska",0.8,2024-02-23 15:43:08.460,55.063,-162.759666666667,12.24
nc74006516,"9 km WNW of The Geysers, CA",0.36,2024-02-23 15:41:28.770,38.8226667,-122.8446667,2.32
tx2024duas,"62 km SSW of Whites City, New Mexico",1.6,2024-02-23 15:40:46.793,31.623,-104.511,8.4583
us7000m165,"89 km SSE of Pangai, Tonga",4.7,2024-02-23 15:39:02.699,-20.5855,-174.0907,10.0
nc74006511,"10 km NW of The Geysers, CA",0.22,2024-02-23 15:30:20.660,38.840168,-122.8345032,1.25
ok2024duag,"9 km NNW of Pawnee, Oklahoma",1.01,2024-02-23 15:27:34.460,36.41566667,-96.85466667,6.61
us7000m1uh,"21 km S of Mertzon, Texas",3.1,2024-02-23 15:20:17.639,31.0672,-100.7948,10.73
tx2024dtzz,"1 km SW of Falls City, Texas",3.5,2024-02-23 15:19:33.765,28.972,-98.033,6.3232
us7000m14r,"111 km WNW of Ie, Japan",4.3,2024-02-23 15:18:44.871,27.0525,126.7536,10.0
ci40674968,"18 km E of Ridgecrest, CA",0.14,2024-02-23 15:10:52.420,35.609,-117.4815,9.5
ok2024dtzs,"10 km NNW of Pawnee, Oklahoma",1.21,2024-02-23 15:10:32.149,36.42066667,-96.86766667,7.07
ak0242hjzf6y,"24 km W of Valdez, Alaska",1.4,2024-02-23 15:05:49.691,61.1187,-146.8026,0.0
ak0242hjzegi,"8 km N of Four Mile Road, Alaska",0.8,2024-02-23 15:05:40.718,64.6792,-149.1517,9.5
us7000m136,"80 km ESE of King Cove, Alaska",3.5,2024-02-23 14:56:48.982,54.6706,-161.2539,56.791
nc74006506,"19 km WSW of Petrolia, CA",2.05,2024-02-23 14:51:52.160,40.2903333,-124.5011667,19.98
nc74006501,"8 km W of Cobb, CA",0.4,2024-02-23 14:48:50.730,38.8348333,-122.817,1.16
nc74006496,"5 km NNW of The Geysers, CA",0.76,2024-02-23 14:46:24.310,38.8148346,-122.7884979,1.79
us6000mfn5,"5 km NE of Jordán, Colombia",4.5,2024-02-23 14:45:22.110,6.7706,-73.0616,155.935
ok2024dtyw,"10 km NNW of Pawnee, Oklahoma",1.35,2024-02-23 14:45:06.629,36.4155,-96.86216667,6.8
ci40674928,"10 km ENE of Villa Park, CA",1.86,2024-02-23 14:43:33.130,33.8376667,-117.7088333,7.83
ok2024dtyq,"9 km NNW of Pawnee, Oklahoma",2.98,2024-02-23 14:38:07.490,36.41366667,-96.85816667,7.04
ak0242hjiu6x,"55 km ENE of Cantwell, Alaska",1.1,2024-02-23 14:28:13.017,63.5309,-147.8862,19.8
ak0242hjgznu,"49 km WSW of Tatitlek, Alaska",1.4,2024-02-23 14:20:11.297,60.6655,-147.4984,8.1
ak0242hjgopg,"35 km SE of False Pass, Alaska",1.9,2024-02-23 14:18:08.743,54.6405,-163.0007,6.4
ak0242hjg52y,"7 km N of Nikiski, Alaska",1.9,2024-02-23 14:15:54.136,60.7602,-151.2765,58.9
nc74006491,"9 km WNW of The Geysers, CA",0.55,2024-02-23 14:15:50.320,38.8225,-122.8441667,2.25
ak0242hjejx7,"56 km WNW of Skwentna, Alaska",1.5,2024-02-23 14:08:14.911,62.2696,-152.2928,115.5
us7000m12y,"70 km NW of San Alejandro, Peru",4.8,2024-02-23 14:07:29.932,-8.4583,-75.7396,10.0
nc74006486,"7 km NW of The Geysers, CA",0.76,2024-02-23 14:03:40.870,38.8115005,-122.8209991,2.33
tx2024dtxl,"58 km S of Whites City, New Mexico",1.8,2024-02-23 13:58:19.014,31.654,-104.463,6.1255
ci40674920,"8 km SSW of Idyllwild, CA",0.6,2024-02-23 13:54:39.910,33.6795,-116.7575,18.39
av91133423,"92 km W of Adak, Alaska",0.59,2024-02-23 13:54:36.650,51.8691666666667,-177.977,6.28
tx2024dtxc,"59 km S of Whites City, New Mexico",2.3,2024-02-23 13:51:54.698,31.647,-104.472,6.0229
ak0242hj13cj,"166 km S of McCarthy, Alaska",2.2,2024-02-23 13:45:34.332,59.9384,-142.7461,13.7
pr71440973,"2 km WNW of Guayanilla, Puerto Rico",2.75,2024-02-23 13:43:13.400,18.028,-66.8096666666667,16.61
ak0242hizmu8,"70 km SSW of Kokhanok, Alaska",2.7,2024-02-23 13:38:53.253,58.8214,-155.0406,133.9
hv74118717,"3 km SW of Pāhala, Hawaii",2.0999999,2024-02-23 13:26:07.560,19.1873340606689,-155.502838134766,33.6300010681152
us7000m12r,"292 km WSW of Tual, Indonesia",4.3,2024-02-23 13:24:18.456,-6.317,130.2037,137.457
us6000mifn,"65 km W of Dutch Harbor, Alaska",2.5,2024-02-23 13:20:12.364,53.939,-167.5355,128.741
pr2024054001,"2 km W of Guayanilla, Puerto Rico",3.31,2024-02-23 13:16:52.560,18.0221,-66.8145,16.0
ak0242hiuvmm,"33 km NNW of Larsen Bay, Alaska",1.6,2024-02-23 13:16:34.226,57.8291,-154.1339,67.2
ak0242hirtau,"42 km WSW of Akhiok, Alaska",1.9,2024-02-23 13:02:04.388,56.8519,-154.8528,9.1
us6000mfn2,south of the Fiji Islands,4.5,2024-02-23 13:01:32.916,-25.5857,-176.2277,33.383
ak0242hihfgw,"64 km NNW of Huslia, Alaska",1.1,2024-02-23 12:53:59.524,66.2579,-156.7271,7.3
tx2024dtvd,"54 km S of Whites City, New Mexico",1.5,2024-02-23 12:52:39.009,31.685,-104.42,6.2024
ak0242hih52x,"77 km W of Akhiok, Alaska",2.4,2024-02-23 12:52:25.632,56.9128,-155.4437,70.2
us6000mifh,"36 km SSW of Nikolski, Alaska",3.7,2024-02-23 12:44:16.204,52.6373,-169.0864,51.614
us6000mfn8,"96 km NW of Riohacha, Colombia",4.2,2024-02-23 12:44:03.033,12.2569,-73.4105,10.0
ak0242hieypu,"59 km WNW of Nanwalek, Alaska",1.7,2024-02-23 12:42:10.162,59.5485,-152.9,92.6
tx2024dtuo,"55 km S of Whites City, New Mexico",1.5,2024-02-23 12:34:34.321,31.674,-104.433,6.9458
nc74006481,"6 km WNW of Cobb, CA",0.69,2024-02-23 12:31:25.660,38.8359985,-122.7916641,2.09
us7000m12g,"99 km NNE of Diego de Almagro, Chile",4.4,2024-02-23 12:28:54.278,-25.6442,-69.4988,85.212
ak0242hibujf,"65 km SSW of Adak, Alaska",2.0,2024-02-23 12:27:55.478,51.3324,-177.0124,32.5
nc74006476,"7 km W of Glen Ellen, CA",1.18,2024-02-23 12:27:22.490,38.3565,-122.6085,5.0
nn00874107,"17 km WSW of Furnace Creek, California",0.5,2024-02-23 12:24:39.208,36.3758,-117.024,5.2
us7000m12h,Southwest Indian Ridge,4.6,2024-02-23 12:21:07.181,-34.6422,53.934,10.0
ak0242hia1ai,"51 km NW of Skwentna, Alaska",1.2,2024-02-23 12:19:09.860,62.3488,-152.0116,96.4
uw61975332,"19 km ENE of Amanda Park, Washington",1.11,2024-02-23 12:18:17.540,47.544666666666664,-123.677,32.65
us7000m12e,"80 km WNW of Sinabang, Indonesia",4.4,2024-02-23 12:06:21.411,2.6614,95.6773,28.605
tx2024dttj,"55 km S of Whites City, New Mexico",2.8,2024-02-23 11:57:59.885,31.676,-104.429,6.51
us7000m12c,"134 km NW of Luwuk, Indonesia",4.4,2024-02-23 11:57:58.247,-0.1001,121.9266,265.184
ak0242hhw5qs,"40 km WSW of Covenant Life, Alaska",1.6,2024-02-23 11:54:35.727,59.2296,-136.6246,12.2
nn00873820,"52 km SSW of Rachel, Nevada",1.0,2024-02-23 11:49:50.426,37.2249,-116.0193,8.5
ak0242hhunni,"16 km N of Hope, Alaska",1.3,2024-02-23 11:47:35.614,61.0617,-149.6001,21.8
ak0242hhuhvj,"70 km ENE of Pedro Bay, Alaska",1.5,2024-02-23 11:46:59.837,60.0847,-152.9924,107.1
us6000mfn0,"Rat Islands, Aleutian Islands, Alaska",4.0,2024-02-23 11:37:51.394,51.9224,177.9328,127.944
nc74006471,"9 km NW of The Geysers, CA",0.55,2024-02-23 11:36:12.030,38.8383331,-122.8273315,1.93
nc74006466,"7 km WNW of Cobb, CA",0.4,2024-02-23 11:28:06.910,38.8365,-122.8065,2.56
uu80046936,"14 km NE of Milford, Utah",0.95,2024-02-23 11:21:40.030,38.491,-112.891166666667,2.33
uw61975327,"2 km SW of Sedro-Woolley, Washington",1.82,2024-02-23 11:19:15.410,48.49216666666667,-122.25833333333334,10.09
ak0242hho17w,"54 km NNE of Yakutat, Alaska",1.4,2024-02-23 11:16:44.607,59.9698,-139.2268,12.0
hv74118642,"8 km E of Pāhala, Hawaii",2.29999995,2024-02-23 11:12:29.950,19.2029991149902,-155.398162841797,30.7000007629395
nc74006456,"10 km NNW of Hollister, CA",1.65,2024-02-23 10:54:04.560,36.9341667,-121.4325,5.0
hv74118632,"3 km ESE of Kukuihaele, Hawaii",2.27,2024-02-23 10:49:35.120,20.1108333333333,-155.536833333333,34.98
ak0242hh97rt,"31 km W of Cantwell, Alaska",1.8,2024-02-23 10:47:26.232,63.3549,-149.5845,106.7
nc74006461,"12 km NNW of Avenal, CA",0.96,2024-02-23 10:43:41.070,36.0953333,-120.1995,9.89
us7000m11x,"130 km SSE of Kyzyl-Suu, Kyrgyzstan",4.0,2024-02-23 10:33:07.419,41.2338,78.5205,10.0
nc74006451,"4 km NNW of Redwood Valley, CA",1.11,2024-02-23 10:30:37.770,39.3006667,-123.2256667,6.73
ak0242hh361m,"72 km SW of Nikolski, Alaska",2.5,2024-02-23 10:19:09.386,52.5293,-169.6892,25.1
ak0242hh30bm,"46 km NNE of Chase, Alaska",1.2,2024-02-23 10:18:41.997,62.8494,-149.8733,64.4
tx2024dtpx,"15 km NNE of Balmorhea, Texas",2.1,2024-02-23 10:13:02.120,31.123,-103.711,5.2795
nc74006446,"3 km NW of Anderson Springs, CA",0.81,2024-02-23 10:12:44.920,38.791832,-122.7228317,1.76
us7000m11u,"16 km S of Atoka, New Mexico",2.8,2024-02-23 10:06:00.024,32.618,-104.3845,6.18
nn00873818,"5 km SE of Dyer, Nevada",1.2,2024-02-23 10:04:48.122,37.6401,-118.0174,3.9
nc74006441,"3 km SE of Santa Rosa, CA",1.42,2024-02-23 10:02:10.890,38.4315,-122.6736667,8.76
ak0242hgz3ka,"50 km E of Pedro Bay, Alaska",1.7,2024-02-23 10:00:03.836,59.7501,-153.2154,105.8
ci40674904,"18 km W of Searles Valley, CA",1.05,2024-02-23 09:57:34.500,35.7841667,-117.599,2.4
av92212656,"40 km ENE of Adak, Alaska",0.56,2024-02-23 09:54:59.600,52.0768333333333,-176.136666666667,-1.8
us6000mik3,"105 km SSE of Sand Point, Alaska",2.6,2024-02-23 09:48:28.212,54.5095,-159.6916,10.0
us7000m11m,"15 km S of Atoka, New Mexico",4.0,2024-02-23 09:47:07.831,32.6306,-104.4196,5.416
ak0242hgneh1,"71 km SE of Denali National Park, Alaska",1.2,2024-02-23 09:45:53.650,63.1862,-150.5449,99.7
mb90041423,"32 km NNW of Challis, Idaho",1.45,2024-02-23 09:42:13.370,44.7693333333333,-114.410333333333,9.64
ak0242hgmgvj,"30 km SSW of Trapper Creek, Alaska",1.1,2024-02-23 09:41:18.235,62.0823,-150.528,13.4
us7000m11k,"40 km ENE of Estique, Peru",4.7,2024-02-23 09:38:59.070,-17.4444,-69.6535,168.316
ci40674896,"20 km ESE of Anza, CA",0.7,2024-02-23 09:38:51.410,33.4853333,-116.47,15.07
mb90041418,"32 km NNW of Challis, Idaho",1.35,2024-02-23 09:33:34.540,44.766,-114.413166666667,2.5
ak0242hgkki9,"60 km NE of Ruby, Alaska",1.2,2024-02-23 09:32:32.267,65.1653,-154.6919,5.1
ci37626852,"23 km N of Searles Valley, CA",0.77,2024-02-23 09:29:21.160,35.9715,-117.3636667,-0.11
ci40674888,"23 km SE of Bodfish, CA",1.17,2024-02-23 09:28:53.480,35.447,-118.3083333,8.27
pr71440948,"5 km S of La Parguera, Puerto Rico",2.15,2024-02-23 09:28:48.940,17.926,-67.0463333333333,3.92
nc74006436,"8 km NW of The Geysers, CA",0.27,2024-02-23 09:26:36.550,38.8326683,-122.8178329,2.42
us7000m11g,"94 km S of Babino Polje, Croatia",4.6,2024-02-23 09:23:18.612,41.8845,17.5638,10.0
ak0242hgi760,"29 km ENE of Susitna North, Alaska",1.2,2024-02-23 09:21:26.785,62.2208,-149.2956,42.7
uu80046906,"5 km NNE of Moroni, Utah",1.01,2024-02-23 09:11:22.840,39.5743333333333,-111.571,2.25
ci37626844,"19 km ESE of Anza, CA",-0.01,2024-02-23 09:07:39.550,33.4825,-116.4925,13.45
ci40674880,"1 km NNW of Colton, CA",0.94,2024-02-23 09:07:15.570,34.0803333,-117.3161667,16.62
ak0242hg23pp,"113 km NW of Yakutat, Alaska",1.5,2024-02-23 08:46:15.407,60.2241,-141.2452,8.1
ak0242hfzsls,"212 km SE of Chiniak, Alaska",2.6,2024-02-23 08:35:39.362,56.2615,-149.8117,13.8
nc74006431,"7 km NW of The Geysers, CA",0.72,2024-02-23 08:34:35.740,38.816,-122.8153333,3.14
ak0242hfyfga,"73 km SSW of Atka, Alaska",2.0,2024-02-23 08:29:02.343,51.6047,-174.6826,23.5
ak0242hfxd46,"61 km N of Petersville, Alaska",2.2,2024-02-23 08:24:05.799,63.0458,-150.6256,112.0
ci40674872,"3 km SW of South Pasadena, CA",0.78,2024-02-23 08:19:48.590,34.0951667,-118.1711667,8.44
pr71440943,"5 km WSW of Pole Ojea, Puerto Rico",2.89,2024-02-23 08:12:00.710,17.9568333333333,-67.2291666666667,6.93
av92212626,"64 km ENE of Pedro Bay, Alaska",-0.3,2024-02-23 08:06:17.820,60.0493333333333,-153.078666666667,0.34
tx2024dtlp,"61 km S of Whites City, New Mexico",1.8,2024-02-23 08:03:15.271,31.62,-104.352,6.0999
pr71440928,"6 km WSW of Pole Ojea, Puerto Rico",3.19,2024-02-23 08:01:40.390,17.9625,-67.2488333333333,5.95
ak0242hfiw8c,"74 km SW of Nanwalek, Alaska",1.6,2024-02-23 07:56:54.841,58.8342,-152.7216,65.3
tx2024dtli,"55 km NW of Toyah, Texas",1.7,2024-02-23 07:54:47.108,31.671,-104.201,6.6125
nc74006426,"12 km SE of Middletown, CA",1.26,2024-02-23 07:52:11.300,38.6875,-122.499,7.31
ak0242hfhjgw,"38 km WSW of Cantwell, Alaska",2.5,2024-02-23 07:50:23.064,63.2349,-149.6433,90.4
ci40674864,"4 km SW of Imperial, CA",1.15,2024-02-23 07:47:49.540,32.8255,-115.6053333,13.35
us7000m114,"158 km SSE of Teluk Dalam, Indonesia",5.3,2024-02-23 07:46:26.679,-0.6873,98.4764,19.996
ak0242hfftf6,"3 km NW of Anchorage, Alaska",1.4,2024-02-23 07:42:20.164,61.2396,-149.9395,31.4
ak0242hfek1n,"25 km SE of Susitna North, Alaska",1.1,2024-02-23 07:36:30.673,62.0094,-149.488,12.8
ci40674856,"44 km ENE of Ensenada, B.C., MX",2.24,2024-02-23 07:35:07.210,32.0271667,-116.1871667,12.16
us7000m10z,"67 km NW of Fangale’ounga, Tonga",5.3,2024-02-23 07:32:34.410,-19.2914,-174.7496,114.676
ak0242hfc7f7,"43 km SSW of Nanwalek, Alaska",1.9,2024-02-23 07:25:34.087,59.0194,-152.2925,55.8
ak0242hfanls,"104 km SSE of Sand Point, Alaska",2.3,2024-02-23 07:18:10.567,54.4726,-159.861,8.8
ak0242hf9s8s,"57 km W of Anchor Point, Alaska",1.8,2024-02-23 07:14:04.690,59.7763,-152.8593,90.6
ok2024dtjz,"8 km NW of Prague, Oklahoma",0.88,2024-02-23 07:13:42.670,35.5435,-96.748,5.7
av92212576,"Rat Islands, Aleutian Islands, Alaska",1.2,2024-02-23 07:12:42.700,52.01,178.416166666667,2.73
pr71440923,"9 km SSW of Emajagua, Puerto Rico",2.27,2024-02-23 07:08:41.310,17.9173333333333,-65.9168333333333,5.4
ak0242hextjj,"27 km S of Central, Alaska",1.3,2024-02-23 06:58:22.420,65.3241,-144.8804,3.5
uu80046871,"14 km NE of Milford, Utah",0.41,2024-02-23 06:58:19.940,38.4983333333333,-112.902166666667,2.78
nc74006421,"21 km SW of Toms Place, CA",0.77,2024-02-23 06:54:17.060,37.4423333,-118.8588333,9.07
ci40674848,"6 km E of Calimesa, CA",1.54,2024-02-23 06:52:09.560,33.986,-116.9905,15.66
us7000m10u,east of the Kuril Islands,4.2,2024-02-23 06:46:34.303,47.963,155.6677,10.0
ak0242heuryk,"114 km WNW of Yakutat, Alaska",2.3,2024-02-23 06:44:02.069,59.9633,-141.5965,12.7
ak0242heudax,"42 km SE of Denali National Park, Alaska",1.6,2024-02-23 06:42:11.383,63.2623,-151.1309,2.9
ci40674840,"18 km N of Borrego Springs, CA",0.72,2024-02-23 06:41:49.230,33.4205,-116.3715,11.27
nc74006416,"8 km WNW of Cobb, CA",0.41,2024-02-23 06:35:33.470,38.8481667,-122.811,1.72
ci40674832,"3 km WSW of Imperial, CA",1.23,2024-02-23 06:35:23.590,32.84,-115.5981667,14.15
nc74006411,"20 km SSW of Willits, CA",1.94,2024-02-23 06:24:57.570,39.2521667,-123.4651667,4.56
us7000m10q,"100 km W of San Antonio de los Cobres, Argentina",4.2,2024-02-23 06:23:25.017,-24.1267,-67.3005,217.555
nc74006406,"8 km WNW of Cobb, CA",1.05,2024-02-23 06:18:18.910,38.847332,-122.8095016,1.65
nn00873815,"11 km SE of Smith, Nevada",1.7,2024-02-23 06:14:13.610,38.7349,-119.2197,6.8
ak0242helgb2,"20 km WNW of Fishhook, Alaska",1.6,2024-02-23 06:00:52.769,61.8266,-149.5785,35.2
ak0242hecg8d,"9 km NW of Nikiski, Alaska",1.5,2024-02-23 05:59:00.167,60.7417,-151.4363,71.9
ci40674824,"8 km NNE of Mojave, CA",0.94,2024-02-23 05:57:24.610,35.1228333,-118.1563333,6.2
us7000m10k,"22 km NNW of Murghob, Tajikistan",4.5,2024-02-23 05:49:24.733,38.3581,73.8801,134.406
nc74006391,"14 km W of Toms Place, CA",0.08,2024-02-23 05:46:31.920,37.5385,-118.8323333,5.18
nn00873813,"30 km SE of Mina, Nevada",1.1,2024-02-23 05:43:11.120,38.1746,-117.886,12.9
us7000m10j,north of Svalbard,4.5,2024-02-23 05:35:09.750,81.0033,-4.0205,10.0
tx2024dtgq,"4 km E of Falls City, Texas",1.9,2024-02-23 05:33:07.280,28.987,-97.975,3.7842
ak0242he4ayk,"88 km SSE of King Cove, Alaska",2.0,2024-02-23 05:20:51.161,54.3694,-161.6537,25.5
av91133373,"91 km W of Adak, Alaska",0.34,2024-02-23 05:17:08.650,51.8586666666667,-177.9635,3.63
nc74006386,"7 km NW of The Geysers, CA",0.8,2024-02-23 05:07:19.280,38.8118324,-122.8186646,2.89
ak0242hdqp38,"49 km NNW of Petersville, Alaska",1.4,2024-02-23 04:56:57.721,62.886,-151.2491,106.2
us6000mfmn,"32 km SSW of Tennant Creek, Australia",4.4,2024-02-23 04:53:10.927,-19.892,134.0219,10.0
ak0242hdmpva,"5 km SSW of Salcha, Alaska",1.2,2024-02-23 04:38:46.476,64.4799,-146.9695,6.3
tx2024dtes,"55 km NW of Toyah, Texas",1.5,2024-02-23 04:34:27.000,31.674,-104.193,4.1516
nc74006381,"14 km W of Toms Place, CA",0.52,2024-02-23 04:29:36.670,37.5385,-118.8331667,5.24
us6000mik2,"121 km ESE of Akutan, Alaska",2.8,2024-02-23 04:29:15.540,53.7002,-164.0836,35.0
us7000m10f,"42 km WSW of Kunduz, Afghanistan",4.6,2024-02-23 04:28:03.662,36.591,68.4098,10.0
av91133363,"53 km W of False Pass, Alaska",1.52,2024-02-23 04:26:15.780,54.8178333333333,-164.2415,23.59
nc74006376,"3 km SSW of Cobb, CA",0.55,2024-02-23 04:20:20.080,38.7989998,-122.7375031,0.89
av91133333,"19 km W of Sitka, Alaska",1.03,2024-02-23 04:13:09.850,57.0253333333333,-135.65,5.74
us7000m10d,"127 km W of Aykol, China",4.4,2024-02-23 04:08:34.398,41.1658,78.6433,10.0
nc74006371,"4 km SW of Fortuna, CA",1.56,2024-02-23 04:02:25.920,40.5776667,-124.1936667,18.49
hv74118407,"2 km SW of Pāhala, Hawaii",2.1099999,2024-02-23 03:57:49.410,19.1854991912842,-155.497329711914,30.4699993133545
tx2024dtdl,"55 km S of Whites City, New Mexico",2.3,2024-02-23 03:55:05.746,31.674,-104.413,7.2534
hv74118387,"4 km SSW of Pāhala, Hawaii",1.76999998,2024-02-23 03:48:14.010,19.1603336334229,-155.490997314453,32.7999992370605
ci40674808,"6 km SW of Calimesa, CA",0.87,2024-02-23 03:45:18.730,33.9461667,-117.0995,15.14
ak0242hd1iqf,"69 km N of Aleneva, Alaska",2.1,2024-02-23 03:39:56.530,58.6744,-152.7006,47.5
nc74006361,"8 km NW of The Geysers, CA",0.77,2024-02-23 03:38:09.300,38.829834,-122.81633,1.85
ak0242hcz3rk,"67 km WNW of Tyonek, Alaska",1.2,2024-02-23 03:28:28.960,61.2895,-152.2959,4.6
se60501673,"7 km SW of Stearns, Kentucky",2.12,2024-02-23 03:25:00.440,36.653,-84.537,25.42
pr71440918,"4 km SW of Guánica, Puerto Rico",2.27,2024-02-23 03:20:32.010,17.9431666666667,-66.9435,13.65
pr71440903,"18 km N of Arecibo, Puerto Rico",3.37,2024-02-23 03:18:29.260,18.6415,-66.7075,78.91
uu80046841,"15 km NE of Milford, Utah",2.16,2024-02-23 03:14:38.280,38.5058333333333,-112.895,1.89
tx2024dtcc,"55 km S of Whites City, New Mexico",1.5,2024-02-23 03:14:34.161,31.675,-104.408,6.9202
us7000m106,"53 km E of Petropavlovsk-Kamchatsky, Russia",4.2,2024-02-23 03:10:20.422,53.0507,159.4191,74.173
ak0242hcumc6,"47 km ESE of Sand Point, Alaska",2.1,2024-02-23 03:07:36.868,55.1718,-159.8106,2.2
ak0242hcue8o,"58 km NE of Chase, Alaska",1.4,2024-02-23 03:06:32.536,62.8599,-149.3863,14.8
nc74006356,"8 km NW of The Geysers, CA",0.73,2024-02-23 03:03:59.240,38.831501,-122.8186646,1.73
ak0242hctbzi,"63 km E of Pedro Bay, Alaska",1.9,2024-02-23 03:01:37.339,59.7446,-152.9748,94.9
ak0242hcj3dq,"5 km SSW of Salcha, Alaska",3.7,2024-02-23 02:54:01.853,64.4774,-146.9263,11.8
us6000mfml,"74 km SW of Yonakuni, Japan",4.1,2024-02-23 02:46:31.731,23.9807,122.4981,34.551
ak0242hcfzxh,"49 km ESE of Port Alsworth, Alaska",2.3,2024-02-23 02:39:16.069,60.1014,-153.4448,151.5
ak0242hcfnc5,"29 km NW of Nikiski, Alaska",1.6,2024-02-23 02:37:51.411,60.8779,-151.6666,78.9
ak0242hcez5z,"37 km WNW of Anchor Point, Alaska",1.7,2024-02-23 02:34:38.158,59.8541,-152.4833,81.7
ok2024dtah,"8 km NW of Prague, Oklahoma",1.09,2024-02-23 02:20:45.119,35.53883333,-96.75383333,6.85
ci40674792,"6 km NNE of Coso Junction, CA",1.35,2024-02-23 02:19:45.150,36.0898333,-117.9148333,1.89
nc74006341,"3 km NW of The Geysers, CA",0.29,2024-02-23 02:16:49.530,38.7925,-122.7806667,1.29
ak0242hcaee7,"52 km WNW of Valdez, Alaska",1.2,2024-02-23 02:13:02.718,61.2784,-147.2731,18.6
ak0242hc9n51,"25 km NNE of Pilot Point, Alaska",2.5,2024-02-23 02:09:49.493,57.7777,-157.4557,183.2
pr2024054000,"59 km N of Culebra, Puerto Rico",3.45,2024-02-23 02:08:47.360,18.835,-65.3805,9.0
hv74118332,"1 km SW of Pāhala, Hawaii",1.79999995,2024-02-23 02:05:03.460,19.1959991455078,-155.487838745117,30.8500003814697
ak0242hc7x9c,"62 km SSW of Cantwell, Alaska",1.2,2024-02-23 02:01:47.393,62.8468,-149.2406,12.5
ci40674784,"12 km SSW of Ocotillo Wells, CA",1.05,2024-02-23 01:51:33.620,33.0435,-116.1776667,4.97
us7000m0zq,southern East Pacific Rise,6.3,2024-02-23 01:51:13.973,-35.0892,-110.7745,10.0
us7000m0zp,"38 km WSW of Kunduz, Afghanistan",4.2,2024-02-23 01:50:25.549,36.6106,68.4535,10.0
ak0242hbuqy4,"18 km SSE of Glacier View, Alaska",1.4,2024-02-23 01:40:01.658,61.6456,-147.5493,29.3
uu80046811,"14 km NE of Milford, Utah",0.68,2024-02-23 01:36:05.020,38.5015,-112.904666666667,2.57
ak0242hbtppj,"75 km ENE of Ugashik, Alaska",1.3,2024-02-23 01:35:18.006,57.6695,-156.1667,5.1
mb90041393,"44 km NNE of Stanley, Idaho",1.85,2024-02-23 01:33:52.660,44.6046666666667,-114.8025,6.36
ci40674776,"14 km SE of Anza, CA",0.18,2024-02-23 01:26:16.230,33.4475,-116.5858333,7.29
nc74006326,"2 km ESE of The Geysers, CA",0.97,2024-02-23 01:13:21.480,38.7686653,-122.7366638,1.09
av91133323,"13 km W of Akutan, Alaska",0.82,2024-02-23 01:11:53.590,54.1531666666667,-165.977,17.76
av92212431,"15 km WSW of Akutan, Alaska",1.94,2024-02-23 01:11:31.230,54.0928333333333,-166.008666666667,19.59
av91133318,"21 km SSW of Akutan, Alaska",1.83,2024-02-23 01:11:21.520,53.9688333333333,-165.944166666667,7.3
nc74006316,"9 km NE of Alum Rock, CA",1.51,2024-02-23 01:09:14.140,37.4348333,-121.7691667,10.98
uu80046796,"14 km NE of Milford, Utah",0.4,2024-02-23 00:59:10.710,38.5001666666667,-112.907,2.81
uw61984136,"39 km NNE of Amboy, Washington",0.15,2024-02-23 00:52:05.920,46.209666666666664,-122.183,6.63
us7000m0zk,"11 km NW of Valdivia, Colombia",4.5,2024-02-23 00:47:47.482,7.3556,-75.4767,53.05
hv74119551,"23 km S of Volcano, Hawaii",2.03,2024-02-23 00:46:02.920,19.2291666666667,-155.254166666667,44.81
ak0242hbahok,"153 km E of McCarthy, Alaska",1.5,2024-02-23 00:45:49.160,61.364,-140.0563,8.7
ak0242hb95d6,"48 km NW of Ninilchik, Alaska",1.7,2024-02-23 00:39:22.986,60.3549,-152.302,85.2
tx2024dswy,"55 km S of Whites City, New Mexico",1.6,2024-02-23 00:38:52.060,31.676,-104.32,1.947
nc74006306,"8 km NW of The Geysers, CA",0.49,2024-02-23 00:36:46.020,38.8316667,-122.8151667,1.71
nc74006301,"8 km NW of The Geysers, CA",0.2,2024-02-23 00:35:58.140,38.8201667,-122.8246667,2.34
hv74119541,"46 km ESE of Naalehu, Hawaii",3.27,2024-02-23 00:35:31.260,18.8463333333333,-155.21,10.78
ci40674760,"5 km SW of Imperial, CA",1.22,2024-02-23 00:34:09.150,32.8211667,-115.607,11.0
ak0242hb4uhl,"56 km ESE of Pedro Bay, Alaska",1.9,2024-02-23 00:19:09.634,59.62,-153.159,108.5
ak0242hb4874,"15 km E of Nikiski, Alaska",1.5,2024-02-23 00:16:55.905,60.6841,-151.0106,16.0
nc74006296,"7 km NW of The Geysers, CA",1.35,2024-02-23 00:16:33.200,38.8243333,-122.8058333,1.19
nc74006291,"7 km NW of The Geysers, CA",0.6,2024-02-23 00:16:26.090,38.8273315,-122.8058319,0.92
nc74006286,"7 km NW of The Geysers, CA",0.4,2024-02-23 00:16:10.080,38.8255,-122.8056667,1.42
ak0242hb3dlh,"9 km E of Fox, Alaska",1.3,2024-02-23 00:12:31.032,64.9701,-147.4087,0.0
us7000m0yz,Kuril Islands,4.9,2024-02-23 00:10:25.102,46.6745,152.614,35.0
nc74006276,"3 km NNW of The Geysers, CA",1.05,2024-02-23 00:09:53.380,38.8008347,-122.7728348,1.52
tx2024dsvy,"27 km NE of Mentone, Texas",1.6,2024-02-23 00:08:52.800,31.894,-103.418,6.1255
ci40674728,"6 km NNE of Beaumont, CA",1.58,2024-02-23 00:07:39.880,33.9746667,-116.9465,15.56
ak0242hb2at3,"52 km E of Chase, Alaska",1.4,2024-02-23 00:07:27.237,62.4936,-149.0904,10.5
nc74006271,"8 km WNW of Cobb, CA",-0.15,2024-02-23 00:06:03.790,38.8366667,-122.8173333,2.44
av92212386,"20 km N of Atka, Alaska",1.36,2024-02-22 23:53:09.910,52.3751666666667,-174.159333333333,5.75
ci40674712,"7 km NE of Anza, CA",0.16,2024-02-22 23:46:59.790,33.5936667,-116.609,15.2
tx2024dsvb,"61 km S of Whites City, New Mexico",2.1,2024-02-22 23:41:45.837,31.624,-104.347,7.843
ak0242g1f72z,"41 km WNW of Ninilchik, Alaska",1.7,2024-02-22 23:41:22.292,60.2578,-152.2866,79.3
uw61984121,"33 km NNE of Amboy, Washington",0.47000000000000003,2024-02-22 23:37:43.430,46.206,-122.33516666666667,11.55
ak0242g1cgcx,"9 km SW of Trapper Creek, Alaska",1.7,2024-02-22 23:28:42.609,62.2495,-150.3576,10.0
ak0242g1abtn,"49 km SW of Unalaska, Alaska",1.8,2024-02-22 23:18:49.872,53.5429,-167.0425,15.7
us7000m1vy,"209 km NNE of Palu, Indonesia",4.4,2024-02-22 23:13:36.073,0.9339,120.3171,22.696
nc74006256,"3 km W of Ridgemark, CA",0.84,2024-02-22 23:09:27.890,36.8135,-121.4015,6.03
ak0242g17y7m,"279 km WSW of Adak, Alaska",2.3,2024-02-22 23:07:40.340,51.4458,179.3812,46.1
ak0242g17for,"49 km SW of Unalaska, Alaska",2.0,2024-02-22 23:05:16.824,53.5507,-167.0576,13.0
tx2024dstv,"27 km NE of Mentone, Texas",1.7,2024-02-22 23:03:56.582,31.894,-103.405,6.0999
ci40674696,"3 km NW of Borrego Springs, CA",0.83,2024-02-22 23:03:37.570,33.2726667,-116.3975,4.83
ci40674680,"1 km N of Beaumont, CA",1.74,2024-02-22 22:59:22.690,33.938,-116.9776667,16.31
ak0242g0wyd9,"167 km SSE of Nikolski, Alaska",3.0,2024-02-22 22:56:10.212,51.6683,-167.5486,22.3
nc74006246,"7 km E of Fremont, CA",0.64,2024-02-22 22:48:37.160,37.5323333,-121.9083333,7.71
us7000m0yl,"67 km ESE of Kumano, Japan",4.0,2024-02-22 22:48:07.995,33.6481,136.7858,379.006
nn00873800,"58 km N of Tonopah, Nevada",1.5,2024-02-22 22:30:00.344,38.5894,-117.1813,13.8
nc74006241,"9 km WNW of Cobb, CA",1.7,2024-02-22 22:29:37.290,38.8413333,-122.8231667,2.46
ak0242g0r7ho,"19 km WNW of Tyonek, Alaska",1.7,2024-02-22 22:29:30.096,61.1103,-151.4784,75.0
us7000m1vx,"81 km W of Tobelo, Indonesia",4.1,2024-02-22 22:25:29.881,1.7993,127.2808,113.25
hv74119431,"47 km ESE of Naalehu, Hawaii",3.04,2024-02-22 22:19:44.820,18.8406666666667,-155.201333333333,9.71
hv74119426,"10 km SW of Leilani Estates, Hawaii",1.72,2024-02-22 22:19:31.080,19.3946666666667,-154.981666666667,7.09
ci40674656,"4 km NE of Beaumont, CA",1.62,2024-02-22 22:16:09.340,33.9548333,-116.9425,14.3
ak0242g0bixh,"65 km S of Denali National Park, Alaska",1.5,2024-02-22 21:56:12.468,62.9487,-151.7136,10.1
ak0242g0afh7,"31 km SSE of Skwentna, Alaska",3.2,2024-02-22 21:51:01.910,61.718,-151.2573,68.6
ak0242g08bfr,"33 km NE of Yakutat, Alaska",1.7,2024-02-22 21:41:15.561,59.7268,-139.2585,7.4
us7000m0xy,south of the Fiji Islands,4.6,2024-02-22 21:40:35.350,-22.654,-179.6587,565.334
uu80046751,"14 km NE of Milford, Utah",0.65,2024-02-22 21:32:53.860,38.4918333333333,-112.8915,2.36
ci40674608,"10 km NE of Borrego Springs, CA",0.95,2024-02-22 21:17:59.540,33.3193333,-116.293,9.74
ak0242g02m4d,"108 km SSE of Sand Point, Alaska",2.5,2024-02-22 21:14:54.691,54.4652,-159.7458,25.6
us7000m1vv,"4 km SSW of Tingloy, Philippines",4.3,2024-02-22 21:00:40.682,13.6195,120.854,135.791
nc74006226,"8 km W of Cobb, CA",0.27,2024-02-22 20:57:25.150,38.8354988,-122.8184967,2.73
nc74006221,"8 km WNW of The Geysers, CA",0.93,2024-02-22 20:54:03.950,38.8125,-122.831337,2.11
ak0242fzpfdm,"30 km NE of Skwentna, Alaska",2.4,2024-02-22 20:53:02.377,62.2152,-151.0654,67.0
mb90041383,"6 km ENE of Butte, Montana",1.17,2024-02-22 20:51:32.430,46.0165,-112.455833333333,-2.0
us7000m0xa,"11 km SE of El Terrero, Mexico",4.7,2024-02-22 20:43:10.927,18.0597,-100.2392,64.368
ak0242fzn48t,"48 km WNW of Karluk, Alaska",1.8,2024-02-22 20:42:24.614,57.7773,-155.162,83.3
nn00874209,"8 km ENE of Floriston, California",0.9,2024-02-22 20:38:40.913,39.4186,-119.9329,7.5
ak0242fzm7s8,"68 km NW of Huslia, Alaska",1.0,2024-02-22 20:38:03.924,66.194,-157.2854,7.0
nc74006216,"8 km NW of The Geysers, CA",0.79,2024-02-22 20:37:32.510,38.8313332,-122.8164978,1.72
ak0242fzkzw7,"53 km S of Manley Hot Springs, Alaska",1.4,2024-02-22 20:32:34.825,64.5191,-150.5893,14.7
nc74006211,"9 km NNE of Coalinga, CA",1.95,2024-02-22 20:31:40.140,36.22,-120.3375,9.72
ci40674552,"22 km ESE of Little Lake, CA",2.43,2024-02-22 20:27:47.480,35.8731667,-117.6711667,7.13
nc74006196,"9 km WNW of Cobb, CA",1.04,2024-02-22 20:20:33.480,38.8470001,-122.8248367,2.08
mb90041343,"5 km E of Butte, Montana",1.38,2024-02-22 20:17:24.290,46.0091666666667,-112.465,-2.0
us7000m1vu,"65 km WNW of Port-Vila, Vanuatu",4.5,2024-02-22 20:13:56.944,-17.5603,167.7256,10.0
nc74006191,"15 km ENE of Alum Rock, CA",0.87,2024-02-22 20:13:34.190,37.4178333,-121.6736667,9.04
ak0242fzgjhg,"32 km NW of Lake Minchumina, Alaska",3.2,2024-02-22 20:11:55.236,64.1202,-152.6988,9.3
nc74006186,"13 km NW of Coalinga, CA",2.03,2024-02-22 20:10:52.520,36.2223333,-120.4661667,17.68
ak0242fzg7lq,"34 km SSW of Denali National Park, Alaska",1.1,2024-02-22 20:10:02.251,63.263,-152.006,15.2
uu80046691,"14 km NE of Milford, Utah",0.46,2024-02-22 19:57:29.340,38.4981666666667,-112.902333333333,2.61
hv74119241,"3 km SW of Pāhala, Hawaii",1.85000002,2024-02-22 19:51:58.050,19.1760005950928,-155.498840332031,30.8299999237061
ok2024dsnm,"8 km WNW of Prague, Oklahoma",1.98,2024-02-22 19:51:24.390,35.52783333,-96.7655,5.92
ok2024dsnl,"8 km WNW of Prague, Oklahoma",1.24,2024-02-22 19:51:21.390,35.52366667,-96.76316667,5.15
us7000m1a9,"82 km W of Miramichi, Canada",2.0,2024-02-22 19:42:57.460,47.0,-66.5866,5.0
nc74006181,"14 km WSW of Toms Place, CA",0.39,2024-02-22 19:40:46.560,37.5255,-118.837,1.04
uu80046686,"15 km NE of Milford, Utah",0.32,2024-02-22 19:40:02.920,38.4953333333333,-112.890333333333,2.15
nc74006176,"8 km NW of The Geysers, CA",0.62,2024-02-22 19:38:32.320,38.8323326,-122.8181686,1.61
us7000m0x0,"27 km SE of Nichinan, Japan",4.1,2024-02-22 19:36:47.741,31.4511,131.604,35.0
ak0242fz08c7,"28 km SSW of Lake Minchumina, Alaska",1.7,2024-02-22 19:35:45.498,63.6696,-152.619,17.0
tx2024dsmv,"57 km NW of Toyah, Texas",1.9,2024-02-22 19:32:35.774,31.641,-104.27,6.8433
uw61984091,"7 km WSW of Troy, Idaho",1.58,2024-02-22 19:31:06.540,46.70766666666667,-116.85683333333333,-0.88
nc74006171,"8 km WNW of Cobb, CA",0.76,2024-02-22 19:26:12.280,38.8359985,-122.8073349,2.26
us7000m0we,Kuril Islands,5.1,2024-02-22 19:25:42.694,47.4681,153.8822,44.275
ak0242fytz4f,"93 km NNW of Koyukuk, Alaska",1.0,2024-02-22 19:06:27.997,65.6293,-158.586,9.8
ci40674464,"18 km W of Searles Valley, CA",0.9,2024-02-22 19:01:30.410,35.7661667,-117.5981667,4.34
hv74119171,"2 km SW of Pāhala, Hawaii",1.78,2024-02-22 18:59:09.380,19.192,-155.495166666667,34.19
ci40674456,"10 km NNW of Big Bear City, CA",1.14,2024-02-22 18:58:10.960,34.3446667,-116.8651667,-1.37
nc74006166,"9 km SE of Sunol, CA",1.05,2024-02-22 18:56:02.750,37.5375,-121.8255,2.99
ci40674448,"25 km NW of Grapevine, CA",1.45,2024-02-22 18:54:52.310,35.1013333,-119.1236667,0.27
pr2024053000,"4 km SSW of La Parguera, Puerto Rico",2.67,2024-02-22 18:51:02.090,17.9385,-67.0565,8.0
tx2024dslj,"38 km NNW of Toyah, Texas",2.3,2024-02-22 18:48:15.291,31.612,-104.001,8.0994
nc74006161,"8 km NW of The Geysers, CA",0.39,2024-02-22 18:38:49.590,38.831665,-122.8130035,2.18
nc74006156,"5 km WNW of Cobb, CA",0.04,2024-02-22 18:32:03.250,38.834,-122.78,1.14
av91133198,"86 km NNW of Karluk, Alaska",0.01,2024-02-22 18:30:55.640,58.2483333333333,-155.151666666667,3.24
nc74006151,"5 km WNW of The Geysers, CA",1.09,2024-02-22 18:26:19.270,38.7999992,-122.809166,1.98
hv74119131,"5 km S of Pāhala, Hawaii",2.65,2024-02-22 18:24:03.330,19.1558333333333,-155.470333333333,33.67
ak0242fybcqr,"27 km S of Central, Alaska",1.2,2024-02-22 18:19:39.870,65.3311,-144.8915,4.6
ak0242fyanlf,"63 km S of Manley Hot Springs, Alaska",1.1,2024-02-22 18:16:14.177,64.4341,-150.8013,15.2
ak0242fya3sw,"58 km SSE of Pedro Bay, Alaska",1.9,2024-02-22 18:13:57.446,59.3463,-153.5407,117.9
nc74006146,"7 km NE of Rohnert Park, CA",1.78,2024-02-22 18:10:37.130,38.3883333,-122.6495,9.18
nn00874288,"23 km W of Mina, Nevada",0.9,2024-02-22 18:08:28.995,38.3698,-118.3788,0.0
ak0242fy8j23,"65 km E of Cantwell, Alaska",2.2,2024-02-22 18:06:20.963,63.4696,-147.66,77.1
nc74006141,"3 km SE of The Geysers, CA",0.17,2024-02-22 18:05:05.760,38.7598333,-122.7258333,2.08
ak0242fxyinl,"48 km WNW of Nanwalek, Alaska",1.8,2024-02-22 17:59:52.047,59.4679,-152.7436,70.6
ak0242fxyg6z,"63 km NW of Rampart, Alaska",2.0,2024-02-22 17:59:19.589,65.9281,-151.0828,14.5
av92212156,"60 km SE of Pedro Bay, Alaska",0.33,2024-02-22 17:58:01.470,59.3685,-153.434,0.37
ak0242fxx7n0,"38 km N of Petersville, Alaska",2.7,2024-02-22 17:53:41.629,62.8414,-150.7946,93.2
hv74119091,"10 km ENE of Pāhala, Hawaii",1.68,2024-02-22 17:44:58.900,19.2358333333333,-155.3845,28.52
uw61984061,"5 km N of Queets, Washington",1.19,2024-02-22 17:41:46.000,47.58983333333333,-124.319,25.64
nc74006136,"7 km E of Fremont, CA",3.16,2024-02-22 17:35:11.280,37.5338333,-121.9068333,7.4
pr71440873,"8 km NNE of Lluveras, Puerto Rico",2.04,2024-02-22 17:30:17.080,18.1143333333333,-66.8836666666667,20.04
nc74006121,"2 km N of The Geysers, CA",1.37,2024-02-22 17:17:37.730,38.7976667,-122.7578333,1.71
tx2024dsig,"54 km NW of Toyah, Texas",2.4,2024-02-22 17:12:52.544,31.668,-104.198,7.5867
ak0242fxn3dl,"29 km SE of Minto, Alaska",1.7,2024-02-22 17:06:20.563,64.9514,-148.9252,19.8
us7000m0vv,"32 km SSW of Padam, India",4.3,2024-02-22 17:05:55.410,33.1787,76.8103,10.0
ci40674328,"24 km W of Ludlow, CA",1.29,2024-02-22 17:05:16.030,34.6906667,-116.4196667,11.53
hv74119041,"11 km SE of Pāhala, Hawaii",1.8,2024-02-22 17:04:31.610,19.1413333333333,-155.385666666667,31.17
ak0242fxmhtv,"29 km SE of Minto, Alaska",2.7,2024-02-22 17:03:41.130,64.9652,-148.8899,18.1
ak0242fxmg0l,"30 km SE of Minto, Alaska",1.2,2024-02-22 17:03:18.071,64.9481,-148.9222,18.7
nc74006111,"13 km ESE of Coalinga, CA",0.87,2024-02-22 16:54:54.940,36.0886667,-120.2311667,7.9
ak0242fxbzaq,"54 km NNE of Kobuk, Alaska",1.3,2024-02-22 16:54:36.029,67.3426,-156.3277,3.3
ak0242fxavfx,"74 km ENE of Ugashik, Alaska",1.7,2024-02-22 16:49:18.838,57.6567,-156.1891,7.0
hv74119021,"5 km WNW of Fern Forest, Hawaii",1.43,2024-02-22 16:49:06.350,19.4878333333333,-155.180833333333,0.5
nn00873810,"42 km SE of Beatty, Nevada",0.0,2024-02-22 16:42:32.324,36.6952,-116.3624,3.0
nc74006106,"3 km SSW of Anderson Springs, CA",1.17,2024-02-22 16:40:33.770,38.7493324,-122.6998367,1.03
hv74119016,"5 km S of Pāhala, Hawaii",2.04999995,2024-02-22 16:38:41.150,19.1491661071777,-155.472839355469,32.4000015258789
ci40674320,"7 km SE of Valle Vista, CA",0.74,2024-02-22 16:20:37.750,33.7143333,-116.8343333,14.84
tx2024dsgi,"25 km NE of Mentone, Texas",1.8,2024-02-22 16:13:44.546,31.889,-103.442,5.2283
us7000m0vt,"69 km SE of Lata, Solomon Islands",4.3,2024-02-22 16:11:54.906,-11.2412,166.1618,61.849
uu80046586,"14 km NE of Milford, Utah",0.54,2024-02-22 16:08:31.450,38.493,-112.897666666667,2.68
hv74118991,"43 km ESE of Naalehu, Hawaii",1.82,2024-02-22 16:01:19.140,18.8581666666667,-155.226666666667,10.14
tx2024dsft,"57 km S of Whites City, New Mexico",1.8,2024-02-22 15:56:36.092,31.656,-104.307,7.6379
us7000m0u9,off the coast of Oregon,4.2,2024-02-22 15:54:10.578,43.7379,-128.4066,10.0
us7000m4q6,"132 km SSE of Sand Point, Alaska",3.0,2024-02-22 15:48:31.607,54.2222,-159.7845,35.0
ak0242fwp2fy,"51 km E of Denali National Park, Alaska",1.3,2024-02-22 15:47:45.839,63.6009,-150.6989,12.4
ci40674312,"24 km SE of Campo, CA",1.61,2024-02-22 15:46:12.690,32.4565,-116.2821667,13.97
ci40674304,"9 km WSW of Anza, CA",0.02,2024-02-22 15:45:03.710,33.5173333,-116.7575,3.71
hv74118966,"44 km ESE of Naalehu, Hawaii",2.07,2024-02-22 15:44:01.660,18.8596666666667,-155.221833333333,10.39
nc74006096,"7 km NW of The Geysers, CA",0.86,2024-02-22 15:38:43.880,38.8223343,-122.8113327,3.63
nc74006091,"7 km NW of The Geysers, CA",0.3,2024-02-22 15:35:08.210,38.8223343,-122.8105011,3.57
ci40674280,"22 km ESE of Little Lake, CA",1.69,2024-02-22 15:25:55.380,35.8743333,-117.6698333,8.19
mb90041328,"24 km NW of Stanley, Idaho",2.27,2024-02-22 15:22:23.010,44.3531666666667,-115.184,9.15
ci40674272,"12 km N of Cabazon, CA",1.91,2024-02-22 15:20:00.680,34.0256667,-116.7723333,13.09
nc74006076,"1 km E of El Cerrito, CA",1.4,2024-02-22 15:13:22.500,37.9168333,-122.2951667,5.83
tx2024dsee,"25 km NE of Mentone, Texas",1.8,2024-02-22 15:10:16.458,31.891,-103.439,6.6125
uu80046571,"14 km NE of Milford, Utah",0.5,2024-02-22 15:09:54.200,38.4956666666667,-112.903833333333,2.76
ak0242fw4u0l,"55 km ENE of Circle, Alaska",1.5,2024-02-22 14:53:05.498,66.0116,-142.9226,10.3
ak0242fw2y53,"21 km SW of Susitna North, Alaska",1.6,2024-02-22 14:44:26.123,62.038,-150.1636,50.6
hv74118941,"12 km NE of Pāhala, Hawaii",2.20000005,2024-02-22 14:37:55.650,19.280834197998,-155.390167236328,29.8099994659424
ci40674248,"18 km ESE of Anza, CA",0.36,2024-02-22 14:33:06.850,33.5068333,-116.491,14.51
ok2024dscq,"8 km NW of Prague, Oklahoma",2.47,2024-02-22 14:23:38.219,35.551,-96.74266667,5.82
nn00874287,"12 km SE of Smith, Nevada",1.4,2024-02-22 14:21:30.341,38.7293,-119.2232,5.8
ci40674240,"3 km SSW of Imperial, CA",1.16,2024-02-22 14:18:40.730,32.8225,-115.5863333,11.34
pr71440858,"4 km SW of Adjuntas, Puerto Rico",2.59,2024-02-22 14:14:07.830,18.1303333333333,-66.7513333333333,19.54
us7000m0tq,"132 km WNW of Panguna, Papua New Guinea",4.4,2024-02-22 14:01:53.095,-5.8109,154.4022,398.752
ak0242fvkkrj,"75 km SE of New Allakaket, Alaska",1.3,2024-02-22 13:58:54.315,66.023,-151.562,12.1
uu80000508,"14 km NE of Milford, Utah",-0.2,2024-02-22 13:58:51.350,38.4895,-112.899166666667,2.51
uu80046536,"14 km NE of Milford, Utah",-0.13,2024-02-22 13:58:46.380,38.49,-112.891833333333,2.68
pr71440853,"5 km SSE of Maria Antonia, Puerto Rico",2.61,2024-02-22 13:52:57.360,17.9328333333333,-66.8758333333333,7.64
ak0242fvij87,"51 km SSE of Denali National Park, Alaska",1.3,2024-02-22 13:49:01.490,63.0941,-151.4883,0.2
ak0242fvicq0,"51 km SSE of Denali National Park, Alaska",1.3,2024-02-22 13:48:17.294,63.0942,-151.4888,6.9
ci40674232,"3 km ESE of Marina del Rey, CA",1.31,2024-02-22 13:42:28.400,33.969,-118.4188333,14.71
nc74006056,"2 km NNW of The Geysers, CA",0.27,2024-02-22 13:36:54.500,38.7893333,-122.7651672,1.86
av92212021,"45 km WSW of False Pass, Alaska",1.46,2024-02-22 13:36:37.970,54.7443333333333,-164.089666666667,3.23
av91133173,"22 km W of Dutch Harbor, Alaska",0.36,2024-02-22 13:31:12.890,53.8945,-166.889,4.45
uu80046491,"14 km NE of Milford, Utah",0.54,2024-02-22 13:27:52.320,38.4928333333333,-112.898833333333,2.39
ak0242fvck6j,"46 km SSE of Denali National Park, Alaska",2.1,2024-02-22 13:21:14.558,63.1465,-151.4376,8.5
tx2024dsap,"55 km NW of Toyah, Texas",2.7,2024-02-22 13:20:38.310,31.675,-104.195,5.3821
us7000m4q3,"46 km ESE of Adak, Alaska",3.2,2024-02-22 13:07:01.213,51.7321,-175.9965,63.235
av91133158,"66 km NE of Nikolski, Alaska",0.37,2024-02-22 13:04:27.670,53.3843333333333,-168.205166666667,3.06
av92211991,"66 km NE of Nikolski, Alaska",0.87,2024-02-22 13:03:20.120,53.3861666666667,-168.201,4.07
uw61984016,"13 km E of Lake Marcel-Stillwater, Washington",3.38,2024-02-22 13:02:49.580,47.6745,-121.73216666666667,18.63
av92211986,"66 km NE of Nikolski, Alaska",0.78,2024-02-22 13:02:07.280,53.3933333333333,-168.205833333333,1.74
ak0242fuyxor,"80 km SSE of Akutan, Alaska",2.1,2024-02-22 12:57:57.556,53.4942,-165.2037,48.8
nc74006051,"7 km W of Cobb, CA",0.7,2024-02-22 12:57:11.530,38.8330002,-122.8014984,2.33
tx2024drzu,"3 km SSE of Falls City, Texas",2.0,2024-02-22 12:56:41.401,28.954,-98.008,2.4658
av91133168,"22 km W of Sitka, Alaska",-0.05,2024-02-22 12:52:27.910,57.0561666666667,-135.704833333333,7.34
nn00873796,"5 km ESE of Big Pine, California",1.6,2024-02-22 12:51:26.979,37.1396,-118.2309,7.2
us7000m0se,"273 km SE of Chiniak, Alaska",3.5,2024-02-22 12:50:06.793,55.8246,-149.2094,15.225
av91133163,"22 km W of Sitka, Alaska",0.83,2024-02-22 12:47:28.310,57.0596666666667,-135.704333333333,7.44
nc74006046,"6 km WNW of Cobb, CA",0.79,2024-02-22 12:44:03.470,38.8366661,-122.7919998,1.96
hv74118901,"1 km SW of Pāhala, Hawaii",1.96,2024-02-22 12:29:25.560,19.192,-155.488,33.73
nc74006036,"2 km N of The Geysers, CA",0.26,2024-02-22 12:24:44.760,38.7916679,-122.7594986,2.3
nc74006026,"11 km NNE of Shasta Lake, CA",1.89,2024-02-22 12:10:13.880,40.7715,-122.309,15.42
mb90041348,"15 km SE of Lincoln, Montana",1.6,2024-02-22 12:09:02.490,46.8613333333333,-112.530333333333,9.83
uu80046446,"14 km NE of Milford, Utah",-0.03,2024-02-22 12:06:58.120,38.4943333333333,-112.896,2.65
ok2024drxy,"8 km NW of Prague, Oklahoma",2.0,2024-02-22 12:00:37.119,35.55166667,-96.74383333,5.34
av91133153,"22 km W of Sitka, Alaska",-0.14,2024-02-22 11:57:51.120,57.0568333333333,-135.706,7.19
mb90041308,"23 km NW of Stanley, Idaho",1.99,2024-02-22 11:53:55.620,44.3358333333333,-115.175166666667,8.64
ak0242fucmei,"53 km ENE of Circle, Alaska",1.4,2024-02-22 11:53:46.986,65.9762,-142.9372,16.4
ok2024drxp,"9 km NNW of Prague, Oklahoma",1.65,2024-02-22 11:50:05.000,35.5575,-96.734,6.5
us7000m0s7,"2 km ENE of Tandag, Philippines",5.0,2024-02-22 11:43:16.255,9.0888,126.2215,71.911
ak0242fua9mx,"65 km WSW of Cantwell, Alaska",1.4,2024-02-22 11:42:48.414,63.2529,-150.2135,103.6
nc74006021,"7 km NW of The Geysers, CA",0.93,2024-02-22 11:40:08.350,38.8238335,-122.8134995,2.26
nc74006016,"7 km NW of The Geysers, CA",1.08,2024-02-22 11:39:50.810,38.8258324,-122.8116684,1.21
ak0242fu9kp9,"43 km WNW of Beluga, Alaska",1.7,2024-02-22 11:39:25.257,61.3468,-151.7733,76.2
nc74006011,"6 km W of Cobb, CA",1.44,2024-02-22 11:34:31.800,38.825,-122.7936667,2.89
us7000m1vk,"284 km SSE of Shimoda, Japan",4.5,2024-02-22 11:31:02.490,32.3391,140.2112,92.552
hv74118871,"2 km SW of Pāhala, Hawaii",1.82,2024-02-22 11:24:27.820,19.1901666666667,-155.496666666667,36.8
us7000m0s5,"0 km NW of Kírra, Greece",4.2,2024-02-22 11:21:03.981,38.4353,22.437,10.0
uu80046411,"14 km NE of Milford, Utah",0.42,2024-02-22 11:16:06.070,38.4935,-112.896333333333,2.72
tx2024drwk,"57 km S of Whites City, New Mexico",3.3,2024-02-22 11:14:30.907,31.656,-104.311,7.2791
ci40674216,"2 km ENE of Beaumont, CA",0.65,2024-02-22 11:13:39.230,33.9393333,-116.9523333,5.59
tx2024drwh,"57 km S of Whites City, New Mexico",1.6,2024-02-22 11:10:48.372,31.659,-104.311,6.8689
av91133148,"22 km W of Sitka, Alaska",0.04,2024-02-22 11:08:08.410,57.0513333333333,-135.6955,7.31
nc74006001,"8 km NW of The Geysers, CA",0.74,2024-02-22 11:01:24.060,38.833168,-122.8154984,1.51
tx2024drvw,"52 km NW of Toyah, Texas",1.7,2024-02-22 10:58:11.975,31.651,-104.178,6.9714
ak0242ftrmq3,"85 km NW of Ninilchik, Alaska",1.9,2024-02-22 10:55:53.392,60.5317,-152.8671,110.9
ci40674208,"4 km NNE of Heber, CA",1.46,2024-02-22 10:48:33.470,32.7641667,-115.5086667,12.63
nc74005996,"8 km WNW of The Geysers, CA",-0.07,2024-02-22 10:46:12.520,38.8088333,-122.8381667,1.5
nc74005991,"8 km WNW of The Geysers, CA",0.76,2024-02-22 10:45:44.650,38.8068352,-122.8368301,1.61
ak0242ftnwue,"31 km WNW of Willow, Alaska",1.7,2024-02-22 10:38:18.511,61.8469,-150.5896,50.5
nc74005986,"7 km WNW of Cobb, CA",0.87,2024-02-22 10:38:02.760,38.8381653,-122.7968369,2.33
ok2024drvd,"8 km NW of Prague, Oklahoma",2.56,2024-02-22 10:36:16.969,35.53066667,-96.757,6.0
ok2024drvb,"8 km NW of Prague, Oklahoma",1.92,2024-02-22 10:36:14.640,35.53066667,-96.75683333,6.0
nn00873792,"40 km SE of Goldfield, Nevada",1.1,2024-02-22 10:34:59.541,37.4385,-116.9227,7.1
ci40674200,"13 km ENE of Borrego Springs, CA",1.28,2024-02-22 10:34:38.830,33.308,-116.2446667,4.27
us7000m1vn,"Izu Islands, Japan region",4.5,2024-02-22 10:23:33.957,29.2852,142.8895,15.162
ak0242ftk28g,"28 km SSW of Central, Alaska",1.6,2024-02-22 10:20:18.623,65.3251,-144.9518,7.9
ak0242fthrhn,"28 km ESE of Livengood, Alaska",1.4,2024-02-22 10:09:49.073,65.4075,-147.9978,7.4
ci40674192,"6 km NE of Calexico, CA",1.28,2024-02-22 10:08:01.340,32.7156667,-115.4473333,8.56
ci40674184,"20 km E of Little Lake, CA",0.85,2024-02-22 10:00:15.210,35.9136667,-117.6866667,7.9
av92211911,"63 km ENE of Pedro Bay, Alaska",-1.03,2024-02-22 09:57:43.140,60.0468333333333,-153.088833333333,-2.67
nc74005971,"12 km ENE of Cloverdale, CA",0.4,2024-02-22 09:55:26.500,38.8346667,-122.8823333,2.44
nn00874286,"60 km WNW of Beatty, Nevada",0.5,2024-02-22 09:55:22.554,37.0189,-117.4272,22.8
av91133143,"68 km N of Karluk, Alaska",0.6,2024-02-22 09:50:37.220,58.1801666666667,-154.345,6.83
ci40674176,"11 km ENE of Carpinteria, CA",1.25,2024-02-22 09:50:09.770,34.448,-119.4105,-0.18
nc74005966,"7 km NNE of Coalinga, CA",0.89,2024-02-22 09:49:56.640,36.1998333,-120.3435,9.06
pr71440843,"10 km SW of Central Aguirre, Puerto Rico",2.02,2024-02-22 09:42:39.740,17.879,-66.2796666666667,3.85
uw61983996,"16 km SSE of Carbonado, Washington",0.16,2024-02-22 09:41:57.890,46.93966666666667,-121.96366666666667,16.66
nc74005961,"6 km NNW of The Geysers, CA",1.14,2024-02-22 09:41:31.290,38.8238333,-122.794,2.94
nc74005956,"6 km W of Cobb, CA",0.23,2024-02-22 09:41:12.440,38.8260002,-122.7955017,2.84
nc74005951,"7 km NW of The Geysers, CA",0.29,2024-02-22 09:38:08.440,38.8266678,-122.8098297,0.67
nn00873788,"12 km SE of Smith, Nevada",1.9,2024-02-22 09:29:04.124,38.7279,-119.2165,7.4
ci40674168,"15 km WSW of Ludlow, CA",2.12,2024-02-22 09:28:08.130,34.6801667,-116.3156667,2.22
av91133138,"77 km NE of Nikolski, Alaska",0.27,2024-02-22 09:22:46.020,53.437,-168.059,2.74
nc74005946,"8 km W of Cobb, CA",0.76,2024-02-22 09:19:56.920,38.8334999,-122.8143311,1.78
ak0242fsydmo,"116 km WSW of Akhiok, Alaska",2.8,2024-02-22 09:19:04.258,56.4387,-155.8336,20.2
nn00873809,"51 km WNW of Indian Springs, Nevada",-0.2,2024-02-22 09:18:25.389,36.7187,-116.2169,5.6
tx2024drsp,"62 km S of Whites City, New Mexico",1.7,2024-02-22 09:17:43.345,31.624,-104.505,8.0737
us7000m0rk,north of Severnaya Zemlya,4.1,2024-02-22 09:13:49.453,84.5806,104.1498,10.0
ak0242fsx5pm,"1 km NNE of Houston, Alaska",1.4,2024-02-22 09:13:36.103,61.6455,-149.8016,21.9
uu80000503,"14 km NE of Milford, Utah",0.05,2024-02-22 09:11:38.950,38.4963333333333,-112.901166666667,3.07
uu80046286,"14 km NE of Milford, Utah",0.15,2024-02-22 09:11:19.370,38.4946666666667,-112.900833333333,3.39
mb90041378,"10 km WNW of Radersburg, Montana",0.5,2024-02-22 09:06:56.440,46.2318333333333,-111.7515,4.99
ak0242fsut05,"88 km SSW of False Pass, Alaska",2.3,2024-02-22 09:02:38.293,54.1758,-164.117,25.6
ak0242fsknwn,"17 km SW of Tyonek, Alaska",1.6,2024-02-22 08:55:06.639,60.9484,-151.3373,57.9
ak0242fski6r,"10 km SE of Unalaska, Alaska",1.9,2024-02-22 08:54:32.519,53.8066,-166.4255,63.1
nc74005941,"3 km NNW of The Geysers, CA",0.73,2024-02-22 08:54:09.350,38.8046684,-122.7738342,1.41
av92211881,"64 km ENE of Pedro Bay, Alaska",-0.78,2024-02-22 08:50:40.620,60.0475,-153.079333333333,-2.36
nn00873785,"12 km SE of Smith, Nevada",1.7,2024-02-22 08:50:08.857,38.7325,-119.2157,6.4
mb90041298,"10 km WNW of Radersburg, Montana",2.17,2024-02-22 08:46:38.850,46.2386666666667,-111.760166666667,5.15
mb90041373,"21 km WSW of Challis, Idaho",1.55,2024-02-22 08:41:36.340,44.4521666666667,-114.493333333333,4.54
uu80046241,"14 km NE of Milford, Utah",0.9,2024-02-22 08:40:18.100,38.4931666666667,-112.9,1.9
pr71440828,"6 km S of Salinas, Puerto Rico",2.72,2024-02-22 08:38:17.610,17.9181666666667,-66.293,14.1
nn00873783,"28 km SSE of Mina, Nevada",2.5,2024-02-22 08:37:43.214,38.1666,-117.9461,11.9
hv74118746,"14 km S of Volcano, Hawaii",1.44,2024-02-22 08:33:48.430,19.3141666666667,-155.244833333333,6.04
mb90041368,"21 km WSW of Challis, Idaho",1.34,2024-02-22 08:27:22.930,44.4473333333333,-114.489333333333,4.88
av91133133,"21 km W of Sitka, Alaska",0.2,2024-02-22 08:25:19.510,57.0756666666667,-135.690166666667,7.48
pr71440818,"4 km SSW of Guánica, Puerto Rico",2.44,2024-02-22 08:24:46.500,17.9318333333333,-66.9243333333333,12.97
pr71440823,"0 km WSW of Salinas, Puerto Rico",1.8,2024-02-22 08:22:41.870,17.9763333333333,-66.3015,8.89
ci40674152,"17 km W of Searles Valley, CA",0.72,2024-02-22 08:16:54.850,35.7755,-117.5955,11.73
uu80046216,"14 km NE of Milford, Utah",0.21,2024-02-22 08:09:11.620,38.496,-112.899,2.56
ak0242fs9rnb,"58 km W of Deering, Alaska",2.3,2024-02-22 08:04:22.950,66.1674,-164.0057,10.7
us7000m1vh,south of the Fiji Islands,4.3,2024-02-22 08:02:50.891,-22.6907,-179.6022,561.474
nn00874285,"42 km E of Fort Bidwell, California",1.3,2024-02-22 08:01:55.924,41.9291,-119.6493,1.0
ci40674144,"13 km SSW of Searles Valley, CA",1.05,2024-02-22 07:53:59.240,35.6658333,-117.479,7.56
av91133128,"86 km NW of Karluk, Alaska",-0.24,2024-02-22 07:51:17.270,58.175,-155.367333333333,0.45
ci40674136,"14 km NE of Ridgecrest, CA",1.44,2024-02-22 07:45:45.520,35.713,-117.5695,5.08
us7000m0qi,Kermadec Islands region,4.3,2024-02-22 07:43:17.957,-30.1383,-179.3497,353.856
nc74005926,"2 km NNE of Hollister, CA",0.82,2024-02-22 07:36:08.780,36.8621667,-121.3906667,9.45
us7000m0qf,"58 km SW of Kokopo, Papua New Guinea",4.4,2024-02-22 07:35:24.267,-4.6516,151.8405,154.905
ci40674128,"7 km WSW of Calimesa, CA",0.9,2024-02-22 07:33:55.710,33.9611667,-117.1246667,14.19
nc74005921,"6 km NW of The Geysers, CA",0.51,2024-02-22 07:32:36.790,38.8138351,-122.8133316,3.75
ak0242frtx5j,"38 km NW of Gustavus, Alaska",1.2,2024-02-22 07:30:29.358,58.629,-136.2557,11.2
us7000m1vg,"69 km SW of Angoram, Papua New Guinea",4.2,2024-02-22 07:26:08.897,-4.5562,143.6837,121.833
ak0242frt0mf,"38 km WNW of Anchor Point, Alaska",1.7,2024-02-22 07:26:07.756,59.938,-152.4322,59.4
nc74005916,"7 km W of Cobb, CA",0.37,2024-02-22 07:23:30.470,38.8313332,-122.8003311,2.32
ak0242frseky,"27 km NNE of Petersville, Alaska",1.2,2024-02-22 07:23:21.970,62.7218,-150.5548,1.6
ak0242frrxw6,"59 km WNW of Anchor Point, Alaska",1.8,2024-02-22 07:21:05.825,59.9071,-152.8639,79.5
nn00873781,"8 km ENE of Floriston, California",0.7,2024-02-22 07:15:28.132,39.4223,-119.9333,7.4
ci40674112,"3 km NNE of Vincent, CA",1.22,2024-02-22 07:04:52.920,34.5275,-118.1015,9.92
nc74005911,"10 km WNW of The Geysers, CA",1.05,2024-02-22 07:04:40.460,38.824501,-122.8535004,2.71
hv74118696,"11 km ESE of Pāhala, Hawaii",2.26999998,2024-02-22 07:04:32.700,19.1696662902832,-155.378494262695,30.0699996948242
nc74005906,"7 km WNW of Cobb, CA",0.32,2024-02-22 06:44:13.770,38.8376656,-122.7991638,2.88
nc74005901,"5 km WNW of Cobb, CA",0.77,2024-02-22 06:44:07.430,38.838501,-122.7796631,0.91
hv74118686,"44 km ESE of Naalehu, Hawaii",1.86,2024-02-22 06:41:42.000,18.8448333333333,-155.223666666667,10.33
tx2024drnk,"57 km S of Whites City, New Mexico",1.6,2024-02-22 06:40:11.510,31.662,-104.309,7.1252
pr71440808,"6 km S of Salinas, Puerto Rico",2.22,2024-02-22 06:39:35.380,17.9153333333333,-66.2921666666667,14.33
ci40674104,"6 km NE of Calexico, CA",1.49,2024-02-22 06:37:18.810,32.7185,-115.4473333,9.63
ci40674096,"11 km SSW of Malibu, CA",2.05,2024-02-22 06:37:06.000,33.9131667,-118.8395,3.4
tx2024drnh,"58 km S of Whites City, New Mexico",1.7,2024-02-22 06:36:20.298,31.654,-104.467,6.6125
nc74005896,"7 km S of Muir Beach, CA",1.35,2024-02-22 06:34:57.270,37.7993333,-122.584,10.86
tx2024drnd,"47 km NW of Toyah, Texas",1.6,2024-02-22 06:31:56.337,31.587,-104.174,6.51
nc74005886,"7 km NW of The Geysers, CA",0.59,2024-02-22 06:31:44.510,38.815834,-122.8148346,3.04
nc74005876,"7 km NW of The Geysers, CA",1.06,2024-02-22 06:30:31.140,38.8171654,-122.8150024,2.79
nn00873778,"6 km SE of Topaz Ranch Estates, Nevada",1.5,2024-02-22 06:29:50.091,38.6914,-119.4498,15.3
tx2024drmy,"46 km NW of Toyah, Texas",2.3,2024-02-22 06:28:03.442,31.573,-104.178,7.7405
ci40674088,"44 km S of Campo, CA",1.51,2024-02-22 06:27:28.270,32.2143333,-116.3805,19.59
tx2024drmv,"57 km S of Whites City, New Mexico",1.8,2024-02-22 06:24:30.382,31.658,-104.311,7.3816
uu80046106,"14 km NE of Milford, Utah",0.41,2024-02-22 06:22:56.490,38.4928333333333,-112.897666666667,2.53
uu80046101,"14 km NE of Milford, Utah",0.8,2024-02-22 06:21:09.280,38.4916666666667,-112.891833333333,2.18
uw61983986,"15 km E of Cliffdell, Washington",0.96,2024-02-22 06:19:18.380,46.94916666666667,-120.86833333333334,8.58
nc74005871,"6 km NW of The Geysers, CA",1.08,2024-02-22 06:18:37.180,38.8093338,-122.815834,2.95
tx2024drmo,"5 km ENE of Falls City, Texas",3.7,2024-02-22 06:15:54.655,29.001,-97.965,3.6865
ak0242fr58q3,"9 km N of Chickaloon, Alaska",1.0,2024-02-22 06:15:15.789,61.8821,-148.4768,15.9
uu80046086,"14 km NE of Milford, Utah",0.76,2024-02-22 06:10:24.940,38.4931666666667,-112.895833333333,2.44
ci40674080,"13 km ENE of Ridgecrest, CA",1.49,2024-02-22 06:08:15.850,35.6771667,-117.5475,7.79
ci40674072,"22 km ESE of Little Lake, CA",1.92,2024-02-22 06:05:39.910,35.8741667,-117.6698333,7.85
us7000m1vf,south of the Fiji Islands,4.1,2024-02-22 06:04:32.142,-25.3985,-176.1228,30.863
us7000m0q4,"9 km SSW of Neum, Bosnia and Herzegovina",4.1,2024-02-22 06:03:38.809,42.8445,17.5782,10.0
hv74118666,"9 km E of Pāhala, Hawaii",1.73,2024-02-22 06:01:55.020,19.187,-155.391,30.43
ak0242fqt9zh,"60 km W of Nanwalek, Alaska",2.0,2024-02-22 05:59:34.031,59.4174,-152.9837,78.5
nn00873775,"17 km WSW of Indian Springs, Nevada",0.7,2024-02-22 05:52:42.055,36.4811,-115.8366,10.9
ci40674064,"32 km E of Primo Tapia, B.C., MX",2.57,2024-02-22 05:50:24.500,32.271,-116.5788333,18.34
ak0242fqpshs,"60 km SW of Nikolski, Alaska",2.4,2024-02-22 05:43:06.564,52.6156,-169.5756,34.0
uu80046066,"14 km NE of Milford, Utah",0.34,2024-02-22 05:41:50.450,38.4938333333333,-112.8965,2.75
nn00873773,"15 km SW of Indian Springs, Nevada",1.0,2024-02-22 05:40:02.223,36.4728,-115.792,8.0
ci40674056,"15 km E of Coso Junction, CA",0.79,2024-02-22 05:37:12.590,36.031,-117.7848333,1.78
ak0242fqnj47,"202 km NW of Atka, Alaska",3.0,2024-02-22 05:32:51.916,53.7159,-175.8713,26.5
ci40674048,"3 km NNE of San Jacinto, CA",0.69,2024-02-22 05:32:17.670,33.808,-116.9465,7.6
nn00873808,"44 km NW of Indian Springs, Nevada",-0.1,2024-02-22 05:31:39.370,36.7972,-116.079,5.5
ak0242fqn9ic,"78 km ENE of Chignik, Alaska",2.3,2024-02-22 05:31:27.400,56.5779,-157.2471,43.7
ak0242fqmtg8,"43 km E of Chenega, Alaska",1.7,2024-02-22 05:29:19.283,60.0726,-147.2353,13.1
ak0242fqlx9p,"43 km WSW of Cantwell, Alaska",1.4,2024-02-22 05:25:02.217,63.2851,-149.794,87.0
ak0242fqlq20,"25 km N of Sutton-Alpine, Alaska",1.1,2024-02-22 05:24:07.493,62.003,-148.8415,17.0
ak0242fql406,"4 km ESE of Big Lake, Alaska",1.4,2024-02-22 05:21:22.944,61.5023,-149.8882,44.6
nn00874277,"14 km SSW of Sutcliffe, Nevada",0.6,2024-02-22 05:11:06.063,39.8354,-119.6747,2.8
ak0242fqhwg1,"47 km WNW of Lake Minchumina, Alaska",1.0,2024-02-22 05:06:27.486,64.0665,-153.176,4.5
ak0242fqh9uj,"101 km W of Skwentna, Alaska",1.5,2024-02-22 05:03:30.945,62.1653,-153.3107,5.8
us7000m1ve,"4 km NW of Nagbacalan, Philippines",4.4,2024-02-22 05:03:18.821,18.1516,120.4965,49.117
ak0242fq7vpr,"46 km WNW of Lake Minchumina, Alaska",1.0,2024-02-22 04:59:50.331,64.0751,-153.1535,9.6
nn00873901,"10 km ENE of Doyle, California",1.0,2024-02-22 04:59:41.760,40.0563,-119.9821,10.1
nc74005851,"15 km E of Yountville, CA",1.28,2024-02-22 04:50:41.580,38.4091667,-122.1938333,7.47
ak0242fq5icp,"22 km SSW of Funny River, Alaska",2.0,2024-02-22 04:48:44.361,60.308,-150.8527,48.1
ci40674040,"1 km E of Loma Linda, CA",0.71,2024-02-22 04:47:15.520,34.0465,-117.2471667,15.6
mb90041363,"11 km SE of Elliston, Montana",0.7,2024-02-22 04:47:05.370,46.4861666666667,-112.322166666667,3.56
nn00873770,"29 km SSE of Mina, Nevada",2.9,2024-02-22 04:39:25.768,38.1515,-117.9492,13.7
nc74005841,"6 km E of Mammoth Lakes, CA",0.84,2024-02-22 04:34:22.020,37.6325,-118.9055,5.6
ci40674032,"18 km ESE of Little Lake, CA",0.7,2024-02-22 04:24:01.260,35.8985,-117.7113333,9.55
nc74005836,"8 km WNW of Cobb, CA",0.78,2024-02-22 04:20:49.070,38.8378334,-122.8079987,2.29
nc74005831,"6 km E of Mammoth Lakes, CA",0.65,2024-02-22 04:17:31.310,37.639,-118.9063333,5.56
uu80045996,"14 km NE of Milford, Utah",0.48,2024-02-22 04:16:52.720,38.4923333333333,-112.898833333333,2.94
ak0242fpympb,"63 km SE of King Cove, Alaska",1.9,2024-02-22 04:16:34.396,54.6564,-161.6269,22.7
us7000m0pv,"82 km WSW of Kokopo, Papua New Guinea",5.4,2024-02-22 04:16:18.221,-4.7242,151.6312,145.114
us7000m0pz,"226 km SE of Chiniak, Alaska",3.3,2024-02-22 04:14:29.593,56.1908,-149.6142,10.0
ak0242fpxx19,"43 km ESE of Denali National Park, Alaska",1.1,2024-02-22 04:13:01.400,63.4301,-150.8773,16.6
hv74118606,"7 km E of Pāhala, Hawaii",2.04999995,2024-02-22 04:12:37.380,19.2036666870117,-155.40950012207,31.7800006866455
ak0242fpwgne,"3 km S of Salcha, Alaska",1.0,2024-02-22 04:06:23.548,64.4889,-146.9101,3.3
nc74005816,"1 km SW of Anderson Springs, CA",1.09,2024-02-22 04:06:05.180,38.7666664,-122.7028351,2.09
us7000m0pr,"6 km S of Jordán, Colombia",4.6,2024-02-22 04:05:32.387,6.6747,-73.0893,162.0
tx2024drii,"56 km S of Whites City, New Mexico",1.5,2024-02-22 04:04:26.466,31.666,-104.317,5.946
tx2024drif,"3 km SE of Falls City, Texas",2.1,2024-02-22 04:02:11.691,28.963,-97.99,2.9541
tx2024drig,"16 km WSW of Falls City, Texas",2.0,2024-02-22 04:01:03.331,28.937,-98.182,9.1553
uu80045981,"14 km NE of Milford, Utah",0.78,2024-02-22 03:59:47.950,38.4941666666667,-112.893666666667,2.25
av91133123,"19 km W of Sitka, Alaska",-0.13,2024-02-22 03:59:40.410,57.0468333333333,-135.656166666667,6.53
ak0242fplto6,"4 km S of Salcha, Alaska",1.1,2024-02-22 03:56:59.311,64.4857,-146.9151,7.2
av91133113,"37 km S of False Pass, Alaska",1.44,2024-02-22 03:54:06.520,54.5226666666667,-163.490666666667,8.94
ak0242fpknwa,"10 km WNW of Healy, Alaska",1.3,2024-02-22 03:51:12.384,63.9011,-149.1525,106.3
uu80045976,"14 km NE of Milford, Utah",0.54,2024-02-22 03:43:36.560,38.4931666666667,-112.894333333333,2.97
nc74005811,"8 km NW of The Geysers, CA",0.36,2024-02-22 03:40:02.600,38.831501,-122.8170013,1.95
uu80045961,"14 km NE of Milford, Utah",0.24,2024-02-22 03:38:31.140,38.4926666666667,-112.897833333333,3.12
nc74005806,"8 km W of Cobb, CA",0.01,2024-02-22 03:34:43.320,38.8358333,-122.8163333,1.7
uu80045956,"29 km SSW of Kanosh, Utah",0.73,2024-02-22 03:33:00.710,38.563,-112.5875,3.54
us7000m1vb,south of Tonga,4.4,2024-02-22 03:32:38.617,-25.5092,-175.769,10.0
tx2024drgt,"57 km S of Whites City, New Mexico",1.9,2024-02-22 03:18:54.709,31.663,-104.318,6.3562
tx2024drgs,"60 km S of Whites City, New Mexico",1.6,2024-02-22 03:18:33.123,31.634,-104.373,6.3049
nc74005801,"7 km W of Cobb, CA",0.71,2024-02-22 03:17:53.450,38.8336678,-122.7991638,1.97
uw61983971,"13 km SE of Ashford, Washington",0.52,2024-02-22 03:16:21.410,46.676,-121.90633333333334,3.64
nc74005796,"0 km NNW of The Geysers, CA",1.07,2024-02-22 03:14:37.700,38.7799988,-122.7576675,0.9
pr71440788,"5 km SW of Guánica, Puerto Rico",2.4,2024-02-22 03:08:19.820,17.943,-66.9476666666667,11.51
nc74005791,"8 km WNW of The Geysers, CA",0.44,2024-02-22 03:03:06.840,38.8138351,-122.8306656,1.1
ak0242fpa0l0,"197 km SSW of Inuvik, Canada",2.9,2024-02-22 03:01:44.524,66.7974,-135.9235,23.4
uw61983966,"32 km NE of Amboy, Washington",0.11,2024-02-22 03:00:01.700,46.099333333333334,-122.12483333333333,6.53
mb90041358,"12 km ENE of Donnelly, Idaho",1.88,2024-02-22 02:59:20.800,44.7695,-115.930333333333,10.2
us7000m1va,"105 km NNE of Tobelo, Indonesia",4.0,2024-02-22 02:57:15.033,2.6628,128.1951,10.0
nc74005786,"10 km WNW of The Geysers, CA",0.25,2024-02-22 02:56:30.400,38.8264999,-122.8526688,2.21
ci40674008,"4 km NNW of Lake Henshaw, CA",0.59,2024-02-22 02:56:26.870,33.2725,-116.7778333,12.74
nc74005781,"7 km SSE of Big Pine, CA",2.31,2024-02-22 02:55:45.020,37.111,-118.2456667,9.32
nn00873807,"38 km W of Indian Springs, Nevada",-0.1,2024-02-22 02:53:22.238,36.5875,-116.0967,3.0
uu80045926,"14 km NE of Milford, Utah",0.5,2024-02-22 02:51:13.740,38.4943333333333,-112.896333333333,2.64
nn00874275,"53 km S of Silver Peak, Nevada",0.9,2024-02-22 02:42:28.968,37.2694,-117.6015,9.7
nc74005766,"2 km SW of Cobb, CA",1.13,2024-02-22 02:31:42.280,38.8055,-122.738,1.55
ci40674000,"10 km S of Idyllwild, CA",0.69,2024-02-22 02:30:28.510,33.6563333,-116.7388333,17.78
ak0242fou5d8,"61 km S of Cantwell, Alaska",1.5,2024-02-22 02:27:46.723,62.8449,-148.8798,62.3
uu80045881,"14 km NE of Milford, Utah",0.07,2024-02-22 02:22:11.700,38.4953333333333,-112.899666666667,2.52
ak0242fosc2d,"9 km W of Glacier View, Alaska",1.2,2024-02-22 02:19:01.019,61.8036,-147.8304,34.0
ak0242forlei,"19 km W of Cooper Landing, Alaska",1.5,2024-02-22 02:15:55.464,60.5101,-150.1784,36.4
nc74005756,"12 km SSW of Petrolia, CA",1.5,2024-02-22 02:15:32.860,40.2301667,-124.3611667,6.62
ci40673992,"15 km ESE of Anza, CA",0.62,2024-02-22 02:14:02.090,33.527,-116.518,12.94
av91133108,"18 km W of Sitka, Alaska",0.6,2024-02-22 02:12:52.060,57.0381666666667,-135.641,6.44
uu80045871,"14 km NE of Milford, Utah",0.27,2024-02-22 02:06:35.260,38.492,-112.898666666667,3.13
ak0242fopkos,"46 km W of Happy Valley, Alaska",2.1,2024-02-22 02:06:08.111,59.9745,-152.5557,87.2
ak0242fop63a,"84 km SSE of Sand Point, Alaska",2.3,2024-02-22 02:04:23.906,54.679,-159.852,13.4
us6000miwt,"88 km SSE of Sand Point, Alaska",2.7,2024-02-22 02:03:39.063,54.6411,-159.8218,35.0
ci40673984,"14 km SW of Searles Valley, CA",1.12,2024-02-22 02:01:18.640,35.6753333,-117.5065,4.73
ak0242foodrj,"20 km S of Tok, Alaska",1.2,2024-02-22 02:00:56.390,63.1572,-142.9407,0.0
uu80045851,"14 km NE of Milford, Utah",0.33,2024-02-22 01:59:19.260,38.493,-112.897,2.81
nc74005751,"8 km NW of The Geysers, CA",1.2,2024-02-22 01:57:32.020,38.833,-122.8156667,1.69
ak0242foe2tv,"24 km NNW of Manley Hot Springs, Alaska",0.9,2024-02-22 01:52:49.365,65.1928,-150.8666,13.4
av91133098,"49 km WSW of False Pass, Alaska",1.12,2024-02-22 01:52:05.810,54.756,-164.165166666667,6.59
ak0242fodgh9,"108 km WSW of Covenant Life, Alaska",1.7,2024-02-22 01:49:59.812,59.141,-137.8476,3.8
ak0242fock46,"62 km ESE of Denali National Park, Alaska",1.4,2024-02-22 01:45:40.381,63.3214,-150.5684,121.6
tx2024drdo,"24 km SW of Mentone, Texas",1.7,2024-02-22 01:43:30.142,31.561,-103.794,4.1772
ak0242fobamu,"49 km NNE of Chenega, Alaska",1.3,2024-02-22 01:39:50.944,60.4616,-147.5894,15.1
ak0242fo7mea,"2 km E of Red Dog Mine, Alaska",1.4,2024-02-22 01:22:37.146,68.0421,-162.8252,0.0
ak0242fo76h8,"22 km SSE of Denali National Park, Alaska",1.2,2024-02-22 01:20:31.115,63.3602,-151.5186,4.7
uu80045821,"14 km NE of Milford, Utah",0.86,2024-02-22 01:12:38.150,38.4933333333333,-112.898,2.32
uu80045816,"14 km NE of Milford, Utah",0.16,2024-02-22 01:10:05.530,38.4951666666667,-112.901166666667,2.62
nc74005746,"10 km NW of Pinnacles, CA",1.55,2024-02-22 01:06:05.530,36.6028333,-121.2155,8.3
ak0242fnriri,"42 km WSW of Nanwalek, Alaska",1.6,2024-02-22 00:47:25.107,59.2395,-152.6314,52.4
uu80045791,"14 km NE of Milford, Utah",0.51,2024-02-22 00:45:26.220,38.4948333333333,-112.899333333333,2.49
tx2024drbq,"54 km SSW of Whites City, New Mexico",1.7,2024-02-22 00:45:03.270,31.705,-104.556,5.2026
nn00874273,"34 km E of Big Pine, California",0.3,2024-02-22 00:42:26.885,37.2038,-117.9017,8.4
ak0242fnplgi,"67 km W of Tyonek, Alaska",1.9,2024-02-22 00:38:27.258,61.0199,-152.3798,111.4
hv74000004,"7 km WNW of Volcano, Hawaii",1.54,2024-02-22 00:31:46.820,19.4655,-155.301333333333,20.11
ak0242fnmzmf,"10 km ENE of Fox, Alaska",1.2,2024-02-22 00:26:10.173,64.9812,-147.403,0.0
nn00873755,"54 km S of Kingston, Nevada",1.4,2024-02-22 00:25:58.376,38.7193,-117.1122,0.0
ak0242fnmrsm,"16 km N of Willow, Alaska",1.1,2024-02-22 00:25:09.342,61.8918,-150.0317,16.0
ak0242fnlx86,"84 km SE of Prudhoe Bay, Alaska",1.0,2024-02-22 00:21:13.186,69.6994,-146.8189,22.6
ak0242fnlwrp,"5 km NW of Trapper Creek, Alaska",1.1,2024-02-22 00:21:07.255,62.3476,-150.313,10.5
uu80045741,"14 km NE of Milford, Utah",0.77,2024-02-22 00:16:49.670,38.4955,-112.8985,2.08
us7000m1v8,"158 km NW of Lorengau, Papua New Guinea",4.5,2024-02-22 00:11:27.349,-1.02,146.2588,10.0
ak0242fnjroy,"44 km WSW of Akhiok, Alaska",2.3,2024-02-22 00:11:08.340,56.7389,-154.8001,16.6
us7000m0ns,"33 km NE of Mandalī, Iraq",4.2,2024-02-22 00:06:12.022,33.9307,45.8412,10.0
nc74005731,"7 km WNW of Cobb, CA",0.42,2024-02-22 00:03:33.690,38.8363333,-122.8041667,2.82
ak0242fnhi0g,"27 km SSE of Skwentna, Alaska",1.2,2024-02-22 00:00:49.768,61.769,-151.1541,68.4
us7000m0p8,south of the Fiji Islands,5.1,2024-02-21 23:55:21.520,-25.4547,-176.2707,10.0
ci40673952,"2 km NNE of Anza, CA",0.5,2024-02-21 23:50:37.740,33.5666667,-116.6653333,8.52
ci40673944,"18 km WNW of Grapevine, CA",1.55,2024-02-21 23:50:06.400,35.0288333,-119.0986667,10.26
nn00873752,"31 km SE of Mina, Nevada",1.4,2024-02-21 23:49:21.841,38.1791,-117.8679,10.0
nc74005726,"2 km NNW of The Geysers, CA",1.14,2024-02-21 23:46:36.250,38.7916667,-122.7601667,0.84
av92211576,"Rat Islands, Aleutian Islands, Alaska",1.81,2024-02-21 23:39:59.840,51.9228333333333,178.294666666667,7.53
ci40673928,"18 km WNW of Grapevine, CA",1.21,2024-02-21 23:34:18.640,35.0313333,-119.0991667,9.23
ak0242edtwvq,"70 km WNW of Happy Valley, Alaska",2.0,2024-02-21 23:32:17.561,60.1256,-152.9541,118.2
uu80045686,"14 km NE of Milford, Utah",0.36,2024-02-21 23:28:36.940,38.4918333333333,-112.9015,2.38
ak0242eds0k4,"155 km E of McCarthy, Alaska",1.3,2024-02-21 23:23:30.953,61.3508,-140.0082,8.3
nc74005716,"7 km NW of The Geysers, CA",0.4,2024-02-21 23:13:57.170,38.8173333,-122.8241667,2.49
uu80045666,"14 km NE of Milford, Utah",0.81,2024-02-21 23:12:57.440,38.4936666666667,-112.897833333333,2.36
uu80045656,"15 km NE of Milford, Utah",-0.15,2024-02-21 23:07:13.510,38.5028333333333,-112.902333333333,2.42
uw61983936,"1 km NNW of Dayton, Oregon",1.83,2024-02-21 23:02:43.730,45.23466666666667,-123.08133333333333,-0.22
uu80045646,"14 km NE of Milford, Utah",0.95,2024-02-21 23:00:28.450,38.4941666666667,-112.899666666667,2.2
nc74005696,"6 km W of Cobb, CA",0.92,2024-02-21 22:56:35.980,38.8236656,-122.7883301,0.95
us7000m0n5,"122 km WNW of Barview, Oregon",2.8,2024-02-21 22:56:03.886,43.6477,-125.7775,10.0
nc74005691,"2 km NNW of The Geysers, CA",0.75,2024-02-21 22:56:01.200,38.793,-122.7616667,2.01
us7000m0n3,"88 km N of Sumenep, Indonesia",5.1,2024-02-21 22:46:57.363,-6.2111,113.9306,606.447
uw61983926,"8 km ESE of Coquille, Oregon",1.43,2024-02-21 22:40:19.580,43.157,-124.0825,-0.41
nc74005686,"7 km NW of The Geysers, CA",0.75,2024-02-21 22:36:02.410,38.8138351,-122.8188324,2.56
uw61983921,"9 km S of Princeton, Canada",2.16,2024-02-21 22:30:55.450,49.36966666666667,-120.51816666666667,-0.37
ak0242ed5w0c,"6 km NW of Skwentna, Alaska",3.1,2024-02-21 22:20:09.718,62.0413,-151.4722,81.7
pr71440778,"3 km WSW of La Parguera, Puerto Rico",1.95,2024-02-21 22:14:01.120,17.9586666666667,-67.077,5.86
ak0242ed34v5,"24 km WSW of Cooper Landing, Alaska",1.3,2024-02-21 22:07:24.175,60.4465,-150.2661,38.1
hv74118296,"3 km SSW of Pāhala, Hawaii",1.81,2024-02-21 22:01:16.280,19.1755,-155.493166666667,34.66
ak0242ed1ta2,"105 km NW of Yakutat, Alaska",1.4,2024-02-21 22:01:07.468,60.3417,-140.7684,3.9
tx2024dqwe,"66 km SSW of Whites City, New Mexico",2.1,2024-02-21 21:59:28.618,31.59,-104.533,6.8433
us7000m0my,"83 km WSW of Palaióchora, Greece",4.3,2024-02-21 21:59:19.659,35.046,22.7891,46.181
uu80045606,"14 km NE of Milford, Utah",0.8,2024-02-21 21:56:22.410,38.4941666666667,-112.902833333333,2.74
nc74005681,"8 km WNW of Cobb, CA",0.62,2024-02-21 21:48:13.540,38.8501667,-122.8128333,2.27
ak0242ecq1xb,"0 km NNE of Trapper Creek, Alaska",1.1,2024-02-21 21:46:20.797,62.3227,-150.2269,12.1
us7000m0mu,"166 km SE of Shima, Japan",4.1,2024-02-21 21:44:03.140,33.1212,137.8965,322.817
uw61983901,"5 km SSE of Pateros, Washington",1.0,2024-02-21 21:34:58.880,48.0015,-119.88266666666667,-0.77
ak0242ecmho4,"40 km NNE of Aleneva, Alaska",2.0,2024-02-21 21:29:58.961,58.4137,-152.7518,46.6
uu80045546,"14 km NE of Milford, Utah",0.37,2024-02-21 21:29:23.510,38.5001666666667,-112.902166666667,1.64
ci40673864,"13 km SW of Searles Valley, CA",1.13,2024-02-21 21:18:22.940,35.6768333,-117.4973333,5.21
ak0242ecj7p2,"74 km WNW of Tyonek, Alaska",1.3,2024-02-21 21:14:29.398,61.2693,-152.4639,11.9
ak0242eci628,"5 km NE of Big Lake, Alaska",1.1,2024-02-21 21:09:41.921,61.5495,-149.8677,9.3
nc74005676,"7 km W of Cobb, CA",0.72,2024-02-21 21:05:15.620,38.8341675,-122.8040009,2.12
ak0242ecgtil,"9 km SSE of Girdwood, Alaska",1.3,2024-02-21 21:03:12.777,60.8677,-149.0789,8.3
ak0242ecgf6g,"4 km WSW of Big Lake, Alaska",1.2,2024-02-21 21:01:26.963,61.5053,-150.0341,58.3
us7000m4ci,"197 km ESE of Atka, Alaska",3.2,2024-02-21 21:00:53.261,51.7582,-171.4083,35.0
ci40673840,"10 km SSW of Idyllwild, CA",0.12,2024-02-21 20:56:09.770,33.6575,-116.7581667,14.35
nc74005671,"6 km NW of The Geysers, CA",0.26,2024-02-21 20:55:18.500,38.8240013,-122.7994995,1.85
ak0242ec6ed1,"24 km W of Lowell Point, Alaska",2.1,2024-02-21 20:54:51.662,60.0393,-149.8827,20.5
ak0242ec65h6,"155 km E of McCarthy, Alaska",3.1,2024-02-21 20:53:35.757,61.3725,-140.0057,1.2
uu80045506,"14 km NE of Milford, Utah",0.66,2024-02-21 20:52:49.220,38.4975,-112.900666666667,2.48
ci40673832,"32 km SE of Bodfish, CA",1.2,2024-02-21 20:49:48.900,35.3953333,-118.2246667,9.12
uu80045496,"14 km NE of Milford, Utah",1.3,2024-02-21 20:48:19.580,38.4933333333333,-112.897166666667,2.21
uu80045491,"14 km NE of Milford, Utah",0.57,2024-02-21 20:46:33.530,38.4955,-112.8995,2.56
uu80045486,"14 km NE of Milford, Utah",0.2,2024-02-21 20:43:43.980,38.4948333333333,-112.9005,2.37
nn00873743,"31 km SE of Mina, Nevada",1.3,2024-02-21 20:43:06.851,38.1569,-117.8979,10.9
ak0242ec3kke,"42 km NNE of Chenega, Alaska",1.6,2024-02-21 20:41:31.378,60.4056,-147.6781,4.0
nc74005666,"7 km NW of The Geysers, CA",1.01,2024-02-21 20:38:04.900,38.8144989,-122.8218307,2.65
uu80045466,"14 km NE of Milford, Utah",0.18,2024-02-21 20:32:34.630,38.4941666666667,-112.898,2.73
ci40673800,"4 km SE of Home Gardens, CA",1.67,2024-02-21 20:31:48.600,33.8491667,-117.4878333,-0.44
uw61983886,"9 km WSW of Chilliwack, Canada",1.5,2024-02-21 20:31:24.930,49.13733333333333,-122.07866666666666,-0.38
tx2024dqte,"62 km SSW of Whites City, New Mexico",2.1,2024-02-21 20:28:28.591,31.626,-104.507,8.407
hv74118251,"5 km NW of Hawaiian Ocean View, Hawaii",1.67,2024-02-21 20:27:39.200,19.1038333333333,-155.8025,7.63
uu80045456,"14 km NE of Milford, Utah",0.81,2024-02-21 20:21:50.980,38.4941666666667,-112.899833333333,2.6
ak0242ebz0xt,"65 km SE of Cantwell, Alaska",1.5,2024-02-21 20:20:10.238,62.9324,-148.1513,64.1
ak0242ebyskf,"29 km S of Central, Alaska",1.1,2024-02-21 20:19:02.007,65.3104,-144.8368,2.8
mb90041248,"18 km WNW of Stanley, Idaho",1.78,2024-02-21 20:16:20.790,44.2615,-115.165166666667,8.1
uu80045446,"14 km NE of Milford, Utah",1.39,2024-02-21 20:08:37.790,38.4928333333333,-112.896833333333,2.84
uu80045441,"14 km NE of Milford, Utah",0.77,2024-02-21 20:08:02.880,38.4946666666667,-112.898,2.89
ci40673776,"11 km W of Calipatria, CA",1.39,2024-02-21 20:07:56.580,33.1375,-115.6301667,9.16
ak0242ebved4,"35 km SE of Denali Park, Alaska",1.2,2024-02-21 20:03:18.754,63.5526,-148.3336,7.6
ci40673768,"10 km W of Calipatria, CA",1.84,2024-02-21 20:03:18.190,33.1281667,-115.6215,8.9
ak0242ebm1q5,"38 km NNW of Valdez, Alaska",1.2,2024-02-21 20:00:03.210,61.453,-146.5896,20.0
nc74005661,"2 km WSW of Concord, CA",1.03,2024-02-21 19:59:21.410,37.9635,-122.0345,9.64
ci40673752,"8 km S of Mojave, CA",1.4,2024-02-21 19:56:45.330,34.9821667,-118.1898333,-0.93
ci40673744,"13 km ENE of Borrego Springs, CA",1.61,2024-02-21 19:55:32.670,33.3058333,-116.2443333,5.24
ak0242ebkvoy,"71 km WNW of Tyonek, Alaska",1.6,2024-02-21 19:54:11.194,61.3105,-152.3688,7.4
ak0242ebicv8,"17 km W of Four Mile Road, Alaska",1.0,2024-02-21 19:42:33.982,64.5989,-149.494,13.0
us7000m0m7,"94 km S of Gul’cha, Kyrgyzstan",4.4,2024-02-21 19:39:45.460,39.4744,73.6461,43.067
ak0242ebha6x,"57 km SSW of Skwentna, Alaska",1.8,2024-02-21 19:37:31.908,61.5562,-151.9997,102.9
ak0242ebgmvz,"88 km SSW of False Pass, Alaska",2.2,2024-02-21 19:34:30.711,54.186,-164.1449,25.6
nn00873737,"57 km NNW of Indian Springs, Nevada",0.6,2024-02-21 19:27:38.057,37.0123,-116.0123,5.3
ak0242ebddpi,"140 km NW of Yakutat, Alaska",1.4,2024-02-21 19:19:12.076,60.2776,-141.7649,3.8
uu80045386,"14 km NE of Milford, Utah",0.66,2024-02-21 19:14:45.180,38.4938333333333,-112.897166666667,2.89
us7000m4cf,"65 km E of Atka, Alaska",3.3,2024-02-21 19:14:29.251,52.1004,-173.2591,87.031
ci40673720,"9 km WSW of Idyllwild, CA",0.89,2024-02-21 19:14:13.230,33.6955,-116.8015,16.34
nc74005656,"7 km NW of The Geysers, CA",0.75,2024-02-21 19:04:27.010,38.8151665,-122.8201675,2.62
us7000m0m3,South Sandwich Islands region,4.9,2024-02-21 19:03:36.356,-59.6378,-29.7604,10.066
uu80045356,"15 km NE of Milford, Utah",0.75,2024-02-21 18:47:46.820,38.4983333333333,-112.883,2.6
hv74118196,"11 km NNE of Honomu, Hawaii",1.86,2024-02-21 18:46:07.390,19.9735,-155.087333333333,11.34
av91133053,"18 km WSW of Sitka, Alaska",-0.13,2024-02-21 18:43:09.570,57.0186666666667,-135.6285,4.74
nc74005651,"5 km WNW of The Geysers, CA",0.99,2024-02-21 18:42:26.220,38.7988319,-122.8048325,2.86
ci40673704,"16 km ESE of Little Lake, CA",0.99,2024-02-21 18:37:16.640,35.8961667,-117.7368333,8.33
nc74005646,"6 km W of Cobb, CA",1.09,2024-02-21 18:32:41.840,38.8224983,-122.786499,1.83
nc74005641,"6 km WNW of Cobb, CA",0.07,2024-02-21 18:29:59.900,38.843,-122.788,2.22
us7000m0lw,"125 km SSE of Kyzyl-Suu, Kyrgyzstan",4.5,2024-02-21 18:26:44.304,41.3498,78.7227,4.88
nc74005636,"6 km W of Cobb, CA",0.36,2024-02-21 18:26:28.410,38.8251667,-122.7873333,1.34
nc74005631,"7 km NW of The Geysers, CA",0.76,2024-02-21 18:25:17.030,38.8268318,-122.8113327,1.26
ci40673696,"8 km ENE of Yucaipa, CA",0.96,2024-02-21 18:21:43.710,34.0503333,-116.958,15.94
us7000m0lu,"33 km E of Farkhār, Afghanistan",4.1,2024-02-21 18:20:13.448,36.5331,70.2323,229.907
ci37626700,"15 km SW of Searles Valley, CA",0.87,2024-02-21 18:19:21.240,35.6548333,-117.4998333,2.12
ci40673688,"15 km SSW of Searles Valley, CA",0.76,2024-02-21 18:19:16.010,35.655,-117.4945,3.01
nc74005626,"9 km WNW of Cobb, CA",0.69,2024-02-21 18:17:30.130,38.8393326,-122.822998,1.83
pr71440768,"7 km S of Salinas, Puerto Rico",2.38,2024-02-21 18:06:58.220,17.9115,-66.2893333333333,8.52
nn00873765,"45 km ESE of Beatty, Nevada",-0.2,2024-02-21 18:06:14.633,36.7428,-116.2889,8.3
tx2024dqof,"34 km NW of Toyah, Texas",1.6,2024-02-21 17:58:11.113,31.557,-104.016,8.0994
uu80045291,"14 km NE of Milford, Utah",0.88,2024-02-21 17:51:45.210,38.4936666666667,-112.900666666667,2.38
nc74005621,"12 km WSW of Lincoln, CA",2.16,2024-02-21 17:51:44.060,38.8408333,-121.4091667,16.51
uu80045281,"14 km NE of Milford, Utah",0.98,2024-02-21 17:43:54.300,38.4958333333333,-112.899666666667,2.46
hv74118166,"3 km SSW of Pāhala, Hawaii",3.02,2024-02-21 17:36:51.470,19.1743333333333,-155.485666666667,30.26
uu80045271,"14 km NE of Milford, Utah",0.86,2024-02-21 17:33:58.910,38.494,-112.899166666667,2.71
pr71440758,"6 km S of Salinas, Puerto Rico",3.22,2024-02-21 17:23:59.300,17.923,-66.2891666666667,11.84
us7000m4ce,"51 km S of King Cove, Alaska",3.0,2024-02-21 17:13:56.566,54.6012,-162.3701,35.0
hv74118161,"11 km NE of Pāhala, Hawaii",2.07999992,2024-02-21 17:11:15.980,19.2671661376953,-155.38883972168,29.2299995422363
ak0242ea3dzz,"59 km WNW of Petersville, Alaska",1.7,2024-02-21 17:04:53.876,62.7234,-151.8048,2.9
ak0242ea366l,"33 km S of South Van Horn, Alaska",1.3,2024-02-21 17:03:52.979,64.5114,-147.8377,1.8
ak0242ea32hn,"22 km ENE of Skwentna, Alaska",1.5,2024-02-21 17:03:06.348,62.0498,-150.9843,68.3
uu80045231,"14 km NE of Milford, Utah",0.85,2024-02-21 17:00:15.560,38.4946666666667,-112.898666666667,2.68
uw61983866,"22 km ENE of Ashford, Washington",-0.65,2024-02-21 16:56:26.210,46.852,-121.769,0.42
uu80045226,"14 km NE of Milford, Utah",0.93,2024-02-21 16:55:22.570,38.495,-112.900166666667,2.52
uu80045211,"14 km NE of Milford, Utah",1.36,2024-02-21 16:51:04.280,38.4945,-112.899,2.81
ok2024dqlz,"8 km SE of Amber, Oklahoma",0.7,2024-02-21 16:50:11.660,35.10783333,-97.809,7.75
ak0242e9quoo,"10 km NNW of Nikiski, Alaska",1.4,2024-02-21 16:46:05.040,60.7783,-151.379,69.3
ci40673648,"5 km SW of Imperial, CA",2.02,2024-02-21 16:37:56.930,32.8203333,-115.6065,11.89
hv74118151,"9 km ENE of Pāhala, Hawaii",2.15,2024-02-21 16:36:52.380,19.2198333740234,-155.389663696289,32.1100006103516
ak0242e9okxj,"27 km WNW of Skwentna, Alaska",2.1,2024-02-21 16:35:46.411,62.0983,-151.8761,93.1
ak0242e9o6eg,"48 km WNW of Beluga, Alaska",1.7,2024-02-21 16:33:53.809,61.3105,-151.9209,99.5
uu80045186,"14 km NE of Milford, Utah",1.19,2024-02-21 16:29:18.900,38.4945,-112.899166666667,2.3
ak0242e9mo1g,"9 km SSE of Big Lake, Alaska",1.3,2024-02-21 16:26:51.873,61.4426,-149.9154,49.1
uu80045166,"14 km NE of Milford, Utah",1.1,2024-02-21 16:19:53.220,38.4958333333333,-112.9,2.17
uu80045156,"14 km NE of Milford, Utah",1.08,2024-02-21 16:13:04.230,38.4971666666667,-112.8965,1.84
uu80045151,"14 km NE of Milford, Utah",1.21,2024-02-21 16:12:15.380,38.4935,-112.898666666667,2.7
ak0242e9jgo8,"57 km N of Chickaloon, Alaska",2.0,2024-02-21 16:11:57.070,62.3031,-148.2983,8.6
hv74118126,"11 km NE of Pāhala, Hawaii",2.33,2024-02-21 16:08:45.020,19.2708339691162,-155.391159057617,29.0400009155273
ak0242e97ngz,"5 km NW of Happy Valley, Alaska",1.6,2024-02-21 15:56:48.632,59.9817,-151.8087,59.8
nc74005616,"7 km WNW of The Geysers, CA",0.75,2024-02-21 15:46:59.000,38.8121681,-122.8278351,1.61
ak0242e94nxh,"30 km ESE of Livengood, Alaska",1.0,2024-02-21 15:42:53.204,65.3745,-147.9895,11.4
uu80045096,"14 km NE of Milford, Utah",1.37,2024-02-21 15:41:13.000,38.4946666666667,-112.896166666667,2.67
nc74005611,"10 km NW of The Geysers, CA",1.2,2024-02-21 15:39:59.130,38.8425,-122.8395,2.05
uu80045091,"14 km NE of Milford, Utah",1.6,2024-02-21 15:38:37.500,38.4931666666667,-112.897833333333,2.05
ak0242e91w0z,"50 km S of Glacier View, Alaska",1.1,2024-02-21 15:30:23.184,61.3591,-147.6664,29.3
uu80045086,"14 km NE of Milford, Utah",1.15,2024-02-21 15:30:22.300,38.495,-112.898666666667,2.24
us7000m1p5,"23 km NE of Hinatuan, Philippines",4.4,2024-02-21 15:22:20.751,8.5335,126.4698,63.817
ak0242e8z7lu,"5 km SSE of Trapper Creek, Alaska",2.4,2024-02-21 15:17:08.828,62.2647,-150.206,11.8
pr71440748,"1 km NE of Magas Arriba, Puerto Rico",2.77,2024-02-21 15:17:00.220,18.0256666666667,-66.7593333333333,7.48
ci40673640,"19 km ESE of Lake Isabella, CA",0.82,2024-02-21 15:14:15.170,35.5773333,-118.2645,5.14
ak0242e8y56u,"49 km N of Valdez, Alaska",2.8,2024-02-21 15:12:10.688,61.5737,-146.2964,5.9
uu80045036,"14 km NE of Milford, Utah",0.32,2024-02-21 15:10:24.330,38.4955,-112.9045,2.89
uu80045031,"14 km NE of Milford, Utah",0.04,2024-02-21 15:08:09.250,38.494,-112.895666666667,2.71
ci40673616,"2 km ENE of El Segundo, CA",1.86,2024-02-21 15:03:53.070,33.9233333,-118.3948333,14.5
av92211291,"93 km W of Adak, Alaska",1.73,2024-02-21 15:03:21.310,51.8598333333333,-177.995166666667,3.14
nn00873730,"14 km WSW of Indian Springs, Nevada",0.7,2024-02-21 15:01:07.022,36.5038,-115.8079,13.9
ak0242e8mub1,"4 km WSW of Ouzinkie, Alaska",1.9,2024-02-21 14:59:37.733,57.9019,-152.572,37.2
uu80045016,"14 km NE of Milford, Utah",-0.13,2024-02-21 14:54:39.720,38.4946666666667,-112.897833333333,2.83
ak0242e8lcc5,"75 km S of Nikolai, Alaska",1.4,2024-02-21 14:52:37.715,62.337,-154.3923,0.6
nc74005606,"8 km NW of The Geysers, CA",0.54,2024-02-21 14:51:50.600,38.8284988,-122.814003,2.26
nn00873729,"14 km WSW of Indian Springs, Nevada",0.6,2024-02-21 14:50:12.320,36.5051,-115.806,12.6
uu80045001,"40 km SE of West Yellowstone, Montana",-0.01,2024-02-21 14:48:45.950,44.4266666666667,-110.723166666667,2.47
uu80044991,"14 km NE of Milford, Utah",-0.19,2024-02-21 14:46:56.470,38.4946666666667,-112.900666666667,2.22
nn00874329,"14 km SW of Indian Springs, Nevada",0.6,2024-02-21 14:46:36.409,36.4902,-115.8039,13.1
av92211266,"24 km W of Dutch Harbor, Alaska",0.56,2024-02-21 14:43:37.600,53.8826666666667,-166.9215,4.28
ak0242e8is6y,"27 km ESE of Livengood, Alaska",3.2,2024-02-21 14:40:43.981,65.3975,-148.0453,10.0
ak0242e8hqsa,"8 km WSW of Houston, Alaska",1.2,2024-02-21 14:35:59.307,61.6086,-149.9648,43.7
ak0242e8fxm2,"7 km N of Big Lake, Alaska",1.4,2024-02-21 14:27:15.119,61.5918,-149.9588,13.1
ak0242e8fdhz,"52 km W of Salamatof, Alaska",1.7,2024-02-21 14:24:53.999,60.7061,-152.2568,86.8
hv74118096,"10 km E of Paukaa, Hawaii",2.43,2024-02-21 14:22:51.710,19.7691666666667,-154.995166666667,46.17
ci40673608,"25 km NE of Arvin, CA",1.53,2024-02-21 14:21:40.790,35.351,-118.6201667,4.81
nc74005591,"5 km NNW of The Geysers, CA",1.54,2024-02-21 14:21:31.240,38.8196667,-122.7858333,1.58
uu80044926,"14 km NE of Milford, Utah",0.26,2024-02-21 14:20:03.240,38.4958333333333,-112.8965,2.21
nc74005581,"7 km NW of The Geysers, CA",0.75,2024-02-21 14:19:44.400,38.8191681,-122.8160019,2.63
ak0242e8bv4x,"63 km W of Happy Valley, Alaska",1.9,2024-02-21 14:08:16.029,60.0279,-152.8617,100.7
mb90041273,"44 km NNE of Stanley, Idaho",1.59,2024-02-21 14:08:11.890,44.602,-114.790666666667,6.51
us7000m0jz,"169 km WNW of Houma, Tonga",5.4,2024-02-21 14:07:34.425,-20.7967,-176.8814,279.113
uu80044886,"14 km NE of Milford, Utah",0.84,2024-02-21 14:02:00.700,38.4975,-112.8975,2.46
nc74005576,"4 km SSE of Parkfield, CA",3.48,2024-02-21 14:01:32.550,35.8655,-120.4156667,8.81
ak0242e80yrc,"1 km WNW of Cohoe, Alaska",1.5,2024-02-21 13:57:31.123,60.374,-151.3327,58.8
uu80044866,"14 km NE of Milford, Utah",0.84,2024-02-21 13:57:02.310,38.4938333333333,-112.899833333333,2.33
nc74005571,"7 km WNW of The Geysers, CA",0.55,2024-02-21 13:53:02.520,38.8118324,-122.8293304,1.92
ak0242e7zeh0,"15 km S of Adak, Alaska",2.1,2024-02-21 13:50:01.643,51.7366,-176.6164,62.2
nc74005566,"10 km WNW of The Geysers, CA",1.54,2024-02-21 13:46:10.060,38.821,-122.852,2.83
ak0242e7yjn1,"32 km S of Denali National Park, Alaska",1.3,2024-02-21 13:46:02.972,63.2477,-151.6601,5.7
ak0242e7xh7i,"30 km SSW of Petersville, Alaska",1.4,2024-02-21 13:41:03.980,62.2555,-151.056,72.2
uu80044841,"14 km NE of Milford, Utah",0.65,2024-02-21 13:36:28.640,38.495,-112.898,2.81
uu80044836,"14 km NE of Milford, Utah",0.45,2024-02-21 13:36:02.300,38.4946666666667,-112.8995,2.64
pr71440738,"5 km S of Salinas, Puerto Rico",2.42,2024-02-21 13:35:27.270,17.9268333333333,-66.288,13.47
ak0242e7w1ud,"50 km E of Pedro Bay, Alaska",1.7,2024-02-21 13:34:38.293,59.8298,-153.2147,118.0
ak0242e7vzgg,"64 km WNW of Karluk, Alaska",1.4,2024-02-21 13:34:20.663,57.8313,-155.4163,8.5
tx2024dqfi,"40 km WSW of Mentone, Texas",2.4,2024-02-21 13:28:49.841,31.63,-104.021,6.8433
uu80044821,"14 km NE of Milford, Utah",1.11,2024-02-21 13:24:59.480,38.4955,-112.896666666667,2.18
nc74005561,"2 km N of The Geysers, CA",1.11,2024-02-21 13:23:56.810,38.7921677,-122.76017,1.84
uu80044816,"14 km NE of Milford, Utah",0.67,2024-02-21 13:19:41.510,38.4945,-112.896,2.85
uu80044811,"14 km NE of Milford, Utah",0.32,2024-02-21 13:13:07.070,38.4936666666667,-112.895333333333,1.88
nc74005556,"8 km NW of The Geysers, CA",-0.13,2024-02-21 13:13:06.370,38.83,-122.8161667,3.06
uu80044806,"14 km NE of Milford, Utah",1.8,2024-02-21 13:12:24.990,38.4941666666667,-112.897166666667,1.45
uu80044791,"14 km NE of Milford, Utah",0.79,2024-02-21 13:06:40.430,38.4961666666667,-112.8965,2.37
us7000m0jh,"60 km E of Loreto, Mexico",4.6,2024-02-21 13:05:35.953,26.0826,-110.7461,10.0
nn00873764,"15 km SW of Indian Springs, Nevada",0.9,2024-02-21 12:59:41.673,36.4879,-115.8172,10.6
us7000m0jg,"78 km SW of Ashkāsham, Afghanistan",4.5,2024-02-21 12:57:06.679,36.1223,71.0071,98.178
ak0242e7dnpb,"26 km NNW of Sutton-Alpine, Alaska",1.1,2024-02-21 12:48:57.191,62.0098,-148.8696,5.8
uu80044771,"14 km NE of Milford, Utah",0.39,2024-02-21 12:48:46.820,38.4968333333333,-112.895166666667,2.34
ak0242e7cp47,"17 km W of Four Mile Road, Alaska",1.0,2024-02-21 12:44:08.733,64.6181,-149.4798,19.5
hv74118036,"5 km NNW of Kailua-Kona, Hawaii",2.16,2024-02-21 12:42:32.190,19.6855,-156.019833333333,33.49
nc74005551,"22 km NW of Parkfield, CA",0.42,2024-02-21 12:42:16.810,36.03,-120.6098333,-0.66
ak0242e7b7de,"21 km NE of Livengood, Alaska",2.0,2024-02-21 12:37:12.948,65.6824,-148.2653,11.2
ak0242e7arnb,"54 km SSW of Skwentna, Alaska",1.5,2024-02-21 12:35:08.394,61.5546,-151.8508,90.6
nc74005541,"10 km N of Lake Pillsbury, CA",1.69,2024-02-21 12:30:38.110,39.4983333,-122.9438333,7.36
ci40673592,"15 km W of Searles Valley, CA",1.04,2024-02-21 12:30:08.720,35.7763333,-117.5731667,5.58
ci40673584,"10 km E of Ridgecrest, CA",0.87,2024-02-21 12:29:21.160,35.631,-117.568,7.0
nn00873761,"15 km WSW of Indian Springs, Nevada",0.7,2024-02-21 12:25:23.899,36.498,-115.8151,11.8
nn00873726,"15 km SW of Indian Springs, Nevada",0.7,2024-02-21 12:20:11.050,36.4745,-115.7961,9.0
us7000m1p9,"152 km NW of Lorengau, Papua New Guinea",4.4,2024-02-21 12:18:35.732,-0.938,146.4446,10.0
nc74005536,"8 km W of Cobb, CA",0.26,2024-02-21 12:17:44.540,38.8349991,-122.8161697,1.58
us7000m0jb,"182 km NW of Lorengau, Papua New Guinea",5.5,2024-02-21 12:11:31.241,-0.8926,146.0887,10.0
uu80044701,"14 km NE of Milford, Utah",2.07,2024-02-21 12:05:40.510,38.4956666666667,-112.897166666667,1.22
uu80044691,"14 km NE of Milford, Utah",0.62,2024-02-21 11:59:15.550,38.4943333333333,-112.898166666667,2.43
nn00873724,"15 km SW of Indian Springs, Nevada",0.9,2024-02-21 11:58:32.955,36.4762,-115.7979,8.7
ci40673576,"12 km SW of Searles Valley, CA",1.01,2024-02-21 11:55:50.730,35.6948333,-117.5076667,4.96
ak0242e6sf0k,"76 km SSE of Pope-Vannoy Landing, Alaska",1.3,2024-02-21 11:49:46.602,58.9699,-153.7868,5.5
ak0242e6rkki,"70 km ENE of Chase, Alaska",1.1,2024-02-21 11:45:51.271,62.7367,-148.8839,10.0
uu80044676,"14 km NE of Milford, Utah",1.04,2024-02-21 11:43:14.990,38.4928333333333,-112.898333333333,2.24
uu80044671,"15 km NE of Milford, Utah",0.17,2024-02-21 11:41:16.780,38.4956666666667,-112.890666666667,2.54
ci40673568,"12 km SW of Searles Valley, CA",1.01,2024-02-21 11:41:06.450,35.7063333,-117.5106667,7.12
uu80044661,"14 km NE of Milford, Utah",0.53,2024-02-21 11:35:20.870,38.4933333333333,-112.897,2.29
ci40673560,"4 km SW of Imperial, CA",1.18,2024-02-21 11:33:53.460,32.8261667,-115.6041667,14.1
uu80044656,"14 km NE of Milford, Utah",1.14,2024-02-21 11:32:17.970,38.496,-112.897333333333,2.41
uu80044651,"14 km NE of Milford, Utah",0.24,2024-02-21 11:31:01.790,38.4933333333333,-112.897833333333,2.09
uu80044641,"14 km NE of Milford, Utah",0.4,2024-02-21 11:30:20.790,38.4936666666667,-112.8975,1.98
nn00873723,"14 km S of Dyer, Nevada",1.0,2024-02-21 11:27:27.948,37.5376,-118.0725,6.6
ak0242e6n9on,"70 km ENE of Chase, Alaska",1.6,2024-02-21 11:25:44.581,62.752,-148.9022,11.9
us7000m1p7,"43 km NE of Kuji, Japan",4.1,2024-02-21 11:21:13.584,40.4729,142.1282,56.894
us7000m0j0,south of the Kermadec Islands,4.7,2024-02-21 11:19:28.759,-32.8953,179.6675,227.272
ci40673552,"33 km SE of Bodfish, CA",1.79,2024-02-21 11:17:09.370,35.3903333,-118.22,7.34
us7000m1p6,"294 km E of Levuka, Fiji",4.0,2024-02-21 11:17:08.326,-18.3956,-177.9169,555.46
ci40673544,"20 km N of Fillmore, CA",1.8,2024-02-21 11:14:22.190,34.5745,-118.9478333,9.76
ak0242e6jciq,"47 km N of Valdez, Alaska",1.9,2024-02-21 11:07:16.291,61.5571,-146.315,22.0
nc74005511,"6 km W of Cobb, CA",-0.23,2024-02-21 11:07:15.340,38.826,-122.791,1.62
uu80044596,"14 km NE of Milford, Utah",0.43,2024-02-21 11:02:08.870,38.4958333333333,-112.8995,2.77
av92211056,"83 km NNW of Karluk, Alaska",0.1,2024-02-21 11:01:18.730,58.2395,-155.097833333333,30.89
us7000m0iw,"8 km W of Mataquescuintla, Guatemala",4.7,2024-02-21 11:01:07.955,14.5272,-90.2632,241.887
uu80000473,"14 km NE of Milford, Utah",0.54,2024-02-21 10:55:23.060,38.4958333333333,-112.897166666667,2.67
uu80044586,"14 km NE of Milford, Utah",0.73,2024-02-21 10:55:07.060,38.495,-112.894833333333,1.9
nc74005506,"9 km WNW of Cobb, CA",0.74,2024-02-21 10:52:12.770,38.8404999,-122.8223343,2.09
nc74005501,"1 km ENE of The Geysers, CA",0.97,2024-02-21 10:51:54.220,38.78,-122.7456667,0.32
us7000m1nx,Fiji region,4.2,2024-02-21 10:51:33.655,-20.3727,-178.2036,516.151
nn00873722,"27 km NW of Gabbs, Nevada",1.3,2024-02-21 10:50:50.516,39.0251,-118.1648,9.1
uu80044581,"14 km NE of Milford, Utah",0.71,2024-02-21 10:50:50.390,38.4966666666667,-112.895833333333,2.15
av91133018,"29 km WSW of False Pass, Alaska",0.84,2024-02-21 10:49:20.410,54.7213333333333,-163.808666666667,15.97
ak0242e66il5,"70 km ENE of Port Alsworth, Alaska",4.6,2024-02-21 10:47:30.074,60.3641,-153.0756,148.4
nc74005496,"20 km W of Petrolia, CA",2.21,2024-02-21 10:46:47.210,40.301,-124.5161667,9.2
uu80044571,"14 km NE of Milford, Utah",0.88,2024-02-21 10:44:36.850,38.4946666666667,-112.901166666667,2.61
av91133008,"82 km NNW of Karluk, Alaska",-0.02,2024-02-21 10:44:19.090,58.2313333333333,-155.082333333333,22.1
ak0242e65flh,"55 km NNW of Petersville, Alaska",1.8,2024-02-21 10:42:24.081,62.9626,-151.1374,124.9
uu80044551,"15 km NE of Milford, Utah",1.96,2024-02-21 10:31:05.200,38.4985,-112.892166666667,1.7
uu80044541,"14 km NE of Milford, Utah",0.49,2024-02-21 10:28:44.180,38.4953333333333,-112.897333333333,2.9
ak0242e628e1,"151 km ESE of McCarthy, Alaska",1.2,2024-02-21 10:27:30.566,61.0628,-140.1967,9.2
av91133003,"23 km N of Ivanof Bay, Alaska",-0.17,2024-02-21 10:22:09.180,56.1135,-159.538666666667,3.4
ci40673536,"5 km W of Borrego Springs, CA",1.47,2024-02-21 10:16:33.230,33.261,-116.4251667,4.39
uu80000478,"14 km NE of Milford, Utah",0.33,2024-02-21 10:11:27.100,38.4956666666667,-112.897333333333,2.15
uu80044521,"14 km NE of Milford, Utah",0.56,2024-02-21 10:11:22.640,38.4971666666667,-112.898166666667,2.41
us7000m1nw,"67 km NNW of Sola, Vanuatu",4.1,2024-02-21 10:04:04.733,-13.3062,167.3338,201.47
uu80044506,"14 km NE of Milford, Utah",0.23,2024-02-21 10:02:45.700,38.4956666666667,-112.901,2.35
uu80044501,"14 km NE of Milford, Utah",1.18,2024-02-21 10:01:52.590,38.495,-112.896666666667,2.22
nc74005491,"8 km WNW of Cobb, CA",1.05,2024-02-21 09:57:30.150,38.8393333,-122.8106667,2.06
nc74005486,"8 km WNW of Cobb, CA",1.11,2024-02-21 09:55:55.300,38.8383331,-122.8115005,1.89
nc74005481,"6 km WNW of San Francisco Zoo, CA",1.66,2024-02-21 09:54:01.210,37.7496667,-122.5645,9.36
ak0242e5lj7p,"28 km NNE of Chickaloon, Alaska",1.4,2024-02-21 09:49:40.010,62.0413,-148.3363,28.5
ak0242e5jmvv,"69 km ENE of Pedro Bay, Alaska",2.0,2024-02-21 09:40:53.397,60.067,-152.9871,120.9
uu80044486,"14 km NE of Milford, Utah",0.46,2024-02-21 09:36:03.530,38.4953333333333,-112.901666666667,2.57
ak0242e5ik48,"51 km E of Denali National Park, Alaska",1.1,2024-02-21 09:35:50.941,63.5737,-150.6884,12.7
nn00874222,"7 km SW of Furnace Creek, California",0.4,2024-02-21 09:35:36.403,36.3892,-116.903,11.9
nc74005476,"6 km WNW of The Geysers, CA",1.28,2024-02-21 09:33:28.440,38.8083333,-122.819,2.66
ak0242e5hxcu,"37 km SSE of Denali National Park, Alaska",1.2,2024-02-21 09:32:55.670,63.2352,-151.3999,7.1
nc74005471,"11 km NNW of Hollister, CA",1.42,2024-02-21 09:32:47.680,36.9413338,-121.4369965,5.55
uu80044476,"14 km NE of Milford, Utah",0.95,2024-02-21 09:30:34.060,38.4936666666667,-112.899333333333,2.32
ak0242e5fkqr,"79 km ESE of Denali Park, Alaska",1.2,2024-02-21 09:21:58.405,63.5781,-147.346,11.7
uu80044441,"14 km NE of Milford, Utah",0.68,2024-02-21 09:08:16.190,38.4976666666667,-112.900666666667,2.42
nc71132929,"7 km SE of Pinnacles, CA",0.42,2024-02-21 09:07:24.590,36.4941667,-121.0786667,6.74
nc74005466,"9 km N of Lake Pillsbury, CA",2.71,2024-02-21 09:06:29.850,39.4925,-122.947,9.43
uu80044426,"14 km NE of Milford, Utah",0.66,2024-02-21 09:03:42.660,38.4946666666667,-112.900333333333,2.3
uu80044421,"14 km NE of Milford, Utah",0.7,2024-02-21 08:58:15.680,38.4948333333333,-112.8955,2.11
ci40673520,"2 km N of Huntington Park, CA",2.19,2024-02-21 08:52:06.480,34.0041667,-118.2273333,15.72
ci40673512,"3 km N of Huntington Park, CA",2.55,2024-02-21 08:47:06.910,34.0053333,-118.2278333,16.38
nc74005461,"8 km ENE of Gilroy, CA",1.22,2024-02-21 08:41:27.170,37.0291672,-121.4851685,5.47
ak0242e4xzi9,"129 km NW of Yakutat, Alaska",1.4,2024-02-21 08:39:52.594,60.4918,-141.0864,8.3
ak0242e4xi8b,"45 km SSE of Denali National Park, Alaska",1.3,2024-02-21 08:37:28.997,63.1739,-151.3033,4.9
uu80044376,"14 km NE of Milford, Utah",0.19,2024-02-21 08:34:36.690,38.498,-112.897,2.37
ci40673496,"4 km SW of Coso Junction, CA",0.62,2024-02-21 08:32:37.110,36.0185,-117.9816667,3.28
ci40673488,"3 km NNW of Lake Henshaw, CA",0.69,2024-02-21 08:29:07.240,33.2706667,-116.7763333,12.8
uu80044371,"14 km NE of Milford, Utah",0.64,2024-02-21 08:27:41.490,38.4948333333333,-112.896666666667,2.22
ak0242e4vd3z,"105 km W of Akhiok, Alaska",1.8,2024-02-21 08:27:29.278,56.8409,-155.8993,8.6
ci40673480,"32 km SE of Bodfish, CA",0.95,2024-02-21 08:25:23.200,35.3976667,-118.2243333,7.73
ak0242e4urr2,"28 km SW of Cantwell, Alaska",1.4,2024-02-21 08:24:59.851,63.2112,-149.3419,88.5
uu80044346,"14 km NE of Milford, Utah",0.54,2024-02-21 08:18:36.740,38.4933333333333,-112.8985,2.44
mb90041268,"15 km NNE of Challis, Idaho",1.14,2024-02-21 08:15:41.670,44.6245,-114.134333333333,6.09
ak0242e4ss2a,"52 km W of Happy Valley, Alaska",2.5,2024-02-21 08:15:23.992,60.0191,-152.6706,101.8
av91132988,"85 km NW of Karluk, Alaska",-0.28,2024-02-21 08:10:12.270,58.1786666666667,-155.3365,1.53
nc74005456,"8 km WNW of Cobb, CA",0.22,2024-02-21 08:07:10.440,38.8448334,-122.817337,2.01
us7000m1nt,"Maug Islands region, Northern Mariana Islands",4.3,2024-02-21 08:06:11.474,19.7219,145.1795,191.52
ci40673472,"4 km WNW of Muscoy, CA",0.73,2024-02-21 07:59:38.770,34.1695,-117.3865,10.59
ci40673464,"24 km SSW of Frazier Park, CA",2.24,2024-02-21 07:58:15.520,34.6178333,-119.0108333,10.46
uu80044306,"14 km NE of Milford, Utah",0.44,2024-02-21 07:52:02.270,38.4948333333333,-112.899833333333,1.97
av91132978,"92 km W of Adak, Alaska",1.09,2024-02-21 07:48:03.500,51.8696666666667,-177.980666666667,6.12
uu80044301,"14 km NE of Milford, Utah",1.76,2024-02-21 07:47:07.790,38.4943333333333,-112.894166666667,1.81
nn00873721,"14 km SW of Indian Springs, Nevada",0.8,2024-02-21 07:46:51.715,36.4867,-115.7919,10.3
ak0242e4d3oq,"17 km W of Four Mile Road, Alaska",0.8,2024-02-21 07:42:08.782,64.5889,-149.4823,12.9
nc74005446,"9 km WNW of Cobb, CA",0.76,2024-02-21 07:41:57.890,38.8414993,-122.8259964,2.1
ak0242e4c9z4,"68 km WSW of Paxson, Alaska",1.5,2024-02-21 07:38:23.656,62.9686,-146.9366,19.3
uu80044281,"14 km NE of Milford, Utah",1.01,2024-02-21 07:36:52.320,38.4941666666667,-112.896333333333,1.59
us7000m0ia,"37 km ESE of Hakha, Myanmar",4.9,2024-02-21 07:36:05.113,22.5226,93.9546,72.27
nc74005441,"4 km NNW of The Geysers, CA",1.09,2024-02-21 07:33:24.930,38.803833,-122.7783356,1.23
uu80044261,"15 km NE of Milford, Utah",0.74,2024-02-21 07:30:39.220,38.5025,-112.9005,2.26
nc74005431,"8 km NW of The Geysers, CA",1.08,2024-02-21 07:20:57.140,38.8306656,-122.8166656,2.07
ci40673456,"11 km S of Olancha, CA",1.31,2024-02-21 07:19:54.910,36.1873333,-118.0263333,2.85
ak0242e47mqr,"63 km NNW of Karluk, Alaska",1.7,2024-02-21 07:16:57.069,58.1173,-154.7421,75.1
mb90041233,"42 km NNW of Stanley, Idaho",1.96,2024-02-21 07:13:26.960,44.535,-115.227333333333,6.52
uu80044216,"14 km NE of Milford, Utah",-0.17,2024-02-21 07:07:04.910,38.495,-112.899,2.33
us7000m0i7,"134 km WNW of Tumxuk, China",4.6,2024-02-21 07:03:58.052,40.4319,77.6631,10.0
nn00874328,"16 km SW of Mina, Nevada",1.1,2024-02-21 07:03:45.516,38.293,-118.2494,26.6
nc74005421,"2 km NW of The Geysers, CA",1.07,2024-02-21 07:02:49.580,38.7913322,-122.7743301,3.12
nn00874327,"28 km SE of Rachel, Nevada",1.2,2024-02-21 07:01:22.937,37.4702,-115.5058,0.0
ak0242e443e1,"11 km NW of Willow, Alaska",1.5,2024-02-21 07:00:07.045,61.8291,-150.1683,39.5
uu80044201,"14 km NE of Milford, Utah",1.04,2024-02-21 06:57:06.660,38.493,-112.898833333333,2.12
hv74117901,"18 km W of Kalaoa, Hawaii",2.3,2024-02-21 06:57:02.370,19.741,-156.155833333333,35.35
hv74117896,"11 km ENE of Pāhala, Hawaii",1.79999995,2024-02-21 06:49:56.280,19.2351665496826,-155.378494262695,30.6900005340576
ak0242e3sim1,"66 km SSW of Shungnak, Alaska",1.4,2024-02-21 06:46:04.738,66.3132,-157.5388,3.9
ak0242e3qvn1,"80 km N of Yakutat, Alaska",1.5,2024-02-21 06:38:40.455,60.2679,-139.6011,6.6
hv74117891,"2 km WSW of Pāhala, Hawaii",2.34,2024-02-21 06:37:31.000,19.1896667480469,-155.500839233398,35.439998626709
hv74117886,"13 km SW of Volcano, Hawaii",1.39,2024-02-21 06:31:11.920,19.3521666666667,-155.314666666667,1.99
ak0242e3m3tu,"65 km SE of Pope-Vannoy Landing, Alaska",1.9,2024-02-21 06:16:17.768,59.1954,-153.5801,86.5
nc74005416,"5 km NW of The Geysers, CA",0.5,2024-02-21 06:14:09.230,38.8095016,-122.7938309,2.98
ak0242e3ljvj,"8 km WSW of Houston, Alaska",1.6,2024-02-21 06:13:55.945,61.5984,-149.954,42.0
nc74005411,"2 km E of Hayward, CA",1.43,2024-02-21 06:13:24.480,37.6441667,-122.0513333,2.43
us7000m1nv,"170 km E of Atka, Alaska",3.7,2024-02-21 06:07:26.170,51.923,-171.7493,10.0
uu80044151,"14 km NE of Milford, Utah",0.65,2024-02-21 06:07:25.720,38.494,-112.897,2.27
ak0242e3k0gm,"49 km SSW of Kokhanok, Alaska",2.1,2024-02-21 06:06:46.516,59.0231,-155.0883,153.9
nc74005406,"8 km SE of Redwood Valley, CA",1.29,2024-02-21 06:06:45.760,39.2188333,-123.1353333,-0.62
ak0242e3jy6c,"41 km NNE of Chenega, Alaska",1.7,2024-02-21 06:06:07.401,60.4002,-147.6765,5.2
uu80044146,"15 km NE of Milford, Utah",0.72,2024-02-21 06:02:30.940,38.4981666666667,-112.894833333333,2.23
ak0242e39go3,"62 km WNW of Happy Valley, Alaska",2.0,2024-02-21 05:57:16.536,60.1271,-152.8028,100.4
av92210826,"63 km ENE of Pedro Bay, Alaska",-0.78,2024-02-21 05:54:14.440,60.0075,-153.068833333333,1.56
se60501653,"2 km NNW of Madisonville, Tennessee",1.52,2024-02-21 05:49:01.890,35.5408333333333,-84.3773333333333,13.93
ak0242e36irx,"55 km NNW of Petersville, Alaska",1.8,2024-02-21 05:43:42.251,62.9186,-151.3419,106.0
nc74005401,"6 km W of Cobb, CA",0.03,2024-02-21 05:38:28.370,38.8273333,-122.7905,1.57
ak0242e34l6p,"90 km SSE of Perryville, Alaska",2.0,2024-02-21 05:34:40.657,55.1611,-158.601,5.8
nn00873733,"44 km WNW of Indian Springs, Nevada",-0.1,2024-02-21 05:29:22.360,36.72,-116.1308,2.1
nc74005396,"5 km NW of The Geysers, CA",1.39,2024-02-21 05:26:53.810,38.8068333,-122.7951667,3.22
av91132963,"87 km NNW of Karluk, Alaska",-0.58,2024-02-21 05:22:25.690,58.3021666666667,-154.981,2.88
uu80044121,"14 km NE of Milford, Utah",1.1,2024-02-21 05:22:17.120,38.4923333333333,-112.894833333333,1.62
nc74005386,"20 km WSW of Petrolia, CA",2.12,2024-02-21 05:21:44.540,40.2825,-124.5098333,7.88
hv74117851,"9 km E of Pāhala, Hawaii",2.28,2024-02-21 05:20:27.450,19.2059993743896,-155.387161254883,30.1299991607666
uu80044116,"14 km NE of Milford, Utah",1.58,2024-02-21 05:16:22.760,38.4933333333333,-112.895333333333,1.76
hv74117846,"4 km SSW of Pāhala, Hawaii",2.36,2024-02-21 05:15:15.250,19.16233253479,-155.4931640625,31.2999992370605
uu80044106,"15 km NE of Milford, Utah",0.75,2024-02-21 05:09:38.990,38.498,-112.894,2.11
ci40673448,"36 km NNE of North Shore, CA",1.41,2024-02-21 05:00:54.000,33.8291667,-115.7935,3.58
ci40673440,"2 km WNW of Yucaipa, CA",1.01,2024-02-21 04:59:59.610,34.0416667,-117.0616667,16.26
uu80044091,"15 km NE of Milford, Utah",0.29,2024-02-21 04:54:49.960,38.4956666666667,-112.892833333333,1.75
nc74005376,"7 km WNW of Cobb, CA",1.05,2024-02-21 04:54:01.670,38.8361664,-122.8031693,2.2
us7000m4ny,"81 km SE of Unalaska, Alaska",2.5,2024-02-21 04:52:08.211,53.3769,-165.639,35.0
nn00874326,"2 km ENE of Coleville, California",1.3,2024-02-21 04:47:47.344,38.5741,-119.4789,7.0
tx2024dpoc,"54 km NW of Toyah, Texas",2.8,2024-02-21 04:45:52.781,31.666,-104.192,6.1255
ak0242e2lfx9,"12 km N of Meadow Lakes, Alaska",3.5,2024-02-21 04:45:08.591,61.7342,-149.6052,14.6
nn00873720,"25 km ENE of Furnace Creek, California",0.9,2024-02-21 04:44:01.472,36.5003,-116.581,5.7
ak0242e2klwd,"50 km W of Nanwalek, Alaska",2.4,2024-02-21 04:41:19.633,59.3854,-152.8042,73.5
tx2024dpnu,"48 km W of Mentone, Texas",1.8,2024-02-21 04:36:40.120,31.739,-104.111,6.5613
uu80044071,"15 km NE of Milford, Utah",1.12,2024-02-21 04:36:05.570,38.4963333333333,-112.892,1.71
us7000m0hp,south of the Fiji Islands,5.1,2024-02-21 04:31:44.524,-22.6376,-178.3951,363.305
hv74117816,"45 km SE of Naalehu, Hawaii",1.81,2024-02-21 04:28:29.660,18.814,-155.239833333333,8.24
uu80044066,"15 km NE of Milford, Utah",0.27,2024-02-21 04:27:57.970,38.4938333333333,-112.8875,1.63
ak0242e2hdfn,"47 km N of Chase, Alaska",1.8,2024-02-21 04:26:08.723,62.8702,-149.9373,73.9
us7000m0hl,"41 km SSE of San Mateo del Mar, Mexico",4.4,2024-02-21 04:12:22.602,15.8473,-94.8761,50.966
nc74005371,"10 km NW of The Geysers, CA",0.26,2024-02-21 04:12:12.540,38.836834,-122.8375015,1.68
ak0242e2e0fh,"88 km SSE of King Cove, Alaska",1.8,2024-02-21 04:10:40.674,54.3985,-161.5605,12.7
ak0242e2bv9i,"10 km ENE of Fox, Alaska",1.3,2024-02-21 04:00:41.934,64.9927,-147.4034,0.0
uu80044041,"15 km NE of Milford, Utah",0.21,2024-02-21 03:57:23.790,38.4958333333333,-112.889833333333,2.58
uu80044036,"15 km NE of Milford, Utah",0.52,2024-02-21 03:56:45.250,38.4968333333333,-112.892,1.79
tx2024dpmi,"54 km NW of Toyah, Texas",1.7,2024-02-21 03:53:33.678,31.674,-104.183,5.177
uu80044031,"15 km NE of Milford, Utah",2.03,2024-02-21 03:50:40.720,38.4966666666667,-112.8895,1.65
uu80044021,"15 km NE of Milford, Utah",0.44,2024-02-21 03:46:32.060,38.5,-112.892333333333,2.05
hv74117796,"4 km SSW of Pāhala, Hawaii",2.00999999,2024-02-21 03:45:44.700,19.1708335876465,-155.500839233398,35.3600006103516
nn00874228,"36 km ENE of Mono City, California",1.4,2024-02-21 03:42:39.000,38.1394,-118.7439,23.3
us7000m1nl,"20 km ENE of Boconó, Venezuela",4.2,2024-02-21 03:40:16.150,9.3288,-70.0805,10.0
ak0242e1xh2j,"72 km WNW of Ninilchik, Alaska",2.1,2024-02-21 03:33:23.747,60.2259,-152.9313,96.5
uu80044001,"15 km NE of Milford, Utah",1.73,2024-02-21 03:30:40.030,38.4968333333333,-112.893833333333,1.82
nn00874225,"17 km NNW of Sutcliffe, Nevada",0.1,2024-02-21 03:27:00.914,40.0887,-119.6946,16.0
nc74005366,"7 km WNW of Cobb, CA",0.76,2024-02-21 03:24:53.420,38.838501,-122.8008347,1.79
tx2024dplf,"47 km W of Mentone, Texas",2.0,2024-02-21 03:17:24.191,31.74,-104.103,5.3821
pr71440733,"7 km WSW of Fuig, Puerto Rico",2.55,2024-02-21 03:14:21.730,17.9695,-66.98,8.78
nc74005361,"6 km WNW of The Geysers, CA",0.8,2024-02-21 03:10:54.490,38.8071671,-122.8193359,2.83
us7000m0h6,South Sandwich Islands region,4.9,2024-02-21 03:09:54.423,-55.4507,-29.591,10.0
ak0242e1sbfy,"69 km ENE of Pedro Bay, Alaska",2.1,2024-02-21 03:09:19.274,60.0636,-152.9971,107.7
uu80043981,"14 km NE of Milford, Utah",0.53,2024-02-21 03:07:55.400,38.4975,-112.899166666667,2.36
uu80043976,"13 km NE of Milford, Utah",0.65,2024-02-21 03:06:04.950,38.4861666666667,-112.909833333333,2.85
uu80043966,"14 km NE of Milford, Utah",1.68,2024-02-21 02:58:14.100,38.495,-112.8935,1.35
nc74005356,"8 km NW of The Geysers, CA",-0.19,2024-02-21 02:52:24.140,38.8315,-122.8131667,1.36
tx2024dpke,"19 km SW of Poth, Texas",2.2,2024-02-21 02:46:58.207,28.944,-98.217,7.251
ci40673432,"19 km ESE of Anza, CA",0.54,2024-02-21 02:40:24.000,33.492,-116.4815,13.75
tx2024dpjr,"58 km S of Whites City, New Mexico",1.5,2024-02-21 02:32:32.906,31.651,-104.451,6.0999
nc74005351,"10 km NW of The Geysers, CA",0.6,2024-02-21 02:28:44.280,38.840332,-122.8356705,1.31
uu80043936,"14 km NE of Milford, Utah",0.85,2024-02-21 02:26:51.740,38.4963333333333,-112.899333333333,2.42
ci40673424,"25 km NE of Arvin, CA",1.7,2024-02-21 02:24:49.310,35.3508333,-118.6201667,5.6
ak0242e19aop,"4 km SSW of Salcha, Alaska",0.9,2024-02-21 02:20:46.726,64.4888,-146.9338,6.1
ci40673416,"25 km NE of Arvin, CA",2.28,2024-02-21 02:20:03.730,35.3501667,-118.617,6.72
ci40673408,"5 km SSW of Brawley, CA",1.21,2024-02-21 02:18:30.040,32.9381667,-115.5493333,7.15
uu80043931,"14 km NE of Milford, Utah",0.97,2024-02-21 02:18:27.030,38.4951666666667,-112.893666666667,2.15
ci40673400,"24 km SSW of Frazier Park, CA",1.48,2024-02-21 02:11:00.990,34.6153333,-119.0078333,9.99
tx2024dpiz,"19 km WSW of Falls City, Texas",1.9,2024-02-21 02:10:48.193,28.91,-98.199,6.7627
uw61983821,"6 km ENE of Government Camp, Oregon",0.61,2024-02-21 02:10:03.950,45.320166666666665,-121.67,7.69
us7000m4nx,"53 km W of Nikolski, Alaska",3.0,2024-02-21 02:07:29.493,52.9713,-169.6554,154.116
nc74005331,"10 km WNW of The Geysers, CA",0.76,2024-02-21 02:07:20.900,38.8223343,-122.8536682,2.56
nc74005326,"7 km NW of The Geysers, CA",0.98,2024-02-21 01:59:53.150,38.8181648,-122.8238297,2.25
nc74005321,"8 km W of Cobb, CA",1.09,2024-02-21 01:56:01.730,38.8336678,-122.8088303,2.21
uu80043906,"14 km NE of Milford, Utah",1.03,2024-02-21 01:55:03.640,38.4935,-112.895833333333,1.84
nc74005316,"8 km NW of The Geysers, CA",0.65,2024-02-21 01:45:56.970,38.815834,-122.8271637,1.46
us7000m1nk,"268 km SE of Attu Station, Alaska",3.8,2024-02-21 01:37:47.221,51.3469,176.2562,24.086
uw61983816,"6 km ENE of Government Camp, Oregon",0.49,2024-02-21 01:33:21.460,45.318666666666665,-121.66933333333333,7.22
nc74005311,"9 km WNW of Cobb, CA",0.71,2024-02-21 01:31:44.510,38.8423347,-122.8223343,1.85
ci40673392,"6 km N of Boron, CA",1.08,2024-02-21 01:30:59.990,35.0493333,-117.6616667,-0.83
uu80043871,"15 km NE of Milford, Utah",1.06,2024-02-21 01:29:21.780,38.5,-112.894166666667,1.75
nc74005306,"8 km NW of The Geysers, CA",1.07,2024-02-21 01:25:32.070,38.8303337,-122.8146667,1.89
mb90041263,"0 km S of Cardwell, Montana",0.19,2024-02-21 01:18:47.280,45.8551666666667,-111.953833333333,12.47
ci40673384,"16 km ENE of Ocotillo, CA",1.41,2024-02-21 01:17:35.980,32.781,-115.8295,7.32
uu80043856,"14 km NE of Milford, Utah",0.39,2024-02-21 01:16:01.770,38.4971666666667,-112.9005,2.24
uu80043846,"14 km NE of Milford, Utah",0.36,2024-02-21 01:15:09.640,38.496,-112.899666666667,2.59
hv74117711,"10 km NE of Pāhala, Hawaii",1.87,2024-02-21 01:14:28.170,19.263334274292,-155.402496337891,29.6299991607666
nn00873714,"30 km SE of Mina, Nevada",1.5,2024-02-21 01:06:42.592,38.183,-117.8874,11.9
us7000m1nj,Pacific-Antarctic Ridge,4.7,2024-02-21 01:06:02.300,-56.3322,-143.1025,10.0
ak0242e0k4q2,"19 km E of Ferry, Alaska",1.5,2024-02-21 01:03:03.995,63.9995,-148.7202,0.0
nc74005296,"7 km WNW of The Geysers, CA",0.75,2024-02-21 00:58:41.010,38.8106651,-122.821167,2.0
nc74005291,"7 km WNW of The Geysers, CA",0.95,2024-02-21 00:58:24.350,38.8111649,-122.8223343,1.83
ci40673376,"9 km SSW of Cabazon, CA",0.82,2024-02-21 00:55:47.940,33.8408333,-116.8223333,13.99
hv74117701,"11 km ENE of Pāhala, Hawaii",2.19,2024-02-21 00:55:30.420,19.2606658935547,-155.386505126953,30.0300006866455
uw61983811,"7 km NE of Fall City, Washington",1.8800000000000001,2024-02-21 00:51:26.290,47.61383333333333,-121.821,16.43
nc74005286,"2 km NW of The Geysers, CA",0.78,2024-02-21 00:50:08.930,38.7885017,-122.7686691,2.59
ak0242e07y79,"69 km ENE of Chase, Alaska",1.2,2024-02-21 00:46:20.532,62.76,-148.9177,13.0
ak0242e06xyp,"49 km S of Sand Point, Alaska",1.7,2024-02-21 00:41:50.898,54.8934,-160.3997,30.4
uw61983806,"16 km SW of Greenwater, Washington",0.89,2024-02-21 00:38:33.770,47.038333333333334,-121.78,17.24
hv74117681,"4 km WSW of Volcano, Hawaii",1.82000005,2024-02-21 00:35:06.360,19.4225006103516,-155.269165039062,9.1899995803833
nc74005271,"1 km NW of The Geysers, CA",2.22,2024-02-21 00:34:34.950,38.7861667,-122.7648333,2.64
nc74005266,"1 km NW of The Geysers, CA",1.67,2024-02-21 00:34:21.980,38.786,-122.7661667,2.71
nc74005261,"8 km NW of The Geysers, CA",0.69,2024-02-21 00:34:03.450,38.8250008,-122.824501,1.13
ci40673368,"10 km N of Borrego Springs, CA",1.81,2024-02-21 00:31:43.210,33.3498333,-116.3651667,11.5
mb90041238,"11 km WNW of Radersburg, Montana",1.13,2024-02-21 00:31:43.000,46.2496666666667,-111.765333333333,5.01
nc74005256,"12 km W of Toms Place, CA",0.55,2024-02-21 00:30:19.450,37.5535,-118.811,8.16
uu80043776,"15 km NE of Milford, Utah",0.86,2024-02-21 00:29:28.140,38.4965,-112.893666666667,1.8
ak0242e03gr9,"122 km ESE of McCarthy, Alaska",1.0,2024-02-21 00:25:28.214,61.2148,-140.675,9.6
ci40673360,"6 km NNW of Boron, CA",2.01,2024-02-21 00:23:29.270,35.0488333,-117.662,-0.79
ak0242e01x4i,"77 km ESE of King Cove, Alaska",2.4,2024-02-21 00:18:08.674,54.695,-161.2948,15.7
nc74005236,"6 km WNW of The Geysers, CA",0.69,2024-02-21 00:12:34.950,38.8071671,-122.8186646,3.01
nc74005231,"6 km WNW of The Geysers, CA",1.09,2024-02-21 00:11:28.750,38.8064995,-122.8181686,2.64
nc74005226,"2 km ENE of The Geysers, CA",0.77,2024-02-20 23:59:40.880,38.7868347,-122.7378311,4.14
ci40673352,"6 km WSW of Idyllwild, CA",0.67,2024-02-20 23:57:31.470,33.713,-116.7728333,15.09
uu80043716,"15 km NE of Milford, Utah",1.15,2024-02-20 23:51:17.390,38.4968333333333,-112.892666666667,1.26
uu80043696,"14 km NE of Milford, Utah",0.84,2024-02-20 23:42:13.530,38.4946666666667,-112.893666666667,1.65
hv74117631,"2 km ESE of Pāhala, Hawaii",2.21,2024-02-20 23:34:31.130,19.1959991455078,-155.460327148438,-0.46000000834465
nc74005221,"2 km NNW of The Geysers, CA",1.03,2024-02-20 23:34:16.680,38.7910004,-122.7603302,0.83
uu80043676,"15 km NE of Milford, Utah",1.46,2024-02-20 23:34:15.910,38.495,-112.890833333333,1.6
ak0242cqarmm,"84 km ESE of Selawik, Alaska",1.3,2024-02-20 23:33:11.204,66.2124,-158.3791,6.5
pr71440708,"11 km SSE of Maria Antonia, Puerto Rico",2.46,2024-02-20 23:32:21.390,17.879,-66.8521666666667,12.35
uu80043671,"15 km NE of Milford, Utah",0.73,2024-02-20 23:31:37.460,38.4986666666667,-112.8865,1.88
ak0242cq9wbj,"14 km WSW of Homer, Alaska",1.6,2024-02-20 23:29:05.848,59.6137,-151.7999,52.9
av91132863,"10 km W of Akutan, Alaska",-0.47,2024-02-20 23:27:20.390,54.1246666666667,-165.93,1.88
ci40673344,"8 km SE of Valle Vista, CA",1.64,2024-02-20 23:26:05.090,33.7018333,-116.8253333,15.71
us7000m15w,"119 km WNW of Kirakira, Solomon Islands",4.4,2024-02-20 23:25:30.908,-10.1312,160.8786,36.43
us7000m0g8,"8 km N of Cepitá, Colombia",4.5,2024-02-20 23:23:46.503,6.8279,-72.984,154.592
nc74005211,"12 km N of Cloverdale, CA",1.54,2024-02-20 23:21:21.090,38.9133333,-122.9971667,4.2
ak0242cq7f2x,"124 km SSE of Sand Point, Alaska",2.1,2024-02-20 23:17:49.401,54.3228,-159.6825,20.2
us7000m15t,"Volcano Islands, Japan region",4.4,2024-02-20 23:09:24.806,23.3004,142.4041,74.728
uu80043641,"14 km NE of Milford, Utah",0.87,2024-02-20 23:09:15.560,38.4971666666667,-112.895666666667,1.99
uu80043631,"15 km NE of Milford, Utah",1.22,2024-02-20 23:05:36.780,38.5,-112.893666666667,1.97
ak0242cpusjj,"49 km N of Stevens Village, Alaska",1.2,2024-02-20 22:58:55.907,66.4433,-149.2602,10.1
uu80043621,"15 km NE of Milford, Utah",0.71,2024-02-20 22:56:31.370,38.4981666666667,-112.895,1.73
us7000m0g5,"24 km NE of Rustāq, Afghanistan",4.3,2024-02-20 22:47:54.732,37.3044,70.0014,8.934
ak0242cpsc65,"44 km NW of Aleneva, Alaska",1.9,2024-02-20 22:47:13.259,58.3348,-153.4548,70.8
ci40673336,"17 km ESE of Little Lake, CA",0.82,2024-02-20 22:43:56.150,35.89,-117.7221667,4.52
ak0242cpqaa1,"29 km NNW of Susitna, Alaska",1.5,2024-02-20 22:37:57.391,61.7813,-150.7536,48.8
us7000m15q,south of the Fiji Islands,4.3,2024-02-20 22:37:24.400,-24.2717,179.9796,514.941
uu80043586,"14 km NE of Milford, Utah",0.58,2024-02-20 22:36:36.890,38.4983333333333,-112.901,2.19
mb90041228,"29 km SE of Virginia City, Montana",1.15,2024-02-20 22:36:26.330,45.0776666666667,-111.7345,-2.0
nc74005206,"20 km SE of Yosemite Valley, CA",1.5,2024-02-20 22:35:21.410,37.6395,-119.3913333,7.89
ak0242cppd7l,"54 km S of Cantwell, Alaska",1.4,2024-02-20 22:33:26.763,62.9127,-148.7575,11.1
us7000m15r,"Volcano Islands, Japan region",4.4,2024-02-20 22:32:21.048,23.197,142.5149,81.724
uu80043576,"14 km NE of Milford, Utah",0.42,2024-02-20 22:31:28.960,38.4965,-112.896833333333,2.42
hv74117576,"14 km S of Fern Forest, Hawaii",1.79,2024-02-20 22:28:10.830,19.3391666412354,-155.126663208008,1.11000001430511
pr71440698,"81 km N of Isabela, Puerto Rico",3.39,2024-02-20 22:27:20.380,19.2348333333333,-67.082,12.47
ak0242cpo0wr,"68 km NW of Yakutat, Alaska",1.4,2024-02-20 22:27:01.075,60.031,-140.491,12.0
us7000m4ps,"12 km NW of Nueva Tenochtitlán (Rizo de Oro), Mexico",4.2,2024-02-20 22:22:08.695,16.5461,-94.169,105.927
nc74005201,"10 km WNW of The Geysers, CA",0.7,2024-02-20 22:19:25.260,38.8260002,-122.8531647,1.7
ak0242cplghs,"41 km W of Anchor Point, Alaska",1.9,2024-02-20 22:15:03.366,59.7902,-152.5727,84.7
uu80043551,"14 km NE of Milford, Utah",0.45,2024-02-20 22:13:48.110,38.4956666666667,-112.905166666667,2.62
nn00873704,"50 km NNW of Pahrump, Nevada",0.8,2024-02-20 22:02:59.763,36.6027,-116.2609,5.0
nc74005186,"10 km NW of The Geysers, CA",0.29,2024-02-20 22:02:21.810,38.8401667,-122.8371667,1.38
nc74005181,"10 km NW of The Geysers, CA",0.27,2024-02-20 22:01:05.220,38.8406677,-122.8373337,0.92
hv74117541,"7 km N of Kukuihaele, Hawaii",2.43,2024-02-20 21:52:47.210,20.189,-155.563,14.99
uu80043501,"14 km NE of Milford, Utah",0.58,2024-02-20 21:50:25.320,38.4918333333333,-112.904166666667,1.65
uu80043486,"14 km NE of Milford, Utah",2.01,2024-02-20 21:44:04.500,38.4936666666667,-112.901,1.61
ak0242cp5v1y,"34 km SW of Glacier View, Alaska",1.2,2024-02-20 21:42:30.133,61.5635,-148.0408,8.4
uu80043476,"14 km NE of Milford, Utah",0.42,2024-02-20 21:41:55.230,38.497,-112.901666666667,2.36
uu80043461,"14 km NE of Milford, Utah",0.34,2024-02-20 21:37:04.070,38.4965,-112.899,2.29
nc74005171,"2 km NW of The Geysers, CA",1.12,2024-02-20 21:31:13.210,38.7924995,-122.774498,3.6
us7000m0hv,"Izu Islands, Japan region",4.5,2024-02-20 21:13:51.554,29.3493,142.1834,10.0
ak0242coyzt3,"113 km SW of Adak, Alaska",2.0,2024-02-20 21:10:22.794,51.2555,-177.9303,16.3
nc74005166,"7 km W of Cobb, CA",1.05,2024-02-20 21:09:04.680,38.8339996,-122.8026657,1.94
uu80043381,"14 km NE of Milford, Utah",0.61,2024-02-20 20:56:12.550,38.4975,-112.900166666667,2.2
ci40673320,"17 km ESE of Julian, CA",1.33,2024-02-20 20:55:18.190,33.0371667,-116.4228333,8.05
uu80043371,"14 km NE of Milford, Utah",0.75,2024-02-20 20:46:42.210,38.4971666666667,-112.9005,2.29
ak0242colb60,"65 km WNW of Skwentna, Alaska",1.7,2024-02-20 20:46:36.057,62.1508,-152.5962,5.1
hv74117461,"11 km ENE of Pāhala, Hawaii",2.55,2024-02-20 20:34:50.530,19.2528333333333,-155.382333333333,30.86
tx2024doxv,"56 km S of Whites City, New Mexico",1.6,2024-02-20 20:32:18.581,31.667,-104.332,6.6638
ci40673304,"5 km NE of Rancho San Diego, CA",1.42,2024-02-20 20:31:50.370,32.7718333,-116.8935,-0.26
us7000m160,"279 km NW of Houma, Tonga",4.1,2024-02-20 20:29:54.399,-19.7344,-177.5101,538.667
ak0242cohls8,"115 km S of Unalaska, Alaska",2.0,2024-02-20 20:29:22.277,52.8532,-166.8213,21.3
ci40673280,"6 km ESE of Chula Vista, CA",1.57,2024-02-20 20:25:44.120,32.6126667,-116.9901667,-0.43
ci40673272,"20 km E of Little Lake, CA",1.07,2024-02-20 20:24:19.340,35.9323333,-117.682,2.34
uu80043346,"14 km NE of Milford, Utah",1.86,2024-02-20 20:23:21.090,38.4931666666667,-112.891833333333,1.42
ak0242cofbzs,"40 km NE of Chase, Alaska",1.3,2024-02-20 20:18:49.520,62.7028,-149.5271,73.2
ak0242coenhu,"110 km S of Unalaska, Alaska",1.9,2024-02-20 20:15:32.022,52.8872,-166.7273,3.9
nc74005156,"3 km ENE of The Geysers, CA",1.89,2024-02-20 20:05:51.580,38.7875,-122.7263333,1.1
mb90041223,"5 km E of Butte, Montana",0.95,2024-02-20 20:02:01.160,46.008,-112.4675,-2.0
uu80043316,"15 km NE of Milford, Utah",-0.28,2024-02-20 20:01:29.730,38.5046666666667,-112.902333333333,1.93
tx2024dowt,"54 km S of Whites City, New Mexico",2.3,2024-02-20 20:00:44.382,31.687,-104.424,4.7668
ci40673264,"7 km S of Mojave, CA",1.33,2024-02-20 19:59:36.340,34.9871667,-118.1865,-0.85
ak0242co206g,"23 km S of Manley Hot Springs, Alaska",1.5,2024-02-20 19:56:31.038,64.7908,-150.6919,14.7
nn00873686,"52 km S of Silver Peak, Nevada",1.4,2024-02-20 19:55:50.257,37.2837,-117.6025,8.7
nc74005151,"5 km SW of Clayton, CA",1.58,2024-02-20 19:49:46.310,37.907,-121.9773333,9.61
uu80043286,"14 km NE of Milford, Utah",0.53,2024-02-20 19:46:56.990,38.4966666666667,-112.898833333333,2.43
uw61983771,"1 km ESE of Kapowsin, Washington",1.5,2024-02-20 19:41:58.920,46.97716666666667,-122.20583333333333,-0.26
nc74005146,"14 km WSW of Ferndale, CA",2.19,2024-02-20 19:38:29.900,40.5281667,-124.417,19.35
uu80043276,"14 km NE of Milford, Utah",1.11,2024-02-20 19:36:25.090,38.4968333333333,-112.901333333333,2.53
us7000m15l,"278 km E of Sola, Vanuatu",4.2,2024-02-20 19:35:12.306,-13.8497,170.1248,645.729
ci40673256,"8 km ENE of Imperial, CA",1.29,2024-02-20 19:28:20.750,32.8636667,-115.4811667,4.97
uu80043251,"15 km NE of Milford, Utah",1.88,2024-02-20 19:24:04.710,38.4945,-112.8905,1.21
ak0242cnunw7,"64 km N of Petersville, Alaska",1.4,2024-02-20 19:22:02.418,63.062,-150.5234,96.5
uu80043246,"14 km NE of Milford, Utah",0.41,2024-02-20 19:21:14.930,38.4966666666667,-112.900666666667,3.03
uu80043236,"14 km NE of Milford, Utah",1.41,2024-02-20 19:18:00.580,38.4956666666667,-112.897166666667,2.08
nc74005141,"6 km W of Cobb, CA",0.59,2024-02-20 19:16:40.650,38.8245,-122.7906667,1.81
nn00873708,"15 km SW of Indian Springs, Nevada",0.9,2024-02-20 19:15:34.955,36.4919,-115.8089,7.5
us7000m15j,"119 km E of Hihifo, Tonga",4.7,2024-02-20 19:14:41.806,-15.9891,-172.6804,10.0
ci40673248,"20 km SW of La Quinta, CA",0.74,2024-02-20 19:09:39.320,33.5185,-116.4451667,10.69
pr71440693,"6 km WSW of Guánica, Puerto Rico",2.2,2024-02-20 19:08:39.060,17.9448333333333,-66.9588333333333,10.28
nn00874068,"55 km S of Silver Peak, Nevada",1.1,2024-02-20 19:04:23.800,37.2514,-117.6142,10.6
uu80043196,"14 km NE of Milford, Utah",0.33,2024-02-20 18:56:34.790,38.4965,-112.902666666667,2.95
uu80000553,"14 km NE of Milford, Utah",0.39,2024-02-20 18:51:33.510,38.4975,-112.902,2.46
uu80043181,"14 km NE of Milford, Utah",0.23,2024-02-20 18:51:22.330,38.4973333333333,-112.902833333333,2.38
mb90041218,"20 km NNW of Challis, Idaho",2.1,2024-02-20 18:49:09.530,44.6636666666667,-114.366833333333,6.17
ak0242cnf0dy,"6 km WSW of Trapper Creek, Alaska",2.2,2024-02-20 18:49:03.308,62.2839,-150.3424,2.0
hv74117371,"15 km E of Kalaoa, Hawaii",1.77,2024-02-20 18:48:57.450,19.7305,-155.833166666667,12.27
nn00873681,"15 km SW of Indian Springs, Nevada",2.4,2024-02-20 18:43:21.460,36.4724,-115.7911,10.4
av91132858,"43 km WSW of False Pass, Alaska",0.28,2024-02-20 18:41:03.360,54.7591666666667,-164.061,7.32
ci40673224,"6 km NNE of Moreno Valley, CA",1.23,2024-02-20 18:40:38.970,33.9785,-117.2038333,13.07
nc74005136,"8 km W of Cobb, CA",0.73,2024-02-20 18:32:33.380,38.8355,-122.8098333,2.06
ak0242cnbdx4,"77 km SSW of False Pass, Alaska",2.0,2024-02-20 18:32:11.213,54.1998,-163.8035,57.4
uu80043141,"14 km NE of Milford, Utah",0.42,2024-02-20 18:27:55.430,38.4958333333333,-112.897166666667,2.21
us7000m0ef,"127 km SSW of Hihifo, Tonga",4.9,2024-02-20 18:27:48.889,-17.0356,-174.2162,110.087
ak0242cnaaxl,"11 km ENE of Willow, Alaska",1.2,2024-02-20 18:27:06.814,61.7801,-149.8296,6.5
ci40673216,"20 km W of Searles Valley, CA",0.95,2024-02-20 18:20:31.710,35.7955,-117.6213333,10.38
uu80043126,"14 km NE of Milford, Utah",0.93,2024-02-20 18:20:26.470,38.4963333333333,-112.894833333333,1.65
nc74005131,"8 km WNW of Cobb, CA",1.12,2024-02-20 18:19:27.720,38.838501,-122.8133316,1.81
ak0242cn8gc6,"62 km SE of Ruby, Alaska",1.5,2024-02-20 18:18:44.249,64.4008,-154.4383,6.1
av91132853,"6 km NNE of Dutch Harbor, Alaska",-0.07,2024-02-20 18:14:11.830,53.943,-166.5235,9.01
nc74005126,"6 km NW of The Geysers, CA",1.14,2024-02-20 18:07:42.360,38.8153333,-122.8098333,1.32
ci40673208,"11 km SW of Anza, CA",0.78,2024-02-20 18:03:14.860,33.4866667,-116.7578333,6.42
uu80000548,"15 km NE of Milford, Utah",-0.47,2024-02-20 18:03:02.810,38.497,-112.893833333333,2.72
uu80043091,"14 km NE of Milford, Utah",0.11,2024-02-20 18:02:44.780,38.496,-112.8995,2.1
ci40673200,"4 km W of Borrego Springs, CA",1.47,2024-02-20 18:01:51.750,33.2571667,-116.4236667,4.11
ci40673184,"5 km W of Borrego Springs, CA",0.93,2024-02-20 18:01:03.320,33.2638333,-116.4235,3.83
uw61983741,"23 km NNE of Amboy, Washington",0.58,2024-02-20 17:54:39.750,46.116166666666665,-122.37383333333334,8.04
uu80043046,"15 km NE of Milford, Utah",0.27,2024-02-20 17:43:39.500,38.5008333333333,-112.894166666667,1.57
uu80043041,"15 km NE of Milford, Utah",0.19,2024-02-20 17:42:02.830,38.5025,-112.8985,1.94
us7000m0e9,south of the Fiji Islands,4.8,2024-02-20 17:32:58.893,-24.0278,178.6553,569.146
ci40673176,"15 km ENE of Ocotillo, CA",1.88,2024-02-20 17:30:35.530,32.7745,-115.8415,7.55
uu80043006,"15 km NE of Milford, Utah",0.17,2024-02-20 17:21:50.720,38.5018333333333,-112.895666666667,1.75
nc74005121,"6 km WNW of Cobb, CA",0.5,2024-02-20 17:21:37.980,38.8355,-122.7951667,1.96
ak0242cmnm2q,"55 km SW of Unalaska, Alaska",1.7,2024-02-20 17:21:20.830,53.5334,-167.1427,16.4
nc74005116,"2 km N of The Geysers, CA",1.09,2024-02-20 17:20:45.100,38.793499,-122.7573318,0.47
uu80043001,"15 km NE of Milford, Utah",0.71,2024-02-20 17:18:33.860,38.5001666666667,-112.895666666667,1.28
uu80042996,"15 km NE of Milford, Utah",0.66,2024-02-20 17:17:21.580,38.5015,-112.900666666667,1.93
us7000m0sd,"3 km NNW of L'Épiphanie, Canada",1.8,2024-02-20 17:13:17.064,45.8805,-73.5051,7.779
nc74005106,"2 km NE of Pleasant Hill, CA",1.47,2024-02-20 17:04:42.060,37.9638333,-122.0433333,13.8
nc74005101,"7 km WNW of The Geysers, CA",0.87,2024-02-20 16:56:09.630,38.8131676,-122.8271637,1.74
hv74117291,"1 km SW of Pāhala, Hawaii",1.81,2024-02-20 16:45:28.960,19.1911666666667,-155.492333333333,36.15
ak0242cm6p50,"62 km WNW of Skwentna, Alaska",2.2,2024-02-20 16:42:28.951,62.1259,-152.5527,14.9
hv74117276,"10 km SSW of Volcano, Hawaii",1.34,2024-02-20 16:37:01.480,19.3506666666667,-155.258666666667,2.28
uw61983726,"51 km SE of Hope, Canada",1.6,2024-02-20 16:30:47.250,49.039833333333334,-120.976,9.56
ak0242cm3z8f,"57 km SE of Denali National Park, Alaska",1.5,2024-02-20 16:29:59.677,63.2436,-150.7795,123.3
us7000m0d0,"76 km SW of Yonakuni, Japan",4.4,2024-02-20 16:08:36.186,23.9752,122.4705,23.706
ak0242clzf5l,"22 km W of Skwentna, Alaska",1.8,2024-02-20 16:08:33.739,61.9683,-151.8174,99.6
nc74005096,"10 km NW of The Geysers, CA",1.06,2024-02-20 16:07:28.750,38.8411674,-122.8375015,1.56
ak0242clye33,"61 km S of Glacier View, Alaska",1.6,2024-02-20 16:03:49.927,61.2591,-147.6805,0.0
pr71440683,"7 km SSE of Maria Antonia, Puerto Rico",2.54,2024-02-20 16:00:46.980,17.9115,-66.8638333333333,18.2
nn00873717,"14 km WSW of Indian Springs, Nevada",0.7,2024-02-20 15:47:46.854,36.5011,-115.8106,13.1
ak0242cli11a,"55 km E of Pedro Bay, Alaska",2.3,2024-02-20 15:27:19.318,59.7875,-153.1238,99.4
pr71440663,"15 km SSE of Maria Antonia, Puerto Rico",2.63,2024-02-20 15:17:56.310,17.8428333333333,-66.8408333333333,7.69
us7000m0cc,"86 km SSE of Yonakuni, Japan",4.6,2024-02-20 15:12:29.971,23.7356,123.2931,28.087
ok2024dong,"7 km NW of Prague, Oklahoma",1.12,2024-02-20 15:11:51.329,35.539,-96.74516667,6.35
nn00873674,"15 km SW of Indian Springs, Nevada",1.1,2024-02-20 15:08:51.676,36.4837,-115.8128,12.1
nc74005091,"9 km WNW of Cobb, CA",0.71,2024-02-20 15:05:23.720,38.8466682,-122.8186646,1.7
ak0242cl325z,"17 km NE of Chickaloon, Alaska",1.1,2024-02-20 14:57:34.956,61.8954,-148.1931,38.6
us7000m0cb,"86 km SSE of Yonakuni, Japan",5.0,2024-02-20 14:57:30.542,23.7363,123.3047,20.38
ci40673144,"6 km NNE of Moreno Valley, CA",0.95,2024-02-20 14:52:42.600,33.9793333,-117.2031667,12.56
ci40673136,"8 km SSW of Idyllwild, CA",0.52,2024-02-20 14:51:05.490,33.6736667,-116.763,12.8
ak0242ckzuk4,"127 km S of Unalaska, Alaska",2.3,2024-02-20 14:42:27.455,52.7329,-166.5811,6.6
nn00873672,"13 km WSW of Indian Springs, Nevada",0.8,2024-02-20 14:42:19.894,36.5057,-115.8042,12.2
ak0242ckzodz,"53 km E of Pedro Bay, Alaska",2.0,2024-02-20 14:41:56.716,59.7255,-153.1649,113.5
nn00873716,"16 km SW of Indian Springs, Nevada",0.7,2024-02-20 14:34:24.581,36.4815,-115.8184,10.8
ak0242ckxvy5,"52 km NNE of Yakutat, Alaska",1.4,2024-02-20 14:33:19.789,60.0068,-139.5077,0.0
nn00873719,"15 km SW of Indian Springs, Nevada",0.8,2024-02-20 14:25:56.103,36.4875,-115.812,11.4
ak0242ckw4zd,"52 km SSE of Denali National Park, Alaska",1.0,2024-02-20 14:25:05.536,63.0795,-151.5087,8.1
ak0242ckvl70,"24 km NW of Petersville, Alaska",1.4,2024-02-20 14:22:49.087,62.6484,-151.1022,89.8
ci40673120,"14 km SSW of Searles Valley, CA",1.38,2024-02-20 14:21:58.320,35.6503333,-117.4595,5.72
us7000m15b,Fiji region,4.2,2024-02-20 14:21:23.852,-18.5709,-177.8234,603.159
ci40673112,"3 km SW of San Bernardino, CA",1.31,2024-02-20 14:20:25.010,34.1055,-117.313,15.43
ak0242ckuq0b,"41 km ESE of Port Alsworth, Alaska",2.0,2024-02-20 14:18:44.914,60.1263,-153.5817,159.5
us7000m0c9,"75 km SW of Yonakuni, Japan",4.5,2024-02-20 14:18:17.112,23.9954,122.465,26.767
ok2024dokz,"8 km NW of Prague, Oklahoma",0.93,2024-02-20 14:03:22.070,35.53683333,-96.751,6.48
uu80042816,"13 km SSE of Kanarraville, Utah",1.01,2024-02-20 13:59:38.270,37.4256666666667,-113.120166666667,9.68
us7000m0c7,"83 km SSE of Yonakuni, Japan",4.8,2024-02-20 13:56:27.208,23.7591,123.2705,22.708
ak0242ckfexe,"52 km NNE of Kobuk, Alaska",2.3,2024-02-20 13:47:02.902,67.3229,-156.2913,1.3
av92210306,"63 km ENE of Pedro Bay, Alaska",-0.71,2024-02-20 13:40:25.530,60.0215,-153.068333333333,0.91
ak0242ckdp5w,"48 km NNE of Petersville, Alaska",1.5,2024-02-20 13:39:02.348,62.895,-150.389,89.9
uu80042791,"15 km NE of Milford, Utah",1.49,2024-02-20 13:33:04.740,38.4976666666667,-112.895,2.05
uu80042786,"14 km NE of Milford, Utah",0.9,2024-02-20 13:29:25.170,38.4965,-112.895,2.0
nc74005086,"13 km WSW of Toms Place, CA",0.42,2024-02-20 13:29:02.300,37.5263333,-118.8245,3.24
nc74005081,"2 km W of Concord, CA",2.36,2024-02-20 13:22:13.610,37.9658333,-122.0386667,15.82
nc74005066,"5 km W of Cobb, CA",0.56,2024-02-20 13:21:12.450,38.8216667,-122.786,1.25
nn00873671,"50 km S of Silver Peak, Nevada",1.2,2024-02-20 13:20:59.834,37.3012,-117.5955,6.3
mb90041213,"12 km WNW of Radersburg, Montana",0.6,2024-02-20 13:04:02.880,46.2463333333333,-111.769333333333,4.98
nn00873669,"15 km SW of Indian Springs, Nevada",0.9,2024-02-20 13:03:16.672,36.4909,-115.8095,12.0
hv74117151,"14 km ENE of Pāhala, Hawaii",2.31,2024-02-20 13:01:26.910,19.2728333333333,-155.358333333333,3.42
hv74117141,"8 km SSE of Pāhala, Hawaii",2.03,2024-02-20 12:54:16.720,19.1375,-155.4355,46.73
ci40673104,"8 km SSE of Idyllwild, CA",0.79,2024-02-20 12:44:52.950,33.6721667,-116.6915,16.02
ak0242cjstf7,"3 km ESE of Big Lake, Alaska",1.4,2024-02-20 12:41:59.873,61.5137,-149.8937,45.7
ak0242cjs9ot,"164 km SE of Chignik, Alaska",2.7,2024-02-20 12:39:04.134,55.0933,-156.8692,25.3
nc74005056,"10 km NW of The Geysers, CA",0.6,2024-02-20 12:38:22.040,38.829834,-122.8551636,2.15
ak0242cjrp0s,"111 km SSE of False Pass, Alaska",1.8,2024-02-20 12:36:36.280,54.0204,-162.4555,4.9
pr71440653,"7 km S of Guánica, Puerto Rico",2.01,2024-02-20 12:36:06.800,17.9061666666667,-66.904,7.24
nc74005051,"11 km E of Yountville, CA",1.58,2024-02-20 12:30:57.320,38.4173333,-122.234,7.74
us7000m0bz,"16 km SSE of Stanley, Idaho",2.5,2024-02-20 12:30:34.475,44.0886,-114.849,10.0
nc74005046,"11 km E of Yountville, CA",1.24,2024-02-20 12:27:39.320,38.4165,-122.2345,6.66
mb90041208,"15 km SSE of Stanley, Idaho",1.95,2024-02-20 12:24:35.660,44.0923333333333,-114.864,5.57
nc74005041,"7 km NW of The Geysers, CA",-0.07,2024-02-20 12:18:55.010,38.8128333,-122.819,2.66
nn00873718,"44 km NW of Indian Springs, Nevada",0.0,2024-02-20 12:03:59.985,36.7992,-116.0827,6.0
nc74005031,"7 km NW of The Geysers, CA",0.75,2024-02-20 12:03:04.450,38.8219986,-122.80867,2.81
nn00874066,"49 km S of Silver Peak, Nevada",0.6,2024-02-20 11:56:50.648,37.3146,-117.5915,3.7
hv74117076,"1 km SSE of Pāhala, Hawaii",2.29999995,2024-02-20 11:49:44.010,19.1863327026367,-155.472503662109,34.2099990844727
ak0242cj80y7,"127 km S of Unalaska, Alaska",2.7,2024-02-20 11:44:53.947,52.7361,-166.7044,14.8
av91132843,"18 km W of Sitka, Alaska",0.26,2024-02-20 11:41:10.360,57.027,-135.635666666667,5.71
ak0242cj6mww,"6 km SSE of Point Possession, Alaska",1.5,2024-02-20 11:38:11.206,60.8676,-150.629,50.6
uu80042681,"15 km NE of Milford, Utah",1.29,2024-02-20 11:37:58.810,38.5038333333333,-112.890166666667,4.33
nc74005026,"6 km NW of The Geysers, CA",0.86,2024-02-20 11:26:44.710,38.8138333,-122.808,1.15
nc74005021,"2 km N of The Geysers, CA",0.6,2024-02-20 11:22:43.430,38.7995,-122.7556667,3.81
nc74005016,"6 km NW of The Geysers, CA",1.42,2024-02-20 11:22:20.140,38.8143333,-122.8081667,0.61
tx2024dofq,"52 km SSW of Whites City, New Mexico",1.6,2024-02-20 11:18:40.633,31.715,-104.49,6.0999
us7000m0br,"12 km WNW of Radersburg, Montana",2.5,2024-02-20 11:00:15.213,46.2404,-111.7777,7.063
nc74005011,"8 km NW of The Geysers, CA",0.52,2024-02-20 10:58:39.630,38.8336667,-122.8156667,1.88
us7000m0bs,"59 km E of Hami, China",5.1,2024-02-20 10:58:10.579,42.8352,94.2311,10.0
nc74005006,"8 km NW of The Geysers, CA",0.71,2024-02-20 10:50:24.570,38.829834,-122.8160019,2.06
nn00873666,"53 km NE of Keeler, California",1.9,2024-02-20 10:45:08.397,36.835,-117.4677,8.0
ci40673096,"30 km ENE of Johannesburg, CA",1.32,2024-02-20 10:43:12.800,35.4795,-117.336,7.79
tx2024doec,"43 km NW of Toyah, Texas",1.8,2024-02-20 10:35:09.813,31.594,-104.114,6.0999
ak0242cijrrp,"33 km ENE of Yakutat, Alaska",1.4,2024-02-20 10:31:43.068,59.7058,-139.2178,6.1
ci40673088,"5 km WNW of Borrego Springs, CA",1.2,2024-02-20 10:29:46.690,33.266,-116.4286667,4.66
nc74005001,"12 km S of Tres Pinos, CA",1.82,2024-02-20 10:29:39.400,36.6866667,-121.3233333,4.75
ak0242ciiuqf,"56 km NNW of Petersville, Alaska",1.7,2024-02-20 10:27:13.111,62.9493,-151.2427,109.6
ci40673080,"7 km SW of Calimesa, CA",0.95,2024-02-20 10:27:00.860,33.9431667,-117.1051667,14.62
nc74004996,"2 km SE of San Leandro, CA",1.18,2024-02-20 10:25:13.310,37.7115,-122.1363333,8.73
uu80042556,"12 km WSW of Minersville, Utah",1.35,2024-02-20 10:11:53.320,38.1526666666667,-113.042166666667,3.86
ak0242cidp76,"27 km NNE of Petersville, Alaska",1.2,2024-02-20 10:03:10.580,62.7344,-150.5943,81.7
ci40673072,"18 km E of Little Lake, CA",1.16,2024-02-20 10:02:04.430,35.951,-117.7048333,3.9
ak0242ci1r1r,"143 km WSW of Adak, Alaska",2.8,2024-02-20 09:47:35.588,51.2341,-178.4379,25.7
hv74117006,"16 km S of Volcano, Hawaii",1.71000004,2024-02-20 09:43:13.050,19.2901668548584,-155.245162963867,0.709999978542328
nc74004986,"8 km WNW of San Ardo, CA",1.07,2024-02-20 09:37:49.690,36.0395,-120.989,6.54
uw61983711,"38 km NNE of Amboy, Washington",0.78,2024-02-20 09:31:33.260,46.199666666666666,-122.18416666666667,2.16
tx2024dobs,"56 km S of Whites City, New Mexico",1.9,2024-02-20 09:23:00.592,31.665,-104.339,6.0999
pr71440648,"8 km S of Salinas, Puerto Rico",2.21,2024-02-20 09:18:21.050,17.9041666666667,-66.2833333333333,9.45
hv74116976,"1 km ENE of Pāhala, Hawaii",1.76,2024-02-20 09:12:25.890,19.2078333333333,-155.468166666667,33.94
nn00873665,"14 km SW of Indian Springs, Nevada",0.9,2024-02-20 09:06:33.110,36.4969,-115.804,11.7
ak0242chihs4,"27 km S of False Pass, Alaska",1.6,2024-02-20 08:57:51.080,54.6071,-163.487,12.2
uw61983706,"32 km N of Amboy, Washington",0.38,2024-02-20 08:53:07.800,46.201166666666666,-122.41333333333333,13.75
nn00874065,"3 km SSW of Sierra Brooks, California",0.8,2024-02-20 08:51:10.849,39.6125,-120.236,8.7
ak0242chf2b0,"43 km NNE of Chenega, Alaska",1.5,2024-02-20 08:41:50.845,60.4118,-147.6556,7.1
hv74116961,"17 km S of Leilani Estates, Hawaii",2.24,2024-02-20 08:31:11.510,19.3161666666667,-154.904333333333,42.97
nc74004966,"8 km NW of The Geysers, CA",0.76,2024-02-20 08:09:17.210,38.8318329,-122.8113327,2.13
ak0242ch68tw,"44 km ENE of Yakutat, Alaska",1.3,2024-02-20 08:00:35.993,59.6398,-138.9652,8.4
us7000m0sf,"5 km SE of Madison, Ohio",1.7,2024-02-20 07:57:30.823,41.7368,-80.9943,5.0
hv74116936,"3 km WSW of Pāhala, Hawaii",1.83,2024-02-20 07:51:16.130,19.1858333333333,-155.509333333333,37.16
hv74116931,"19 km SSE of Pāhala, Hawaii",2.22000003,2024-02-20 07:47:49.960,19.0538330078125,-155.376159667969,33.6100006103516
tx2024dnyl,"4 km ESE of Falls City, Texas",1.5,2024-02-20 07:43:01.048,28.963,-97.975,5.0049
nn00874064,"11 km SE of Smith, Nevada",1.5,2024-02-20 07:35:32.744,38.7351,-119.2288,8.9
ak0242cgrfva,"69 km SE of Denali National Park, Alaska",1.4,2024-02-20 07:31:29.182,63.1551,-150.6415,117.4
ak0242cgnrn9,"60 km SW of Cantwell, Alaska",1.3,2024-02-20 07:14:15.380,62.9808,-149.751,82.6
ak0242cgnci9,"43 km NNW of Valdez, Alaska",1.9,2024-02-20 07:12:20.333,61.5131,-146.546,14.8
hv74116911,"21 km W of Volcano, Hawaii",1.42,2024-02-20 07:09:36.920,19.4366666666667,-155.440666666667,0.82
tx2024dnxi,"48 km W of Mentone, Texas",1.7,2024-02-20 07:09:21.562,31.74,-104.112,6.6125
nc74004956,"5 km NW of Parkfield, CA",0.66,2024-02-20 07:08:39.170,35.9243333,-120.4746667,3.5
ci40673064,"21 km NE of Pine Valley, CA",1.14,2024-02-20 07:07:09.580,32.93,-116.348,10.28
nc74004951,"5 km NW of The Geysers, CA",1.33,2024-02-20 07:06:14.720,38.8151667,-122.796,0.46
ak0242cgl2ri,"48 km NNW of Yakutat, Alaska",1.4,2024-02-20 07:02:01.192,59.9266,-140.1319,2.8
ak0242cgazg1,"43 km E of Denali National Park, Alaska",1.2,2024-02-20 06:54:51.502,63.5518,-150.8445,8.1
nn00873662,"50 km S of Silver Peak, Nevada",2.4,2024-02-20 06:53:24.659,37.2995,-117.5915,6.6
tx2024dnwt,"49 km W of Mentone, Texas",2.3,2024-02-20 06:51:26.795,31.737,-104.115,6.0999
tx2024dnwq,"58 km S of Whites City, New Mexico",2.4,2024-02-20 06:48:57.758,31.65,-104.455,6.0999
ci40673056,"20 km W of Searles Valley, CA",1.23,2024-02-20 06:44:38.390,35.7985,-117.621,10.37
mb90041203,"21 km WSW of Challis, Idaho",1.28,2024-02-20 06:40:28.830,44.4515,-114.4855,4.03
ak0242cg7k5o,"250 km ESE of Chiniak, Alaska",3.0,2024-02-20 06:38:53.518,56.5937,-148.6013,12.0
us7000m14w,south of the Fiji Islands,4.2,2024-02-20 06:33:13.374,-26.9627,-177.959,10.0
us7000m156,"53 km SW of Masachapa, Nicaragua",4.4,2024-02-20 06:30:05.246,11.5056,-86.9117,46.816
ak0242cg4pkp,"31 km NNE of Paxson, Alaska",1.3,2024-02-20 06:25:24.092,63.3609,-145.4207,6.4
uw61983701,"32 km N of Amboy, Washington",0.27,2024-02-20 06:22:15.760,46.201166666666666,-122.40766666666667,13.07
tx2024dnvs,"3 km SSE of Falls City, Texas",2.3,2024-02-20 06:21:01.980,28.955,-98.008,0.0244
ci40673048,"6 km S of Idyllwild, CA",0.65,2024-02-20 06:19:39.730,33.6863333,-116.7143333,16.16
ak0242cg3fuv,"52 km E of Port Alsworth, Alaska",2.0,2024-02-20 06:19:31.306,60.1644,-153.3734,154.3
mb90041068,"3 km NW of Happys Inn, Montana",1.43,2024-02-20 06:18:42.580,48.0985,-115.174333333333,5.58
ak0242cg37bv,"22 km WNW of Beluga, Alaska",1.5,2024-02-20 06:18:21.072,61.2434,-151.4498,74.1
av92210101,"63 km ENE of Pedro Bay, Alaska",-0.62,2024-02-20 06:15:27.270,60.0491666666667,-153.095333333333,-0.23
av91132828,"36 km S of False Pass, Alaska",0.86,2024-02-20 06:15:12.810,54.5308333333333,-163.481666666667,3.24
nn00873661,"11 km SE of Smith, Nevada",2.0,2024-02-20 06:00:14.823,38.732,-119.2248,9.8
nn00873677,"57 km NNW of Indian Springs, Nevada",1.2,2024-02-20 05:59:21.490,37.0101,-116.0135,5.7
nn00873658,"12 km SE of Smith, Nevada",2.4,2024-02-20 05:59:15.112,38.7284,-119.2208,9.7
ak0242cfpxyz,"4 km NNW of Ridgeway, Alaska",1.5,2024-02-20 05:56:34.517,60.5692,-151.1213,45.9
tx2024dnuu,"17 km NE of Hermleigh, Texas",2.6,2024-02-20 05:53:09.377,32.756,-100.643,8.7402
ak0242cfp4b1,"97 km SE of Nikolai, Alaska",1.4,2024-02-20 05:52:48.805,62.3226,-153.2017,2.1
us7000m0az,"10 km E of Tpig, Russia",4.1,2024-02-20 05:47:59.592,41.7701,47.7116,6.043
tx2024dnuf,"17 km NE of Hermleigh, Texas",2.5,2024-02-20 05:35:37.103,32.751,-100.636,0.0244
uu80042431,"9 km SSW of Mammoth, Wyoming",1.14,2024-02-20 05:29:08.320,44.8996666666667,-110.74,7.44
tx2024dnty,"17 km NE of Hermleigh, Texas",2.6,2024-02-20 05:26:57.978,32.759,-100.639,8.1543
ak0242cfj0yy,"108 km E of Chignik, Alaska",2.6,2024-02-20 05:24:07.460,56.132,-156.672,43.5
pr2024051000,"77 km NW of Sandy Ground Village, Anguilla",3.58,2024-02-20 05:23:09.140,18.6156,-63.6768,30.0
ok2024dntn,"8 km WNW of Prague, Oklahoma",0.66,2024-02-20 05:14:33.399,35.52483333,-96.76666667,6.03
av92210041,"70 km NE of Nikolski, Alaska",-0.31,2024-02-20 05:06:54.170,53.3816666666667,-168.114666666667,0.61
us7000m14t,"Izu Islands, Japan region",4.4,2024-02-20 05:01:38.892,29.307,142.7426,10.0
us7000m48f,"85 km SSW of Atka, Alaska",2.7,2024-02-20 04:53:13.104,51.4571,-174.5305,43.967
ak0242cf3n6a,"85 km SE of False Pass, Alaska",1.6,2024-02-20 04:52:30.261,54.2597,-162.5729,5.2
uw61983696,"9 km NW of Friday Harbor, Washington",1.1500000000000001,2024-02-20 04:46:58.370,48.60316666666667,-123.088,11.73
nc74004936,"3 km NNW of The Geysers, CA",0.73,2024-02-20 04:46:17.200,38.7998333,-122.7751667,1.09
tx2024dnsg,"1 km E of Poth, Texas",1.4,2024-02-20 04:35:27.552,29.071,-98.064,0.0244
ak0242cev2wg,"29 km SE of Minto, Alaska",0.9,2024-02-20 04:12:35.046,64.9558,-148.9197,5.2
hv74116796,"6 km SSE of Pāhala, Hawaii",1.74,2024-02-20 04:12:16.850,19.1541666666667,-155.45,30.38
ak0242ceuw0y,"20 km SW of Trapper Creek, Alaska",1.3,2024-02-20 04:11:46.171,62.2053,-150.5335,3.3
av91132823,"19 km W of Sitka, Alaska",0.34,2024-02-20 04:08:58.360,57.049,-135.644166666667,7.15
ok2024dnri,"13 km WSW of Quinton, Oklahoma",1.35,2024-02-20 04:07:44.770,35.08233333,-95.51616667,7.81
ak0242cesy73,"62 km WNW of Elfin Cove, Alaska",1.5,2024-02-20 04:02:42.017,58.4619,-137.2761,3.6
hv74116781,"5 km SW of Volcano, Hawaii",1.43,2024-02-20 03:57:19.150,19.4091666666667,-155.269666666667,10.33
us7000m0aj,"50 km N of Camiña, Chile",4.1,2024-02-20 03:52:00.619,-18.8612,-69.3408,118.65
us7000m0ah,"142 km SW of Abepura, Indonesia",4.4,2024-02-20 03:46:53.846,-3.5071,139.7194,68.506
ak0242cedr6o,"148 km S of Akhiok, Alaska",2.6,2024-02-20 03:31:52.189,55.6351,-153.7066,6.3
ak0242cecvkf,"81 km S of Alcan Border, Alaska",1.1,2024-02-20 03:27:42.270,61.9517,-141.3305,7.4
ci40673040,"32 km SE of Bodfish, CA",1.49,2024-02-20 03:25:23.740,35.3916667,-118.2258333,6.97
us7000m14s,"82 km NW of Ternate, Indonesia",4.2,2024-02-20 03:10:03.127,1.3414,126.8873,124.437
nc74004921,"6 km W of Cobb, CA",1.01,2024-02-20 03:10:01.490,38.828,-122.7955,0.79
nc74004916,"10 km SW of Ferndale, CA",2.33,2024-02-20 03:01:18.970,40.5111667,-124.346,19.07
hv74116731,"2 km SW of Pāhala, Hawaii",1.81,2024-02-20 02:44:37.620,19.1838333333333,-155.497,35.98
us7000m0ac,"20 km NW of Turangi, New Zealand",4.2,2024-02-20 02:43:31.885,-38.8452,175.6715,122.407
nc74004911,"5 km ENE of Aromas, CA",1.27,2024-02-20 02:36:31.520,36.9108333,-121.5996667,6.31
ak0242cdpux6,"49 km S of Sand Point, Alaska",1.9,2024-02-20 02:19:50.763,54.8945,-160.3771,25.6
uu80042376,"15 km NE of Milford, Utah",1.95,2024-02-20 02:19:27.680,38.502,-112.893666666667,1.6
ak0242cdp7ww,"67 km W of Petersville, Alaska",1.5,2024-02-20 02:17:03.868,62.5437,-152.0658,105.3
ak0242cdmxfh,"17 km NW of Karluk, Alaska",1.7,2024-02-20 02:06:35.076,57.6901,-154.6537,59.5
us7000m48a,"90 km SE of False Pass, Alaska",2.6,2024-02-20 02:04:08.921,54.201,-162.5782,35.0
ci40673032,"11 km SW of Anza, CA",-0.19,2024-02-20 02:04:02.380,33.4883333,-116.7548333,5.68
ak0242cdm2nk,"23 km SW of Fort Greely, Alaska",1.7,2024-02-20 02:02:37.013,63.7805,-145.8828,7.5
ci40673024,"12 km WNW of Grapevine, CA",1.36,2024-02-20 02:01:25.170,34.9826667,-119.0586667,24.3
uu80042356,"7 km NNE of West Yellowstone, Montana",1.49,2024-02-20 01:50:09.410,44.7263333333333,-111.083166666667,8.59
tx2024dnmt,"23 km WNW of Stanton, Texas",2.8,2024-02-20 01:49:20.249,32.227,-102.014,7.3975
ak0242cdaacx,"53 km WNW of Ninilchik, Alaska",1.4,2024-02-20 01:47:37.776,60.214,-152.5774,80.6
us7000m0a2,"4 km SE of Jordán, Colombia",4.6,2024-02-20 01:38:03.542,6.6974,-73.0686,165.316
ak0242cd54qg,"6 km SSW of Salcha, Alaska",0.9,2024-02-20 01:23:34.833,64.4713,-146.9697,7.8
av92209851,"84 km W of Adak, Alaska",1.25,2024-02-20 01:23:08.090,51.857,-177.8605,8.0
nm60570671,"4 km ENE of Grandin, Missouri",2.68,2024-02-20 01:22:43.930,36.8486666666667,-90.7811666666667,15.19
nc74004906,"10 km NW of The Geysers, CA",1.41,2024-02-20 01:15:01.200,38.8385,-122.8375,1.26
ak0242cd30m1,"226 km SW of Yakutat, Alaska",2.1,2024-02-20 01:13:44.684,58.2097,-142.6794,12.0
us7000m09y,"37 km S of Padam, India",4.3,2024-02-20 01:05:59.297,33.1263,76.8805,10.0
us7000m14q,"104 km SE of Kokopo, Papua New Guinea",4.0,2024-02-20 01:02:36.930,-5.0666,152.8708,35.0
ak0242ccqjnf,"28 km WNW of Anchor Point, Alaska",2.0,2024-02-20 00:55:27.560,59.8394,-152.3211,94.1
ci40673016,"10 km W of Lakeland Village, CA",1.33,2024-02-20 00:52:00.360,33.6368333,-117.4521667,11.81
ci40673008,"4 km WSW of Imperial, CA",1.49,2024-02-20 00:41:58.570,32.8283333,-115.6043333,12.19
ak0242ccjasf,"26 km SW of Petersville, Alaska",1.0,2024-02-20 00:21:46.239,62.3434,-151.1567,71.2
mb90041053,"3 km NW of Happys Inn, Montana",1.78,2024-02-20 00:19:48.010,48.0998333333333,-115.177,1.27
av91132808,"19 km W of Sitka, Alaska",0.17,2024-02-20 00:18:49.580,57.0573333333333,-135.652833333333,6.8
ak0242cchz4m,"104 km SSE of Ugashik, Alaska",1.9,2024-02-20 00:15:27.727,56.6439,-156.7358,9.6
ak0242cchipn,"13 km E of Fox, Alaska",1.2,2024-02-20 00:13:16.011,64.979,-147.3451,0.0
ak0242cchbbl,"37 km WSW of Tatitlek, Alaska",1.6,2024-02-20 00:12:20.403,60.7781,-147.3519,6.6
ak0242cch2f3,"5 km WNW of Happy Valley, Alaska",1.6,2024-02-20 00:11:10.198,59.9644,-151.8219,63.2
nc74004901,"6 km NW of The Geysers, CA",0.41,2024-02-20 00:00:09.260,38.8168333,-122.8078333,1.76
us7000m147,"35 km ENE of Yilan, Taiwan",4.2,2024-02-19 23:48:22.604,24.8275,122.092,6.342
us7000m44q,"51 km SE of Adak, Alaska",3.4,2024-02-19 23:47:58.710,51.5156,-176.1557,35.0
ak0242b2sjl3,"91 km SSW of McCarthy, Alaska",1.2,2024-02-19 23:38:35.759,60.6338,-143.3298,0.4
ak0242b2ru22,"15 km NNE of Cantwell, Alaska",1.5,2024-02-19 23:35:05.366,63.5152,-148.7877,7.5
ak0242b2qmqm,"8 km N of Meadow Lakes, Alaska",1.4,2024-02-19 23:29:44.836,61.7032,-149.5961,27.5
ak0242b2qmxa,"49 km S of Sand Point, Alaska",1.9,2024-02-19 23:29:34.941,54.8878,-160.4674,18.1
us7000m096,"142 km ENE of Puerto Baquerizo Moreno, Ecuador",5.0,2024-02-19 23:26:19.685,-0.1997,-88.5336,10.0
tx2024dnhy,"61 km S of Whites City, New Mexico",1.6,2024-02-19 23:24:57.455,31.625,-104.35,6.0999
nc74004896,"7 km NW of The Geysers, CA",1.33,2024-02-19 23:24:27.410,38.8158333,-122.8178333,1.28
uw61983686,"13 km E of Goldendale, Washington",1.8900000000000001,2024-02-19 23:24:25.340,45.8185,-120.64733333333334,-0.73
ci40672992,"7 km ESE of Valle Vista, CA",1.15,2024-02-19 23:20:04.900,33.7235,-116.8253333,16.88
ak0242b2njs3,"57 km NNE of Chenega, Alaska",1.3,2024-02-19 23:15:05.639,60.5483,-147.6496,2.6
ak0242b2bnrs,"33 km SSW of False Pass, Alaska",1.6,2024-02-19 22:59:58.640,54.5574,-163.5335,9.0
ak0242b2a5aq,"23 km ENE of Beluga, Alaska",1.7,2024-02-19 22:52:53.327,61.2503,-150.7175,44.2
nc74004891,"8 km NW of The Geysers, CA",0.52,2024-02-19 22:51:07.860,38.8188333,-122.8285,2.7
ci40672984,"24 km NNW of Borrego Springs, CA",0.9,2024-02-19 22:50:34.200,33.4621667,-116.431,8.12
ak0242b290f9,"21 km ESE of Knik River, Alaska",1.2,2024-02-19 22:47:23.869,61.3999,-148.527,26.3
ci40672976,"7 km WNW of Lake Elsinore, CA",0.83,2024-02-19 22:29:48.290,33.6921667,-117.4015,9.17
ak0242b2435h,"46 km SSE of Ivanof Bay, Alaska",1.8,2024-02-19 22:24:25.493,55.4955,-159.2993,16.3
pr71440613,"85 km NNE of Punta Cana, Dominican Republic",3.42,2024-02-19 22:17:57.710,19.2636666666667,-68.016,27.69
ak0242b225et,"117 km NW of Yakutat, Alaska",1.1,2024-02-19 22:15:21.600,60.1948,-141.3856,0.0
ak0242b21zzq,"28 km WNW of Petersville, Alaska",1.2,2024-02-19 22:14:51.425,62.6039,-151.2783,85.6
us7000m44t,"206 km SSE of King Cove, Alaska",2.6,2024-02-19 22:07:55.055,53.309,-161.2983,10.0
mb90041198,"4 km ENE of Butte, Montana",1.34,2024-02-19 22:01:42.360,46.0175,-112.474166666667,-2.0
nc74004886,"5 km NW of The Geysers, CA",1.63,2024-02-19 21:47:09.010,38.8165,-122.7936667,1.97
nc74004881,"6 km NW of The Geysers, CA",1.93,2024-02-19 21:46:57.910,38.816,-122.7951667,2.16
ak0242b1lue6,"62 km WNW of Ninilchik, Alaska",2.0,2024-02-19 21:39:13.900,60.2498,-152.717,114.3
ak0242b1kmcq,"21 km NNE of Moose Pass, Alaska",1.4,2024-02-19 21:33:43.145,60.6747,-149.2736,11.6
uw61983681,"31 km N of Amboy, Washington",0.19,2024-02-19 21:32:07.560,46.1915,-122.42733333333334,8.33
nc74004876,"12 km ESE of Mammoth Lakes, CA",0.8,2024-02-19 21:27:40.430,37.6021667,-118.8528333,5.41
ak0242b1j2gh,"57 km WSW of Nikolski, Alaska",2.2,2024-02-19 21:26:18.734,52.6742,-169.5877,22.8
tx2024dndw,"19 km ESE of Balmorhea, Texas",1.8,2024-02-19 21:19:27.974,30.941,-103.549,6.0229
tx2024dndt,"17 km E of Balmorhea, Texas",1.5,2024-02-19 21:16:22.591,30.961,-103.562,6.7407
hv74116526,"3 km SW of Pāhala, Hawaii",1.8,2024-02-19 21:14:23.140,19.1798333333333,-155.500833333333,35.41
pr71440598,"79 km NNE of Punta Cana, Dominican Republic",3.38,2024-02-19 21:02:33.410,19.2225,-68.0611666666667,24.91
ak0242b1dxqq,"34 km SSW of Trapper Creek, Alaska",1.2,2024-02-19 21:02:24.820,62.0225,-150.4606,12.3
ak0242b1dp7w,"36 km NNE of Excursion Inlet, Alaska",1.0,2024-02-19 21:01:14.700,58.7326,-135.2459,3.9
us7000m145,"132 km NW of Sola, Vanuatu",4.2,2024-02-19 20:59:38.995,-12.9988,166.721,118.201
ak0242b14h8y,"48 km SSE of Denali National Park, Alaska",1.3,2024-02-19 20:58:12.157,63.112,-151.5138,12.6
tx2024dndb,"3 km ESE of Falls City, Texas",3.2,2024-02-19 20:55:01.131,28.972,-97.984,1.1475
ak0242b13puk,"72 km WSW of Cantwell, Alaska",1.6,2024-02-19 20:54:53.307,63.2659,-150.3699,113.2
ak0242b13a01,"57 km WNW of Ninilchik, Alaska",2.0,2024-02-19 20:52:51.003,60.3336,-152.5315,90.7
pr71440588,"65 km ENE of Punta Cana, Dominican Republic",3.27,2024-02-19 20:51:12.890,18.8246666666667,-67.8403333333333,8.47
ak0242b10mt2,"38 km SSW of South Van Horn, Alaska",1.1,2024-02-19 20:40:17.621,64.4841,-148.0283,9.0
nc74004871,"9 km WNW of The Geysers, CA",0.81,2024-02-19 20:36:30.360,38.8223343,-122.8454971,2.07
ak0242b0zbne,"64 km NW of Rampart, Alaska",1.3,2024-02-19 20:34:04.986,65.9534,-151.0722,4.2
nm60570626,"3 km WNW of Marston, Missouri",1.58,2024-02-19 20:32:03.790,36.5323333333333,-89.6436666666667,7.87
ak0242b0w6ah,"66 km SE of King Cove, Alaska",1.5,2024-02-19 20:19:37.533,54.6989,-161.491,13.2
mb90041033,"16 km NE of Stanley, Idaho",2.34,2024-02-19 20:07:51.240,44.3385,-114.817166666667,8.03
nc74004866,"1 km N of The Geysers, CA",1.31,2024-02-19 20:05:32.750,38.7876667,-122.7551667,2.21
mb90041193,"4 km E of Butte, Montana",1.83,2024-02-19 20:04:52.060,46.0016666666667,-112.473,-2.0
ak0242b0j8hy,"31 km ESE of Skwentna, Alaska",1.3,2024-02-19 19:59:00.869,61.8849,-150.8458,64.8
us7000m144,"Izu Islands, Japan region",4.2,2024-02-19 19:56:53.407,30.6302,143.0899,10.0
ak0242b0hjnk,"10 km NNE of Ninilchik, Alaska",1.2,2024-02-19 19:51:12.324,60.1352,-151.5771,49.0
us7000m44p,"148 km W of Adak, Alaska",3.1,2024-02-19 19:45:37.072,52.0791,-178.7624,125.806
ak0242b0e4bx,"21 km SW of Hope, Alaska",3.2,2024-02-19 19:35:14.614,60.7685,-149.8894,42.5
nc74004861,"2 km W of Anderson Springs, CA",1.21,2024-02-19 19:32:16.390,38.7766667,-122.7201667,1.5
us7000m08f,Mariana Islands region,4.6,2024-02-19 19:21:47.156,21.6979,144.3932,133.86
uu80042121,"15 km NE of Milford, Utah",0.84,2024-02-19 19:14:51.410,38.5048333333333,-112.897166666667,1.92
tx2024dmzr,"53 km S of Whites City, New Mexico",2.0,2024-02-19 19:12:53.461,31.689,-104.396,5.5872
ak0242b09658,"17 km SE of Beaver, Alaska",1.4,2024-02-19 19:12:02.442,66.2732,-147.0833,6.1
us7000m14e,"180 km WSW of Nikolski, Alaska",3.5,2024-02-19 19:10:42.970,52.342,-171.3432,10.323
ak0242b087ok,"24 km E of Skwentna, Alaska",1.3,2024-02-19 19:07:59.515,61.9693,-150.9345,61.1
ak0242b06oub,"64 km NNE of Petersville, Alaska",1.3,2024-02-19 19:00:47.392,63.0591,-150.488,105.5
hv74116426,"3 km SW of Pāhala, Hawaii",2.49,2024-02-19 19:00:40.810,19.179,-155.496333333333,34.76
tx2024dmyx,"7 km SSE of Falls City, Texas",1.9,2024-02-19 18:49:54.498,28.921,-97.979,5.4443
nc74004856,"10 km WSW of Fall River Mills, CA",2.0,2024-02-19 18:48:42.580,40.965,-121.5501667,15.98
nc74004851,"15 km SSE of Mammoth Lakes, CA",0.44,2024-02-19 18:40:56.400,37.509,-118.9118333,9.33
us7000m088,"67 km SE of Farkhār, Afghanistan",4.1,2024-02-19 18:40:42.045,36.1928,70.4434,149.576
ci40672960,"32 km SE of Bodfish, CA",1.48,2024-02-19 18:30:28.820,35.39,-118.2308333,4.74
ak0242azqed8,"29 km WNW of Cantwell, Alaska",1.5,2024-02-19 18:24:48.828,63.5086,-149.4833,95.8
tx2024dmyb,"57 km S of Whites City, New Mexico",1.9,2024-02-19 18:23:37.285,31.657,-104.405,5.2026
ak0242aznmyk,"17 km NE of Girdwood, Alaska",1.3,2024-02-19 18:11:58.361,61.0694,-148.9739,7.7
ak0242azmpp8,"54 km N of Karluk, Alaska",2.3,2024-02-19 18:07:27.816,58.0624,-154.4411,70.2
us7000m142,off the west coast of the South Island of New Zealand,4.3,2024-02-19 18:03:57.874,-48.2805,164.8913,31.547
us7000m083,South Sandwich Islands region,5.1,2024-02-19 18:01:50.296,-57.1294,-25.2958,20.92
av91132798,"84 km W of Adak, Alaska",0.18,2024-02-19 17:59:31.760,51.8573333333333,-177.8615,8.27
hv74116386,"2 km S of Pāhala, Hawaii",1.99,2024-02-19 17:59:18.610,19.1836666666667,-155.476833333333,44.96
ok2024dmxc,"8 km NW of Prague, Oklahoma",1.39,2024-02-19 17:54:46.259,35.55083333,-96.74233333,6.08
us7000m07z,"57 km NNW of Constitución, Chile",4.0,2024-02-19 17:44:21.360,-34.889,-72.7276,18.152
pr71440583,"1 km SW of Guánica, Puerto Rico",2.48,2024-02-19 17:32:20.890,17.958,-66.9198333333333,6.78
ak0242az5s1l,"30 km SW of Petersville, Alaska",1.3,2024-02-19 17:28:26.674,62.2795,-151.1269,73.0
us7000m13z,"132 km NE of Alotau, Papua New Guinea",4.1,2024-02-19 17:28:18.874,-9.6403,151.4515,10.0
pr71440578,"4 km S of Guánica, Puerto Rico",1.98,2024-02-19 17:28:04.870,17.9348333333333,-66.9068333333333,7.3
nn00873655,"37 km SE of Mina, Nevada",1.5,2024-02-19 17:23:30.739,38.1904,-117.7636,10.7
av91132793,"26 km SW of False Pass, Alaska",0.46,2024-02-19 17:19:06.580,54.6925,-163.710333333333,-1.69
us7000m07u,Kermadec Islands region,4.7,2024-02-19 17:07:49.201,-29.3832,-179.1168,346.686
nm60570596,"3 km WNW of Marston, Missouri",1.54,2024-02-19 17:06:54.480,36.5365,-89.6486666666667,7.37
nc74004846,"11 km NNE of Cloverdale, CA",1.66,2024-02-19 17:05:47.900,38.8916667,-122.9538333,4.4
tx2024dmvf,"6 km SE of Falls City, Texas",3.4,2024-02-19 16:57:26.665,28.943,-97.967,6.3232
us7000m06j,"131 km NE of Lospalos, Timor Leste",4.3,2024-02-19 16:45:55.162,-7.5539,127.6894,154.654
ak0242aynzct,"30 km NNE of Girdwood, Alaska",1.3,2024-02-19 16:45:26.010,61.1854,-148.911,21.6
ak0242ayks1r,"66 km ESE of Denali National Park, Alaska",1.3,2024-02-19 16:30:28.473,63.2706,-150.5301,125.6
ak0242ayjz9n,"25 km N of Glacier View, Alaska",1.1,2024-02-19 16:26:55.474,62.0361,-147.6157,32.2
nc74004841,"5 km WNW of The Geysers, CA",2.08,2024-02-19 16:26:27.950,38.8043333,-122.8086667,1.09
pr2024050000,"96 km NNW of San Antonio, Puerto Rico",3.78,2024-02-19 16:26:17.820,19.2746,-67.5043,42.0
us7000m06g,"33 km SSW of Chimbote, Peru",5.0,2024-02-19 16:23:23.470,-9.3562,-78.7144,76.295
nc74004831,"10 km NW of The Geysers, CA",1.19,2024-02-19 16:22:46.960,38.8396667,-122.8363333,1.83
ak0242ayhzk7,"13 km S of Trapper Creek, Alaska",1.2,2024-02-19 16:17:26.616,62.1955,-150.1998,3.6
ak0242ayh5u4,"28 km SW of Petersville, Alaska",1.2,2024-02-19 16:13:41.657,62.2839,-151.0791,73.2
nc74004826,"6 km WNW of The Geysers, CA",0.75,2024-02-19 16:08:55.280,38.8048325,-122.8096695,1.19
us7000m06b,"65 km SE of Gilgit, Pakistan",5.3,2024-02-19 16:05:15.403,35.4912,74.8099,10.0
ak0242ayf0sb,"57 km SW of Tatitlek, Alaska",1.5,2024-02-19 16:03:41.650,60.5805,-147.5487,0.6
ci37626588,"20 km SSW of Fort Irwin, CA",1.49,2024-02-19 16:01:23.750,35.1076667,-116.8036667,-0.87
ci40672912,"22 km SW of Fort Irwin, CA",1.25,2024-02-19 16:01:21.770,35.1035,-116.8223333,1.6
ak0242ayeea6,"62 km N of Lake Minchumina, Alaska",1.0,2024-02-19 16:00:50.527,64.4417,-152.1697,2.0
ak0242ay4i3x,"59 km WNW of Petersville, Alaska",1.7,2024-02-19 15:54:34.503,62.7167,-151.8133,1.6
pr71440553,"1 km S of Adjuntas, Puerto Rico",2.19,2024-02-19 15:50:00.800,18.1505,-66.7235,21.2
av91132788,"39 km NE of Adak, Alaska",0.94,2024-02-19 15:47:30.220,52.0881666666667,-176.1815,1.32
tx2024dmsx,"48 km W of Mentone, Texas",1.7,2024-02-19 15:46:51.724,31.734,-104.112,7.8687
us7000m13x,"102 km NW of Hihifo, Tonga",4.6,2024-02-19 15:41:49.247,-15.3123,-174.4789,173.643
ok2024dmsp,"8 km NW of Prague, Oklahoma",1.43,2024-02-19 15:38:24.100,35.53016667,-96.759,5.22
ak0242ay0dsm,"28 km NNE of Four Mile Road, Alaska",1.0,2024-02-19 15:35:12.714,64.8358,-148.8887,13.3
ak0242axzz0k,"20 km ESE of Skwentna, Alaska",2.2,2024-02-19 15:33:21.760,61.9456,-151.0127,75.1
ci40672904,"8 km NNW of Anza, CA",1.41,2024-02-19 15:32:31.060,33.6231667,-116.6975,12.31
ak0242axzm8g,"48 km W of Cantwell, Alaska",1.2,2024-02-19 15:31:49.821,63.3653,-149.9179,101.8
ak0242axzl9f,"39 km NNE of Yakutat, Alaska",1.3,2024-02-19 15:31:42.772,59.8554,-139.3866,1.9
us7000m068,"109 km SE of Lata, Solomon Islands",4.6,2024-02-19 15:27:12.528,-11.5451,166.3619,75.548
uu80041981,"15 km NE of Milford, Utah",1.13,2024-02-19 15:27:09.620,38.4991666666667,-112.8915,1.38
hv74116306,"0 km ENE of Pāhala, Hawaii",1.99000001,2024-02-19 15:15:32.590,19.2051658630371,-155.470840454102,35.2700004577637
us7000m064,"59 km WNW of Vinchina, Argentina",4.1,2024-02-19 15:14:15.346,-28.4763,-68.7274,90.456
us7000m063,"290 km ENE of Lospalos, Timor Leste",5.0,2024-02-19 15:08:54.864,-7.2116,129.2819,144.671
nc74004806,"8 km NW of The Geysers, CA",1.15,2024-02-19 14:54:36.140,38.8288345,-122.8151703,1.91
us7000m13w,"54 km SW of Padang, Indonesia",4.1,2024-02-19 14:48:54.277,-1.3008,100.0173,44.214
nc74004801,"5 km WNW of The Geysers, CA",0.44,2024-02-19 14:44:45.480,38.8001667,-122.811,2.17
us7000m44m,"182 km WSW of Adak, Alaska",3.1,2024-02-19 14:44:09.584,51.1614,-179.0079,30.681
ak0242axg94o,"25 km E of Skwentna, Alaska",1.1,2024-02-19 14:41:20.885,61.9718,-150.911,62.4
ak0242axept8,"7 km NNW of Big Lake, Alaska",1.1,2024-02-19 14:34:03.963,61.5832,-149.9982,47.6
nc74004796,"2 km NW of The Geysers, CA",1.3,2024-02-19 14:28:33.510,38.7875,-122.7671667,2.41
us7000m44l,"69 km SSW of Adak, Alaska",2.6,2024-02-19 14:22:39.812,51.307,-177.0597,44.868
tx2024dmqb,"15 km NE of Hermleigh, Texas",2.3,2024-02-19 14:21:29.456,32.745,-100.652,0.0488
tx2024dmpz,"18 km NE of Hermleigh, Texas",2.1,2024-02-19 14:18:25.984,32.768,-100.644,7.9346
mb90041188,"22 km WNW of Stanley, Idaho",1.9,2024-02-19 14:18:18.810,44.3276666666667,-115.179166666667,8.65
ak0242axa8ef,"59 km WNW of Ninilchik, Alaska",1.6,2024-02-19 14:13:12.074,60.2049,-152.6944,99.9
ci40672888,"9 km ESE of Valle Vista, CA",0.87,2024-02-19 14:12:10.470,33.7038333,-116.812,16.07
ci40672880,"6 km SSW of Redlands, CA",1.33,2024-02-19 14:11:34.550,34.0038333,-117.2013333,13.93
ci37626580,"5 km SSW of Redlands, CA",1.08,2024-02-19 14:11:20.620,34.0103333,-117.2036667,16.25
av91132778,"42 km NE of Adak, Alaska",1.14,2024-02-19 14:07:02.520,52.1306666666667,-176.176,9.95
us7000m44k,"Rat Islands, Aleutian Islands, Alaska",3.4,2024-02-19 14:00:08.186,51.6391,178.9235,83.662
ak0242awvyvo,"68 km W of Salamatof, Alaska",2.1,2024-02-19 13:46:58.965,60.5776,-152.5667,101.1
us7000m44j,"136 km WSW of Adak, Alaska",3.3,2024-02-19 13:44:33.800,51.2549,-178.3399,35.0
ci40672872,"9 km S of Idyllwild, CA",0.95,2024-02-19 13:41:59.310,33.6596667,-116.7253333,14.12
ak0242awugch,"22 km ENE of Minto, Alaska",0.9,2024-02-19 13:39:50.551,65.2481,-148.9277,4.1
ak0242awsr16,"62 km N of Petersville, Alaska",1.2,2024-02-19 13:31:55.466,63.0546,-150.9411,111.8
ak0242aws37h,"61 km W of Anchor Point, Alaska",1.4,2024-02-19 13:28:46.691,59.8894,-152.9114,104.8
ak0242awrs7f,"8 km WSW of Healy, Alaska",0.9,2024-02-19 13:27:04.271,63.8334,-149.1346,9.8
ak0242awqbgi,"31 km ENE of Chase, Alaska",1.0,2024-02-19 13:20:25.801,62.5048,-149.5122,56.3
ci40672856,"8 km SE of Ocotillo Wells, CA",1.43,2024-02-19 13:19:04.740,33.0955,-116.0625,8.99
ak0242awpnnj,"44 km NW of Ninilchik, Alaska",1.5,2024-02-19 13:17:11.993,60.3516,-152.1862,84.2
nc74004791,"24 km SW of Toms Place, CA",1.67,2024-02-19 13:12:42.100,37.426,-118.8836667,2.71
ak0242awmxol,"63 km WNW of Happy Valley, Alaska",1.6,2024-02-19 13:04:42.291,60.095,-152.8381,104.3
us7000m44i,"59 km SSE of Adak, Alaska",2.7,2024-02-19 12:58:21.010,51.4141,-176.2066,35.0
uw61983601,"37 km NNE of Amboy, Washington",0.54,2024-02-19 12:56:12.060,46.19766666666666,-122.1835,2.6
nc74004786,"5 km NW of The Geysers, CA",0.77,2024-02-19 12:50:32.600,38.8096657,-122.8008347,3.51
ak0242away03,"38 km ESE of Denali National Park, Alaska",1.2,2024-02-19 12:48:47.568,63.4746,-150.971,9.7
nc74004781,"8 km NW of The Geysers, CA",1.21,2024-02-19 12:37:04.230,38.833,-122.8153333,1.56
us7000m13u,south of the Kermadec Islands,4.2,2024-02-19 12:36:30.702,-32.7725,-178.2587,19.636
tx2024dmmp,"17 km SW of Poth, Texas",2.1,2024-02-19 12:35:46.926,28.955,-98.201,7.8857
nc74004776,"10 km NW of Pinnacles, CA",1.91,2024-02-19 12:33:56.510,36.6058333,-121.217,8.13
nc74004771,"2 km N of The Geysers, CA",0.64,2024-02-19 12:27:53.220,38.7939987,-122.7531662,3.73
nc74004766,"1 km NNW of The Geysers, CA",1.04,2024-02-19 12:07:01.330,38.7879982,-122.7653351,2.53
nn00873748,"22 km WNW of Mina, Nevada",1.1,2024-02-19 12:05:31.687,38.4943,-118.3285,6.1
tx2024dmlk,"5 km SE of Falls City, Texas",1.9,2024-02-19 11:59:32.331,28.949,-97.978,6.7383
us7000m45g,"6 km ENE of Akutan, Alaska",1.9,2024-02-19 11:54:43.528,54.1623,-165.6793,103.933
ak0242avos9v,"77 km NW of Yakutat, Alaska",1.2,2024-02-19 11:45:09.154,60.0282,-140.7145,5.9
uu80041871,"15 km NE of Milford, Utah",0.27,2024-02-19 11:39:38.990,38.5065,-112.9005,1.88
ci40672848,"2 km NW of San Jacinto, CA",0.79,2024-02-19 11:39:20.470,33.7976667,-116.9733333,15.06
us7000m05m,"69 km SSW of Atka, Alaska",4.0,2024-02-19 11:28:43.784,51.6611,-174.7079,49.809
ak0242avl7mv,"79 km SSW of Atka, Alaska",4.0,2024-02-19 11:28:41.999,51.5318,-174.6429,25.1
mb90041183,"23 km E of Clayton, Idaho",1.31,2024-02-19 11:21:35.430,44.219,-114.115,3.13
ok2024dmjz,"8 km NW of Prague, Oklahoma",0.79,2024-02-19 11:17:22.670,35.54983333,-96.74066667,6.11
hv74116221,"22 km W of Volcano, Hawaii",1.17,2024-02-19 11:15:49.550,19.4203333333333,-155.4425,4.71
ak0242av607x,"51 km NNW of Yakutat, Alaska",1.3,2024-02-19 10:57:47.498,59.9828,-140.0216,6.7
pr71440548,"2 km E of Maria Antonia, Puerto Rico",1.91,2024-02-19 10:55:00.220,17.9733333333333,-66.8625,13.09
ok2024dmje,"8 km NW of Prague, Oklahoma",1.37,2024-02-19 10:52:48.950,35.5515,-96.74333333,6.27
nc74004751,"7 km NW of The Geysers, CA",1.06,2024-02-19 10:52:18.540,38.8153343,-122.8186646,2.72
pr71440538,"1 km SSE of Yauco, Puerto Rico",2.15,2024-02-19 10:48:06.870,18.0253333333333,-66.8433333333333,11.51
uu80041801,"15 km NE of Milford, Utah",2.07,2024-02-19 10:39:07.090,38.4931666666667,-112.888833333333,0.89
tx2024dmic,"19 km NW of Toyah, Texas",2.0,2024-02-19 10:19:31.994,31.46,-103.916,8.6121
ci40672832,"10 km SSW of Idyllwild, CA",1.1,2024-02-19 10:14:00.750,33.6608333,-116.7646667,13.56
ci37626564,"9 km SSW of Idyllwild, CA",0.74,2024-02-19 10:13:59.100,33.6706667,-116.7621667,14.11
ci40672824,"9 km N of Anza, CA",0.66,2024-02-19 10:04:08.650,33.6353333,-116.6638333,14.05
uu80041756,"15 km WSW of Bloomington, Idaho",1.95,2024-02-19 09:55:28.520,42.1395,-111.5785,-0.01
us7000m459,"75 km E of Akutan, Alaska",2.6,2024-02-19 09:46:52.143,54.1012,-164.6246,71.363
nc74004746,"14 km W of Shingletown, CA",1.88,2024-02-19 09:41:12.320,40.4818333,-122.0495,12.23
nc74004741,"7 km NW of The Geysers, CA",1.5,2024-02-19 09:38:48.360,38.8138333,-122.824,1.85
ok2024dmgs,"9 km SE of Sparks, Oklahoma",2.44,2024-02-19 09:38:04.110,35.55833333,-96.74,7.12
pr71440523,"6 km SSW of Indios, Puerto Rico",2.34,2024-02-19 09:35:07.310,17.9345,-66.8333333333333,10.85
ak0242aufn5i,"10 km SE of Kasilof, Alaska",1.5,2024-02-19 09:34:48.140,60.2708,-151.1359,56.2
ci40672816,"11 km SW of Salton City, CA",1.23,2024-02-19 09:25:06.050,33.2308333,-116.0385,8.23
us7000m055,"15 km SW of Doğanşehir, Turkey",4.4,2024-02-19 09:23:23.798,37.9953,37.7293,10.0
ak0242aucurl,"30 km SSW of Larsen Bay, Alaska",1.9,2024-02-19 09:21:38.055,57.2777,-154.136,46.9
nc74004736,"14 km W of Toms Place, CA",0.96,2024-02-19 09:06:47.180,37.5428333,-118.8338333,3.36
mb90041178,"23 km ESE of Clayton, Idaho",1.33,2024-02-19 09:02:08.770,44.2098333333333,-114.1185,1.9
us7000m13t,"250 km E of Levuka, Fiji",4.2,2024-02-19 09:01:27.204,-17.9404,-178.3255,492.038
us7000m053,"12 km WNW of Chazuta, Peru",5.1,2024-02-19 08:51:16.228,-6.5102,-76.2294,106.456
us7000m051,"118 km ESE of Kokopo, Papua New Guinea",5.1,2024-02-19 08:47:40.941,-4.784,153.2469,59.912
uu80041661,"14 km NE of Milford, Utah",1.14,2024-02-19 08:41:32.430,38.4936666666667,-112.895166666667,1.9
ak0242att5an,"50 km SSW of Cantwell, Alaska",0.9,2024-02-19 08:29:52.638,63.0083,-149.4764,9.8
nc74004731,"9 km NNW of Redwood Valley, CA",1.64,2024-02-19 08:28:02.050,39.3418333,-123.2473333,5.97
ci40672808,"20 km ESE of Little Lake, CA",1.53,2024-02-19 08:27:40.320,35.8793333,-117.6921667,5.47
ci40672800,"13 km SW of Searles Valley, CA",0.65,2024-02-19 08:24:55.620,35.7045,-117.5196667,3.11
ak0242atryyl,"31 km NNW of Sutton-Alpine, Alaska",1.3,2024-02-19 08:24:04.039,62.0461,-148.9288,33.8
uw61983581,"9 km NE of Ashford, Washington",-0.3,2024-02-19 08:22:26.420,46.81,-121.93766666666667,6.55
us7000m04x,"11 km NNE of Hotonj, Bosnia and Herzegovina",4.3,2024-02-19 08:22:04.202,43.9816,18.4571,10.0
ok2024dmed,"8 km NW of Prague, Oklahoma",1.33,2024-02-19 08:19:38.030,35.5435,-96.74316667,6.25
mb90041023,"4 km NW of Stanley, Idaho",2.21,2024-02-19 08:15:14.380,44.2478333333333,-114.973166666667,4.32
nc74004721,"10 km NW of The Geysers, CA",1.08,2024-02-19 08:06:37.090,38.8341675,-122.8428345,5.99
ak0242ato5ox,"163 km ESE of Dawson City, Canada",2.1,2024-02-19 08:06:22.364,63.3279,-136.5703,21.8
ci40672792,"16 km NE of Coachella, CA",0.85,2024-02-19 08:06:16.000,33.7665,-116.0416667,1.65
ci40672784,"6 km E of Ojai, CA",1.98,2024-02-19 08:04:02.000,34.4486667,-119.1768333,1.65
us7000m04u,"148 km W of Vallenar, Chile",4.4,2024-02-19 07:57:28.432,-28.4872,-72.2686,10.0
ak0242atdnrh,"51 km NW of Tatitlek, Alaska",1.4,2024-02-19 07:57:19.732,61.2091,-147.3133,0.0
ak0242atcf0v,"14 km NE of Beluga, Alaska",1.2,2024-02-19 07:51:46.390,61.2425,-150.9121,60.2
nc74004716,"7 km WNW of The Geysers, CA",0.29,2024-02-19 07:51:18.810,38.8123322,-122.8271637,0.94
ak0242atbylq,"122 km SSE of Akhiok, Alaska",2.8,2024-02-19 07:49:27.063,55.9663,-153.2548,28.3
nc74004711,"7 km WNW of The Geysers, CA",0.85,2024-02-19 07:47:37.370,38.8105011,-122.821167,2.77
nc74004706,"13 km WSW of Toms Place, CA",1.44,2024-02-19 07:47:01.050,37.5331667,-118.8255,3.41
mb90041173,"5 km WNW of Stanley, Idaho",1.91,2024-02-19 07:45:40.500,44.2353333333333,-115.000833333333,6.36
ak0242atb1rd,"130 km S of Unalaska, Alaska",2.0,2024-02-19 07:45:07.936,52.7048,-166.6503,13.2
nc74004696,"9 km WNW of The Geysers, CA",1.01,2024-02-19 07:43:50.280,38.8216667,-122.8431702,1.86
ci40672776,"29 km E of Coso Junction, CA",2.27,2024-02-19 07:43:22.400,36.0825,-117.6275,1.54
tx2024dmcq,"57 km S of Whites City, New Mexico",3.3,2024-02-19 07:37:39.866,31.658,-104.448,6.0999
ak0242at8hke,"20 km NW of Tatitlek, Alaska",1.4,2024-02-19 07:33:05.492,61.0042,-146.9224,0.0
pr71440513,"3 km SW of La Plena, Puerto Rico",2.06,2024-02-19 07:32:30.880,18.0228333333333,-66.2258333333333,7.79
nn00873745,"11 km SE of Smith, Nevada",1.7,2024-02-19 07:28:35.060,38.7314,-119.2262,11.2
ak0242at71u2,"140 km S of Unalaska, Alaska",2.0,2024-02-19 07:26:42.663,52.6151,-166.5746,25.6
pr71440493,"25 km W of Puerto Real, Puerto Rico",3.32,2024-02-19 07:24:07.120,18.0805,-67.4323333333333,32.36
us7000m04k,"1 km SW of Chucatamani, Peru",4.1,2024-02-19 07:17:55.710,-17.4901,-70.1312,134.556
uu80041621,"25 km SSW of Mammoth, Wyoming",0.25,2024-02-19 07:17:54.820,44.7565,-110.7805,2.79
ak0242at3tg0,"66 km ENE of Pedro Bay, Alaska",2.3,2024-02-19 07:11:35.486,59.9736,-152.979,111.5
hv74116131,"9 km SSW of Volcano, Hawaii",1.75,2024-02-19 07:09:17.570,19.3691673278809,-155.279159545898,3.41000008583069
us7000m04f,"121 km S of Unalaska, Alaska",4.3,2024-02-19 07:04:02.673,52.7828,-166.6836,20.211
nc74004686,"26 km NNW of San Simeon, CA",2.88,2024-02-19 07:03:34.850,35.8443333,-121.3295,8.72
hv74116121,"4 km S of Pāhala, Hawaii",2.3499999,2024-02-19 07:02:26.150,19.1673336029053,-155.485992431641,29.3500003814697
hv74116116,"0 km NW of Pāhala, Hawaii",1.66,2024-02-19 07:02:22.270,19.2056666666667,-155.4805,28.15
us7000m054,"120 km S of Unalaska, Alaska",3.6,2024-02-19 07:00:11.050,52.799,-166.6986,10.0
nc74004681,"8 km W of Cobb, CA",1.09,2024-02-19 06:58:17.400,38.8353348,-122.81633,1.78
ak0242asr3vw,"70 km ENE of Pedro Bay, Alaska",1.6,2024-02-19 06:52:02.986,60.0812,-152.9832,100.1
us7000m45d,"53 km SSE of Adak, Alaska",2.6,2024-02-19 06:51:34.666,51.3996,-176.4808,35.0
us7000m04b,"61 km NW of Yonakuni, Japan",4.1,2024-02-19 06:45:35.284,24.8085,122.5238,124.826
ak0242aspmq2,"36 km N of Chickaloon, Alaska",1.0,2024-02-19 06:45:17.632,62.1236,-148.5802,33.8
ak0242asp03d,"6 km SW of Salcha, Alaska",0.8,2024-02-19 06:42:21.901,64.4803,-146.9872,5.5
uu80041611,"25 km SSW of Mammoth, Wyoming",0.1,2024-02-19 06:31:37.220,44.7555,-110.785333333333,2.01
ak0242asmmf4,"14 km WNW of Tyonek, Alaska",1.3,2024-02-19 06:31:16.545,61.1029,-151.3903,71.0
us7000m048,"9 km N of Santa Ana, Peru",4.9,2024-02-19 06:23:22.173,-12.9679,-75.1213,93.914
nc74004676,"8 km NW of The Geysers, CA",0.87,2024-02-19 06:11:42.100,38.8336678,-122.8201675,1.82
ci40672752,"13 km N of Borrego Springs, CA",1.03,2024-02-19 06:11:16.060,33.3691667,-116.3916667,11.29
pr71440488,"5 km S of Salinas, Puerto Rico",2.45,2024-02-19 06:09:11.620,17.9285,-66.2885,14.32
pr71440468,"7 km S of Salinas, Puerto Rico",2.4,2024-02-19 06:08:33.920,17.9133333333333,-66.29,13.85
ak0242ash57j,"77 km ESE of Akiak, Alaska",1.2,2024-02-19 06:05:55.834,60.5727,-159.975,12.1
av91132753,"86 km NW of Karluk, Alaska",-0.02,2024-02-19 05:58:57.760,58.1736666666667,-155.37,1.18
ak0242as720a,"6 km W of Healy, Alaska",1.7,2024-02-19 05:58:45.745,63.8565,-149.1042,110.1
us7000m044,"68 km W of Palaióchora, Greece",4.4,2024-02-19 05:55:03.855,35.1427,22.9335,45.747
uu80041596,"25 km SSW of Mammoth, Wyoming",0.19,2024-02-19 05:53:44.930,44.7531666666667,-110.7815,2.45
nc74004671,"8 km NW of The Geysers, CA",1.51,2024-02-19 05:52:28.120,38.8323333,-122.8155,1.94
us7000m043,"13 km WSW of Juan Adrián, Dominican Republic",4.2,2024-02-19 05:52:09.646,18.7253,-70.4616,116.66
ak0242as5kcq,"64 km SSE of Sand Point, Alaska",1.9,2024-02-19 05:51:53.380,54.7769,-160.2209,9.5
ak0242as4a2w,"118 km WNW of Yakutat, Alaska",1.3,2024-02-19 05:45:52.401,59.9866,-141.6528,6.1
av92208991,"36 km WNW of Chignik Lake, Alaska",0.81,2024-02-19 05:36:33.780,56.3223333333333,-159.346166666667,3.74
ak0242as05zr,"54 km NNE of Chenega, Alaska",1.5,2024-02-19 05:26:33.775,60.5156,-147.6204,3.0
ak0242as003y,"53 km NNE of Big Delta, Alaska",0.9,2024-02-19 05:25:58.745,64.5546,-145.256,6.4
tx2024dlyj,"56 km S of Whites City, New Mexico",1.6,2024-02-19 05:25:08.595,31.67,-104.42,7.5867
ak0242arzblv,"13 km N of Meadow Lakes, Alaska",1.0,2024-02-19 05:22:40.675,61.7409,-149.5678,40.9
nc74004666,"4 km NW of The Geysers, CA",0.91,2024-02-19 05:20:50.750,38.8023338,-122.7815018,2.64
ak0242arxslx,"12 km NNE of Four Mile Road, Alaska",0.7,2024-02-19 05:15:28.112,64.706,-149.0372,13.9
uu80041576,"25 km SSW of Mammoth, Wyoming",0.17,2024-02-19 05:11:28.320,44.7553333333333,-110.779,2.35
nc74004661,"3 km W of Cobb, CA",0.43,2024-02-19 05:10:25.420,38.8185,-122.762,2.49
uu80041571,"24 km SSW of Mammoth, Wyoming",0.39,2024-02-19 05:08:39.650,44.7591666666667,-110.782666666667,4.91
uu80041566,"23 km SSW of Mammoth, Wyoming",0.48,2024-02-19 05:06:29.740,44.7758333333333,-110.774333333333,8.06
uu80041561,"24 km SSW of Mammoth, Wyoming",2.08,2024-02-19 05:05:19.450,44.7615,-110.777666666667,8.02
hv74116076,"3 km S of Pāhala, Hawaii",1.72,2024-02-19 05:05:19.060,19.1728333333333,-155.480333333333,29.19
uu80041556,"15 km NE of Milford, Utah",0.35,2024-02-19 05:04:57.350,38.5026666666667,-112.892833333333,1.58
ak0242arlcnz,"34 km SSE of Denali National Park, Alaska",1.0,2024-02-19 04:57:22.453,63.2552,-151.4527,8.7
us7000m13h,southeast Indian Ridge,4.3,2024-02-19 04:47:25.909,-47.7168,106.2237,10.0
nm60501638,"5 km NW of Weingarten, Missouri",1.89,2024-02-19 04:38:23.420,37.9263333333333,-90.258,5.09
uu80041531,"24 km SSW of Mammoth, Wyoming",0.19,2024-02-19 04:36:43.480,44.76,-110.777333333333,2.27
uu80041526,"24 km SSW of Mammoth, Wyoming",1.8,2024-02-19 04:34:44.990,44.7598333333333,-110.777333333333,6.65
ak0242arg8ge,"40 km SE of Denali National Park, Alaska",0.9,2024-02-19 04:33:35.189,63.2421,-151.2535,1.9
uu80041521,"25 km SSW of Mammoth, Wyoming",0.39,2024-02-19 04:32:39.630,44.7558333333333,-110.778666666667,2.65
uu80041516,"25 km SSW of Mammoth, Wyoming",0.48,2024-02-19 04:31:22.670,44.7546666666667,-110.786166666667,2.46
ak0242arez0w,"71 km WNW of Ninilchik, Alaska",2.0,2024-02-19 04:27:47.427,60.3391,-152.8148,117.5
uu80041506,"23 km SSW of Mammoth, Wyoming",1.17,2024-02-19 04:27:24.610,44.7763333333333,-110.775333333333,7.94
uu80041501,"23 km SSW of Mammoth, Wyoming",0.46,2024-02-19 04:24:49.970,44.7686666666667,-110.779,6.71
uu80041496,"24 km SSW of Mammoth, Wyoming",0.24,2024-02-19 04:22:35.480,44.7608333333333,-110.7805,4.24
uu80041491,"23 km SSW of Mammoth, Wyoming",1.2,2024-02-19 04:18:39.530,44.7713333333333,-110.775666666667,7.13
ak0242arbi9r,"13 km N of Meadow Lakes, Alaska",1.2,2024-02-19 04:11:30.233,61.7413,-149.5532,38.1
hv74116056,"3 km SSW of Pāhala, Hawaii",2.35,2024-02-19 04:08:15.120,19.1708335876465,-155.490325927734,30.0300006866455
uu80041481,"25 km SSW of Mammoth, Wyoming",0.31,2024-02-19 04:06:37.790,44.7568333333333,-110.782833333333,2.13
uu80041471,"23 km SSW of Mammoth, Wyoming",1.33,2024-02-19 04:04:48.740,44.7681666666667,-110.779833333333,6.59
us7000m13g,"214 km ENE of Kendari, Indonesia",4.1,2024-02-19 04:03:06.927,-3.0578,124.2159,10.0
nc74004651,"12 km ESE of Mammoth Lakes, CA",0.47,2024-02-19 04:01:54.950,37.6055,-118.8498333,6.09
nc74004646,"8 km WNW of Cobb, CA",0.89,2024-02-19 04:01:29.550,38.8361667,-122.8098333,2.05
ak0242ar0cxz,"20 km S of Susitna North, Alaska",1.3,2024-02-19 03:59:29.028,61.9812,-149.8478,48.3
ak0242ar07l5,"88 km SSE of Sand Point, Alaska",2.0,2024-02-19 03:58:58.979,54.6513,-159.8131,14.5
nn00873744,"16 km NNW of Sutcliffe, Nevada",0.4,2024-02-19 03:56:55.809,40.0861,-119.6901,15.0
tx2024dlvk,"56 km S of Whites City, New Mexico",1.8,2024-02-19 03:55:08.671,31.663,-104.408,6.0999
nc74004641,"5 km W of Cobb, CA",0.47,2024-02-19 03:46:30.310,38.8273333,-122.7845,1.24
ak0242aqxkde,"23 km SE of Skwentna, Alaska",1.9,2024-02-19 03:46:25.520,61.8199,-151.1351,68.8
ak0242aqxjs3,"71 km NNW of Aleneva, Alaska",1.4,2024-02-19 03:46:17.310,58.6564,-153.3806,10.0
us7000m457,"41 km S of Adak, Alaska",2.6,2024-02-19 03:40:30.943,51.5003,-176.5827,35.0
ci40672704,"11 km SSW of Searles Valley, CA",0.75,2024-02-19 03:37:00.640,35.6815,-117.4733333,6.71
av91132738,"88 km W of Adak, Alaska",0.88,2024-02-19 03:31:34.300,51.8666666666667,-177.917,6.69
hv74116031,"8 km SW of Volcano, Hawaii",1.96,2024-02-19 03:29:04.040,19.3840007781982,-155.280670166016,1.02999997138977
nn00873654,"10 km NNW of Virginia City, Nevada",0.9,2024-02-19 03:24:40.354,39.3954,-119.7124,6.2
ak0242aqsmzp,"71 km SE of Unalaska, Alaska",1.8,2024-02-19 03:23:26.132,53.4815,-165.6697,23.6
ci40672696,"9 km SSW of Idyllwild, CA",0.11,2024-02-19 03:21:44.020,33.6636667,-116.7615,14.2
nc74004636,"9 km WNW of Cobb, CA",0.45,2024-02-19 03:16:52.670,38.8406667,-122.8246667,1.58
nc71132954,"2 km N of The Geysers, CA",0.55,2024-02-19 03:16:36.550,38.7953333,-122.759,0.45
ak0242aqqyma,"47 km WNW of Tatitlek, Alaska",1.1,2024-02-19 03:15:43.496,60.9832,-147.5153,4.0
mb90041168,"46 km NW of Island Park, Idaho",0.95,2024-02-19 03:11:57.920,44.7156666666667,-111.7975,10.56
us7000m03m,"100 km ENE of Kuqa, China",4.6,2024-02-19 03:08:15.746,42.0094,84.0738,10.0
ak0242aqp8bq,"141 km NNW of Yakutat, Alaska",1.2,2024-02-19 03:07:36.942,60.7709,-140.3955,12.8
ak0242aqp235,"30 km SSW of New Allakaket, Alaska",1.3,2024-02-19 03:06:54.461,66.3023,-152.9887,7.8
uu80041446,"24 km SSW of Mammoth, Wyoming",1.02,2024-02-19 03:06:26.930,44.765,-110.774833333333,6.33
ak0242aqe3za,"48 km WSW of Cantwell, Alaska",1.2,2024-02-19 02:55:46.993,63.2141,-149.8388,82.6
us7000m13p,south of the Fiji Islands,4.2,2024-02-19 02:54:04.432,-24.1167,-179.3176,391.367
us7000m45a,"280 km W of Adak, Alaska",3.3,2024-02-19 02:53:18.401,51.8709,179.2951,176.345
ok2024dlth,"7 km NW of Prague, Oklahoma",1.0,2024-02-19 02:51:23.579,35.54216667,-96.74033333,6.33
us7000m14c,"14 km W of Kamaishi, Japan",4.4,2024-02-19 02:35:08.199,39.2882,141.7061,62.188
ak0242aq8q4q,"60 km WNW of Beluga, Alaska",1.4,2024-02-19 02:30:34.636,61.3965,-152.0681,97.7
ak0242aq80bc,"61 km SW of Nanwalek, Alaska",1.6,2024-02-19 02:27:01.049,58.9913,-152.7383,53.7
us7000m13n,"31 km ESE of Onagawa Chō, Japan",4.6,2024-02-19 02:21:13.831,38.3236,141.7751,56.516
ak0242aq6kra,"43 km NNE of Chenega, Alaska",1.4,2024-02-19 02:20:32.864,60.4077,-147.6438,13.4
ak0242aq58xi,"33 km SSE of Pedro Bay, Alaska",1.8,2024-02-19 02:14:13.020,59.5168,-153.8611,125.9
ak0242aq4frn,"38 km SE of King Cove, Alaska",1.3,2024-02-19 02:10:35.073,54.781,-161.9541,7.8
nc74004626,"6 km W of Cobb, CA",0.5,2024-02-19 02:08:04.540,38.8256667,-122.7961667,2.11
ak0242aq2b68,"41 km NNE of Chenega, Alaska",1.9,2024-02-19 02:00:43.251,60.3981,-147.681,10.5
ak0242apt4ij,"7 km ESE of Salcha, Alaska",0.9,2024-02-19 01:57:57.352,64.4887,-146.7781,10.7
us7000m13i,"268 km WSW of Houma, Tonga",4.2,2024-02-19 01:57:46.540,-21.9881,-177.7427,246.636
ak0242apt1gc,"3 km SSW of Salcha, Alaska",1.0,2024-02-19 01:57:17.988,64.4933,-146.9366,5.3
ak0242apsfww,"63 km E of Denali Park, Alaska",1.1,2024-02-19 01:54:38.136,63.7131,-147.6337,0.2
us7000m14f,"90 km WNW of Port-Olry, Vanuatu",4.1,2024-02-19 01:53:50.303,-14.8258,166.2638,10.0
ak0242aprbs7,"3 km SE of Tanana, Alaska",0.9,2024-02-19 01:49:18.156,65.1508,-152.0281,12.3
ak0242apr38l,"3 km SE of Tanana, Alaska",0.9,2024-02-19 01:48:08.291,65.1446,-152.0246,12.3
nc74004611,"6 km WNW of Cobb, CA",1.06,2024-02-19 01:27:59.610,38.8351667,-122.7871667,2.46
us7000m03i,"51 km SE of Karpathos, Greece",4.2,2024-02-19 01:25:41.346,35.1521,27.5811,10.0
nc74004606,"8 km WNW of Cobb, CA",0.59,2024-02-19 01:23:35.700,38.8471667,-122.816,1.18
us7000m456,"73 km SE of King Cove, Alaska",3.1,2024-02-19 01:16:34.447,54.685,-161.3703,34.903
av91132723,"62 km ENE of Pedro Bay, Alaska",-0.44,2024-02-19 01:14:53.090,60.0376666666667,-153.113666666667,0.99
nc74004601,"8 km WNW of Cobb, CA",0.73,2024-02-19 01:14:49.250,38.8380013,-122.8168335,1.97
uu80041376,"24 km SSW of Mammoth, Wyoming",1.43,2024-02-19 01:12:44.700,44.7636666666667,-110.779666666667,7.35
av91132728,"91 km NNW of Karluk, Alaska",-0.48,2024-02-19 01:10:44.710,58.3768333333333,-154.777833333333,5.88
pr71440448,"3 km SW of Indios, Puerto Rico",2.11,2024-02-19 01:10:14.710,17.9776666666667,-66.842,13.79
tx2024dlpy,"57 km S of Whites City, New Mexico",2.9,2024-02-19 01:09:03.275,31.658,-104.361,8.6633
uu80041366,"25 km SSW of Mammoth, Wyoming",1.9,2024-02-19 01:05:18.990,44.7576666666667,-110.778333333333,7.03
uu80041361,"23 km SSW of Mammoth, Wyoming",0.62,2024-02-19 01:04:49.350,44.772,-110.778666666667,8.08
ak0242ap84d8,"44 km SSE of Ivanof Bay, Alaska",1.8,2024-02-19 00:59:57.623,55.517,-159.2897,4.2
ak0242ap7dxo,"39 km E of Port Alsworth, Alaska",1.2,2024-02-19 00:56:14.841,60.1987,-153.5981,10.7
ak0242ap6e4p,"34 km SSE of Eureka Roadhouse, Alaska",1.3,2024-02-19 00:51:50.818,61.6479,-146.944,27.0
ak0242ap5huv,"41 km NNE of Chenega, Alaska",2.1,2024-02-19 00:47:33.830,60.403,-147.6783,12.5
ci40672680,"17 km NNW of Borrego Springs, CA",0.75,2024-02-19 00:45:35.580,33.4026667,-116.4271667,12.15
nc74004596,"12 km ESE of Mammoth Lakes, CA",1.29,2024-02-19 00:45:16.020,37.5988333,-118.8476667,5.78
nc74004591,"9 km WNW of Cobb, CA",1.71,2024-02-19 00:42:31.900,38.8388333,-122.8225,1.84
nc74004586,"7 km W of Cobb, CA",1.57,2024-02-19 00:38:11.460,38.8341667,-122.8065,1.98
ak0242ap3ejg,"91 km SSW of Unalaska, Alaska",2.2,2024-02-19 00:37:56.691,53.1433,-167.1598,68.1
mb90041003,"12 km SE of Elliston, Montana",2.06,2024-02-19 00:37:50.710,46.483,-112.317,2.48
uu80041346,"15 km NE of Milford, Utah",1.3,2024-02-19 00:36:55.830,38.5018333333333,-112.891333333333,1.2
ak0242ap2vux,"40 km W of Anchor Point, Alaska",1.6,2024-02-19 00:35:14.334,59.7483,-152.5444,84.6
nc74004581,"9 km WNW of Cobb, CA",0.76,2024-02-19 00:32:58.790,38.8398323,-122.8206635,3.13
nc74004576,"9 km WNW of Cobb, CA",0.76,2024-02-19 00:32:52.500,38.8408333,-122.8246667,1.95
ak0242ap21q5,"65 km WNW of Happy Valley, Alaska",1.7,2024-02-19 00:31:23.813,60.0775,-152.88,109.6
ci40672672,"4 km NW of Boron, CA",1.75,2024-02-19 00:23:02.340,35.0315,-117.68,-0.79
nc74004571,"17 km SSE of Lopez Point, CA",1.97,2024-02-19 00:21:56.880,35.8828333,-121.4873333,6.55
ci40672664,"4 km SW of Imperial, CA",1.27,2024-02-19 00:16:02.700,32.8188333,-115.598,12.2
ak0242aoy9jd,"34 km SW of Glacier View, Alaska",0.8,2024-02-19 00:13:58.819,61.5555,-148.0225,4.0
av91132713,"89 km W of Adak, Alaska",1.09,2024-02-19 00:13:46.510,51.861,-177.926833333333,7.37
uu80000483,"25 km SSW of Mammoth, Wyoming",0.91,2024-02-19 00:12:39.960,44.7503333333333,-110.784,2.21
av92208791,"87 km W of Adak, Alaska",1.64,2024-02-19 00:12:28.940,51.8605,-177.911166666667,5.56
ak0242aoxz02,"21 km NW of Beluga, Alaska",1.3,2024-02-19 00:12:22.266,61.2791,-151.3586,71.3
uu80041326,"25 km SSW of Mammoth, Wyoming",1.15,2024-02-19 00:12:12.050,44.7516666666667,-110.789,3.41
uu80000488,"26 km SSW of Mammoth, Wyoming",0.21,2024-02-19 00:12:05.360,44.7501666666667,-110.786166666667,2.0
av91132708,"88 km W of Adak, Alaska",1.47,2024-02-19 00:11:54.600,51.8625,-177.919333333333,6.83
uu80041321,"25 km SSW of Mammoth, Wyoming",1.5,2024-02-19 00:10:47.100,44.7561666666667,-110.785666666667,6.32
us7000m13f,"9 km ENE of Lacabamba, Peru",4.4,2024-02-19 00:10:17.096,-8.2365,-77.8168,10.302
nc74004566,"7 km NW of The Geysers, CA",0.86,2024-02-19 00:08:55.690,38.8225,-122.8091667,1.98
ak0242aowbah,"11 km ENE of Fox, Alaska",1.0,2024-02-19 00:04:48.431,64.9871,-147.3822,0.0
pr71440428,"8 km S of Salinas, Puerto Rico",2.28,2024-02-19 00:04:01.950,17.9033333333333,-66.2978333333333,10.47
tx2024dlnr,"52 km S of Whites City, New Mexico",1.8,2024-02-19 00:00:35.675,31.714,-104.273,7.3303
us7000m037,"32 km ENE of Orcopampa, Peru",4.2,2024-02-18 23:57:02.902,-15.1835,-72.0537,147.737
tx2024dlnn,"52 km SSE of Whites City, New Mexico",1.7,2024-02-18 23:55:55.275,31.711,-104.266,7.4329
uu80041301,"24 km SSW of Mammoth, Wyoming",0.03,2024-02-18 23:55:33.110,44.7626666666667,-110.780333333333,4.6
us7000m036,"122 km SSW of Hihifo, Tonga",4.7,2024-02-18 23:53:10.238,-16.9904,-174.2062,119.306
av91132698,"88 km W of Adak, Alaska",0.94,2024-02-18 23:49:43.860,51.8618333333333,-177.917333333333,6.47
av92208781,"88 km W of Adak, Alaska",0.96,2024-02-18 23:48:34.490,51.863,-177.9195,6.94
ak02429f9u7c,"49 km N of Valdez, Alaska",1.3,2024-02-18 23:41:35.447,61.575,-146.4014,20.1
ak02429f9ek5,"3 km S of Salcha, Alaska",1.2,2024-02-18 23:39:32.131,64.496,-146.9007,7.1
ak02429f7qxo,"43 km ESE of Chignik, Alaska",2.7,2024-02-18 23:32:00.058,56.177,-157.7332,54.1
nc74004551,"5 km N of Round Valley, CA",1.5,2024-02-18 23:23:06.800,37.4571667,-118.6021667,11.44
ci40672648,"6 km WNW of Borrego Springs, CA",1.52,2024-02-18 23:19:52.070,33.2688333,-116.4405,3.91
tx2024dllr,"51 km SSE of Whites City, New Mexico",2.3,2024-02-18 23:00:29.655,31.725,-104.267,7.2791
uu80041271,"22 km SSW of Mammoth, Wyoming",1.02,2024-02-18 22:56:10.400,44.7775,-110.768,8.77
us7000m0v8,"3 km NNW of Pilar, Philippines",4.4,2024-02-18 22:54:41.399,9.8946,126.0799,56.414
uu80041266,"25 km SSW of Mammoth, Wyoming",0.28,2024-02-18 22:41:12.380,44.7548333333333,-110.7815,2.34
ak02429ena1a,"3 km S of Salcha, Alaska",1.0,2024-02-18 22:36:08.970,64.4898,-146.8996,11.9
uu80041256,"24 km SSW of Mammoth, Wyoming",0.93,2024-02-18 22:33:44.110,44.7643333333333,-110.775833333333,5.82
uw61983541,"12 km ENE of Verlot, Washington",0.8300000000000001,2024-02-18 22:29:58.790,48.121833333333335,-121.61333333333333,12.81
ak02429elmfe,"25 km NE of Minto, Alaska",0.9,2024-02-18 22:28:37.984,65.2886,-148.9142,17.1
uu80041246,"23 km SSW of Mammoth, Wyoming",1.51,2024-02-18 22:26:48.800,44.7716666666667,-110.771,8.0
uu80041251,"25 km SSW of Mammoth, Wyoming",0.58,2024-02-18 22:25:27.440,44.7573333333333,-110.788166666667,4.4
uu80041241,"25 km SSW of Mammoth, Wyoming",0.1,2024-02-18 22:24:14.300,44.758,-110.7825,2.75
ci40672624,"5 km WNW of Borrego Springs, CA",0.99,2024-02-18 22:23:52.500,33.269,-116.4311667,3.79
uu80041236,"24 km SSW of Mammoth, Wyoming",1.16,2024-02-18 22:23:26.130,44.7655,-110.7705,7.26
ci37626748,"19 km ESE of Anza, CA",1.14,2024-02-18 22:22:05.600,33.4748333,-116.4923333,11.87
ci37626756,"19 km ESE of Anza, CA",1.3,2024-02-18 22:22:03.310,33.4781667,-116.493,12.05
ci40672616,"19 km ESE of Anza, CA",1.25,2024-02-18 22:22:02.490,33.4721667,-116.4888333,12.22
hv74115821,"22 km S of Fern Forest, Hawaii",3.1,2024-02-18 22:18:32.680,19.259,-155.112833333333,40.1
uu80041226,"24 km SSW of Mammoth, Wyoming",0.57,2024-02-18 22:17:21.050,44.7648333333333,-110.778333333333,5.85
uu80000463,"20 km ENE of West Yellowstone, Montana",-0.34,2024-02-18 22:14:48.480,44.7418333333333,-110.866333333333,-0.72
uu80041221,"24 km SSW of Mammoth, Wyoming",-0.17,2024-02-18 22:13:51.610,44.762,-110.78,5.97
uu80041216,"25 km SSW of Mammoth, Wyoming",0.29,2024-02-18 22:12:34.190,44.7551666666667,-110.781833333333,2.28
uu80000458,"15 km NE of Milford, Utah",-0.91,2024-02-18 22:10:18.420,38.5018333333333,-112.893666666667,1.45
uu80000453,"15 km NE of Milford, Utah",-0.71,2024-02-18 22:10:12.490,38.4991666666667,-112.891166666667,1.75
uu80041211,"25 km SSW of Mammoth, Wyoming",0.51,2024-02-18 22:10:03.960,44.7563333333333,-110.780833333333,2.18
uu80041206,"25 km SSW of Mammoth, Wyoming",0.79,2024-02-18 22:06:48.840,44.7551666666667,-110.7865,2.05
uu80000448,"15 km NE of Milford, Utah",0.0,2024-02-18 22:06:23.660,38.4996666666667,-112.894,1.51
pr71440423,"2 km SW of Fuig, Puerto Rico",2.27,2024-02-18 22:05:09.460,17.9706666666667,-66.9363333333333,13.81
tx2024dlju,"1 km ENE of Falls City, Texas",1.9,2024-02-18 22:03:18.338,28.987,-98.005,2.9785
uu80041196,"25 km SSW of Mammoth, Wyoming",0.41,2024-02-18 21:56:20.790,44.7525,-110.783,2.08
uu80000443,"25 km SSW of Mammoth, Wyoming",-0.09,2024-02-18 21:56:12.980,44.7566666666667,-110.783,2.17
uu80000438,"25 km SSW of Mammoth, Wyoming",-0.25,2024-02-18 21:55:09.470,44.753,-110.784333333333,2.51
uu80041191,"25 km SSW of Mammoth, Wyoming",0.5,2024-02-18 21:54:35.930,44.7578333333333,-110.782166666667,3.3
uu80000433,"25 km SSW of Mammoth, Wyoming",-0.04,2024-02-18 21:54:10.330,44.7533333333333,-110.779833333333,2.29
uu80041186,"24 km SSW of Mammoth, Wyoming",1.25,2024-02-18 21:52:55.830,44.7578333333333,-110.773833333333,7.06
uu80041181,"25 km SSW of Mammoth, Wyoming",0.47,2024-02-18 21:52:18.450,44.7528333333333,-110.781333333333,2.4
nc74004541,"7 km NW of The Geysers, CA",0.88,2024-02-18 21:51:59.250,38.8196678,-122.8190002,2.29
uu80000428,"26 km SSW of Mammoth, Wyoming",0.02,2024-02-18 21:51:52.720,44.7486666666667,-110.777666666667,2.01
uu80041171,"25 km SSW of Mammoth, Wyoming",0.03,2024-02-18 21:41:49.310,44.7583333333333,-110.781166666667,3.7
uu80041166,"24 km SSW of Mammoth, Wyoming",2.02,2024-02-18 21:38:42.670,44.7593333333333,-110.777833333333,7.77
hv74115791,"12 km SW of Volcano, Hawaii",1.98,2024-02-18 21:37:27.860,19.3558330535889,-155.302505493164,0.239999994635582
av91132693,"19 km W of Sitka, Alaska",-0.37,2024-02-18 21:37:10.590,57.0471666666667,-135.6475,8.33
ci40672608,"24 km SSW of Little Lake, CA",1.15,2024-02-18 21:30:48.550,35.7538333,-118.0401667,1.87
uu80041156,"25 km SSW of Mammoth, Wyoming",0.05,2024-02-18 21:29:07.260,44.7578333333333,-110.7875,2.96
ak02429dzolx,"76 km SW of Sand Point, Alaska",1.6,2024-02-18 21:26:01.177,54.7783,-161.2122,20.8
ak02429dzjya,"19 km NW of Skwentna, Alaska",1.5,2024-02-18 21:25:41.105,62.1248,-151.6251,83.0
ak02429dz1u0,"71 km SW of Nikolski, Alaska",2.3,2024-02-18 21:23:06.007,52.5119,-169.657,32.6
nc74004531,"7 km NW of The Geysers, CA",1.21,2024-02-18 21:22:37.030,38.8256667,-122.8118333,1.39
nc74004526,"2 km NNW of The Geysers, CA",0.76,2024-02-18 21:21:35.500,38.7908325,-122.7646637,-0.82
ak02429dyo4c,"39 km E of Pedro Bay, Alaska",1.9,2024-02-18 21:21:28.459,59.7304,-153.421,117.7
ci40672584,"4 km SW of Idyllwild, CA",0.55,2024-02-18 21:13:38.310,33.7118333,-116.7516667,17.03
ak02429dwhh1,"69 km SE of Unalaska, Alaska",2.0,2024-02-18 21:11:09.011,53.4228,-165.8123,29.3
ak02429dwbx6,"54 km SW of Tatitlek, Alaska",1.7,2024-02-18 21:10:37.864,60.5079,-147.3732,11.0
se60570561,"5 km E of Niota, Tennessee",1.71,2024-02-18 21:02:36.850,35.5106666666667,-84.486,10.02
nc74004511,"3 km SW of Anderson Springs, CA",1.14,2024-02-18 21:01:42.500,38.7541656,-122.7183304,0.63
nc74004506,"12 km ESE of Mammoth Lakes, CA",0.63,2024-02-18 21:01:02.750,37.6023333,-118.8488333,9.28
ci40672576,"8 km ESE of Borrego Springs, CA",0.81,2024-02-18 20:57:16.900,33.24,-116.2925,9.03
nc74004501,"16 km N of Viola, CA",2.29,2024-02-18 20:53:23.960,40.6576667,-121.705,7.1
ak02429djndy,"50 km SSE of Denali National Park, Alaska",1.1,2024-02-18 20:51:41.113,63.1015,-151.4527,9.3
ak02429djha5,"51 km SSE of Denali National Park, Alaska",1.0,2024-02-18 20:50:41.251,63.0969,-151.4688,9.3
ci40672568,"13 km N of Borrego Springs, CA",1.17,2024-02-18 20:48:53.960,33.3676667,-116.3943333,11.29
uu80041126,"15 km NE of Milford, Utah",0.69,2024-02-18 20:48:35.560,38.501,-112.890333333333,1.81
ak02429di7ne,"94 km SSE of Ugashik, Alaska",1.9,2024-02-18 20:44:49.860,56.6946,-156.9594,75.5
nc74004496,"7 km NW of The Geysers, CA",1.06,2024-02-18 20:42:23.790,38.8273315,-122.8126678,1.73
ak02429de98d,"58 km SW of Cantwell, Alaska",1.2,2024-02-18 20:26:02.928,63.0397,-149.8059,89.0
ak02429db5ek,"43 km SE of Denali National Park, Alaska",1.4,2024-02-18 20:11:54.921,63.2616,-151.1146,8.3
ak02429dagyy,"29 km N of Nabesna, Alaska",1.2,2024-02-18 20:08:38.187,62.6319,-143.1171,11.3
ak02429czbeh,"28 km NNE of Paxson, Alaska",1.0,2024-02-18 19:56:33.828,63.3358,-145.4372,2.5
ak02429cy7ak,"15 km ESE of Susitna, Alaska",1.7,2024-02-18 19:51:14.560,61.4986,-150.2417,45.7
ak02429cw2ae,"36 km WSW of Stevens Village, Alaska",1.0,2024-02-18 19:41:04.560,65.8346,-149.7687,11.8
ak02429cvhge,"97 km E of Nikolski, Alaska",1.8,2024-02-18 19:38:46.902,52.9409,-167.4156,30.1
ak02429cvhi7,"37 km E of Pedro Bay, Alaska",1.9,2024-02-18 19:38:46.712,59.8087,-153.4341,127.0
nc74004471,"10 km NW of The Geysers, CA",1.09,2024-02-18 19:38:34.250,38.8381653,-122.8338318,1.5
ak02429cs6va,"5 km SSW of Salcha, Alaska",1.3,2024-02-18 19:23:08.980,64.4771,-146.9615,8.8
ak02429cs1yp,"43 km WNW of Beluga, Alaska",1.5,2024-02-18 19:22:45.617,61.2672,-151.8544,81.5
ci40672552,"13 km SW of Searles Valley, CA",0.03,2024-02-18 19:21:34.410,35.674,-117.4985,7.56
ak02429crkio,"54 km NW of Ninilchik, Alaska",2.1,2024-02-18 19:20:15.322,60.4033,-152.3619,95.5
ci40672544,"17 km W of Searles Valley, CA",1.6,2024-02-18 19:14:26.920,35.7743333,-117.5935,7.88
ak02429cp7fo,"31 km WNW of Karluk, Alaska",1.5,2024-02-18 19:09:16.849,57.6425,-154.9626,74.7
nc71132944,"10 km WNW of The Geysers, CA",0.38,2024-02-18 18:57:57.790,38.823,-122.8561667,2.72
nc74004456,"7 km NW of The Geysers, CA",0.4,2024-02-18 18:57:45.810,38.8135,-122.8245,2.56
nc74004451,"6 km W of Cobb, CA",0.7,2024-02-18 18:56:21.620,38.8271675,-122.786499,1.01
tx2024dldq,"5 km ESE of Falls City, Texas",2.1,2024-02-18 18:55:55.949,28.959,-97.971,6.7139
tx2024dldp,"27 km SW of Jal, New Mexico",1.5,2024-02-18 18:54:41.387,31.933,-103.398,5.2283
ak02429cd1ev,"68 km W of Akhiok, Alaska",1.8,2024-02-18 18:52:40.071,56.8639,-155.2884,50.0
us7000m1af,"1 km NE of Swanville, Maine",1.8,2024-02-18 18:46:08.201,44.5312,-68.9794,6.627
ci40672528,"12 km SE of Bodfish, CA",1.94,2024-02-18 18:42:32.050,35.509,-118.3938333,3.35
ci40672520,"6 km NNE of Big Bear Lake, CA",0.91,2024-02-18 18:36:41.320,34.293,-116.894,5.17
nc74004441,"10 km NW of The Geysers, CA",1.0,2024-02-18 18:33:12.640,38.842,-122.8361667,1.89
us7000m0v3,"Volcano Islands, Japan region",4.1,2024-02-18 18:31:29.979,24.1835,142.5083,36.048
av91132683,"62 km WNW of Ninilchik, Alaska",-0.33,2024-02-18 18:25:36.710,60.3463333333333,-152.63,10.48
us7000m01t,"31 km NNW of Claveria, Philippines",4.6,2024-02-18 18:22:46.922,18.8865,121.0042,32.474
hv74115656,"9 km SW of Volcano, Hawaii",2.16,2024-02-18 18:21:26.250,19.3728332519531,-155.285995483398,0.189999997615814
hv74115651,"7 km SW of Volcano, Hawaii",2.09,2024-02-18 18:21:26.220,19.3846664428711,-155.277496337891,2.20000004768372
uu80000468,"15 km NE of Milford, Utah",-0.9,2024-02-18 18:20:18.920,38.5058333333333,-112.896666666667,0.97
ak02429c5gfy,"103 km S of McCarthy, Alaska",1.3,2024-02-18 18:17:02.559,60.5051,-143.0077,7.4
av91132678,"82 km NNW of Karluk, Alaska",-0.31,2024-02-18 18:16:33.520,58.2316666666667,-155.092666666667,33.48
hv74115641,"11 km ENE of Pāhala, Hawaii",2.29,2024-02-18 18:07:04.560,19.2318325042725,-155.374664306641,31.3199996948242
ak02429bsmy9,"6 km SSW of Salcha, Alaska",0.5,2024-02-18 17:57:21.779,64.4777,-146.969,6.8
us7000m01n,"39 km NE of Calama, Chile",4.4,2024-02-18 17:50:51.424,-22.2073,-68.6531,114.566
nc71132919,"4 km W of Mammoth Lakes, CA",1.0,2024-02-18 17:45:26.700,37.64,-119.03,-2.83
nc74004411,"14 km NE of Alum Rock, CA",0.81,2024-02-18 17:44:58.910,37.4441667,-121.6958333,9.79
tx2024dlbb,"61 km S of Whites City, New Mexico",1.6,2024-02-18 17:37:29.299,31.624,-104.352,6.0999
ak02429bo7fj,"22 km WNW of Susitna, Alaska",1.5,2024-02-18 17:36:54.681,61.5875,-150.9239,68.5
uu80041036,"15 km NE of Milford, Utah",2.15,2024-02-18 17:33:21.660,38.4995,-112.892666666667,0.99
us7000m0v1,Southwest Indian Ridge,4.4,2024-02-18 17:27:14.968,-27.7514,64.3465,10.0
ak02429bju1l,"90 km WNW of Nikiski, Alaska",2.1,2024-02-18 17:16:01.830,60.9007,-152.8893,156.3
ok2024dlah,"3 km ENE of Rosedale, Oklahoma",2.18,2024-02-18 17:14:57.810,34.92983333,-97.15333333,3.8
ak02429biswg,"31 km ESE of Minto, Alaska",0.7,2024-02-18 17:11:32.811,65.0624,-148.7127,8.3
nc74004396,"7 km WNW of Cobb, CA",0.55,2024-02-18 17:11:15.310,38.836834,-122.8063354,2.04
ok2024dkzz,"8 km NW of Prague, Oklahoma",1.0,2024-02-18 17:05:57.679,35.53766667,-96.7485,6.0
uw61983516,"2 km WSW of Chico, Washington",1.06,2024-02-18 17:02:17.680,47.6005,-122.743,14.47
nc74004391,"6 km WNW of The Geysers, CA",0.3,2024-02-18 16:55:54.400,38.8006668,-122.8143311,3.25
ci40672424,"36 km ENE of Ensenada, B.C., MX",2.32,2024-02-18 16:54:25.500,31.9993333,-116.2678333,19.83
us7000m0v5,"Rat Islands, Aleutian Islands, Alaska",3.1,2024-02-18 16:51:08.355,52.2889,178.192,91.129
ak02429b5hd4,"4 km SSW of Salcha, Alaska",1.1,2024-02-18 16:49:20.323,64.4833,-146.9336,8.7
ak02429b4hhb,"19 km NNW of Susitna, Alaska",1.3,2024-02-18 16:44:53.653,61.7139,-150.6222,46.2
ak02429b374q,"79 km SE of New Allakaket, Alaska",1.0,2024-02-18 16:38:50.521,65.9541,-151.634,16.6
ci40672408,"16 km W of Searles Valley, CA",0.86,2024-02-18 16:38:46.260,35.7641667,-117.5795,6.74
tx2024dkyz,"49 km W of Mentone, Texas",2.3,2024-02-18 16:35:38.652,31.741,-104.115,6.4716
ak02429b07ke,"42 km WNW of Clam Gulch, Alaska",1.8,2024-02-18 16:24:58.002,60.3831,-152.1078,90.8
nc74004386,"8 km W of Cobb, CA",0.72,2024-02-18 16:24:48.370,38.8354988,-122.8121643,1.79
tx2024dkyo,"12 km WSW of Lindsay, Texas",1.7,2024-02-18 16:22:58.328,31.326,-103.657,5.5615
ok2024dkyn,"8 km NW of Prague, Oklahoma",1.5,2024-02-18 16:21:52.880,35.54433333,-96.74816667,6.09
ak02429az1hi,"38 km WSW of Nanwalek, Alaska",1.7,2024-02-18 16:19:13.020,59.254,-152.5594,67.8
ak02429awa65,"78 km SE of King Cove, Alaska",1.8,2024-02-18 16:06:24.980,54.6677,-161.3095,13.3
ak02429am0mx,"72 km N of Yakutat, Alaska",1.2,2024-02-18 15:58:36.738,60.1939,-139.6408,10.4
hv74115591,"8 km SW of Volcano, Hawaii",1.70000005,2024-02-18 15:51:19.930,19.3840007781982,-155.278335571289,1.20000004768372
nn00873639,"30 km NNW of Indian Springs, Nevada",0.5,2024-02-18 15:48:02.980,36.8122,-115.8258,4.3
ak02429ajgyl,"28 km NNW of Beluga, Alaska",1.4,2024-02-18 15:46:48.617,61.3827,-151.2315,65.2
uu80040926,"15 km NE of Milford, Utah",0.14,2024-02-18 15:38:24.060,38.504,-112.891833333333,1.56
hv74115586,"12 km NE of Pāhala, Hawaii",2.21000004,2024-02-18 15:37:05.320,19.2705001831055,-155.380661010742,31.0400009155273
us7000m0uz,northern Mid-Atlantic Ridge,4.3,2024-02-18 15:34:00.863,52.1548,-31.775,10.0
ak02429agmf9,"27 km SW of Minto, Alaska",1.0,2024-02-18 15:33:19.584,65.0001,-149.8029,19.2
ak02429afs8q,"54 km W of Nanwalek, Alaska",1.8,2024-02-18 15:29:28.580,59.353,-152.8845,76.2
tx2024dkws,"27 km SW of Jal, New Mexico",2.1,2024-02-18 15:26:22.379,31.933,-103.392,6.6638
av92208516,"84 km W of Adak, Alaska",1.43,2024-02-18 15:22:38.880,51.8585,-177.8615,8.03
nc74004376,"8 km WNW of Cobb, CA",0.72,2024-02-18 15:17:07.870,38.8428345,-122.817337,1.43
ak02429acex2,"52 km NNE of Yakutat, Alaska",1.6,2024-02-18 15:13:55.612,60.0036,-139.5343,0.0
av91132668,"85 km NW of Karluk, Alaska",0.06,2024-02-18 15:13:53.760,58.171,-155.354833333333,0.43
ak02429acewq,"54 km SE of Unalaska, Alaska",1.8,2024-02-18 15:13:48.608,53.5568,-165.9132,46.6
uu80040881,"14 km E of Hebgen Lake Estates, Montana",1.24,2024-02-18 15:07:06.610,44.7755,-111.004833333333,7.94
tx2024dkvu,"57 km NW of Toyah, Texas",1.8,2024-02-18 14:58:53.610,31.645,-104.263,7.843
ak024299zwa4,"47 km WNW of Nanwalek, Alaska",2.5,2024-02-18 14:55:16.811,59.542,-152.674,73.4
tx2024dkvo,"21 km SSW of Nixon, Texas",2.7,2024-02-18 14:51:58.363,29.084,-97.82,5.835
uu80040871,"15 km NE of Milford, Utah",0.46,2024-02-18 14:51:51.860,38.4983333333333,-112.887333333333,0.7
ak024299z34h,"17 km NNE of Fishhook, Alaska",1.4,2024-02-18 14:51:38.071,61.8817,-149.0737,4.6
us7000m00v,"14 km SSE of Stonewall Gap, Colorado",3.3,2024-02-18 14:50:14.852,37.0311,-104.9732,3.767
ak024299xjsh,"52 km WSW of Nikolski, Alaska",2.3,2024-02-18 14:44:20.975,52.6918,-169.5312,45.4
ak024299x5bb,"50 km SSE of Glacier View, Alaska",1.1,2024-02-18 14:42:33.354,61.3897,-147.304,19.0
us7000m00u,"269 km WSW of Tual, Indonesia",4.3,2024-02-18 14:35:55.472,-6.2585,130.4048,149.784
ak024299vfey,"35 km NNE of Whittier, Alaska",1.2,2024-02-18 14:34:31.431,61.0621,-148.4161,0.0
nc74004371,"10 km NW of The Geysers, CA",-0.25,2024-02-18 14:29:48.030,38.8401667,-122.8365,1.95
nc74004366,"19 km N of Shelter Cove, CA",1.32,2024-02-18 14:28:57.850,40.1971667,-124.0881667,15.0
av91132663,"76 km W of Salamatof, Alaska",0.41,2024-02-18 14:18:10.300,60.6638333333333,-152.716166666667,3.95
pr71440413,"8 km S of Salinas, Puerto Rico",2.15,2024-02-18 14:17:37.070,17.8995,-66.2926666666667,12.04
tx2024dktr,"52 km NW of Toyah, Texas",1.8,2024-02-18 13:53:01.386,31.646,-104.181,7.1252
nc74004361,"16 km SE of Yosemite Valley, CA",2.14,2024-02-18 13:49:58.080,37.6495,-119.4393333,23.37
pr71440398,"6 km S of Salinas, Puerto Rico",2.42,2024-02-18 13:47:38.950,17.9158333333333,-66.2906666666667,12.5
nn00873740,"2 km N of Dayton, Nevada",0.7,2024-02-18 13:42:43.643,39.2625,-119.5971,10.0
uw61983496,"22 km ENE of Ashford, Washington",0.12,2024-02-18 13:36:19.260,46.84766666666667,-121.76466666666667,0.79
ak0242998we5,"71 km WNW of Happy Valley, Alaska",1.8,2024-02-18 13:29:20.297,60.1004,-152.9749,110.1
ak0242998vkc,"16 km SE of Chignik, Alaska",2.1,2024-02-18 13:29:09.657,56.1793,-158.2425,66.2
mb90040968,"1 km NE of Mullan, Idaho",2.11,2024-02-18 13:28:56.410,47.4783333333333,-115.788,0.02
tx2024dksq,"24 km SW of Jal, New Mexico",2.1,2024-02-18 13:25:36.159,31.943,-103.359,7.561
uu80040806,"14 km NE of Milford, Utah",1.28,2024-02-18 13:20:45.560,38.4955,-112.893666666667,1.51
nc74004356,"8 km NW of The Geysers, CA",1.09,2024-02-18 13:17:31.720,38.8303337,-122.8146667,1.8
pr71440388,"7 km S of Salinas, Puerto Rico",2.25,2024-02-18 13:16:11.300,17.913,-66.2915,14.05
ak0242995wnb,"12 km SSE of Point Possession, Alaska",1.4,2024-02-18 13:15:23.914,60.8184,-150.6088,46.5
ci40672384,"10 km W of Calipatria, CA",1.45,2024-02-18 12:53:31.530,33.1345,-115.6248333,8.26
nc74004351,"10 km NW of The Geysers, CA",0.41,2024-02-18 12:40:58.450,38.8286667,-122.8516693,1.67
ak024298pgej,"9 km E of Central, Alaska",1.2,2024-02-18 12:38:48.452,65.5723,-144.596,12.9
av91132658,"85 km NW of Karluk, Alaska",-0.15,2024-02-18 12:32:54.720,58.1725,-155.355,1.23
hv74115526,"0 km SSE of Pāhala, Hawaii",2.3900001,2024-02-18 12:31:28.660,19.2005004882812,-155.477172851562,34.1800003051758
av91132648,"27 km W of Dutch Harbor, Alaska",-0.35,2024-02-18 12:27:51.180,53.8581666666667,-166.956333333333,2.71
ci40672376,"9 km SW of Idyllwild, CA",0.9,2024-02-18 12:27:43.770,33.6763333,-116.7755,14.78
us7000m00l,"26 km WSW of Nemuro, Japan",4.1,2024-02-18 12:25:58.093,43.2194,145.2779,104.451
ak024298m1pl,"62 km S of Perryville, Alaska",2.4,2024-02-18 12:22:56.040,55.3464,-159.0932,48.2
nc74004346,"5 km W of Cobb, CA",0.84,2024-02-18 12:20:28.090,38.8231659,-122.7850037,0.84
ci40672368,"18 km SE of Ridgecrest, CA",1.13,2024-02-18 12:09:33.780,35.5263333,-117.5163333,5.51
uu80040746,"15 km NE of Milford, Utah",0.92,2024-02-18 12:08:11.190,38.4986666666667,-112.895333333333,1.14
ci40672360,"5 km WNW of Borrego Springs, CA",0.86,2024-02-18 12:06:54.340,33.2666667,-116.4248333,5.07
tx2024dkqd,"61 km S of Whites City, New Mexico",1.9,2024-02-18 12:06:27.803,31.618,-104.344,6.8689
ak024298iahh,"72 km W of Adak, Alaska",2.1,2024-02-18 12:05:05.818,51.7707,-177.6706,68.3
nc74004336,"3 km WSW of Cobb, CA",0.72,2024-02-18 11:58:05.560,38.8129997,-122.7581635,1.18
nc74004331,"8 km NW of The Geysers, CA",1.54,2024-02-18 11:56:57.780,38.8306667,-122.815,1.72
ak0242987m77,"16 km NE of Skwentna, Alaska",1.6,2024-02-18 11:55:25.536,62.0954,-151.1712,70.2
uu80040721,"15 km NE of Milford, Utah",0.77,2024-02-18 11:50:28.150,38.5036666666667,-112.892833333333,1.4
us7000m00g,"12 km W of Panikian, Philippines",4.5,2024-02-18 11:48:09.745,9.3253,125.818,126.612
nc74004326,"1 km ENE of The Geysers, CA",1.04,2024-02-18 11:44:27.920,38.7835007,-122.7418365,-0.18
ak0242984et4,"27 km NNW of Nikiski, Alaska",1.6,2024-02-18 11:40:33.247,60.9024,-151.5406,62.6
tx2024dkpp,"63 km S of Whites City, New Mexico",1.5,2024-02-18 11:39:53.946,31.612,-104.503,8.5608
ak0242983t5t,"25 km WSW of Tyonek, Alaska",2.2,2024-02-18 11:37:49.335,60.9462,-151.5274,64.2
us7000m0uv,Mariana Islands region,4.0,2024-02-18 11:37:15.414,21.6215,143.0183,298.026
pr71440383,"8 km S of Salinas, Puerto Rico",2.37,2024-02-18 11:36:18.050,17.9048333333333,-66.2946666666667,12.95
se60501633,"7 km ENE of Brevard, North Carolina",1.81,2024-02-18 11:36:00.000,35.2508333333333,-82.656,0.39
hv74115491,"12 km SSE of Fern Forest, Hawaii",2.29,2024-02-18 11:31:06.670,19.3581657409668,-155.098999023438,4.8600001335144
uu80040696,"39 km WSW of Minersville, Utah",1.83,2024-02-18 11:28:43.710,38.07,-113.335333333333,0.52
tx2024dkoq,"48 km W of Mentone, Texas",2.0,2024-02-18 11:21:20.874,31.739,-104.113,6.0999
us7000m003,"23 km SSW of Balkh, Afghanistan",4.9,2024-02-18 11:20:31.827,36.5502,66.8291,10.0
nc74004311,"6 km NW of The Geysers, CA",0.76,2024-02-18 11:17:29.800,38.815834,-122.8119965,1.44
hv74115481,"3 km WSW of Pāhala, Hawaii",2.3599999,2024-02-18 11:17:09.440,19.1911659240723,-155.507171630859,36.4700012207031
nn00873739,"11 km SE of Smith, Nevada",1.6,2024-02-18 11:13:39.545,38.7308,-119.2248,8.8
us7000m0ur,"31 km ESE of Santiago, Philippines",4.4,2024-02-18 11:10:05.686,7.1704,126.8375,89.798
nc74004306,"14 km W of Toms Place, CA",0.92,2024-02-18 11:05:31.910,37.5411667,-118.8306667,3.56
nc74004301,"8 km W of Cobb, CA",1.66,2024-02-18 11:04:46.380,38.8346667,-122.8111667,2.14
av92208356,"61 km ENE of Pedro Bay, Alaska",-0.6,2024-02-18 11:02:17.320,60.0353333333333,-153.1315,0.69
us7000m0us,"Maug Islands region, Northern Mariana Islands",3.8,2024-02-18 10:58:12.857,20.4604,145.2076,134.337
ak024297mnyk,"57 km WSW of Adak, Alaska",1.7,2024-02-18 10:57:50.523,51.6711,-177.4044,23.9
ak024297mk6d,"52 km WSW of Dutch Harbor, Alaska",1.8,2024-02-18 10:57:01.498,53.7833,-167.3154,76.5
uu80040636,"42 km SE of West Yellowstone, Montana",-0.01,2024-02-18 10:56:56.400,44.3638333333333,-110.772833333333,2.09
ci40672352,"2 km NNE of Colton, CA",0.93,2024-02-18 10:50:59.870,34.0906667,-117.3023333,15.63
nn00873736,"46 km ENE of Fort Bidwell, California",1.5,2024-02-18 10:43:25.653,41.9469,-119.6005,6.5
nc74004296,"8 km NW of The Geysers, CA",0.44,2024-02-18 10:40:07.630,38.8323326,-122.8153305,1.52
nn00873638,"46 km ESE of Beatty, Nevada",0.1,2024-02-18 10:38:27.686,36.7499,-116.2806,8.8
ak024297ihz4,"45 km SE of Adak, Alaska",1.7,2024-02-18 10:38:06.724,51.5445,-176.2549,30.4
pr2024049000,"84 km NE of Punta Cana, Dominican Republic",3.89,2024-02-18 10:36:05.650,19.1005,-67.81,17.0
us7000m000,"15 km SSE of Biratori, Japan",4.2,2024-02-18 10:35:56.722,42.4499,142.1851,117.516
ak024297fjeq,"6 km NE of Whittier, Alaska",1.3,2024-02-18 10:24:25.620,60.8214,-148.603,18.1
uu80000493,"15 km NE of Milford, Utah",0.45,2024-02-18 10:20:28.380,38.499,-112.892333333333,1.98
uu80040576,"15 km NE of Milford, Utah",0.28,2024-02-18 10:20:24.340,38.4985,-112.89,2.25
ak024297deha,"43 km SW of Nanwalek, Alaska",1.8,2024-02-18 10:14:28.626,59.0317,-152.3468,49.2
ci40672344,"13 km ENE of Borrego Springs, CA",1.23,2024-02-18 10:13:37.430,33.3066667,-116.2483333,6.07
ok2024dkma,"8 km WNW of Prague, Oklahoma",0.82,2024-02-18 10:02:47.500,35.52666667,-96.759,6.09
pr71440363,"6 km S of Salinas, Puerto Rico",2.37,2024-02-18 10:00:45.530,17.9156666666667,-66.2881666666667,13.5
ak024296wwgh,"25 km WSW of Tyonek, Alaska",1.6,2024-02-18 09:37:30.214,60.9971,-151.5879,70.6
ak024296w8u4,"65 km NE of Teller, Alaska",1.1,2024-02-18 09:34:23.968,65.6035,-165.2061,4.1
av91132633,"48 km WSW of False Pass, Alaska",1.07,2024-02-18 09:25:15.440,54.758,-164.149666666667,9.37
ci40672336,"19 km E of Little Lake, CA",1.27,2024-02-18 09:22:08.040,35.9153333,-117.6951667,2.17
hv74115431,"7 km SW of Volcano, Hawaii",1.86,2024-02-18 09:20:54.200,19.3846664428711,-155.27799987793,1.00999999046326
nc74004291,"2 km NW of The Geysers, CA",0.77,2024-02-18 09:15:12.380,38.7888336,-122.7685013,2.74
uu80040446,"15 km NE of Milford, Utah",0.64,2024-02-18 09:14:11.110,38.4993333333333,-112.890666666667,2.01
uw61983466,"6 km E of Oak Bay, Canada",0.81,2024-02-18 09:09:34.050,48.4455,-123.2125,17.94
ci40672328,"7 km E of Yucaipa, CA",1.03,2024-02-18 09:01:08.260,34.0318333,-116.971,13.39
us7000lzzr,"111 km WNW of Aykol, China",4.4,2024-02-18 08:59:15.316,41.3983,78.9469,10.0
uu80040406,"15 km NE of Milford, Utah",0.54,2024-02-18 08:58:50.260,38.5005,-112.890333333333,1.85
uu80040401,"15 km NE of Milford, Utah",0.85,2024-02-18 08:57:53.160,38.5001666666667,-112.891666666667,1.82
us7000m04j,Pacific-Antarctic Ridge,5.1,2024-02-18 08:57:52.613,-56.299,-142.1852,10.0
mb90040963,"5 km NNW of Evaro, Montana",0.94,2024-02-18 08:56:23.980,47.0758333333333,-114.1295,8.43
tx2024dkjv,"19 km SW of Poth, Texas",2.1,2024-02-18 08:56:09.740,28.939,-98.209,8.667
pr71440348,"5 km S of Salinas, Puerto Rico",2.44,2024-02-18 08:55:54.800,17.9271666666667,-66.294,13.1
uu80040391,"7 km SW of Hebgen Lake Estates, Montana",0.62,2024-02-18 08:54:34.560,44.7323333333333,-111.262333333333,13.52
uu80040386,"15 km NE of Milford, Utah",0.84,2024-02-18 08:53:35.730,38.4988333333333,-112.889833333333,1.73
nc74004286,"7 km WNW of The Geysers, CA",1.07,2024-02-18 08:53:10.680,38.8069992,-122.8221664,2.35
ak024296eqat,"50 km ENE of Ouzinkie, Alaska",2.0,2024-02-18 08:52:52.216,58.1623,-151.7665,20.3
uu80040371,"15 km NE of Milford, Utah",-0.03,2024-02-18 08:46:07.830,38.5008333333333,-112.890833333333,1.99
ak024296cwzq,"70 km WNW of Nikiski, Alaska",1.6,2024-02-18 08:44:05.821,60.9753,-152.453,104.7
ak024296cbbp,"109 km NW of Yakutat, Alaska",1.3,2024-02-18 08:41:24.661,60.1744,-141.234,12.3
pr71440343,"2 km NE of Coco, Puerto Rico",2.42,2024-02-18 08:38:33.200,18.0193333333333,-66.2413333333333,9.16
ci40672320,"11 km N of Cabazon, CA",1.01,2024-02-18 08:38:22.960,34.0135,-116.771,17.51
ak024296bnbn,"55 km W of Nanwalek, Alaska",1.7,2024-02-18 08:38:13.957,59.3863,-152.8871,73.3
uu80040356,"16 km NE of Milford, Utah",0.06,2024-02-18 08:37:50.210,38.5095,-112.887833333333,0.06
ci40672312,"13 km SSE of Ocotillo Wells, CA",1.15,2024-02-18 08:32:45.290,33.0431667,-116.0665,8.78
nc74004281,"7 km NW of The Geysers, CA",1.08,2024-02-18 08:22:51.820,38.814,-122.8188333,2.63
ak0242968226,"11 km ENE of Chase, Alaska",1.3,2024-02-18 08:21:38.701,62.4908,-149.9048,49.4
ak02429681ov,"44 km WNW of Nanwalek, Alaska",1.6,2024-02-18 08:21:33.914,59.499,-152.6616,70.3
nc74004276,"8 km NW of The Geysers, CA",0.34,2024-02-18 08:11:29.890,38.8343333,-122.8178333,1.69
us7000m0um,northern Mid-Atlantic Ridge,4.5,2024-02-18 08:09:45.109,29.4894,-42.7126,10.0
nc74004271,"8 km NW of The Geysers, CA",1.02,2024-02-18 08:06:37.950,38.8311653,-122.8181686,1.36
nc74004266,"8 km WNW of Cobb, CA",0.33,2024-02-18 08:06:15.450,38.8363333,-122.8115,1.56
nc74004261,"5 km NW of The Geysers, CA",0.95,2024-02-18 07:54:30.230,38.8131676,-122.7948303,1.64
ak024295st3q,"90 km SSE of Ugashik, Alaska",2.1,2024-02-18 07:50:24.221,56.7321,-156.9967,67.9
ak024295sd9k,"46 km NNE of Chase, Alaska",1.4,2024-02-18 07:48:18.790,62.8175,-149.6917,71.7
tx2024dkhr,"23 km WSW of Falls City, Texas",1.7,2024-02-18 07:48:11.038,28.915,-98.242,3.4424
tx2024dkho,"41 km W of Mentone, Texas",1.8,2024-02-18 07:46:40.551,31.633,-104.03,6.1511
nc74004256,"3 km W of Cobb, CA",-0.1,2024-02-18 07:46:26.200,38.8236667,-122.7593333,1.08
nc74004251,"3 km W of Cobb, CA",0.77,2024-02-18 07:45:03.340,38.8238335,-122.757164,0.59
pr71440333,"2 km NE of Las Ochenta, Puerto Rico",2.2,2024-02-18 07:35:52.530,17.9996666666667,-66.3063333333333,12.88
nc74004246,"10 km NW of The Geysers, CA",-0.17,2024-02-18 07:34:59.340,38.8406667,-122.8368333,1.5
pr71440323,"5 km S of Salinas, Puerto Rico",3.0,2024-02-18 07:34:49.440,17.9291666666667,-66.291,13.69
nn00873635,"9 km WNW of Topaz Ranch Estates, Nevada",1.5,2024-02-18 07:31:51.989,38.7812,-119.59,12.6
us7000lzz2,"88 km W of Hihifo, Tonga",5.6,2024-02-18 07:29:19.795,-16.085,-174.6124,219.666
av92208266,"82 km W of Karluk, Alaska",0.67,2024-02-18 07:25:58.460,57.6013333333333,-155.829333333333,13.7
nc74004241,"8 km NW of The Geysers, CA",1.08,2024-02-18 07:21:47.290,38.8328323,-122.8156662,1.53
us7000lzyx,"7 km NNW of Kisarazu, Japan",4.5,2024-02-18 07:14:42.800,35.4446,139.9093,84.19
ok2024dkgh,"8 km WNW of Prague, Oklahoma",0.5,2024-02-18 07:08:21.000,35.52733333,-96.76216667,6.0
nc74004236,"8 km WNW of The Geysers, CA",1.25,2024-02-18 06:56:41.700,38.8148333,-122.8293333,1.79
uw61983456,"21 km W of Tsawwassen, Canada",1.0,2024-02-18 06:53:52.050,49.0245,-123.37233333333333,4.18
mb90041163,"16 km NE of Stanley, Idaho",1.85,2024-02-18 06:53:17.520,44.3391666666667,-114.818166666667,7.9
hv74115306,"5 km S of Pāhala, Hawaii",1.78,2024-02-18 06:51:43.390,19.1518333333333,-155.468833333333,32.38
nc74004231,"7 km WNW of The Geysers, CA",1.93,2024-02-18 06:51:04.260,38.8143333,-122.828,1.4
av91132618,"40 km NE of Adak, Alaska",0.46,2024-02-18 06:47:45.870,52.0911666666667,-176.165,-1.79
us7000m49j,"212 km SSE of False Pass, Alaska",2.7,2024-02-18 06:40:04.387,53.1325,-162.0042,10.0
uu80040191,"15 km NE of Milford, Utah",0.21,2024-02-18 06:37:50.830,38.5043333333333,-112.893,1.76
ak0242953y1f,"87 km SE of Akutan, Alaska",2.0,2024-02-18 06:34:24.192,53.6736,-164.7055,37.1
nc74004226,"3 km W of San Ardo, CA",1.6,2024-02-18 06:33:44.470,36.0158333,-120.9373333,7.42
ak0242952p8c,"17 km W of Point MacKenzie, Alaska",1.2,2024-02-18 06:28:43.488,61.3761,-150.3123,43.2
ak0242950yrt,"76 km SE of King Cove, Alaska",1.7,2024-02-18 06:20:32.177,54.6374,-161.3713,15.1
ak024294zw7v,"41 km ENE of Yakutat, Alaska",1.5,2024-02-18 06:15:34.351,59.7519,-139.1187,6.2
us7000m0uu,"50 km ENE of Luganville, Vanuatu",4.0,2024-02-18 06:15:27.691,-15.2911,167.5696,116.266
pr71440313,"1 km SW of Guayanilla, Puerto Rico",2.3,2024-02-18 06:12:45.740,18.011,-66.7996666666667,15.45
us7000m0uj,"139 km NNW of Finschhafen, Papua New Guinea",4.3,2024-02-18 06:11:33.064,-5.3995,147.3512,223.98
us7000m0ut,"38 km N of Yigo Village, Guam",4.6,2024-02-18 06:08:38.275,13.8757,144.8317,153.744
nc74004216,"7 km WSW of Round Valley, CA",1.65,2024-02-18 06:07:10.950,37.4026667,-118.6721667,10.18
us7000lzyu,"177 km WNW of Hihifo, Tonga",5.5,2024-02-18 06:06:54.422,-15.3176,-175.3142,10.0
ak024294x2up,"66 km NNE of Chalkyitsik, Alaska",1.4,2024-02-18 06:02:20.651,67.2094,-143.1713,15.1
us7000lzyt,South Sandwich Islands region,4.9,2024-02-18 06:01:10.608,-58.6896,-23.047,10.0
ak024294nnrx,"85 km ENE of Nikolski, Alaska",2.0,2024-02-18 05:58:30.747,53.1184,-167.6198,36.7
us7000m49b,"73 km ENE of Nikolski, Alaska",3.0,2024-02-18 05:56:43.689,53.1293,-167.8163,58.715
ak024294mz8m,"44 km ENE of Yakutat, Alaska",1.3,2024-02-18 05:55:08.221,59.6976,-139.0012,16.7
ak024294myvc,"60 km WNW of Skwentna, Alaska",1.5,2024-02-18 05:55:03.449,62.2603,-152.3942,113.3
ak024294mrj7,"70 km ESE of Denali National Park, Alaska",1.4,2024-02-18 05:54:09.076,63.2477,-150.4717,117.1
ak024294liqs,"38 km ENE of Yakutat, Alaska",1.5,2024-02-18 05:48:27.882,59.6585,-139.0844,16.2
ci40672304,"11 km WSW of Morongo Valley, CA",1.06,2024-02-18 05:44:52.900,34.018,-116.6948333,14.36
ak024294jnnx,"37 km E of Yakutat, Alaska",3.1,2024-02-18 05:39:59.473,59.5436,-139.0625,8.3
ak024294iwch,"14 km N of Ninilchik, Alaska",1.6,2024-02-18 05:36:04.498,60.1827,-151.7056,59.0
uu80000423,"15 km NE of Milford, Utah",-0.54,2024-02-18 05:35:03.390,38.5031666666667,-112.892,1.6
uu80040076,"14 km E of Springdale, Utah",1.52,2024-02-18 05:34:48.750,37.2038333333333,-112.834666666667,7.97
nc74004206,"7 km NW of The Geysers, CA",0.68,2024-02-18 05:33:55.410,38.814167,-122.8221664,2.89
nc74004201,"7 km NW of The Geysers, CA",0.97,2024-02-18 05:33:45.400,38.8131676,-122.8209991,2.82
tx2024dkda,"3 km SSE of Falls City, Texas",2.3,2024-02-18 05:28:38.855,28.955,-98.01,0.0244
mb90041158,"6 km S of Pony, Montana",1.15,2024-02-18 05:09:46.710,45.5988333333333,-111.9055,2.37
uu80040036,"20 km SW of Howell, Utah",1.12,2024-02-18 05:09:01.680,41.6661666666667,-112.6125,3.07
uu80040031,"41 km NE of Samak, Utah",1.31,2024-02-18 05:06:57.930,40.87,-110.850333333333,17.69
nc74004191,"6 km NNW of The Geysers, CA",0.4,2024-02-18 05:06:46.510,38.821167,-122.7888336,1.57
av92208171,"38 km WNW of Adak, Alaska",1.11,2024-02-18 05:06:22.420,51.9703333333333,-177.178,6.04
ak0242942f9a,"47 km NE of Chase, Alaska",1.2,2024-02-18 04:59:17.836,62.7143,-149.3698,15.0
nc74004186,"7 km W of Petrolia, CA",2.96,2024-02-18 04:57:01.250,40.3273333,-124.3623333,17.92
ak02429401ek,"11 km NNW of Meadow Lakes, Alaska",1.5,2024-02-18 04:48:06.049,61.7189,-149.684,27.5
us7000lzyk,"73 km ENE of Loreto, Mexico",4.6,2024-02-18 04:41:13.365,26.3151,-110.6903,10.0
us7000lzyl,"131 km SE of Pangai, Tonga",5.1,2024-02-18 04:32:22.519,-20.7662,-173.6078,10.0
nc74004181,"8 km W of Round Valley, CA",0.94,2024-02-18 04:30:30.910,37.4026667,-118.6863333,9.22
uu80039931,"15 km NE of Milford, Utah",0.77,2024-02-18 04:16:19.800,38.4998333333333,-112.887833333333,1.25
hv74115251,"3 km SSW of Laupāhoehoe, Hawaii",1.83,2024-02-18 04:14:41.480,19.9536666666667,-155.249333333333,13.83
nc74004171,"8 km NW of The Geysers, CA",0.72,2024-02-18 04:13:13.310,38.8310013,-122.819664,1.81
nc74004166,"2 km WNW of The Geysers, CA",0.75,2024-02-18 04:12:06.500,38.783165,-122.7761688,-0.38
ak024293rq2q,"19 km N of Susitna, Alaska",1.3,2024-02-18 04:09:26.101,61.721,-150.4735,14.3
us7000lzyd,"12 km SW of Maketu, New Zealand",4.8,2024-02-18 04:09:09.863,-37.8529,176.3651,189.27
us7000lzyc,"205 km NE of Lospalos, Timor Leste",4.4,2024-02-18 03:59:47.101,-7.4371,128.507,147.101
ak024293fhw4,"53 km NE of Chase, Alaska",1.4,2024-02-18 03:52:21.337,62.7234,-149.2543,21.9
ak024293epwq,"26 km SW of Covenant Life, Alaska",1.4,2024-02-18 03:48:58.669,59.2818,-136.4041,6.1
tx2024djzr,"9 km SE of Amarillo, Texas",2.2,2024-02-18 03:48:15.576,35.157,-101.765,6.6162
nc74004161,"2 km N of The Geysers, CA",0.56,2024-02-18 03:48:03.860,38.7933333,-122.7563333,0.72
nc74004156,"2 km N of The Geysers, CA",1.25,2024-02-18 03:47:21.140,38.792,-122.7556667,0.51
tx2024djzo,"3 km SSE of Falls City, Texas",2.0,2024-02-18 03:43:54.745,28.954,-97.998,0.5127
us7000m499,"111 km W of Nikolski, Alaska",3.5,2024-02-18 03:38:09.837,52.9396,-170.5256,88.729
ak024293bwsm,"11 km WNW of Nikolski, Alaska",2.1,2024-02-18 03:35:48.229,52.9794,-169.0264,53.4
ak024293b0nk,"49 km W of Anchor Point, Alaska",1.6,2024-02-18 03:31:31.689,59.8442,-152.6982,78.9
ci40672288,"11 km NE of Ocotillo Wells, CA",1.05,2024-02-18 03:29:57.770,33.1983333,-116.0353333,5.83
nc74004146,"7 km WNW of The Geysers, CA",0.8,2024-02-18 03:29:28.950,38.8088341,-122.8231659,1.99
ak0242938dvz,"46 km NE of Chase, Alaska",1.4,2024-02-18 03:19:03.376,62.7023,-149.3713,7.5
hv74115221,"12 km ENE of Pāhala, Hawaii",2.33999991,2024-02-18 03:17:51.870,19.2255001068115,-155.365493774414,30.3600006103516
ak0242937mkv,"45 km S of Nelchina, Alaska",1.5,2024-02-18 03:15:49.599,61.5885,-146.6349,19.8
mb90040953,"16 km NNE of Stanley, Idaho",1.83,2024-02-18 03:13:05.230,44.3431666666667,-114.822,5.65
ak0242935pvl,"66 km ESE of Denali National Park, Alaska",1.6,2024-02-18 03:06:54.471,63.2653,-150.5461,122.4
ak0242935f08,"19 km N of Sand Point, Alaska",2.0,2024-02-18 03:05:06.353,55.5038,-160.559,71.8
ak02429359yj,"22 km WNW of Petersville, Alaska",1.4,2024-02-18 03:04:51.148,62.5378,-151.1972,79.5
ak024292vmvh,"46 km NE of Chase, Alaska",1.2,2024-02-18 02:59:54.224,62.7086,-149.4022,13.3
ak024292uyic,"54 km NE of Chase, Alaska",1.4,2024-02-18 02:56:39.033,62.7363,-149.2467,21.4
tx2024djxr,"54 km S of Whites City, New Mexico",1.8,2024-02-18 02:47:33.553,31.681,-104.396,4.7668
uw61983451,"36 km NNE of Amboy, Washington",0.48,2024-02-18 02:47:06.140,46.19316666666667,-122.19933333333333,2.28
uu80039831,"15 km NE of Milford, Utah",1.66,2024-02-18 02:34:38.480,38.5008333333333,-112.892666666667,1.65
ak024292lx7d,"58 km S of Glacier View, Alaska",2.1,2024-02-18 02:14:24.050,61.2809,-147.6418,24.3
ak024292li85,"35 km N of Valdez, Alaska",1.3,2024-02-18 02:12:28.073,61.4424,-146.4378,27.4
hv74115166,"13 km ESE of Pāhala, Hawaii",1.8,2024-02-18 02:09:22.340,19.1501666666667,-155.366666666667,29.84
ak024292korh,"5 km NW of Big Lake, Alaska",1.5,2024-02-18 02:08:47.015,61.5576,-150.031,36.9
pr71440308,"6 km S of Salinas, Puerto Rico",2.61,2024-02-18 02:08:28.750,17.9195,-66.298,10.76
ak0242929xmk,"26 km E of Halibut Cove, Alaska",1.9,2024-02-18 01:58:29.976,59.5823,-150.7543,45.7
hv74115161,"7 km NE of Pāhala, Hawaii",1.8,2024-02-18 01:44:28.280,19.2421666666667,-155.419333333333,33.72
hv74115151,"10 km ENE of Pāhala, Hawaii",1.99000001,2024-02-18 01:37:30.200,19.2423324584961,-155.385833740234,31.6499996185303
ak0242924rsi,"30 km NNW of Akhiok, Alaska",1.9,2024-02-18 01:34:21.306,57.2025,-154.3468,39.1
